<annotation>
	<folder></folder>
	<filename>100_jpg.rf.356c512f70b7fe082dc8380b733e5d2e.jpg</filename>
	<path>100_jpg.rf.356c512f70b7fe082dc8380b733e5d2e.jpg</path>
	<source>
		<database>roboflow.com</database>
	</source>
	<size>
		<width>640</width>
		<height>640</height>
		<depth>3</depth>
	</size>
	<segmented>0</segmented>
	<object>
		<name>RPMD</name>
		<pose>Unspecified</pose>
		<truncated>0</truncated>
		<difficult>0</difficult>
		<occluded>0</occluded>
		<bndbox>
			<xmin>243</xmin>
			<xmax>269</xmax>
			<ymin>354</ymin>
			<ymax>494</ymax>
		</bndbox>
		<polygon>
			<x1>241.802058</x1>
			<y1>368.3125</y1>
			<x2>243.369917</x2>
			<y2>388.625</y2>
			<x3>245.721705</x3>
			<y3>413.625</y3>
			<x4>245.721705</x4>
			<y4>438.625</y4>
			<x5>247.289564</x5>
			<y5>463.625</y5>
			<x6>247.289564</x6>
			<y6>482.375</y6>
			<x7>258.264576</x7>
			<y7>493.3125</y7>
			<x8>263.752082</x8>
			<y8>482.375</y8>
			<x9>263.752082</x9>
			<y9>458.9375</y9>
			<x10>265.319941</x10>
			<y10>435.5</y10>
			<x11>264.536012</x11>
			<y11>413.625</y11>
			<x12>266.103871</x12>
			<y12>393.3125</y12>
			<x13>267.67173</x13>
			<y13>360.5</y13>
			<x14>244.153846</x14>
			<y14>352.6875</y14>
			<x15>241.802058</x15>
			<y15>368.3125</y15>
		</polygon>
	</object>
	<object>
		<name>RCD</name>
		<pose>Unspecified</pose>
		<truncated>0</truncated>
		<difficult>0</difficult>
		<occluded>0</occluded>
		<bndbox>
			<xmin>267</xmin>
			<xmax>285</xmax>
			<ymin>369</ymin>
			<ymax>510</ymax>
		</bndbox>
		<polygon>
			<x1>266.103871</x1>
			<y1>460.5</y1>
			<x2>266.103871</x2>
			<y2>488.625</y2>
			<x3>270.023518</x3>
			<y3>508.9375</y3>
			<x4>280.214601</x4>
			<y4>501.125</y4>
			<x5>280.99853</x5>
			<y5>487.0625</y5>
			<x6>282.566389</x6>
			<y6>465.1875</y6>
			<x7>284.134248</x7>
			<y7>433.9375</y7>
			<x8>284.134248</x8>
			<y8>401.125</y8>
			<x9>279.430671</x9>
			<y9>368.3125</y9>
			<x10>268.455659</x10>
			<y10>371.4375</y10>
			<x11>266.8878</x11>
			<y11>405.8125</y11>
			<x12>266.103871</x12>
			<y12>429.25</y12>
			<x13>266.103871</x13>
			<y13>460.5</y13>
		</polygon>
	</object>
	<object>
		<name>RID</name>
		<pose>Unspecified</pose>
		<truncated>0</truncated>
		<difficult>0</difficult>
		<occluded>0</occluded>
		<bndbox>
			<xmin>284</xmin>
			<xmax>301</xmax>
			<ymin>369</ymin>
			<ymax>501</ymax>
		</bndbox>
		<polygon>
			<x1>284.134248</x1>
			<y1>473</y1>
			<x2>287.269966</x2>
			<y2>499.5625</y2>
			<x3>295.89319</x3>
			<y3>499.5625</y3>
			<x4>299.812837</x4>
			<y4>488.625</y4>
			<x5>298.244978</x5>
			<y5>458.9375</y5>
			<x6>298.244978</x6>
			<y6>437.0625</y6>
			<x7>299.028907</x7>
			<y7>373</y7>
			<x8>283.350318</x8>
			<y8>368.3125</y8>
			<x9>284.918177</x9>
			<y9>396.4375</y9>
			<x10>284.918177</x10>
			<y10>416.75</y10>
			<x11>285.702107</x11>
			<y11>444.875</y11>
			<x12>284.134248</x12>
			<y12>473</y12>
		</polygon>
	</object>
	<object>
		<name>RID</name>
		<pose>Unspecified</pose>
		<truncated>0</truncated>
		<difficult>0</difficult>
		<occluded>0</occluded>
		<bndbox>
			<xmin>300</xmin>
			<xmax>314</xmax>
			<ymin>369</ymin>
			<ymax>494</ymax>
		</bndbox>
		<polygon>
			<x1>310.787849</x1>
			<y1>493.3125</y1>
			<x2>311.571779</x2>
			<y2>476.125</y2>
			<x3>313.139637</x3>
			<y3>446.4375</y3>
			<x4>311.571779</x4>
			<y4>404.25</y4>
			<x5>311.571779</x5>
			<y5>369.875</y5>
			<x6>300.596766</x6>
			<y6>368.3125</y6>
			<x7>299.812837</x7>
			<y7>410.5</y7>
			<x8>301.380696</x8>
			<y8>438.625</y8>
			<x9>299.028907</x9>
			<y9>471.4375</y9>
			<x10>301.380696</x10>
			<y10>493.3125</y10>
			<x11>310.787849</x11>
			<y11>493.3125</y11>
		</polygon>
	</object>
	<object>
		<name>RIU</name>
		<pose>Unspecified</pose>
		<truncated>0</truncated>
		<difficult>0</difficult>
		<occluded>0</occluded>
		<bndbox>
			<xmin>260</xmin>
			<xmax>280</xmax>
			<ymin>210</ymin>
			<ymax>349</ymax>
		</bndbox>
		<polygon>
			<x1>261.400294</x1>
			<y1>249.5625</y1>
			<x2>261.400294</x2>
			<y2>274.5625</y2>
			<x3>259.048506</x3>
			<y3>298</y3>
			<x4>259.048506</x4>
			<y4>326.125</y4>
			<x5>262.968153</x5>
			<y5>343.3125</y5>
			<x6>273.943165</x6>
			<y6>348</y6>
			<x7>279.430671</x7>
			<y7>332.375</y7>
			<x8>279.430671</x8>
			<y8>312.0625</y8>
			<x9>278.646742</x9>
			<y9>276.125</y9>
			<x10>279.430671</x10>
			<y10>240.1875</y10>
			<x11>279.430671</x11>
			<y11>208.9375</y11>
			<x12>264.536012</x12>
			<y12>208.9375</y12>
			<x13>262.184223</x13>
			<y13>230.8125</y13>
			<x14>261.400294</x14>
			<y14>249.5625</y14>
		</polygon>
	</object>
	<object>
		<name>RIU</name>
		<pose>Unspecified</pose>
		<truncated>0</truncated>
		<difficult>0</difficult>
		<occluded>0</occluded>
		<bndbox>
			<xmin>280</xmin>
			<xmax>296</xmax>
			<ymin>213</ymin>
			<ymax>340</ymax>
		</bndbox>
		<polygon>
			<x1>279.430671</x1>
			<y1>324.5625</y1>
			<x2>280.214601</x2>
			<y2>338.625</y2>
			<x3>291.973542</x3>
			<y3>338.625</y3>
			<x4>295.10926</x4>
			<y4>315.1875</y4>
			<x5>293.541401</x5>
			<y5>291.75</y5>
			<x6>292.757472</x6>
			<y6>263.625</y6>
			<x7>291.973542</x7>
			<y7>233.9375</y7>
			<x8>292.757472</x8>
			<y8>213.625</y8>
			<x9>280.214601</x9>
			<y9>212.0625</y9>
			<x10>280.214601</x10>
			<y10>249.5625</y10>
			<x11>280.214601</x11>
			<y11>273</y11>
			<x12>279.430671</x12>
			<y12>296.4375</y12>
			<x13>279.430671</x13>
			<y13>324.5625</y13>
		</polygon>
	</object>
	<object>
		<name>RPMD</name>
		<pose>Unspecified</pose>
		<truncated>0</truncated>
		<difficult>0</difficult>
		<occluded>0</occluded>
		<bndbox>
			<xmin>189</xmin>
			<xmax>234</xmax>
			<ymin>337</ymin>
			<ymax>479</ymax>
		</bndbox>
		<polygon>
			<x1>232.394904</x1>
			<y1>341.75</y1>
			<x2>217.500245</x2>
			<y2>335.5</y2>
			<x3>193.198432</x3>
			<y3>335.5</y3>
			<x4>192.414503</x4>
			<y4>354.25</y4>
			<x5>193.198432</x5>
			<y5>368.3125</y5>
			<x6>193.198432</x6>
			<y6>387.0625</y6>
			<x7>193.198432</x7>
			<y7>396.4375</y7>
			<x8>193.198432</x8>
			<y8>413.625</y8>
			<x9>188.494855</x9>
			<y9>435.5</y9>
			<x10>190.846644</x10>
			<y10>457.375</y10>
			<x11>199.469868</x11>
			<y11>466.75</y11>
			<x12>215.148457</x12>
			<y12>477.6875</y12>
			<x13>221.419892</x13>
			<y13>463.625</y13>
			<x14>225.339539</x14>
			<y14>448</y14>
			<x15>227.691328</x15>
			<y15>412.0625</y15>
			<x16>228.475257</x16>
			<y16>385.5</y16>
			<x17>233.178834</x17>
			<y17>366.75</y17>
			<x18>232.394904</x18>
			<y18>341.75</y18>
		</polygon>
	</object>
	<object>
		<name>LIU</name>
		<pose>Unspecified</pose>
		<truncated>0</truncated>
		<difficult>0</difficult>
		<occluded>0</occluded>
		<bndbox>
			<xmin>312</xmin>
			<xmax>331</xmax>
			<ymin>204</ymin>
			<ymax>349</ymax>
		</bndbox>
		<polygon>
			<x1>311.571779</x1>
			<y1>341.75</y1>
			<x2>325.682509</x2>
			<y2>348</y2>
			<x3>330.386085</x3>
			<y3>338.625</y3>
			<x4>327.250367</x4>
			<y4>310.5</y4>
			<x5>328.034297</x5>
			<y5>283.9375</y5>
			<x6>328.034297</x6>
			<y6>255.8125</y6>
			<x7>328.034297</x7>
			<y7>221.4375</y7>
			<x8>327.250367</x8>
			<y8>202.6875</y8>
			<x9>313.923567</x9>
			<y9>202.6875</y9>
			<x10>313.139637</x10>
			<y10>254.25</y10>
			<x11>310.787849</x11>
			<y11>282.375</y11>
			<x12>312.355708</x12>
			<y12>308.9375</y12>
			<x13>311.571779</x13>
			<y13>341.75</y13>
		</polygon>
	</object>
	<object>
		<name>LIU</name>
		<pose>Unspecified</pose>
		<truncated>0</truncated>
		<difficult>0</difficult>
		<occluded>0</occluded>
		<bndbox>
			<xmin>331</xmin>
			<xmax>344</xmax>
			<ymin>212</ymin>
			<ymax>351</ymax>
		</bndbox>
		<polygon>
			<x1>330.386085</x1>
			<y1>326.125</y1>
			<x2>329.602156</x2>
			<y2>313.625</y2>
			<x3>329.602156</x3>
			<y3>340.1875</y3>
			<x4>340.577168</x4>
			<y4>349.5625</y4>
			<x5>342.928956</x5>
			<y5>337.0625</y5>
			<x6>342.928956</x6>
			<y6>310.5</y6>
			<x7>342.928956</x7>
			<y7>291.75</y7>
			<x8>342.928956</x8>
			<y8>260.5</y8>
			<x9>342.928956</x9>
			<y9>238.625</y9>
			<x10>340.577168</x10>
			<y10>221.4375</y10>
			<x11>331.170015</x11>
			<y11>210.5</y11>
			<x12>330.386085</x12>
			<y12>248</y12>
			<x13>331.170015</x13>
			<y13>285.5</y13>
			<x14>330.386085</x14>
			<y14>326.125</y14>
		</polygon>
	</object>
	<object>
		<name>LCU</name>
		<pose>Unspecified</pose>
		<truncated>0</truncated>
		<difficult>0</difficult>
		<occluded>0</occluded>
		<bndbox>
			<xmin>345</xmin>
			<xmax>364</xmax>
			<ymin>208</ymin>
			<ymax>346</ymax>
		</bndbox>
		<polygon>
			<x1>345.280745</x1>
			<y1>304.25</y1>
			<x2>344.496815</x2>
			<y2>329.25</y2>
			<x3>346.064674</x3>
			<y3>344.875</y3>
			<x4>356.255757</x4>
			<y4>344.875</y4>
			<x5>363.311122</x5>
			<y5>323</y5>
			<x6>360.959334</x6>
			<y6>293.3125</y6>
			<x7>361.743263</x7>
			<y7>271.4375</y7>
			<x8>361.743263</x8>
			<y8>241.75</y8>
			<x9>360.175404</x9>
			<y9>218.3125</y9>
			<x10>357.823616</x10>
			<y10>207.375</y10>
			<x11>347.632533</x11>
			<y11>213.625</y11>
			<x12>345.280745</x12>
			<y12>243.3125</y12>
			<x13>345.280745</x13>
			<y13>277.6875</y13>
			<x14>345.280745</x14>
			<y14>304.25</y14>
		</polygon>
	</object>
	<object>
		<name>LID</name>
		<pose>Unspecified</pose>
		<truncated>0</truncated>
		<difficult>0</difficult>
		<occluded>0</occluded>
		<bndbox>
			<xmin>313</xmin>
			<xmax>326</xmax>
			<ymin>370</ymin>
			<ymax>489</ymax>
		</bndbox>
		<polygon>
			<x1>324.799771</x1>
			<y1>463.208333</y1>
			<x2>323.231912</x2>
			<y2>422.583333</y2>
			<x3>323.231912</x3>
			<y3>375.708333</y3>
			<x4>312.2569</x4>
			<y4>369.458333</y4>
			<x5>313.040829</x5>
			<y5>427.270833</y5>
			<x6>313.040829</x6>
			<y6>444.458333</y6>
			<x7>313.824759</x7>
			<y7>463.208333</y7>
			<x8>315.392618</x8>
			<y8>488.208333</y8>
			<x9>324.799771</x9>
			<y9>483.520833</y9>
			<x10>324.799771</x10>
			<y10>463.208333</y10>
		</polygon>
	</object>
	<object>
		<name>LID</name>
		<pose>Unspecified</pose>
		<truncated>0</truncated>
		<difficult>0</difficult>
		<occluded>0</occluded>
		<bndbox>
			<xmin>327</xmin>
			<xmax>342</xmax>
			<ymin>374</ymin>
			<ymax>499</ymax>
		</bndbox>
		<polygon>
			<x1>327.250367</x1>
			<y1>416.75</y1>
			<x2>329.602156</x2>
			<y2>437.0625</y2>
			<x3>330.386085</x3>
			<y3>458.9375</y3>
			<x4>331.953944</x4>
			<y4>480.8125</y4>
			<x5>335.089662</x5>
			<y5>498</y5>
			<x6>340.577168</x6>
			<y6>487.0625</y6>
			<x7>340.577168</x7>
			<y7>466.75</y7>
			<x8>340.577168</x8>
			<y8>448</y8>
			<x9>340.577168</x9>
			<y9>423</y9>
			<x10>340.577168</x10>
			<y10>402.6875</y10>
			<x11>338.22538</x11>
			<y11>376.125</y11>
			<x12>326.466438</x12>
			<y12>373</y12>
			<x13>325.682509</x13>
			<y13>401.125</y13>
			<x14>327.250367</x14>
			<y14>416.75</y14>
		</polygon>
	</object>
	<object>
		<name>LCD</name>
		<pose>Unspecified</pose>
		<truncated>0</truncated>
		<difficult>0</difficult>
		<occluded>0</occluded>
		<bndbox>
			<xmin>344</xmin>
			<xmax>368</xmax>
			<ymin>374</ymin>
			<ymax>524</ymax>
		</bndbox>
		<polygon>
			<x1>348.515271</x1>
			<y1>471.333333</y1>
			<x2>351.650988</x2>
			<y2>497.895833</y2>
			<x3>352.434918</x3>
			<y3>519.770833</y3>
			<x4>364.19386</x4>
			<y4>522.895833</y4>
			<x5>366.545648</x5>
			<y5>507.270833</y5>
			<x6>363.40993</x6>
			<y6>461.958333</y6>
			<x7>361.058142</x7>
			<y7>424.458333</y7>
			<x8>358.706353</x8>
			<y8>396.333333</y8>
			<x9>356.354565</x9>
			<y9>372.895833</y9>
			<x10>343.027765</x10>
			<y10>372.895833</y10>
			<x11>344.595623</x11>
			<y11>424.458333</y11>
			<x12>345.379553</x12>
			<y12>443.208333</y12>
			<x13>348.515271</x13>
			<y13>471.333333</y13>
		</polygon>
	</object>
	<object>
		<name>LPMD</name>
		<pose>Unspecified</pose>
		<truncated>0</truncated>
		<difficult>0</difficult>
		<occluded>0</occluded>
		<bndbox>
			<xmin>360</xmin>
			<xmax>385</xmax>
			<ymin>371</ymin>
			<ymax>493</ymax>
		</bndbox>
		<polygon>
			<x1>368.014699</x1>
			<y1>454.25</y1>
			<x2>370.366487</x2>
			<y2>479.25</y2>
			<x3>377.421852</x3>
			<y3>491.75</y3>
			<x4>383.693288</x4>
			<y4>485.5</y4>
			<x5>382.909358</x5>
			<y5>473</y5>
			<x6>379.77364</x6>
			<y6>435.5</y6>
			<x7>378.205781</x7>
			<y7>412.0625</y7>
			<x8>378.205781</x8>
			<y8>390.1875</y8>
			<x9>377.421852</x9>
			<y9>369.875</y9>
			<x10>358.607545</x10>
			<y10>371.4375</y10>
			<x11>361.743263</x11>
			<y11>402.6875</y11>
			<x12>364.095051</x12>
			<y12>427.6875</y12>
			<x13>368.014699</x13>
			<y13>454.25</y13>
		</polygon>
	</object>
	<object>
		<name>LPMD</name>
		<pose>Unspecified</pose>
		<truncated>0</truncated>
		<difficult>0</difficult>
		<occluded>0</occluded>
		<bndbox>
			<xmin>380</xmin>
			<xmax>407</xmax>
			<ymin>357</ymin>
			<ymax>474</ymax>
		</bndbox>
		<polygon>
			<x1>383.693288</x1>
			<y1>429.25</y1>
			<x2>386.045076</x2>
			<y2>458.9375</y2>
			<x3>391.532582</x3>
			<y3>473</y3>
			<x4>402.507594</x4>
			<y4>473</y4>
			<x5>406.427242</x5>
			<y5>454.25</y5>
			<x6>406.427242</x6>
			<y6>427.6875</y6>
			<x7>404.075453</x7>
			<y7>410.5</y7>
			<x8>402.507594</x8>
			<y8>391.75</y8>
			<x9>399.371877</x9>
			<y9>355.8125</y9>
			<x10>378.989711</x10>
			<y10>360.5</y10>
			<x11>379.77364</x11>
			<y11>388.625</y11>
			<x12>381.341499</x12>
			<y12>405.8125</y12>
			<x13>383.693288</x13>
			<y13>429.25</y13>
		</polygon>
	</object>
	<object>
		<name>LMD</name>
		<pose>Unspecified</pose>
		<truncated>0</truncated>
		<difficult>0</difficult>
		<occluded>0</occluded>
		<bndbox>
			<xmin>443</xmin>
			<xmax>504</xmax>
			<ymin>306</ymin>
			<ymax>418</ymax>
		</bndbox>
		<polygon>
			<x1>479.482117</x1>
			<y1>417.166667</y1>
			<x2>493.592847</x2>
			<y2>417.166667</y2>
			<x3>503</x3>
			<y3>403.104167</y3>
			<x4>503</x4>
			<y4>384.354167</y4>
			<x5>495.944635</x5>
			<y5>370.291667</y5>
			<x6>483</x6>
			<y6>346.333333</y6>
			<x7>481.833905</x7>
			<y7>334.354167</y7>
			<x8>475.56247</x8>
			<y8>304.666667</y8>
			<x9>460.66781</x9>
			<y9>312.479167</y9>
			<x10>441.853504</x10>
			<y10>342.166667</y10>
			<x11>456.748163</x11>
			<y11>374.979167</y11>
			<x12>468.507105</x12>
			<y12>396.854167</y12>
			<x13>479.482117</x13>
			<y13>417.166667</y13>
		</polygon>
	</object>
</annotation>
