<annotation>
	<folder></folder>
	<filename>103_jpg.rf.52a5b7c45db765fbd9944c012dcef067.jpg</filename>
	<path>103_jpg.rf.52a5b7c45db765fbd9944c012dcef067.jpg</path>
	<source>
		<database>roboflow.com</database>
	</source>
	<size>
		<width>640</width>
		<height>640</height>
		<depth>3</depth>
	</size>
	<segmented>0</segmented>
	<object>
		<name>RIU</name>
		<pose>Unspecified</pose>
		<truncated>0</truncated>
		<difficult>0</difficult>
		<occluded>0</occluded>
		<bndbox>
			<xmin>293</xmin>
			<xmax>325</xmax>
			<ymin>244</ymin>
			<ymax>385</ymax>
		</bndbox>
		<polygon>
			<x1>292.310347</x1>
			<y1>381.959439</y1>
			<x2>323.662319</x2>
			<y2>384.457882</y2>
			<x3>321.781181</x3>
			<y3>319.498602</y3>
			<x4>324.055351</x4>
			<y4>247.312501</y4>
			<x5>299.834801</x5>
			<y5>243.296399</y5>
			<x6>298.580741</x6>
			<y6>299.511153</y6>
			<x7>292.310347</x7>
			<y7>381.959439</y7>
		</polygon>
	</object>
	<object>
		<name>RPMU</name>
		<pose>Unspecified</pose>
		<truncated>0</truncated>
		<difficult>0</difficult>
		<occluded>0</occluded>
		<bndbox>
			<xmin>206</xmin>
			<xmax>238</xmax>
			<ymin>221</ymin>
			<ymax>363</ymax>
		</bndbox>
		<polygon>
			<x1>213.930416</x1>
			<y1>219.561262</y1>
			<x2>214.557445</x2>
			<y2>249.542483</y2>
			<x3>212.676308</x3>
			<y3>294.514267</y3>
			<x4>204.524824</x4>
			<y4>341.984541</y4>
			<x5>222.70893</x5>
			<y5>361.972086</y5>
			<x6>232.741599</x6>
			<y6>318.249404</y6>
			<x7>237.039182</x7>
			<y7>228.562501</y7>
			<x8>213.930416</x8>
			<y8>219.561262</y8>
		</polygon>
	</object>
	<object>
		<name>RPMU</name>
		<pose>Unspecified</pose>
		<truncated>0</truncated>
		<difficult>0</difficult>
		<occluded>0</occluded>
		<bndbox>
			<xmin>230</xmin>
			<xmax>255</xmax>
			<ymin>223</ymin>
			<ymax>369</ymax>
		</bndbox>
		<polygon>
			<x1>228.979324</x1>
			<y1>354.476709</y1>
			<x2>242.147191</x2>
			<y2>368.218169</y2>
			<x3>250.925705</x3>
			<y3>326.993931</y3>
			<x4>253.5017</x4>
			<y4>222.312501</y4>
			<x5>238.384916</x5>
			<y5>237.050316</y5>
			<x6>236.503826</x6>
			<y6>279.523704</y6>
			<x7>228.979324</x7>
			<y7>354.476709</y7>
		</polygon>
	</object>
	<object>
		<name>RCU</name>
		<pose>Unspecified</pose>
		<truncated>0</truncated>
		<difficult>0</difficult>
		<occluded>0</occluded>
		<bndbox>
			<xmin>249</xmin>
			<xmax>279</xmax>
			<ymin>212</ymin>
			<ymax>377</ymax>
		</bndbox>
		<polygon>
			<x1>276.007283</x1>
			<y1>282.022099</y1>
			<x2>277.803513</x2>
			<y2>211.375001</y2>
			<x3>253.433872</x3>
			<y3>229.555034</y3>
			<x4>254.060902</x4>
			<y4>283.271345</y4>
			<x5>248.417585</x5>
			<y5>355.726002</y5>
			<x6>254.060902</x6>
			<y6>375.713356</y6>
			<x7>272.245056</x7>
			<y7>364.470433</y7>
			<x8>274.753223</x8>
			<y8>319.498602</y8>
			<x9>276.007283</x9>
			<y9>282.022099</y9>
		</polygon>
	</object>
	<object>
		<name>RIU</name>
		<pose>Unspecified</pose>
		<truncated>0</truncated>
		<difficult>0</difficult>
		<occluded>0</occluded>
		<bndbox>
			<xmin>277</xmin>
			<xmax>302</xmax>
			<ymin>212</ymin>
			<ymax>337</ymax>
		</bndbox>
		<polygon>
			<x1>300.537467</x1>
			<y1>211.375001</y1>
			<x2>279.14248</x2>
			<y2>224.558148</y2>
			<x3>276.007283</x3>
			<y3>323.24629</y3>
			<x4>296.072574</x4>
			<y4>335.738457</y4>
			<x5>296.072574</x5>
			<y5>282.022099</y5>
			<x6>300.537467</x6>
			<y6>211.375001</y6>
		</polygon>
	</object>
	<object>
		<name>RMD</name>
		<pose>Unspecified</pose>
		<truncated>0</truncated>
		<difficult>0</difficult>
		<occluded>0</occluded>
		<bndbox>
			<xmin>132</xmin>
			<xmax>200</xmax>
			<ymin>314</ymin>
			<ymax>403</ymax>
		</bndbox>
		<polygon>
			<x1>148.091274</x1>
			<y1>348.230625</y1>
			<x2>130.53415</x2>
			<y2>394.451606</y2>
			<x3>147.464196</x3>
			<y3>401.946936</y3>
			<x4>183.832503</x4>
			<y4>390.703966</y4>
			<x5>198.88146</x5>
			<y5>363.221236</y5>
			<x6>189.475868</x6>
			<y6>324.495488</y6>
			<x7>163.349814</x7>
			<y7>312.937501</y7>
			<x8>148.091274</x8>
			<y8>348.230625</y8>
		</polygon>
	</object>
	<object>
		<name>RPMD</name>
		<pose>Unspecified</pose>
		<truncated>0</truncated>
		<difficult>0</difficult>
		<occluded>0</occluded>
		<bndbox>
			<xmin>231</xmin>
			<xmax>273</xmax>
			<ymin>383</ymin>
			<ymax>492</ymax>
		</bndbox>
		<polygon>
			<x1>261.585404</x1>
			<y1>440.672636</y1>
			<x2>272.245056</x2>
			<y2>391.953211</y2>
			<x3>250.365983</x3>
			<y3>381.687501</y3>
			<x4>242.147191</x4>
			<y4>423.18363</y4>
			<x5>229.606402</x5>
			<y5>473.152299</y5>
			<x6>243.401251</x6>
			<y6>490.641306</y6>
			<x7>261.585404</x7>
			<y7>440.672636</y7>
		</polygon>
	</object>
	<object>
		<name>RCD</name>
		<pose>Unspecified</pose>
		<truncated>0</truncated>
		<difficult>0</difficult>
		<occluded>0</occluded>
		<bndbox>
			<xmin>264</xmin>
			<xmax>288</xmax>
			<ymin>388</ymin>
			<ymax>485</ymax>
		</bndbox>
		<polygon>
			<x1>287.294012</x1>
			<y1>423.18363</y1>
			<x2>287.294012</x2>
			<y2>386.956421</y2>
			<x3>268.39636</x3>
			<y3>392.625001</y3>
			<x4>265.347631</x4>
			<y4>440.672636</y4>
			<x5>262.839464</x5>
			<y5>484.395222</y5>
			<x6>285.412874</x6>
			<y6>483.146024</y6>
			<x7>287.294012</x7>
			<y7>423.18363</y7>
		</polygon>
	</object>
	<object>
		<name>RID</name>
		<pose>Unspecified</pose>
		<truncated>0</truncated>
		<difficult>0</difficult>
		<occluded>0</occluded>
		<bndbox>
			<xmin>288</xmin>
			<xmax>308</xmax>
			<ymin>384</ymin>
			<ymax>503</ymax>
		</bndbox>
		<polygon>
			<x1>291.056239</x1>
			<y1>468.155509</y1>
			<x2>306.732225</x2>
			<y2>501.884275</y2>
			<x3>307.359255</x3>
			<y3>461.909425</y3>
			<x4>304.457114</x4>
			<y4>392.625001</y4>
			<x5>291.056239</x5>
			<y5>383.208684</y5>
			<x6>286.666982</x6>
			<y6>409.442217</y6>
			<x7>291.056239</x7>
			<y7>468.155509</y7>
		</polygon>
	</object>
	<object>
		<name>RID</name>
		<pose>Unspecified</pose>
		<truncated>0</truncated>
		<difficult>0</difficult>
		<occluded>0</occluded>
		<bndbox>
			<xmin>306</xmin>
			<xmax>325</xmax>
			<ymin>390</ymin>
			<ymax>513</ymax>
		</bndbox>
		<polygon>
			<x1>324.055351</x1>
			<y1>391.062501</y1>
			<x2>305.478165</x2>
			<y2>389.454768</y2>
			<x3>307.359255</x3>
			<y3>441.921881</y3>
			<x4>316.137817</x4>
			<y4>511.878095</y4>
			<x5>323.035241</x5>
			<y5>468.155509</y5>
			<x6>324.055351</x6>
			<y6>391.062501</y6>
		</polygon>
	</object>
	<object>
		<name>LID</name>
		<pose>Unspecified</pose>
		<truncated>0</truncated>
		<difficult>0</difficult>
		<occluded>0</occluded>
		<bndbox>
			<xmin>326</xmin>
			<xmax>343</xmax>
			<ymin>387</ymin>
			<ymax>494</ymax>
		</bndbox>
		<polygon>
			<x1>324.83928</x1>
			<y1>394.187501</y1>
			<x2>325.543408</x2>
			<y2>431.928109</y2>
			<x3>325.543408</x3>
			<y3>463.158527</y3>
			<x4>328.051576</x4>
			<y4>493.139844</y4>
			<x5>342.473502</x5>
			<y5>493.139844</y5>
			<x6>339.965335</x6>
			<y6>448.167964</y6>
			<x7>341.846425</x7>
			<y7>410.691463</y7>
			<x8>341.846425</x8>
			<y8>385.707128</y8>
			<x9>324.83928</x9>
			<y9>394.187501</y9>
		</polygon>
	</object>
	<object>
		<name>LID</name>
		<pose>Unspecified</pose>
		<truncated>0</truncated>
		<difficult>0</difficult>
		<occluded>0</occluded>
		<bndbox>
			<xmin>342</xmin>
			<xmax>363</xmax>
			<ymin>384</ymin>
			<ymax>489</ymax>
		</bndbox>
		<polygon>
			<x1>344.354592</x1>
			<y1>486.89376</y1>
			<x2>356.268351</x2>
			<y2>488.142862</y2>
			<x3>358.776518</x3>
			<y3>444.420276</y3>
			<x4>361.911716</x4>
			<y4>406.943774</y4>
			<x5>361.284686</x5>
			<y5>385.707128</y5>
			<x6>341.301798</x6>
			<y6>383.250001</y6>
			<x7>343.727562</x7>
			<y7>443.171174</y7>
			<x8>344.354592</x8>
			<y8>486.89376</y8>
		</polygon>
	</object>
	<object>
		<name>LCD</name>
		<pose>Unspecified</pose>
		<truncated>0</truncated>
		<difficult>0</difficult>
		<occluded>0</occluded>
		<bndbox>
			<xmin>362</xmin>
			<xmax>385</xmax>
			<ymin>389</ymin>
			<ymax>510</ymax>
		</bndbox>
		<polygon>
			<x1>362.538745</x1>
			<y1>468.155509</y1>
			<x2>367.55508</x2>
			<y2>496.887389</y2>
			<x3>383.231066</x3>
			<y3>509.379556</y3>
			<x4>383.858096</x4>
			<y4>449.417258</y4>
			<x5>379.468791</x5>
			<y5>388.205523</y5>
			<x6>364.035752</x6>
			<y6>391.062501</y6>
			<x7>360.657608</x7>
			<y7>430.679006</y7>
			<x8>362.538745</x8>
			<y8>468.155509</y8>
		</polygon>
	</object>
	<object>
		<name>LPMD</name>
		<pose>Unspecified</pose>
		<truncated>0</truncated>
		<difficult>0</difficult>
		<occluded>0</occluded>
		<bndbox>
			<xmin>380</xmin>
			<xmax>407</xmax>
			<ymin>368</ymin>
			<ymax>512</ymax>
		</bndbox>
		<polygon>
			<x1>378.930412</x1>
			<y1>383.250001</y1>
			<x2>384.485126</x2>
			<y2>435.675797</y2>
			<x3>388.247353</x3>
			<y3>478.149138</y3>
			<x4>395.771807</x4>
			<y4>510.628802</y4>
			<x5>405.804477</x5>
			<y5>489.392107</y5>
			<x6>401.41522</x6>
			<y6>438.174193</y6>
			<x7>400.16116</x7>
			<y7>386.956421</y7>
			<x8>395.144825</x8>
			<y8>366.968876</y8>
			<x9>378.930412</x9>
			<y9>383.250001</y9>
		</polygon>
	</object>
	<object>
		<name>LPMD</name>
		<pose>Unspecified</pose>
		<truncated>0</truncated>
		<difficult>0</difficult>
		<occluded>0</occluded>
		<bndbox>
			<xmin>402</xmin>
			<xmax>445</xmax>
			<ymin>374</ymin>
			<ymax>502</ymax>
		</bndbox>
		<polygon>
			<x1>401.664366</x1>
			<y1>378.562501</y1>
			<x2>401.41522</x2>
			<y2>419.435941</y2>
			<x3>412.701949</x3>
			<y3>465.656971</y3>
			<x4>425.86972</x4>
			<y4>495.638191</y4>
			<x5>444.053921</x5>
			<y5>500.63503</y5>
			<x6>430.886055</x6>
			<y6>453.164803</y6>
			<x7>423.988582</x7>
			<y7>399.448588</y7>
			<x8>418.345266</x8>
			<y8>373.21496</y8>
			<x9>401.664366</x9>
			<y9>378.562501</y9>
		</polygon>
	</object>
	<object>
		<name>LPMU</name>
		<pose>Unspecified</pose>
		<truncated>0</truncated>
		<difficult>0</difficult>
		<occluded>0</occluded>
		<bndbox>
			<xmin>403</xmin>
			<xmax>435</xmax>
			<ymin>241</ymin>
			<ymax>357</ymax>
		</bndbox>
		<polygon>
			<x1>411.447793</x1>
			<y1>345.732182</y1>
			<x2>429.631995</x2>
			<y2>355.726002</y2>
			<x3>434.021252</x3>
			<y3>335.738457</y3>
			<x4>426.496798</x4>
			<y4>280.772902</y4>
			<x5>420.226403</x5>
			<y5>243.296399</y5>
			<x6>401.664366</x6>
			<y6>239.500001</y6>
			<x7>405.177399</x7>
			<y7>295.763512</y7>
			<x8>411.447793</x8>
			<y8>345.732182</y8>
		</polygon>
	</object>
	<object>
		<name>LMU</name>
		<pose>Unspecified</pose>
		<truncated>0</truncated>
		<difficult>0</difficult>
		<occluded>0</occluded>
		<bndbox>
			<xmin>419</xmin>
			<xmax>466</xmax>
			<ymin>220</ymin>
			<ymax>349</ymax>
		</bndbox>
		<polygon>
			<x1>455.340555</x1>
			<y1>277.025261</y1>
			<x2>448.700133</x2>
			<y2>219.187501</y2>
			<x3>417.718188</x3>
			<y3>229.555034</y3>
			<x4>429.631995</x4>
			<y4>267.031537</y4>
			<x5>430.258977</x5>
			<y5>335.738457</y5>
			<x6>445.307981</x6>
			<y6>348.230625</y6>
			<x7>457.84877</x7>
			<y7>338.236853</y7>
			<x8>465.373224</x8>
			<y8>309.504878</y8>
			<x9>455.340555</x9>
			<y9>277.025261</y9>
		</polygon>
	</object>
	<object>
		<name>LPMU</name>
		<pose>Unspecified</pose>
		<truncated>0</truncated>
		<difficult>0</difficult>
		<occluded>0</occluded>
		<bndbox>
			<xmin>428</xmin>
			<xmax>439</xmax>
			<ymin>242</ymin>
			<ymax>354</ymax>
		</bndbox>
		<polygon>
			<x1>426.750108</x1>
			<y1>241.062501</y1>
			<x2>431.513132</x2>
			<y2>287.018986</y2>
			<x3>431.513132</x3>
			<y3>324.495488</y3>
			<x4>438.410509</x4>
			<y4>353.227464</y4>
			<x5>426.750108</x5>
			<y5>241.062501</y5>
		</polygon>
	</object>
</annotation>
