<annotation>
	<folder></folder>
	<filename>108_jpg.rf.9227432a04bcfa6a5fbbe6262440cc67.jpg</filename>
	<path>108_jpg.rf.9227432a04bcfa6a5fbbe6262440cc67.jpg</path>
	<source>
		<database>roboflow.com</database>
	</source>
	<size>
		<width>640</width>
		<height>640</height>
		<depth>3</depth>
	</size>
	<segmented>0</segmented>
	<object>
		<name>RIU</name>
		<pose>Unspecified</pose>
		<truncated>0</truncated>
		<difficult>0</difficult>
		<occluded>0</occluded>
		<bndbox>
			<xmin>297</xmin>
			<xmax>323</xmax>
			<ymin>258</ymin>
			<ymax>402</ymax>
		</bndbox>
		<polygon>
			<x1>321.844272</x1>
			<y1>257.215816</y1>
			<x2>300.31413</x2>
			<y2>260.785007</y2>
			<x3>298.161122</x3>
			<y3>345.017929</y3>
			<x4>295.649283</x4>
			<y4>400.697299</y4>
			<x5>320.767781</x5>
			<y5>397.841935</y5>
			<x6>320.408924</x6>
			<y6>336.451866</y6>
			<x7>319.198225</x7>
			<y7>276.642858</y7>
			<x8>321.844272</x8>
			<y8>257.215816</y8>
		</polygon>
	</object>
	<object>
		<name>RIU</name>
		<pose>Unspecified</pose>
		<truncated>0</truncated>
		<difficult>0</difficult>
		<occluded>0</occluded>
		<bndbox>
			<xmin>278</xmin>
			<xmax>300</xmax>
			<ymin>247</ymin>
			<ymax>400</ymax>
		</bndbox>
		<polygon>
			<x1>297.443461</x1>
			<y1>329.313485</y1>
			<x2>299.23764</x2>
			<y2>263.640371</y2>
			<x3>298.878782</x3>
			<y3>246.508244</y3>
			<x4>282.731176</x4>
			<y4>245.794417</y4>
			<x5>282.41146</x5>
			<y5>259.678572</y5>
			<x6>280.219337</x6>
			<y6>310.039849</y6>
			<x7>277.34864</x7>
			<y7>347.873266</y7>
			<x8>276.63098</x8>
			<y8>383.565173</y8>
			<x9>285.601872</x9>
			<y9>398.55579</y9>
			<x10>295.649283</x10>
			<y10>387.848218</y10>
			<x11>297.443461</x11>
			<y11>329.313485</y11>
		</polygon>
	</object>
	<object>
		<name>RCU</name>
		<pose>Unspecified</pose>
		<truncated>0</truncated>
		<difficult>0</difficult>
		<occluded>0</occluded>
		<bndbox>
			<xmin>255</xmin>
			<xmax>283</xmax>
			<ymin>238</ymin>
			<ymax>395</ymax>
		</bndbox>
		<polygon>
			<x1>254.383178</x1>
			<y1>377.854528</y1>
			<x2>262.277552</x2>
			<y2>394.272744</y2>
			<x3>272.683793</x3>
			<y3>391.417408</y3>
			<x4>276.63098</x4>
			<y4>352.870192</y4>
			<x5>280.578167</x5>
			<y5>314.322868</y5>
			<x6>281.514221</x6>
			<y6>257.892858</y6>
			<x7>280.578167</x7>
			<y7>237.228354</y7>
			<x8>264.789391</x8>
			<y8>242.225226</y8>
			<x9>262.636382</x9>
			<y9>287.910878</y9>
			<x10>258.689195</x10>
			<y10>332.882676</y10>
			<x11>254.383178</x11>
			<y11>377.854528</y11>
		</polygon>
	</object>
	<object>
		<name>RPMU</name>
		<pose>Unspecified</pose>
		<truncated>0</truncated>
		<difficult>0</difficult>
		<occluded>0</occluded>
		<bndbox>
			<xmin>239</xmin>
			<xmax>266</xmax>
			<ymin>243</ymin>
			<ymax>374</ymax>
		</bndbox>
		<polygon>
			<x1>263.35407</x1>
			<y1>263.640371</y1>
			<x2>264.789391</x2>
			<y2>243.652908</y2>
			<x3>255.494314</x3>
			<y3>241.821429</y3>
			<x4>249.000642</x4>
			<y4>294.335405</y4>
			<x5>246.129946</x5>
			<y5>329.313485</y5>
			<x6>237.876714</x6>
			<y6>350.014774</y6>
			<x7>241.106241</x7>
			<y7>372.857601</y7>
			<x8>255.459669</x8>
			<y8>362.863882</y8>
			<x9>260.842204</x9>
			<y9>303.615296</y9>
			<x10>263.35407</x10>
			<y10>263.640371</y10>
		</polygon>
	</object>
	<object>
		<name>RPMU</name>
		<pose>Unspecified</pose>
		<truncated>0</truncated>
		<difficult>0</difficult>
		<occluded>0</occluded>
		<bndbox>
			<xmin>220</xmin>
			<xmax>257</xmax>
			<ymin>238</ymin>
			<ymax>357</ymax>
		</bndbox>
		<polygon>
			<x1>237.54955</x1>
			<y1>237.357144</y1>
			<x2>228.905821</x2>
			<y2>300.046105</y2>
			<x3>218.858438</x3>
			<y3>335.024239</y3>
			<x4>224.240974</x4>
			<y4>355.725501</y4>
			<x5>237.517884</x5>
			<y5>346.445611</y5>
			<x6>246.847606</x6>
			<y6>326.458121</y6>
			<x7>250.077133</x7>
			<y7>277.203306</y7>
			<x8>255.818499</x8>
			<y8>237.942208</y8>
			<x9>237.54955</x9>
			<y9>237.357144</y9>
		</polygon>
	</object>
	<object>
		<name>RMU</name>
		<pose>Unspecified</pose>
		<truncated>0</truncated>
		<difficult>0</difficult>
		<occluded>0</occluded>
		<bndbox>
			<xmin>189</xmin>
			<xmax>226</xmax>
			<ymin>210</ymin>
			<ymax>336</ymax>
		</bndbox>
		<polygon>
			<x1>217.42309</x1>
			<y1>335.024239</y1>
			<x2>225.317464</x2>
			<y2>307.898341</y2>
			<x3>218.499608</x3>
			<y3>276.489452</y3>
			<x4>220.950644</x4>
			<y4>228.428572</y4>
			<x5>220.293787</x5>
			<y5>209.388696</y5>
			<x6>187.998574</x6>
			<y6>216.527064</y6>
			<x7>197.687127</x7>
			<y7>273.634116</y7>
			<x8>192.663422</x8>
			<y8>307.184486</y8>
			<x9>205.940359</x9>
			<y9>334.310357</y9>
			<x10>217.42309</x10>
			<y10>335.024239</y10>
		</polygon>
	</object>
	<object>
		<name>RMU</name>
		<pose>Unspecified</pose>
		<truncated>0</truncated>
		<difficult>0</difficult>
		<occluded>0</occluded>
		<bndbox>
			<xmin>166</xmin>
			<xmax>200</xmax>
			<ymin>193</ymin>
			<ymax>302</ymax>
		</bndbox>
		<polygon>
			<x1>167.564971</x1>
			<y1>213.250001</y1>
			<x2>169.697932</x2>
			<y2>257.215816</y2>
			<x3>171.49211</x3>
			<y3>299.332278</y3>
			<x4>189.792752</x4>
			<y4>300.759959</y4>
			<x5>198.763645</x5>
			<y5>275.775624</y5>
			<x6>190.869243</x6>
			<y6>232.231481</y6>
			<x7>185.845538</x7>
			<y7>191.542743</y7>
			<x8>165.033084</x8>
			<y8>192.256556</y8>
			<x9>167.564971</x9>
			<y9>213.250001</y9>
		</polygon>
	</object>
	<object>
		<name>RID</name>
		<pose>Unspecified</pose>
		<truncated>0</truncated>
		<difficult>0</difficult>
		<occluded>0</occluded>
		<bndbox>
			<xmin>282</xmin>
			<xmax>298</xmax>
			<ymin>406</ymin>
			<ymax>524</ymax>
		</bndbox>
		<polygon>
			<x1>283.757317</x1>
			<y1>408.785715</y1>
			<x2>281.295855</x2>
			<y2>440.672224</y2>
			<x3>281.654685</x3>
			<y3>500.634638</y3>
			<x4>285.601872</x4>
			<y4>523.477437</y4>
			<x5>294.213935</x5>
			<y5>523.477437</y5>
			<x6>297.084604</x6>
			<y6>496.351621</y6>
			<x7>297.084604</x7>
			<y7>437.816888</y7>
			<x8>297.084604</x8>
			<y8>404.980317</y8>
			<x9>283.757317</x9>
			<y9>408.785715</y9>
		</polygon>
	</object>
	<object>
		<name>RID</name>
		<pose>Unspecified</pose>
		<truncated>0</truncated>
		<difficult>0</difficult>
		<occluded>0</occluded>
		<bndbox>
			<xmin>297</xmin>
			<xmax>316</xmax>
			<ymin>410</ymin>
			<ymax>517</ymax>
		</bndbox>
		<polygon>
			<x1>296.008113</x1>
			<y1>409.263362</y1>
			<x2>298.161122</x2>
			<y2>448.524432</y2>
			<x3>296.366943</x3>
			<y3>505.631484</y3>
			<x4>304.979005</x4>
			<y4>516.339056</y4>
			<x5>310.720371</x5>
			<y5>504.917656</y5>
			<x6>311.796889</x6>
			<y6>451.379796</y6>
			<x7>314.712035</x7>
			<y7>412.357144</y7>
			<x8>296.008113</x8>
			<y8>409.263362</y8>
		</polygon>
	</object>
	<object>
		<name>RMU</name>
		<pose>Unspecified</pose>
		<truncated>0</truncated>
		<difficult>0</difficult>
		<occluded>0</occluded>
		<bndbox>
			<xmin>298</xmin>
			<xmax>313</xmax>
			<ymin>405</ymin>
			<ymax>518</ymax>
		</bndbox>
		<polygon>
			<x1>311.079201</x1>
			<y1>510.628383</y1>
			<x2>312.155719</x2>
			<y2>469.225749</y2>
			<x3>312.155719</x3>
			<y3>404.266489</y3>
			<x4>297.084604</x4>
			<y4>405.694171</y4>
			<x5>297.084604</x5>
			<y5>421.398589</y5>
			<x6>298.519952</x6>
			<y6>455.662814</y6>
			<x7>297.443461</x7>
			<y7>502.776174</y7>
			<x8>302.825997</x8>
			<y8>517.052937</y8>
			<x9>311.079201</x9>
			<y9>510.628383</y9>
		</polygon>
	</object>
	<object>
		<name>RCD</name>
		<pose>Unspecified</pose>
		<truncated>0</truncated>
		<difficult>0</difficult>
		<occluded>0</occluded>
		<bndbox>
			<xmin>241</xmin>
			<xmax>283</xmax>
			<ymin>402</ymin>
			<ymax>514</ymax>
		</bndbox>
		<polygon>
			<x1>282.013515</x1>
			<y1>425.681634</y1>
			<x2>282.41146</x2>
			<y2>406.107144</y2>
			<x3>266.583569</x3>
			<y3>400.697299</y3>
			<x4>260.842204</x4>
			<y4>428.53697</y4>
			<x5>251.512481</x5>
			<y5>466.370386</y5>
			<x6>240.38858</x6>
			<y6>513.483747</y6>
			<x7>255.459669</x7>
			<y7>511.342211</y7>
			<x8>266.583569</x8>
			<y8>476.364131</y8>
			<x9>282.013515</x9>
			<y9>425.681634</y9>
		</polygon>
	</object>
	<object>
		<name>RPMD</name>
		<pose>Unspecified</pose>
		<truncated>0</truncated>
		<difficult>0</difficult>
		<occluded>0</occluded>
		<bndbox>
			<xmin>179</xmin>
			<xmax>253</xmax>
			<ymin>360</ymin>
			<ymax>495</ymax>
		</bndbox>
		<polygon>
			<x1>251.871311</x1>
			<y1>385.706681</y1>
			<x2>232.853036</x2>
			<y2>359.294692</y2>
			<x3>218.258929</x3>
			<y3>358.785715</y3>
			<x4>207.37568</x4>
			<y4>390.703554</y4>
			<x5>184.410217</x5>
			<y5>432.820015</y5>
			<x6>177.592334</x6>
			<y6>461.373541</y6>
			<x7>195.175288</x7>
			<y7>494.210084</y7>
			<x8>219.217269</x8>
			<y8>467.798095</y8>
			<x9>238.594402</x9>
			<y9>407.83568</y9>
			<x10>251.871311</x10>
			<y10>385.706681</y10>
		</polygon>
	</object>
	<object>
		<name>RMD</name>
		<pose>Unspecified</pose>
		<truncated>0</truncated>
		<difficult>0</difficult>
		<occluded>0</occluded>
		<bndbox>
			<xmin>142</xmin>
			<xmax>217</xmax>
			<ymin>320</ymin>
			<ymax>450</ymax>
		</bndbox>
		<polygon>
			<x1>216.346572</x1>
			<y1>360.008574</y1>
			<x2>193.022252</x2>
			<y2>318.605913</y2>
			<x3>186.855592</x3>
			<y3>329.321429</y3>
			<x4>175.439325</x4>
			<y4>363.577764</y4>
			<x5>154.626843</x5>
			<y5>384.992909</y5>
			<x6>141.349934</x6>
			<y6>403.552635</y6>
			<x7>163.597736</x7>
			<y7>449.238314</y7>
			<x8>188.716234</x8>
			<y8>419.970934</y8>
			<x9>204.863841</x9>
			<y9>389.989727</y9>
			<x10>216.346572</x10>
			<y10>360.008574</y10>
		</polygon>
	</object>
	<object>
		<name>RMD</name>
		<pose>Unspecified</pose>
		<truncated>0</truncated>
		<difficult>0</difficult>
		<occluded>0</occluded>
		<bndbox>
			<xmin>124</xmin>
			<xmax>179</xmax>
			<ymin>316</ymin>
			<ymax>415</ymax>
		</bndbox>
		<polygon>
			<x1>153.20916</x1>
			<y1>318.607144</y1>
			<x2>130.943693</x2>
			<y2>362.150028</y2>
			<x3>122.690461</x3>
			<y3>386.420536</y3>
			<x4>133.455532</x4>
			<y4>413.546434</y4>
			<x5>153.550325</x5>
			<y5>385.706681</y5>
			<x6>172.927458</x6>
			<y6>368.574582</y6>
			<x7>177.592334</x7>
			<y7>355.725501</y7>
			<x8>156.062191</x8>
			<y8>315.036722</y8>
			<x9>153.20916</x9>
			<y9>318.607144</y9>
		</polygon>
	</object>
	<object>
		<name>LIU</name>
		<pose>Unspecified</pose>
		<truncated>0</truncated>
		<difficult>0</difficult>
		<occluded>0</occluded>
		<bndbox>
			<xmin>321</xmin>
			<xmax>343</xmax>
			<ymin>244</ymin>
			<ymax>402</ymax>
		</bndbox>
		<polygon>
			<x1>340.862575</x1>
			<y1>326.458121</y1>
			<x2>341.580235</x2>
			<y2>270.064924</y2>
			<x3>341.221405</x3>
			<y3>248.649781</y3>
			<x4>323.638451</x4>
			<y4>242.939054</y4>
			<x5>321.88994</x5>
			<y5>256.107144</y5>
			<x6>321.485442</x6>
			<y6>316.464404</y6>
			<x7>320.767781</x7>
			<y7>369.28841</y7>
			<x8>320.408924</x8>
			<y8>396.414254</y8>
			<x9>341.939066</x9>
			<y9>400.697299</y9>
			<x10>341.939066</x10>
			<y10>360.008574</y10>
			<x11>340.862575</x11>
			<y11>326.458121</y11>
		</polygon>
	</object>
	<object>
		<name>LIU</name>
		<pose>Unspecified</pose>
		<truncated>0</truncated>
		<difficult>0</difficult>
		<occluded>0</occluded>
		<bndbox>
			<xmin>343</xmin>
			<xmax>364</xmax>
			<ymin>245</ymin>
			<ymax>395</ymax>
		</bndbox>
		<polygon>
			<x1>342.297923</x1>
			<y1>383.565173</y1>
			<x2>350.192298</x2>
			<y2>394.272744</y2>
			<x3>362.751574</x3>
			<y3>388.562099</y3>
			<x4>360.957396</x4>
			<y4>358.580838</y4>
			<x5>358.086699</x5>
			<y5>317.178231</y5>
			<x6>357.330848</x6>
			<y6>254.321429</y6>
			<x7>357.010181</x7>
			<y7>243.652908</y7>
			<x8>341.580235</x8>
			<y8>247.222099</y8>
			<x9>342.297923</x9>
			<y9>287.910878</y9>
			<x10>343.015584</x10>
			<y10>336.451866</y10>
			<x11>342.297923</x11>
			<y11>383.565173</y11>
		</polygon>
	</object>
	<object>
		<name>LCU</name>
		<pose>Unspecified</pose>
		<truncated>0</truncated>
		<difficult>0</difficult>
		<occluded>0</occluded>
		<bndbox>
			<xmin>359</xmin>
			<xmax>383</xmax>
			<ymin>226</ymin>
			<ymax>395</ymax>
		</bndbox>
		<polygon>
			<x1>359.163217</x1>
			<y1>289.338532</y1>
			<x2>361.675056</x2>
			<y2>338.593429</y2>
			<x3>364.186895</x3>
			<y3>382.851345</y3>
			<x4>375.669627</x4>
			<y4>394.272744</y4>
			<x5>382.487538</x5>
			<y5>379.995982</y5>
			<x6>378.899181</x6>
			<y6>345.017929</y6>
			<x7>374.951966</x7>
			<y7>281.486324</y7>
			<x8>377.518708</x8>
			<y8>240.035715</y8>
			<x9>377.822663</x9>
			<y9>225.0931</y9>
			<x10>358.445502</x10>
			<y10>227.234636</y10>
			<x11>358.80436</x11>
			<y11>245.794417</y11>
			<x12>359.163217</x12>
			<y12>289.338532</y12>
		</polygon>
	</object>
	<object>
		<name>LPMU</name>
		<pose>Unspecified</pose>
		<truncated>0</truncated>
		<difficult>0</difficult>
		<occluded>0</occluded>
		<bndbox>
			<xmin>385</xmin>
			<xmax>408</xmax>
			<ymin>231</ymin>
			<ymax>369</ymax>
		</bndbox>
		<polygon>
			<x1>406.888321</x1>
			<y1>230.089973</y1>
			<x2>386.434698</x2>
			<y2>230.803827</y2>
			<x3>388.285566</x3>
			<y3>248.071429</y3>
			<x4>388.587734</x4>
			<y4>305.042977</y4>
			<x5>384.281716</x5>
			<y5>339.307229</y5>
			<x6>392.534893</x6>
			<y6>365.719219</y6>
			<x7>402.582304</x7>
			<y7>367.860728</y7>
			<x8>407.247179</x8>
			<y8>322.175103</y8>
			<x9>406.170661</x9>
			<y9>265.781879</y9>
			<x10>406.888321</x10>
			<y10>230.089973</y10>
		</polygon>
	</object>
	<object>
		<name>LPMU</name>
		<pose>Unspecified</pose>
		<truncated>0</truncated>
		<difficult>0</difficult>
		<occluded>0</occluded>
		<bndbox>
			<xmin>408</xmin>
			<xmax>439</xmax>
			<ymin>233</ymin>
			<ymax>367</ymax>
		</bndbox>
		<polygon>
			<x1>430.212641</x1>
			<y1>301.473786</y1>
			<x2>432.698856</x2>
			<y2>240.928572</y2>
			<x3>407.606036</x3>
			<y3>232.231481</y3>
			<x4>406.529518</x4>
			<y4>278.630961</y4>
			<x5>406.529518</x5>
			<y5>334.310357</y5>
			<x6>414.423893</x6>
			<y6>366.433074</y6>
			<x7>433.800998</x7>
			<y7>353.583965</y7>
			<x8>437.748213</x8>
			<y8>332.168848</y8>
			<x9>430.212641</x9>
			<y9>301.473786</y9>
		</polygon>
	</object>
	<object>
		<name>LMU</name>
		<pose>Unspecified</pose>
		<truncated>0</truncated>
		<difficult>0</difficult>
		<occluded>0</occluded>
		<bndbox>
			<xmin>432</xmin>
			<xmax>465</xmax>
			<ymin>218</ymin>
			<ymax>328</ymax>
		</bndbox>
		<polygon>
			<x1>453.178159</x1>
			<y1>271.492579</y1>
			<x2>454.681192</x2>
			<y2>219.500001</y2>
			<x3>430.930357</x3>
			<y3>217.240891</y3>
			<x4>433.083338</x4>
			<y4>248.649781</y4>
			<x5>430.571499</x5>
			<y5>295.763087</y5>
			<x6>438.465873</x6>
			<y6>327.171976</y6>
			<x7>451.742783</x7>
			<y7>321.461249</y7>
			<x8>463.584372</x8>
			<y8>306.470659</y8>
			<x9>453.178159</x9>
			<y9>271.492579</y9>
		</polygon>
	</object>
	<object>
		<name>LID</name>
		<pose>Unspecified</pose>
		<truncated>0</truncated>
		<difficult>0</difficult>
		<occluded>0</occluded>
		<bndbox>
			<xmin>312</xmin>
			<xmax>329</xmax>
			<ymin>414</ymin>
			<ymax>517</ymax>
		</bndbox>
		<polygon>
			<x1>312.51455</x1>
			<y1>418.543252</y1>
			<x2>312.51455</x2>
			<y2>469.939576</y2>
			<x3>311.438032</x3>
			<y3>514.911401</y3>
			<x4>327.585638</x4>
			<y4>515.625228</y4>
			<x5>327.585638</x5>
			<y5>489.213239</y5>
			<x6>327.226807</x6>
			<y6>452.807505</y6>
			<x7>327.721988</x7>
			<y7>413.250001</y7>
			<x8>312.51455</x8>
			<y8>418.543252</y8>
		</polygon>
	</object>
	<object>
		<name>LID</name>
		<pose>Unspecified</pose>
		<truncated>0</truncated>
		<difficult>0</difficult>
		<occluded>0</occluded>
		<bndbox>
			<xmin>328</xmin>
			<xmax>347</xmax>
			<ymin>403</ymin>
			<ymax>528</ymax>
		</bndbox>
		<polygon>
			<x1>344.450932</x1>
			<y1>443.527587</y1>
			<x2>345.666752</x2>
			<y2>401.642858</y2>
			<x3>326.867977</x3>
			<y3>410.691016</y3>
			<x4>327.585638</x4>
			<y4>459.232004</y4>
			<x5>327.226807</x5>
			<y5>507.059192</y5>
			<x6>332.968173</x6>
			<y6>527.046627</y6>
			<x7>342.297923</x7>
			<y7>521.335955</y7>
			<x8>344.450932</x8>
			<y8>489.213239</y8>
			<x9>344.450932</x9>
			<y9>443.527587</y9>
		</polygon>
	</object>
	<object>
		<name>LCD</name>
		<pose>Unspecified</pose>
		<truncated>0</truncated>
		<difficult>0</difficult>
		<occluded>0</occluded>
		<bndbox>
			<xmin>346</xmin>
			<xmax>372</xmax>
			<ymin>397</ymin>
			<ymax>546</ymax>
		</bndbox>
		<polygon>
			<x1>370.645949</x1>
			<y1>517.052937</y1>
			<x2>367.057592</x2>
			<y2>465.656559</y2>
			<x3>362.392717</x3>
			<y3>424.967779</y3>
			<x4>360.022563</x4>
			<y4>396.285715</y4>
			<x5>346.24511</x5>
			<y5>402.838863</y5>
			<x6>344.809762</x6>
			<y6>434.961579</y6>
			<x7>346.24511</x7>
			<y7>484.930221</y7>
			<x8>349.474637</x8>
			<y8>534.185009</y8>
			<x9>363.828038</x9>
			<y9>544.892581</y9>
			<x10>370.645949</x10>
			<y10>517.052937</y10>
		</polygon>
	</object>
	<object>
		<name>LPMD</name>
		<pose>Unspecified</pose>
		<truncated>0</truncated>
		<difficult>0</difficult>
		<occluded>0</occluded>
		<bndbox>
			<xmin>361</xmin>
			<xmax>390</xmax>
			<ymin>396</ymin>
			<ymax>532</ymax>
		</bndbox>
		<polygon>
			<x1>379.975644</x1>
			<y1>437.816888</y1>
			<x2>380.210422</x2>
			<y2>398.071429</y2>
			<x3>365.981074</x3>
			<y3>394.986599</y3>
			<x4>360.239681</x4>
			<y4>406.408053</y4>
			<x5>366.339931</x5>
			<y5>460.659713</y5>
			<x6>374.593109</x6>
			<y6>509.914556</y6>
			<x7>386.793555</x7>
			<y7>531.3297</y7>
			<x8>389.305394</x8>
			<y8>503.490002</y8>
			<x9>379.975644</x9>
			<y9>437.816888</y9>
		</polygon>
	</object>
	<object>
		<name>LPMD</name>
		<pose>Unspecified</pose>
		<truncated>0</truncated>
		<difficult>0</difficult>
		<occluded>0</occluded>
		<bndbox>
			<xmin>376</xmin>
			<xmax>412</xmax>
			<ymin>377</ymin>
			<ymax>506</ymax>
		</bndbox>
		<polygon>
			<x1>382.487538</x1>
			<y1>421.398589</y1>
			<x2>388.228876</x2>
			<y2>452.807505</y2>
			<x3>397.917429</x3>
			<y3>493.496257</y3>
			<x4>408.6825</x4>
			<y4>504.917656</y4>
			<x5>411.194393</x5>
			<y5>489.213239</y5>
			<x6>406.170661</x6>
			<y6>451.379796</y6>
			<x7>398.276286</x7>
			<y7>414.974061</y7>
			<x8>400.398281</x8>
			<y8>387.357144</y8>
			<x9>393.252608</x9>
			<y9>376.426791</y9>
			<x10>375.310824</x10>
			<y10>391.417408</y10>
			<x11>376.746145</x11>
			<y11>403.552635</y11>
			<x12>382.487538</x12>
			<y12>421.398589</y12>
		</polygon>
	</object>
	<object>
		<name>LMD</name>
		<pose>Unspecified</pose>
		<truncated>0</truncated>
		<difficult>0</difficult>
		<occluded>0</occluded>
		<bndbox>
			<xmin>412</xmin>
			<xmax>480</xmax>
			<ymin>346</ymin>
			<ymax>447</ymax>
		</bndbox>
		<polygon>
			<x1>473.631782</x1>
			<y1>394.986599</y1>
			<x2>451.38398</x2>
			<y2>375.712964</y2>
			<x3>438.465873</x3>
			<y3>354.297819</y3>
			<x4>432.365677</x4>
			<y4>345.017929</y4>
			<x5>420.882946</x5>
			<y5>359.294692</y5>
			<x6>422.677125</x6>
			<y6>372.143773</y6>
			<x7>410.716521</x7>
			<y7>383.785715</y7>
			<x8>414.065035</x8>
			<y8>410.691016</y8>
			<x9>439.542391</x9>
			<y9>422.112443</y9>
			<x10>463.584372</x10>
			<y10>445.669123</y10>
			<x11>479.373176</x11>
			<y11>425.681634</y11>
			<x12>473.631782</x12>
			<y12>394.986599</y12>
		</polygon>
	</object>
	<object>
		<name>LMD</name>
		<pose>Unspecified</pose>
		<truncated>0</truncated>
		<difficult>0</difficult>
		<occluded>0</occluded>
		<bndbox>
			<xmin>443</xmin>
			<xmax>496</xmax>
			<ymin>316</ymin>
			<ymax>400</ymax>
		</bndbox>
		<polygon>
			<x1>477.9378</x1>
			<y1>347.873266</y1>
			<x2>463.653574</x2>
			<y2>315.035715</y2>
			<x3>442.413088</x3>
			<y3>342.162621</y3>
			<x4>442.413088</x4>
			<y4>363.577764</y4>
			<x5>455.33114</x5>
			<y5>375.712964</y5>
			<x6>471.478746</x6>
			<y6>394.986599</y6>
			<x7>487.98521</x7>
			<y7>399.269671</y7>
			<x8>494.803067</x8>
			<y8>374.999109</y8>
			<x9>477.9378</x9>
			<y9>347.873266</y9>
		</polygon>
	</object>
</annotation>
