<annotation>
	<folder></folder>
	<filename>109_jpg.rf.9bc93245d1eaf2cacf3bfcfb74c463f3.jpg</filename>
	<path>109_jpg.rf.9bc93245d1eaf2cacf3bfcfb74c463f3.jpg</path>
	<source>
		<database>roboflow.com</database>
	</source>
	<size>
		<width>640</width>
		<height>640</height>
		<depth>3</depth>
	</size>
	<segmented>0</segmented>
	<object>
		<name>RIU</name>
		<pose>Unspecified</pose>
		<truncated>0</truncated>
		<difficult>0</difficult>
		<occluded>0</occluded>
		<bndbox>
			<xmin>305</xmin>
			<xmax>329</xmax>
			<ymin>164</ymin>
			<ymax>311</ymax>
		</bndbox>
		<polygon>
			<x1>324.014181</x1>
			<y1>296.595991</y1>
			<x2>325.686261</x2>
			<y2>271.611656</y2>
			<x3>321.92405</x3>
			<y3>228.305469</y3>
			<x4>328.44536</x4>
			<y4>165.958334</y4>
			<x5>308.547189</x5>
			<y5>162.513422</y5>
			<x6>306.457058</x6>
			<y6>212.482076</y6>
			<x7>303.530886</x7>
			<y7>258.286689</y7>
			<x8>306.039038</x8>
			<y8>299.927248</y8>
			<x9>316.907715</x9>
			<y9>309.920956</y9>
			<x10>324.014181</x10>
			<y10>296.595991</y10>
		</polygon>
	</object>
	<object>
		<name>RIU</name>
		<pose>Unspecified</pose>
		<truncated>0</truncated>
		<difficult>0</difficult>
		<occluded>0</occluded>
		<bndbox>
			<xmin>283</xmin>
			<xmax>307</xmax>
			<ymin>170</ymin>
			<ymax>310</ymax>
		</bndbox>
		<polygon>
			<x1>302.694815</x1>
			<y1>258.286689</y1>
			<x2>306.457058</x2>
			<y2>173.339929</y2>
			<x3>290.294127</x3>
			<y3>169.083334</y3>
			<x4>289.317986</x4>
			<y4>222.475784</y4>
			<x5>289.317986</x5>
			<y5>263.283544</y5>
			<x6>281.7935</x6>
			<y6>280.772566</y6>
			<x7>282.211552</x7>
			<y7>304.924102</y7>
			<x8>298.096532</x8>
			<y8>309.088158</y8>
			<x9>304.784946</x9>
			<y9>292.431934</y9>
			<x10>302.694815</x10>
			<y10>258.286689</y10>
		</polygon>
	</object>
	<object>
		<name>RPMU</name>
		<pose>Unspecified</pose>
		<truncated>0</truncated>
		<difficult>0</difficult>
		<occluded>0</occluded>
		<bndbox>
			<xmin>261</xmin>
			<xmax>290</xmax>
			<ymin>159</ymin>
			<ymax>305</ymax>
		</bndbox>
		<polygon>
			<x1>288.899966</x1>
			<y1>231.636726</y1>
			<x2>287.681029</x2>
			<y2>165.958334</y2>
			<x3>267.580631</x3>
			<y3>158.349366</y3>
			<x4>265.072448</x4>
			<y4>227.47267</y4>
			<x5>260.056145</x5>
			<y5>275.775711</y5>
			<x6>266.326539</x6>
			<y6>304.091304</y6>
			<x7>280.95746</x7>
			<y7>294.930362</y7>
			<x8>286.809834</x8>
			<y8>269.946027</y8>
			<x9>288.899966</x9>
			<y9>231.636726</y9>
		</polygon>
	</object>
	<object>
		<name>RPMU</name>
		<pose>Unspecified</pose>
		<truncated>0</truncated>
		<difficult>0</difficult>
		<occluded>0</occluded>
		<bndbox>
			<xmin>244</xmin>
			<xmax>268</xmax>
			<ymin>171</ymin>
			<ymax>286</ymax>
		</bndbox>
		<polygon>
			<x1>242.917073</x1>
			<y1>273.277284</y1>
			<x2>256.711922</x2>
			<y2>284.936621</y2>
			<x3>262.982316</x3>
			<y3>249.958578</y3>
			<x4>265.90852</x4>
			<y4>198.324279</y4>
			<x5>266.744559</x5>
			<y5>179.169645</y5>
			<x6>248.484557</x6>
			<y6>170.125001</y6>
			<x7>246.679316</x7>
			<y7>234.135153</y7>
			<x8>242.917073</x8>
			<y8>273.277284</y8>
		</polygon>
	</object>
	<object>
		<name>RMU</name>
		<pose>Unspecified</pose>
		<truncated>0</truncated>
		<difficult>0</difficult>
		<occluded>0</occluded>
		<bndbox>
			<xmin>203</xmin>
			<xmax>248</xmax>
			<ymin>164</ymin>
			<ymax>265</ymax>
		</bndbox>
		<polygon>
			<x1>243.335093</x1>
			<y1>198.324279</y1>
			<x2>243.335093</x2>
			<y2>163.346204</y2>
			<x3>215.0369</x3>
			<y3>165.958334</y3>
			<x4>214.073252</x4>
			<y4>194.160224</y4>
			<x5>204.458635</x5>
			<y5>211.649246</y5>
			<x6>201.950483</x6>
			<y6>242.463265</y6>
			<x7>221.179687</x7>
			<y7>258.286689</y7>
			<x8>237.482719</x8>
			<y8>264.116342</y8>
			<x9>246.679316</x9>
			<y9>247.460119</y9>
			<x10>243.335093</x10>
			<y10>198.324279</y10>
		</polygon>
	</object>
	<object>
		<name>LIU</name>
		<pose>Unspecified</pose>
		<truncated>0</truncated>
		<difficult>0</difficult>
		<occluded>0</occluded>
		<bndbox>
			<xmin>325</xmin>
			<xmax>348</xmax>
			<ymin>167</ymin>
			<ymax>313</ymax>
		</bndbox>
		<polygon>
			<x1>328.44536</x1>
			<y1>165.958334</y1>
			<x2>326.522333</x2>
			<y2>227.47267</y2>
			<x3>323.596129</x3>
			<y3>284.103823</y3>
			<x4>329.448504</x4>
			<y4>311.586585</y4>
			<x5>345.751536</x5>
			<y5>308.255359</y5>
			<x6>345.751536</x6>
			<y6>258.286689</y6>
			<x7>345.751536</x7>
			<y7>193.327394</y7>
			<x8>347.005628</x8>
			<y8>167.51026</y8>
			<x9>328.44536</x9>
			<y9>165.958334</y9>
		</polygon>
	</object>
	<object>
		<name>LIU</name>
		<pose>Unspecified</pose>
		<truncated>0</truncated>
		<difficult>0</difficult>
		<occluded>0</occluded>
		<bndbox>
			<xmin>348</xmin>
			<xmax>368</xmax>
			<ymin>170</ymin>
			<ymax>306</ymax>
		</bndbox>
		<polygon>
			<x1>349.931799</x1>
			<y1>169.175873</y1>
			<x2>347.841667</x2>
			<y2>213.314874</y2>
			<x3>347.005628</x3>
			<y3>291.599136</y3>
			<x4>359.128365</x4>
			<y4>304.924102</y4>
			<x5>361.218496</x5>
			<y5>275.775711</y5>
			<x6>363.72668</x6>
			<y6>231.636726</y6>
			<x7>366.596593</x7>
			<y7>178.458334</y7>
			<x8>349.931799</x8>
			<y8>169.175873</y8>
		</polygon>
	</object>
	<object>
		<name>LCU</name>
		<pose>Unspecified</pose>
		<truncated>0</truncated>
		<difficult>0</difficult>
		<occluded>0</occluded>
		<bndbox>
			<xmin>363</xmin>
			<xmax>384</xmax>
			<ymin>175</ymin>
			<ymax>311</ymax>
		</bndbox>
		<polygon>
			<x1>381.283771</x1>
			<y1>229.971098</y1>
			<x2>382.797802</x2>
			<y2>174.291668</y2>
			<x3>364.980739</x3>
			<y3>175.005589</y3>
			<x4>364.980739</x4>
			<y4>216.646131</y4>
			<x5>361.636548</x5>
			<y5>264.116342</y5>
			<x6>364.144699</x6>
			<y6>306.589731</y6>
			<x7>377.939548</x7>
			<y7>309.920956</y7>
			<x8>380.865751</x8>
			<y8>286.60225</y8>
			<x9>381.283771</x9>
			<y9>229.971098</y9>
		</polygon>
	</object>
	<object>
		<name>LPMU</name>
		<pose>Unspecified</pose>
		<truncated>0</truncated>
		<difficult>0</difficult>
		<occluded>0</occluded>
		<bndbox>
			<xmin>382</xmin>
			<xmax>408</xmax>
			<ymin>177</ymin>
			<ymax>298</ymax>
		</bndbox>
		<polygon>
			<x1>382.955883</x1>
			<y1>175.838372</y1>
			<x2>380.865751</x2>
			<y2>239.132007</y2>
			<x3>384.627994</x3>
			<y3>292.431934</y3>
			<x4>399.258915</x4>
			<y4>296.595991</y4>
			<x5>407.201389</x5>
			<y5>269.946027</y5>
			<x6>400.930994</x6>
			<y6>229.971098</y6>
			<x7>404.225207</x7>
			<y7>178.458334</y7>
			<x8>382.955883</x8>
			<y8>175.838372</y8>
		</polygon>
	</object>
	<object>
		<name>LMU</name>
		<pose>Unspecified</pose>
		<truncated>0</truncated>
		<difficult>0</difficult>
		<occluded>0</occluded>
		<bndbox>
			<xmin>412</xmin>
			<xmax>438</xmax>
			<ymin>165</ymin>
			<ymax>268</ymax>
		</bndbox>
		<polygon>
			<x1>434.373098</x1>
			<y1>202.488336</y1>
			<x2>434.014526</x2>
			<y2>165.958334</y2>
			<x3>412.217724</x3>
			<y3>164.179019</y3>
			<x4>410.963632</x4>
			<y4>234.967952</y4>
			<x5>418.070098</x5>
			<y5>239.964837</y5>
			<x6>418.488118</x6>
			<y6>259.119488</y6>
			<x7>433.119038</x7>
			<y7>267.4476</y7>
			<x8>436.881282</x8>
			<y8>244.961692</y8>
			<x9>434.373098</x9>
			<y9>202.488336</y9>
		</polygon>
	</object>
	<object>
		<name>LMU</name>
		<pose>Unspecified</pose>
		<truncated>0</truncated>
		<difficult>0</difficult>
		<occluded>0</occluded>
		<bndbox>
			<xmin>437</xmin>
			<xmax>473</xmax>
			<ymin>158</ymin>
			<ymax>262</ymax>
		</bndbox>
		<polygon>
			<x1>436.04521</x1>
			<y1>163.346204</y1>
			<x2>437.717321</x2>
			<y2>208.31802</y2>
			<x3>438.553393</x3>
			<y3>259.119488</y3>
			<x4>453.602301</x4>
			<y4>260.785117</y4>
			<x5>471.577445</x5>
			<y5>236.633581</y5>
			<x6>457.782564</x6>
			<y6>193.327394</y6>
			<x7>458.055029</x7>
			<y7>156.583334</y7>
			<x8>436.04521</x8>
			<y8>163.346204</y8>
		</polygon>
	</object>
	<object>
		<name>RCD</name>
		<pose>Unspecified</pose>
		<truncated>0</truncated>
		<difficult>0</difficult>
		<occluded>0</occluded>
		<bndbox>
			<xmin>276</xmin>
			<xmax>303</xmax>
			<ymin>311</ymin>
			<ymax>458</ymax>
		</bndbox>
		<polygon>
			<x1>283.500072</x1>
			<y1>311.791668</y1>
			<x2>275.523105</x2>
			<y2>380.709905</y2>
			<x3>275.105085</x3>
			<y3>432.344204</y3>
			<x4>280.12142</x4>
			<y4>457.328539</y4>
			<x5>291.826137</x5>
			<y5>452.331684</y5>
			<x6>295.58838</x6>
			<y6>405.69424</y6>
			<x7>300.604683</x7>
			<y7>339.902177</y7>
			<x8>301.858775</x8>
			<y8>309.920956</y8>
			<x9>283.500072</x9>
			<y9>311.791668</y9>
		</polygon>
	</object>
	<object>
		<name>RID</name>
		<pose>Unspecified</pose>
		<truncated>0</truncated>
		<difficult>0</difficult>
		<occluded>0</occluded>
		<bndbox>
			<xmin>297</xmin>
			<xmax>316</xmax>
			<ymin>313</ymin>
			<ymax>457</ymax>
		</bndbox>
		<polygon>
			<x1>306.875078</x1>
			<y1>416.520811</y1>
			<x2>315.235603</x2>
			<y2>316.583471</y2>
			<x3>302.314379</x3>
			<y3>311.791668</y3>
			<x4>296.842472</x4>
			<y4>375.713114</y4>
			<x5>296.42442</x5>
			<y5>425.681784</y5>
			<x6>302.276795</x6>
			<y6>455.66291</y6>
			<x7>306.875078</x7>
			<y7>416.520811</y7>
		</polygon>
	</object>
	<object>
		<name>RID</name>
		<pose>Unspecified</pose>
		<truncated>0</truncated>
		<difficult>0</difficult>
		<occluded>0</occluded>
		<bndbox>
			<xmin>310</xmin>
			<xmax>327</xmax>
			<ymin>326</ymin>
			<ymax>423</ymax>
		</bndbox>
		<polygon>
			<x1>308.547189</x1>
			<y1>412.356755</y1>
			<x2>317.743787</x2>
			<y2>422.350463</y2>
			<x3>324.850221</x3>
			<y3>370.716197</y3>
			<x4>325.832262</x4>
			<y4>325.333334</y4>
			<x5>314.817584</x5>
			<y5>324.911583</y5>
			<x6>312.727452</x6>
			<y6>358.224029</y6>
			<x7>308.547189</x7>
			<y7>412.356755</y7>
		</polygon>
	</object>
	<object>
		<name>LID</name>
		<pose>Unspecified</pose>
		<truncated>0</truncated>
		<difficult>0</difficult>
		<occluded>0</occluded>
		<bndbox>
			<xmin>327</xmin>
			<xmax>341</xmax>
			<ymin>318</ymin>
			<ymax>433</ymax>
		</bndbox>
		<polygon>
			<x1>338.645102</x1>
			<y1>429.012978</y1>
			<x2>339.899161</x2>
			<y2>379.044308</y2>
			<x3>340.465612</x3>
			<y3>320.125001</y3>
			<x4>326.104313</x4>
			<y4>316.583471</y4>
			<x5>327.776392</x5>
			<y5>392.369338</y5>
			<x6>328.194444</x6>
			<y6>432.344204</y6>
			<x7>338.645102</x7>
			<y7>429.012978</y7>
		</polygon>
	</object>
	<object>
		<name>LID</name>
		<pose>Unspecified</pose>
		<truncated>0</truncated>
		<difficult>0</difficult>
		<occluded>0</occluded>
		<bndbox>
			<xmin>340</xmin>
			<xmax>358</xmax>
			<ymin>308</ymin>
			<ymax>456</ymax>
		</bndbox>
		<polygon>
			<x1>352.85797</x1>
			<y1>375.713114</y1>
			<x2>357.18944</x2>
			<y2>319.083334</y2>
			<x3>349.095759</x3>
			<y3>306.589731</y3>
			<x4>339.481141</x4>
			<y4>318.249068</y4>
			<x5>341.153253</x5>
			<y5>369.050568</y5>
			<x6>341.153253</x6>
			<y6>418.186407</y6>
			<x7>341.989293</x7>
			<y7>454.830175</y7>
			<x8>349.931799</x8>
			<y8>435.675461</y8>
			<x9>352.85797</x9>
			<y9>375.713114</y9>
		</polygon>
	</object>
	<object>
		<name>LCD</name>
		<pose>Unspecified</pose>
		<truncated>0</truncated>
		<difficult>0</difficult>
		<occluded>0</occluded>
		<bndbox>
			<xmin>353</xmin>
			<xmax>375</xmax>
			<ymin>320</ymin>
			<ymax>467</ymax>
		</bndbox>
		<polygon>
			<x1>355.366154</x1>
			<y1>319.081898</y1>
			<x2>356.202193</x2>
			<y2>352.394344</y2>
			<x3>354.530082</x3>
			<y3>404.861505</y3>
			<x4>351.603911</x4>
			<y4>466.489449</y4>
			<x5>363.308628</x5>
			<y5>448.167628</y5>
			<x6>369.997074</x6>
			<y6>385.706791</y6>
			<x7>373.913268</x7>
			<y7>321.166667</y7>
			<x8>355.366154</x8>
			<y8>319.081898</y8>
		</polygon>
	</object>
	<object>
		<name>LPMD</name>
		<pose>Unspecified</pose>
		<truncated>0</truncated>
		<difficult>0</difficult>
		<occluded>0</occluded>
		<bndbox>
			<xmin>374</xmin>
			<xmax>397</xmax>
			<ymin>323</ymin>
			<ymax>382</ymax>
		</bndbox>
		<polygon>
			<x1>396.385912</x1>
			<y1>351.375001</y1>
			<x2>392.152449</x2>
			<y2>325.744381</y2>
			<x3>372.923245</x3>
			<y3>322.413124</y3>
			<x4>372.505225</x4>
			<y4>363.220947</y4>
			<x5>380.02968</x5>
			<y5>380.709905</y5>
			<x6>396.385912</x6>
			<y6>351.375001</y6>
		</polygon>
	</object>
	<object>
		<name>LMD</name>
		<pose>Unspecified</pose>
		<truncated>0</truncated>
		<difficult>0</difficult>
		<occluded>0</occluded>
		<bndbox>
			<xmin>424</xmin>
			<xmax>483</xmax>
			<ymin>280</ymin>
			<ymax>407</ymax>
		</bndbox>
		<polygon>
			<x1>474.503617</x1>
			<y1>379.87717</y1>
			<x2>482.028102</x2>
			<y2>349.895917</y2>
			<x3>460.7088</x3>
			<y3>317.416269</y3>
			<x4>449.004051</x4>
			<y4>279.106969</y4>
			<x5>436.46323</x5>
			<y5>288.267879</y5>
			<x6>436.881282</x6>
			<y6>299.094418</y6>
			<x7>423.039513</x7>
			<y7>319.083334</y7>
			<x8>428.102704</x8>
			<y8>349.063087</y8>
			<x9>438.971381</x9>
			<y9>354.892836</y9>
			<x10>451.51217</x10>
			<y10>376.545849</y10>
			<x11>462.380879</x11>
			<y11>405.69424</y11>
			<x12>474.503617</x12>
			<y12>379.87717</y12>
		</polygon>
	</object>
	<object>
		<name>RPMD</name>
		<pose>Unspecified</pose>
		<truncated>0</truncated>
		<difficult>0</difficult>
		<occluded>0</occluded>
		<bndbox>
			<xmin>256</xmin>
			<xmax>287</xmax>
			<ymin>304</ymin>
			<ymax>437</ymax>
		</bndbox>
		<polygon>
			<x1>255.039842</x1>
			<y1>427.347349</y1>
			<x2>266.744559</x2>
			<y2>435.675461</y2>
			<x3>274.269046</x3>
			<y3>410.691126</y3>
			<x4>283.047591</x4>
			<y4>343.233434</y4>
			<x5>285.973763</x5>
			<y5>316.583471</y5>
			<x6>259.459569</x6>
			<y6>303.458334</y6>
			<x7>258.802053</x7>
			<y7>361.555255</y7>
			<x8>255.039842</x8>
			<y8>427.347349</y8>
		</polygon>
	</object>
	<object>
		<name>RPMD</name>
		<pose>Unspecified</pose>
		<truncated>0</truncated>
		<difficult>0</difficult>
		<occluded>0</occluded>
		<bndbox>
			<xmin>229</xmin>
			<xmax>263</xmax>
			<ymin>336</ymin>
			<ymax>428</ymax>
		</bndbox>
		<polygon>
			<x1>261.728257</x1>
			<y1>334.905323</y1>
			<x2>251.695619</x2>
			<y2>349.063087</y2>
			<x3>235.419066</x3>
			<y3>338.875001</y3>
			<x4>227.868133</x4>
			<y4>415.687981</y4>
			<x5>243.753113</x5>
			<y5>427.347349</y5>
			<x6>259.220105</x6>
			<y6>369.050568</y6>
			<x7>261.728257</x7>
			<y7>334.905323</y7>
		</polygon>
	</object>
	<object>
		<name>RMD</name>
		<pose>Unspecified</pose>
		<truncated>0</truncated>
		<difficult>0</difficult>
		<occluded>0</occluded>
		<bndbox>
			<xmin>147</xmin>
			<xmax>223</xmax>
			<ymin>251</ymin>
			<ymax>373</ymax>
		</bndbox>
		<polygon>
			<x1>167.254304</x1>
			<y1>371.549059</y1>
			<x2>194.844049</x2>
			<y2>342.400668</y2>
			<x3>221.179687</x3>
			<y3>318.249068</y3>
			<x4>221.597738</x4>
			<y4>289.100678</y4>
			<x5>209.474969</x5>
			<y5>271.611656</y5>
			<x6>212.819161</x6>
			<y6>256.621061</y6>
			<x7>201.950483</x7>
			<y7>249.958578</y7>
			<x8>171.136852</x8>
			<y8>284.708334</y8>
			<x9>151.787328</x9>
			<y9>301.592844</y9>
			<x10>145.516933</x10>
			<y10>329.075639</y10>
			<x11>153.459439</x11>
			<y11>368.217737</y11>
			<x12>167.254304</x12>
			<y12>371.549059</y12>
		</polygon>
	</object>
</annotation>
