<annotation>
	<folder></folder>
	<filename>10_jpg.rf.1869d515facf512ccb78d69a0ec57395.jpg</filename>
	<path>10_jpg.rf.1869d515facf512ccb78d69a0ec57395.jpg</path>
	<source>
		<database>roboflow.com</database>
	</source>
	<size>
		<width>640</width>
		<height>640</height>
		<depth>3</depth>
	</size>
	<segmented>0</segmented>
	<object>
		<name>RPMD</name>
		<pose>Unspecified</pose>
		<truncated>0</truncated>
		<difficult>0</difficult>
		<occluded>0</occluded>
		<bndbox>
			<xmin>240</xmin>
			<xmax>272</xmax>
			<ymin>294</ymin>
			<ymax>429</ymax>
		</bndbox>
		<polygon>
			<x1>248.073493</x1>
			<y1>329.25</y1>
			<x2>246.505634</x2>
			<y2>351.125</y2>
			<x3>246.505634</x3>
			<y3>379.25</y3>
			<x4>243.369917</x4>
			<y4>401.125</y4>
			<x5>239.450269</x5>
			<y5>427.6875</y5>
			<x6>254.344929</x6>
			<y6>427.6875</y6>
			<x7>259.832435</x7>
			<y7>412.0625</y7>
			<x8>259.048506</x8>
			<y8>385.5</y8>
			<x9>262.968153</x9>
			<y9>368.3125</y9>
			<x10>270.807447</x10>
			<y10>326.125</y10>
			<x11>270.807447</x11>
			<y11>293.3125</y11>
			<x12>254.344929</x12>
			<y12>293.3125</y12>
			<x13>248.073493</x13>
			<y13>302.6875</y13>
			<x14>248.073493</x14>
			<y14>329.25</y14>
		</polygon>
	</object>
	<object>
		<name>RCD</name>
		<pose>Unspecified</pose>
		<truncated>0</truncated>
		<difficult>0</difficult>
		<occluded>0</occluded>
		<bndbox>
			<xmin>263</xmin>
			<xmax>295</xmax>
			<ymin>301</ymin>
			<ymax>454</ymax>
		</bndbox>
		<polygon>
			<x1>263.752082</x1>
			<y1>452.6875</y1>
			<x2>277.078883</x2>
			<y2>449.5625</y2>
			<x3>284.918177</x3>
			<y3>393.3125</y3>
			<x4>288.837825</x4>
			<y4>371.4375</y4>
			<x5>293.541401</x5>
			<y5>307.375</y5>
			<x6>272.375306</x6>
			<y6>299.5625</y6>
			<x7>268.455659</x7>
			<y7>344.875</y7>
			<x8>266.103871</x8>
			<y8>366.75</y8>
			<x9>264.536012</x9>
			<y9>396.4375</y9>
			<x10>262.184223</x10>
			<y10>429.25</y10>
			<x11>263.752082</x11>
			<y11>452.6875</y11>
		</polygon>
	</object>
	<object>
		<name>RID</name>
		<pose>Unspecified</pose>
		<truncated>0</truncated>
		<difficult>0</difficult>
		<occluded>0</occluded>
		<bndbox>
			<xmin>291</xmin>
			<xmax>312</xmax>
			<ymin>301</ymin>
			<ymax>427</ymax>
		</bndbox>
		<polygon>
			<x1>302.948555</x1>
			<y1>413.625</y1>
			<x2>305.300343</x2>
			<y2>369.875</y2>
			<x3>310.787849</x3>
			<y3>305.8125</y3>
			<x4>292.757472</x4>
			<y4>299.5625</y4>
			<x5>291.973542</x5>
			<y5>337.0625</y5>
			<x6>291.189613</x6>
			<y6>360.5</y6>
			<x7>291.973542</x7>
			<y7>377.6875</y7>
			<x8>289.621754</x8>
			<y8>408.9375</y8>
			<x9>295.10926</x9>
			<y9>426.125</y9>
			<x10>302.948555</x10>
			<y10>413.625</y10>
		</polygon>
	</object>
	<object>
		<name>RID</name>
		<pose>Unspecified</pose>
		<truncated>0</truncated>
		<difficult>0</difficult>
		<occluded>0</occluded>
		<bndbox>
			<xmin>305</xmin>
			<xmax>323</xmax>
			<ymin>310</ymin>
			<ymax>422</ymax>
		</bndbox>
		<polygon>
			<x1>317.843214</x1>
			<y1>368.3125</y1>
			<x2>321.762861</x2>
			<y2>330.8125</y2>
			<x3>320.978932</x3>
			<y3>308.9375</y3>
			<x4>310.00392</x4>
			<y4>308.9375</y4>
			<x5>307.652131</x5>
			<y5>349.5625</y5>
			<x6>306.084272</x6>
			<y6>382.375</y6>
			<x7>303.732484</x7>
			<y7>421.4375</y7>
			<x8>313.923567</x8>
			<y8>418.3125</y8>
			<x9>317.843214</x9>
			<y9>394.875</y9>
			<x10>317.843214</x10>
			<y10>368.3125</y10>
		</polygon>
	</object>
	<object>
		<name>RPMD</name>
		<pose>Unspecified</pose>
		<truncated>0</truncated>
		<difficult>0</difficult>
		<occluded>0</occluded>
		<bndbox>
			<xmin>220</xmin>
			<xmax>252</xmax>
			<ymin>293</ymin>
			<ymax>435</ymax>
		</bndbox>
		<polygon>
			<x1>219.068104</x1>
			<y1>416.75</y1>
			<x2>230.827046</x2>
			<y2>433.9375</y2>
			<x3>237.098481</x3>
			<y3>413.625</y3>
			<x4>244.937776</x4>
			<y4>376.125</y4>
			<x5>247.289564</x5>
			<y5>343.3125</y5>
			<x6>251.209211</x6>
			<y6>316.75</y6>
			<x7>251.209211</x7>
			<y7>291.75</y7>
			<x8>228.475257</x8>
			<y8>293.3125</y8>
			<x9>226.907398</x9>
			<y9>327.6875</y9>
			<x10>226.907398</x10>
			<y10>363.625</y10>
			<x11>224.55561</x11>
			<y11>391.75</y11>
			<x12>219.068104</x12>
			<y12>416.75</y12>
		</polygon>
	</object>
	<object>
		<name>RIU</name>
		<pose>Unspecified</pose>
		<truncated>0</truncated>
		<difficult>0</difficult>
		<occluded>0</occluded>
		<bndbox>
			<xmin>301</xmin>
			<xmax>330</xmax>
			<ymin>103</ymin>
			<ymax>309</ymax>
		</bndbox>
		<polygon>
			<x1>322.151559</x1>
			<y1>217.166667</y1>
			<x2>326.855136</x2>
			<y2>168.729167</y2>
			<x3>329.206924</x3>
			<y3>124.979167</y3>
			<x4>322.935489</x4>
			<y4>101.541667</y4>
			<x5>308.040829</x5>
			<y5>120.291667</y5>
			<x6>302.553323</x6>
			<y6>204.666667</y6>
			<x7>300.201535</x7>
			<y7>271.854167</y7>
			<x8>308.040829</x8>
			<y8>307.791667</y8>
			<x9>319.799771</x9>
			<y9>304.666667</y9>
			<x10>322.151559</x10>
			<y10>260.916667</y10>
			<x11>322.151559</x11>
			<y11>217.166667</y11>
		</polygon>
	</object>
	<object>
		<name>LIU</name>
		<pose>Unspecified</pose>
		<truncated>0</truncated>
		<difficult>0</difficult>
		<occluded>0</occluded>
		<bndbox>
			<xmin>331</xmin>
			<xmax>354</xmax>
			<ymin>108</ymin>
			<ymax>299</ymax>
		</bndbox>
		<polygon>
			<x1>331.953944</x1>
			<y1>230.8125</y1>
			<x2>331.170015</x2>
			<y2>268.3125</y2>
			<x3>329.602156</x3>
			<y3>296.4375</y3>
			<x4>343.712886</x4>
			<y4>298</y4>
			<x5>350.768251</x5>
			<y5>294.875</y5>
			<x6>351.55218</x6>
			<y6>235.5</y6>
			<x7>353.120039</x7>
			<y7>198</y7>
			<x8>351.55218</x8>
			<y8>166.75</y8>
			<x9>353.120039</x9>
			<y9>121.4375</y9>
			<x10>346.064674</x10>
			<y10>107.375</y10>
			<x11>340.577168</x11>
			<y11>113.625</y11>
			<x12>335.089662</x12>
			<y12>166.75</y12>
			<x13>332.737874</x13>
			<y13>204.25</y13>
			<x14>331.953944</x14>
			<y14>230.8125</y14>
		</polygon>
	</object>
	<object>
		<name>LIU</name>
		<pose>Unspecified</pose>
		<truncated>0</truncated>
		<difficult>0</difficult>
		<occluded>0</occluded>
		<bndbox>
			<xmin>349</xmin>
			<xmax>372</xmax>
			<ymin>118</ymin>
			<ymax>310</ymax>
		</bndbox>
		<polygon>
			<x1>348.416463</x1>
			<y1>291.75</y1>
			<x2>356.255757</x2>
			<y2>308.9375</y2>
			<x3>366.44684</x3>
			<y3>299.5625</y3>
			<x4>368.014699</x4>
			<y4>271.4375</y4>
			<x5>368.014699</x5>
			<y5>229.25</y5>
			<x6>369.582558</x6>
			<y6>191.75</y6>
			<x7>371.150416</x7>
			<y7>154.25</y7>
			<x8>371.150416</x8>
			<y8>124.5625</y8>
			<x9>358.607545</x9>
			<y9>116.75</y9>
			<x10>356.255757</x10>
			<y10>174.5625</y10>
			<x11>354.687898</x11>
			<y11>216.75</y11>
			<x12>353.903969</x12>
			<y12>244.875</y12>
			<x13>348.416463</x13>
			<y13>291.75</y13>
		</polygon>
	</object>
	<object>
		<name>LCU</name>
		<pose>Unspecified</pose>
		<truncated>0</truncated>
		<difficult>0</difficult>
		<occluded>0</occluded>
		<bndbox>
			<xmin>368</xmin>
			<xmax>396</xmax>
			<ymin>126</ymin>
			<ymax>308</ymax>
		</bndbox>
		<polygon>
			<x1>368.014699</x1>
			<y1>260.5</y1>
			<x2>367.230769</x2>
			<y2>279.25</y2>
			<x3>367.230769</x3>
			<y3>305.8125</y3>
			<x4>386.045076</x4>
			<y4>307.375</y4>
			<x5>394.6683</x5>
			<y5>294.875</y5>
			<x6>390.748653</x6>
			<y6>263.625</y6>
			<x7>389.180794</x7>
			<y7>235.5</y7>
			<x8>389.180794</x8>
			<y8>191.75</y8>
			<x9>390.748653</x9>
			<y9>151.125</y9>
			<x10>389.964723</x10>
			<y10>126.125</y10>
			<x11>375.070064</x11>
			<y11>124.5625</y11>
			<x12>372.718275</x12>
			<y12>177.6875</y12>
			<x13>371.150416</x13>
			<y13>213.625</y13>
			<x14>368.014699</x14>
			<y14>260.5</y14>
		</polygon>
	</object>
	<object>
		<name>LMU</name>
		<pose>Unspecified</pose>
		<truncated>0</truncated>
		<difficult>0</difficult>
		<occluded>0</occluded>
		<bndbox>
			<xmin>436</xmin>
			<xmax>472</xmax>
			<ymin>127</ymin>
			<ymax>291</ymax>
		</bndbox>
		<polygon>
			<x1>454.246938</x1>
			<y1>290.1875</y1>
			<x2>468.357668</x2>
			<y2>279.25</y2>
			<x3>467.573738</x3>
			<y3>243.3125</y3>
			<x4>467.573738</x4>
			<y4>207.375</y4>
			<x5>470.709456</x5>
			<y5>162.0625</y5>
			<x6>471.493386</x6>
			<y6>130.8125</y6>
			<x7>450.327291</x7>
			<y7>126.125</y7>
			<x8>447.975502</x8>
			<y8>171.4375</y8>
			<x9>442.487996</x9>
			<y9>215.1875</y9>
			<x10>438.568349</x10>
			<y10>243.3125</y10>
			<x11>434.648702</x11>
			<y11>276.125</y11>
			<x12>454.246938</x12>
			<y12>290.1875</y12>
		</polygon>
	</object>
	<object>
		<name>LMU</name>
		<pose>Unspecified</pose>
		<truncated>0</truncated>
		<difficult>0</difficult>
		<occluded>0</occluded>
		<bndbox>
			<xmin>467</xmin>
			<xmax>497</xmax>
			<ymin>130</ymin>
			<ymax>283</ymax>
		</bndbox>
		<polygon>
			<x1>468.357668</x1>
			<y1>280.8125</y1>
			<x2>484.036257</x2>
			<y2>282.375</y2>
			<x3>493.44341</x3>
			<y3>279.25</y3>
			<x4>495.795198</x4>
			<y4>244.875</y4>
			<x5>492.659481</x5>
			<y5>204.25</y5>
			<x6>492.659481</x6>
			<y6>180.8125</y6>
			<x7>495.795198</x7>
			<y7>152.6875</y7>
			<x8>492.659481</x8>
			<y8>132.375</y8>
			<x9>475.413033</x9>
			<y9>129.25</y9>
			<x10>470.709456</x10>
			<y10>174.5625</y10>
			<x11>466.005879</x11>
			<y11>224.5625</y11>
			<x12>466.789809</x12>
			<y12>255.8125</y12>
			<x13>468.357668</x13>
			<y13>280.8125</y13>
		</polygon>
	</object>
	<object>
		<name>LID</name>
		<pose>Unspecified</pose>
		<truncated>0</truncated>
		<difficult>0</difficult>
		<occluded>0</occluded>
		<bndbox>
			<xmin>322</xmin>
			<xmax>337</xmax>
			<ymin>313</ymin>
			<ymax>432</ymax>
		</bndbox>
		<polygon>
			<x1>320.978932</x1>
			<y1>387.0625</y1>
			<x2>320.978932</x2>
			<y2>419.875</y2>
			<x3>331.170015</x3>
			<y3>430.8125</y3>
			<x4>334.305732</x4>
			<y4>410.5</y4>
			<x5>335.873591</x5>
			<y5>377.6875</y5>
			<x6>334.305732</x6>
			<y6>344.875</y6>
			<x7>335.089662</x7>
			<y7>313.625</y7>
			<x8>325.682509</x8>
			<y8>312.0625</y8>
			<x9>323.33072</x9>
			<y9>324.5625</y9>
			<x10>320.978932</x10>
			<y10>338.625</y10>
			<x11>321.762861</x11>
			<y11>360.5</y11>
			<x12>320.978932</x12>
			<y12>387.0625</y12>
		</polygon>
	</object>
	<object>
		<name>LID</name>
		<pose>Unspecified</pose>
		<truncated>0</truncated>
		<difficult>0</difficult>
		<occluded>0</occluded>
		<bndbox>
			<xmin>333</xmin>
			<xmax>353</xmax>
			<ymin>313</ymin>
			<ymax>438</ymax>
		</bndbox>
		<polygon>
			<x1>345.280745</x1>
			<y1>433.9375</y1>
			<x2>352.33611</x2>
			<y2>413.625</y2>
			<x3>351.55218</x3>
			<y3>377.6875</y3>
			<x4>351.55218</x4>
			<y4>351.125</y4>
			<x5>349.984321</x5>
			<y5>316.75</y5>
			<x6>335.873591</x6>
			<y6>312.0625</y6>
			<x7>335.873591</x7>
			<y7>346.4375</y7>
			<x8>334.305732</x8>
			<y8>374.5625</y8>
			<x9>334.305732</x9>
			<y9>408.9375</y9>
			<x10>331.953944</x10>
			<y10>437.0625</y10>
			<x11>345.280745</x11>
			<y11>433.9375</y11>
		</polygon>
	</object>
	<object>
		<name>RCD</name>
		<pose>Unspecified</pose>
		<truncated>0</truncated>
		<difficult>0</difficult>
		<occluded>0</occluded>
		<bndbox>
			<xmin>353</xmin>
			<xmax>378</xmax>
			<ymin>315</ymin>
			<ymax>462</ymax>
		</bndbox>
		<polygon>
			<x1>360.175404</x1>
			<y1>441.75</y1>
			<x2>368.798628</x2>
			<y2>460.5</y2>
			<x3>377.421852</x3>
			<y3>452.6875</y3>
			<x4>375.070064</x4>
			<y4>393.3125</y4>
			<x5>368.798628</x5>
			<y5>318.3125</y5>
			<x6>352.33611</x6>
			<y6>313.625</y6>
			<x7>352.33611</x7>
			<y7>357.375</y7>
			<x8>354.687898</x8>
			<y8>377.6875</y8>
			<x9>354.687898</x9>
			<y9>399.5625</y9>
			<x10>358.607545</x10>
			<y10>421.4375</y10>
			<x11>360.175404</x11>
			<y11>441.75</y11>
		</polygon>
	</object>
	<object>
		<name>LPMD</name>
		<pose>Unspecified</pose>
		<truncated>0</truncated>
		<difficult>0</difficult>
		<occluded>0</occluded>
		<bndbox>
			<xmin>372</xmin>
			<xmax>398</xmax>
			<ymin>316</ymin>
			<ymax>446</ymax>
		</bndbox>
		<polygon>
			<x1>377.421852</x1>
			<y1>379.25</y1>
			<x2>378.205781</x2>
			<y2>405.8125</y2>
			<x3>381.341499</x3>
			<y3>432.375</y3>
			<x4>389.964723</x4>
			<y4>444.875</y4>
			<x5>397.020088</x5>
			<y5>435.5</y5>
			<x6>394.6683</x6>
			<y6>416.75</y6>
			<x7>394.6683</x7>
			<y7>385.5</y7>
			<x8>394.6683</x8>
			<y8>362.0625</y8>
			<x9>391.532582</x9>
			<y9>316.75</y9>
			<x10>371.934346</x10>
			<y10>315.1875</y10>
			<x11>371.150416</x11>
			<y11>326.125</y11>
			<x12>375.853993</x12>
			<y12>360.5</y12>
			<x13>377.421852</x13>
			<y13>379.25</y13>
		</polygon>
	</object>
	<object>
		<name>RPMD</name>
		<pose>Unspecified</pose>
		<truncated>0</truncated>
		<difficult>0</difficult>
		<occluded>0</occluded>
		<bndbox>
			<xmin>393</xmin>
			<xmax>418</xmax>
			<ymin>307</ymin>
			<ymax>458</ymax>
		</bndbox>
		<polygon>
			<x1>398.587947</x1>
			<y1>407.375</y1>
			<x2>400.155806</x2>
			<y2>433.9375</y2>
			<x3>401.723665</x3>
			<y3>455.8125</y3>
			<x4>413.482607</x4>
			<y4>457.375</y4>
			<x5>417.402254</x5>
			<y5>443.3125</y5>
			<x6>415.834395</x6>
			<y6>404.25</y6>
			<x7>414.266536</x7>
			<y7>374.5625</y7>
			<x8>415.050465</x8>
			<y8>344.875</y8>
			<x9>415.834395</x9>
			<y9>307.375</y9>
			<x10>392.316512</x10>
			<y10>305.8125</y10>
			<x11>396.236159</x11>
			<y11>358.9375</y11>
			<x12>397.804018</x12>
			<y12>380.8125</y12>
			<x13>398.587947</x13>
			<y13>407.375</y13>
		</polygon>
	</object>
	<object>
		<name>RMU</name>
		<pose>Unspecified</pose>
		<truncated>0</truncated>
		<difficult>0</difficult>
		<occluded>0</occluded>
		<bndbox>
			<xmin>197</xmin>
			<xmax>239</xmax>
			<ymin>121</ymin>
			<ymax>293</ymax>
		</bndbox>
		<polygon>
			<x1>234.746693</x1>
			<y1>235.5</y1>
			<x2>234.746693</x2>
			<y2>177.6875</y2>
			<x3>230.043116</x3>
			<y3>132.375</y3>
			<x4>228.475257</x4>
			<y4>119.875</y4>
			<x5>205.741303</x5>
			<y5>124.5625</y5>
			<x6>205.741303</x6>
			<y6>188.625</y6>
			<x7>200.253797</x7>
			<y7>258.9375</y7>
			<x8>195.55022</x8>
			<y8>291.75</y8>
			<x9>219.068104</x9>
			<y9>291.75</y9>
			<x10>237.882411</x10>
			<y10>287.0625</y10>
			<x11>234.746693</x11>
			<y11>235.5</y11>
		</polygon>
	</object>
	<object>
		<name>RPMU</name>
		<pose>Unspecified</pose>
		<truncated>0</truncated>
		<difficult>0</difficult>
		<occluded>0</occluded>
		<bndbox>
			<xmin>231</xmin>
			<xmax>258</xmax>
			<ymin>126</ymin>
			<ymax>277</ymax>
		</bndbox>
		<polygon>
			<x1>257.480647</x1>
			<y1>258.9375</y1>
			<x2>252.77707</x2>
			<y2>207.375</y2>
			<x3>249.641352</x3>
			<y3>162.0625</y3>
			<x4>244.153846</x4>
			<y4>124.5625</y4>
			<x5>233.962763</x5>
			<y5>127.6875</y5>
			<x6>235.530622</x6>
			<y6>193.3125</y6>
			<x7>232.394904</x7>
			<y7>230.8125</y7>
			<x8>230.043116</x8>
			<y8>258.9375</y8>
			<x9>233.178834</x9>
			<y9>273</y9>
			<x10>251.209211</x10>
			<y10>276.125</y10>
			<x11>257.480647</x11>
			<y11>258.9375</y11>
		</polygon>
	</object>
	<object>
		<name>RMU</name>
		<pose>Unspecified</pose>
		<truncated>0</truncated>
		<difficult>0</difficult>
		<occluded>0</occluded>
		<bndbox>
			<xmin>169</xmin>
			<xmax>205</xmax>
			<ymin>115</ymin>
			<ymax>282</ymax>
		</bndbox>
		<polygon>
			<x1>168.896619</x1>
			<y1>230.8125</y1>
			<x2>168.11269</x2>
			<y2>266.75</y2>
			<x3>179.871632</x3>
			<y3>273</y3>
			<x4>192.414503</x4>
			<y4>280.8125</y4>
			<x5>201.037727</x5>
			<y5>262.0625</y5>
			<x6>202.605585</x6>
			<y6>201.125</y6>
			<x7>204.173444</x7>
			<y7>123</y7>
			<x8>173.600196</x8>
			<y8>113.625</y8>
			<x9>172.032337</x9>
			<y9>140.1875</y9>
			<x10>172.032337</x10>
			<y10>168.3125</y10>
			<x11>174.384125</x11>
			<y11>207.375</y11>
			<x12>168.896619</x12>
			<y12>230.8125</y12>
		</polygon>
	</object>
	<object>
		<name>RMU</name>
		<pose>Unspecified</pose>
		<truncated>0</truncated>
		<difficult>0</difficult>
		<occluded>0</occluded>
		<bndbox>
			<xmin>138</xmin>
			<xmax>172</xmax>
			<ymin>108</ymin>
			<ymax>266</ymax>
		</bndbox>
		<polygon>
			<x1>139.89123</x1>
			<y1>210.5</y1>
			<x2>136.755512</x2>
			<y2>241.75</y2>
			<x3>143.026948</x3>
			<y3>260.5</y3>
			<x4>157.137678</x4>
			<y4>260.5</y4>
			<x5>166.544831</x5>
			<y5>265.1875</y5>
			<x6>171.248408</x6>
			<y6>201.125</y6>
			<x7>171.248408</x7>
			<y7>179.25</y7>
			<x8>170.464478</x8>
			<y8>149.5625</y8>
			<x9>170.464478</x9>
			<y9>115.1875</y9>
			<x10>168.896619</x10>
			<y10>107.375</y10>
			<x11>150.082313</x11>
			<y11>118.3125</y11>
			<x12>146.946595</x12>
			<y12>146.4375</y12>
			<x13>146.162665</x13>
			<y13>177.6875</y13>
			<x14>139.89123</x14>
			<y14>210.5</y14>
		</polygon>
	</object>
</annotation>
