<annotation>
	<folder></folder>
	<filename>111_jpg.rf.cfd353642cd903908df81c44636beb0b.jpg</filename>
	<path>111_jpg.rf.cfd353642cd903908df81c44636beb0b.jpg</path>
	<source>
		<database>roboflow.com</database>
	</source>
	<size>
		<width>640</width>
		<height>640</height>
		<depth>3</depth>
	</size>
	<segmented>0</segmented>
	<object>
		<name>RIU</name>
		<pose>Unspecified</pose>
		<truncated>0</truncated>
		<difficult>0</difficult>
		<occluded>0</occluded>
		<bndbox>
			<xmin>284</xmin>
			<xmax>316</xmax>
			<ymin>215</ymin>
			<ymax>353</ymax>
		</bndbox>
		<polygon>
			<x1>308.012423</x1>
			<y1>278.274139</y1>
			<x2>308.585814</x2>
			<y2>213.875001</y2>
			<x3>282.930846</x3>
			<y3>216.646131</y3>
			<x4>285.857049</x4>
			<y4>283.271024</y4>
			<x5>285.438997</x5>
			<y5>333.239694</y5>
			<x6>288.78322</x6>
			<y6>351.561546</y6>
			<x7>313.028758</x7>
			<y7>344.899031</y7>
			<x8>315.118889</x8>
			<y8>319.914697</y8>
			<x9>308.012423</x9>
			<y9>278.274139</y9>
		</polygon>
	</object>
	<object>
		<name>RIU</name>
		<pose>Unspecified</pose>
		<truncated>0</truncated>
		<difficult>0</difficult>
		<occluded>0</occluded>
		<bndbox>
			<xmin>263</xmin>
			<xmax>287</xmax>
			<ymin>213</ymin>
			<ymax>354</ymax>
		</bndbox>
		<polygon>
			<x1>283.348865</x1>
			<y1>288.267879</y1>
			<x2>280.886974</x2>
			<y2>215.958334</y2>
			<x3>265.791773</x3>
			<y3>212.482076</y3>
			<x4>266.627814</x4>
			<y4>230.803896</y4>
			<x5>263.283622</x5>
			<y5>309.920956</y5>
			<x6>262.02953</x6>
			<y6>347.397491</y6>
			<x7>277.078471</x7>
			<y7>353.227143</y7>
			<x8>286.275068</x8>
			<y8>334.905323</y8>
			<x9>283.348865</x9>
			<y9>288.267879</y9>
		</polygon>
	</object>
	<object>
		<name>RCU</name>
		<pose>Unspecified</pose>
		<truncated>0</truncated>
		<difficult>0</difficult>
		<occluded>0</occluded>
		<bndbox>
			<xmin>237</xmin>
			<xmax>263</xmax>
			<ymin>202</ymin>
			<ymax>348</ymax>
		</bndbox>
		<polygon>
			<x1>260.775471</x1>
			<y1>344.899031</y1>
			<x2>262.02953</x2>
			<y2>317.416269</y2>
			<x3>258.267287</x3>
			<y3>259.119488</y3>
			<x4>258.41433</x4>
			<y4>205.541668</y4>
			<x5>240.292176</x5>
			<y5>200.822707</y5>
			<x6>240.292176</x6>
			<y6>234.967952</y6>
			<x7>239.874156</x7>
			<y7>294.097563</y7>
			<x8>235.693893</x8>
			<y8>329.908437</y8>
			<x9>246.56257</x9>
			<y9>346.564724</y9>
			<x10>260.775471</x10>
			<y10>344.899031</y10>
		</polygon>
	</object>
	<object>
		<name>RMU</name>
		<pose>Unspecified</pose>
		<truncated>0</truncated>
		<difficult>0</difficult>
		<occluded>0</occluded>
		<bndbox>
			<xmin>179</xmin>
			<xmax>219</xmax>
			<ymin>192</ymin>
			<ymax>339</ymax>
		</bndbox>
		<polygon>
			<x1>206.014</x1>
			<y1>338.236612</y1>
			<x2>218.136769</x2>
			<y2>315.750641</y2>
			<x3>213.120466</x3>
			<y3>276.60851</y3>
			<x4>208.242845</x4>
			<y4>220.125001</y4>
			<x5>194.727303</x5>
			<y5>190.828966</y5>
			<x6>185.112685</x6>
			<y6>212.482076</y6>
			<x7>186.784797</x7>
			<y7>269.113228</y7>
			<x8>178.424271</x8>
			<y8>293.264733</y8>
			<x9>187.202817</x9>
			<y9>329.075639</y9>
			<x10>206.014</x10>
			<y10>338.236612</y10>
		</polygon>
	</object>
	<object>
		<name>RMU</name>
		<pose>Unspecified</pose>
		<truncated>0</truncated>
		<difficult>0</difficult>
		<occluded>0</occluded>
		<bndbox>
			<xmin>139</xmin>
			<xmax>174</xmax>
			<ymin>191</ymin>
			<ymax>306</ymax>
		</bndbox>
		<polygon>
			<x1>171.317837</x1>
			<y1>259.952286</y1>
			<x2>171.136852</x2>
			<y2>197.208334</y2>
			<x3>149.16243</x3>
			<y3>189.996152</y3>
			<x4>144.982167</x4>
			<y4>244.128894</y4>
			<x5>137.875733</x5>
			<y5>285.769452</y5>
			<x6>152.088633</x6>
			<y6>294.930362</y6>
			<x7>158.359028</x7>
			<y7>304.924102</y7>
			<x8>172.571896</x8>
			<y8>295.763192</y8>
			<x9>171.317837</x9>
			<y9>259.952286</y9>
		</polygon>
	</object>
	<object>
		<name>RID</name>
		<pose>Unspecified</pose>
		<truncated>0</truncated>
		<difficult>0</difficult>
		<occluded>0</occluded>
		<bndbox>
			<xmin>296</xmin>
			<xmax>321</xmax>
			<ymin>368</ymin>
			<ymax>476</ymax>
		</bndbox>
		<polygon>
			<x1>295.471634</x1>
			<y1>366.552141</y1>
			<x2>295.471634</x2>
			<y2>383.208364</y2>
			<x3>298.815857</x3>
			<y3>445.669201</y3>
			<x4>310.938626</x4>
			<y4>474.81756</y4>
			<x5>320.135192</x5>
			<y5>461.492594</y5>
			<x6>314.700838</x6>
			<y6>415.687981</y6>
			<x7>312.244152</x7>
			<y7>368.041667</y7>
			<x8>295.471634</x8>
			<y8>366.552141</y8>
		</polygon>
	</object>
	<object>
		<name>RID</name>
		<pose>Unspecified</pose>
		<truncated>0</truncated>
		<difficult>0</difficult>
		<occluded>0</occluded>
		<bndbox>
			<xmin>277</xmin>
			<xmax>298</xmax>
			<ymin>366</ymin>
			<ymax>467</ymax>
		</bndbox>
		<polygon>
			<x1>296.725726</x1>
			<y1>417.353673</y1>
			<x2>295.053615</x2>
			<y2>367.385002</y2>
			<x3>276.183397</x3>
			<y3>364.916667</y3>
			<x4>276.660451</x4>
			<y4>401.530184</y4>
			<x5>280.422694</x5>
			<y5>459.826998</y5>
			<x6>296.725726</x6>
			<y6>465.65665</y6>
			<x7>296.725726</x7>
			<y7>417.353673</y7>
		</polygon>
	</object>
	<object>
		<name>RCD</name>
		<pose>Unspecified</pose>
		<truncated>0</truncated>
		<difficult>0</difficult>
		<occluded>0</occluded>
		<bndbox>
			<xmin>255</xmin>
			<xmax>280</xmax>
			<ymin>353</ymin>
			<ymax>465</ymax>
		</bndbox>
		<polygon>
			<x1>253.669004</x1>
			<y1>352.394344</y1>
			<x2>254.087024</x2>
			<y2>378.211478</y2>
			<x3>256.177156</x3>
			<y3>414.022352</y3>
			<x4>260.357419</x4>
			<y4>463.991053</y4>
			<x5>279.168602</x5>
			<y5>457.328539</y5>
			<x6>276.660451</x6>
			<y6>394.034903</y6>
			<x7>276.706017</x7>
			<y7>355.541667</y7>
			<x8>253.669004</x8>
			<y8>352.394344</y8>
		</polygon>
	</object>
	<object>
		<name>RPMD</name>
		<pose>Unspecified</pose>
		<truncated>0</truncated>
		<difficult>0</difficult>
		<occluded>0</occluded>
		<bndbox>
			<xmin>229</xmin>
			<xmax>259</xmax>
			<ymin>347</ymin>
			<ymax>479</ymax>
		</bndbox>
		<polygon>
			<x1>257.849267</x1>
			<y1>363.220947</y1>
			<x2>247.81663</x2>
			<y2>345.731862</y2>
			<x3>229.841518</x3>
			<y3>351.561546</y3>
			<x4>229.423498</x4>
			<y4>349.895917</y4>
			<x5>227.579772</x5>
			<y5>357.625001</y5>
			<x6>229.841518</x6>
			<y6>406.52707</y6>
			<x7>227.751387</x7>
			<y7>456.49574</y7>
			<x8>233.603761</x8>
			<y8>478.148818</y8>
			<x9>244.054419</x9>
			<y9>450.666119</y9>
			<x10>248.234682</x10>
			<y10>404.028643</y10>
			<x11>257.849267</x11>
			<y11>363.220947</y11>
		</polygon>
	</object>
	<object>
		<name>RMD</name>
		<pose>Unspecified</pose>
		<truncated>0</truncated>
		<difficult>0</difficult>
		<occluded>0</occluded>
		<bndbox>
			<xmin>184</xmin>
			<xmax>235</xmax>
			<ymin>336</ymin>
			<ymax>481</ymax>
		</bndbox>
		<polygon>
			<x1>226.497295</x1>
			<y1>399.031757</y1>
			<x2>234.021781</x2>
			<y2>353.227143</y2>
			<x3>230.677558</x3>
			<y3>342.400668</y3>
			<x4>218.554789</x4>
			<y4>343.233434</y4>
			<x5>206.850072</x5>
			<y5>334.905323</y5>
			<x6>194.654735</x6>
			<y6>346.166667</y6>
			<x7>188.038889</x7>
			<y7>399.864588</y7>
			<x8>183.022554</x8>
			<y8>469.820706</y8>
			<x9>206.014</x9>
			<y9>479.814478</y9>
			<x10>218.554789</x10>
			<y10>456.49574</y10>
			<x11>226.497295</x11>
			<y11>399.031757</y11>
		</polygon>
	</object>
	<object>
		<name>RMD</name>
		<pose>Unspecified</pose>
		<truncated>0</truncated>
		<difficult>0</difficult>
		<occluded>0</occluded>
		<bndbox>
			<xmin>147</xmin>
			<xmax>197</xmax>
			<ymin>322</ymin>
			<ymax>422</ymax>
		</bndbox>
		<polygon>
			<x1>193.891263</x1>
			<y1>332.406864</y1>
			<x2>178.842291</x2>
			<y2>329.075639</y2>
			<x3>160.031108</x3>
			<y3>320.747527</y3>
			<x4>154.935643</x4>
			<y4>357.625001</y4>
			<x5>154.178765</x5>
			<y5>349.895917</y5>
			<x6>146.236259</x6>
			<y6>395.700531</y6>
			<x7>160.867179</x7>
			<y7>420.684866</y7>
			<x8>181.350474</x8>
			<y8>404.028643</y8>
			<x9>195.563343</x9>
			<y9>352.394344</y9>
			<x10>193.891263</x10>
			<y10>332.406864</y10>
		</polygon>
	</object>
	<object>
		<name>LIU</name>
		<pose>Unspecified</pose>
		<truncated>0</truncated>
		<difficult>0</difficult>
		<occluded>0</occluded>
		<bndbox>
			<xmin>315</xmin>
			<xmax>342</xmax>
			<ymin>208</ymin>
			<ymax>349</ymax>
		</bndbox>
		<polygon>
			<x1>314.700838</x1>
			<y1>337.40375</y1>
			<x2>318.045061</x2>
			<y2>348.230289</y2>
			<x3>340.618487</x3>
			<y3>343.233434</y3>
			<x4>341.036507</x4>
			<y4>284.103823</y4>
			<x5>340.200467</x5>
			<y5>207.485189</y5>
			<x6>313.812011</x6>
			<y6>215.958334</y6>
			<x7>318.045061</x7>
			<y7>289.933507</y7>
			<x8>314.700838</x8>
			<y8>337.40375</y8>
		</polygon>
	</object>
	<object>
		<name>LIU</name>
		<pose>Unspecified</pose>
		<truncated>0</truncated>
		<difficult>0</difficult>
		<occluded>0</occluded>
		<bndbox>
			<xmin>341</xmin>
			<xmax>365</xmax>
			<ymin>212</ymin>
			<ymax>348</ymax>
		</bndbox>
		<polygon>
			<x1>341.510851</x1>
			<y1>210.750001</y1>
			<x2>342.708619</x2>
			<y2>262.450746</y2>
			<x3>342.708619</x3>
			<y3>305.756901</y3>
			<x4>340.200467</x4>
			<y4>342.400668</y4>
			<x5>359.847691</x5>
			<y5>346.564724</y5>
			<x6>364.027954</x6>
			<y6>330.741236</y6>
			<x7>360.265711</x7>
			<y7>284.103823</y7>
			<x8>358.593599</x8>
			<y8>214.147672</y8>
			<x9>341.510851</x9>
			<y9>210.750001</y9>
		</polygon>
	</object>
	<object>
		<name>LCU</name>
		<pose>Unspecified</pose>
		<truncated>0</truncated>
		<difficult>0</difficult>
		<occluded>0</occluded>
		<bndbox>
			<xmin>363</xmin>
			<xmax>388</xmax>
			<ymin>213</ymin>
			<ymax>347</ymax>
		</bndbox>
		<polygon>
			<x1>364.506115</x1>
			<y1>211.791668</y1>
			<x2>364.027954</x2>
			<y2>269.946027</y2>
			<x3>364.027954</x3>
			<y3>301.592844</y3>
			<x4>362.355842</x4>
			<y4>327.41001</y4>
			<x5>372.388511</x5>
			<y5>345.731862</y5>
			<x6>387.019432</x6>
			<y6>337.40375</y6>
			<x7>384.9293</x7>
			<y7>294.930362</y7>
			<x8>385.347288</x8>
			<y8>218.311728</y8>
			<x9>364.506115</x9>
			<y9>211.791668</y9>
		</polygon>
	</object>
	<object>
		<name>LPMU</name>
		<pose>Unspecified</pose>
		<truncated>0</truncated>
		<difficult>0</difficult>
		<occluded>0</occluded>
		<bndbox>
			<xmin>384</xmin>
			<xmax>409</xmax>
			<ymin>209</ymin>
			<ymax>338</ymax>
		</bndbox>
		<polygon>
			<x1>408.388443</x1>
			<y1>207.933454</y1>
			<x2>384.511249</x2>
			<y2>210.816447</y2>
			<x3>382.839169</x3>
			<y3>241.630466</y3>
			<x4>388.691512</x4>
			<y4>279.939767</y4>
			<x5>384.511249</x5>
			<y5>319.081898</y5>
			<x6>394.125866</x6>
			<y6>336.57092</y6>
			<x7>407.920746</x7>
			<y7>324.078753</y7>
			<x8>407.502695</x8>
			<y8>290.766306</y8>
			<x9>405.830615</x9>
			<y9>252.457005</y9>
			<x10>408.388443</x10>
			<y10>207.933454</y10>
		</polygon>
	</object>
	<object>
		<name>LPMU</name>
		<pose>Unspecified</pose>
		<truncated>0</truncated>
		<difficult>0</difficult>
		<occluded>0</occluded>
		<bndbox>
			<xmin>407</xmin>
			<xmax>443</xmax>
			<ymin>203</ymin>
			<ymax>338</ymax>
		</bndbox>
		<polygon>
			<x1>412.93705</x1>
			<y1>274.942913</y1>
			<x2>405.830615</x2>
			<y2>307.422529</y2>
			<x3>411.682958</x3>
			<y3>329.075639</y3>
			<x4>423.805695</x4>
			<y4>329.075639</y4>
			<x5>435.928496</x5>
			<y5>337.40375</y5>
			<x6>442.19889</x6>
			<y6>307.422529</y6>
			<x7>440.108759</x7>
			<y7>278.274139</y7>
			<x8>438.718102</x8>
			<y8>221.166668</y8>
			<x9>437.182588</x9>
			<y9>202.488336</y9>
			<x10>420.043484</x10>
			<y10>205.819561</y10>
			<x11>415.863221</x11>
			<y11>227.47267</y11>
			<x12>412.93705</x12>
			<y12>274.942913</y12>
		</polygon>
	</object>
	<object>
		<name>LMU</name>
		<pose>Unspecified</pose>
		<truncated>0</truncated>
		<difficult>0</difficult>
		<occluded>0</occluded>
		<bndbox>
			<xmin>440</xmin>
			<xmax>474</xmax>
			<ymin>204</ymin>
			<ymax>347</ymax>
		</bndbox>
		<polygon>
			<x1>467.280468</x1>
			<y1>281.605396</y1>
			<x2>472.688378</x2>
			<y2>231.583334</y2>
			<x3>461.846114</x3>
			<y3>203.321134</y3>
			<x4>447.215193</x4>
			<y4>223.308614</y4>
			<x5>442.616878</x5>
			<y5>277.44134</y5>
			<x6>439.272719</x6>
			<y6>329.908437</y6>
			<x7>446.379153</x7>
			<y7>345.731862</y7>
			<x8>469.3706</x8>
			<y8>334.905323</y8>
			<x9>467.280468</x9>
			<y9>281.605396</y9>
		</polygon>
	</object>
	<object>
		<name>LMU</name>
		<pose>Unspecified</pose>
		<truncated>0</truncated>
		<difficult>0</difficult>
		<occluded>0</occluded>
		<bndbox>
			<xmin>466</xmin>
			<xmax>502</xmax>
			<ymin>213</ymin>
			<ymax>331</ymax>
		</bndbox>
		<polygon>
			<x1>494.452177</x1>
			<y1>269.113228</y1>
			<x2>491.502685</x2>
			<y2>211.791668</y2>
			<x3>478.149114</x3>
			<y3>211.649246</y3>
			<x4>471.460731</x4>
			<y4>242.463265</y4>
			<x5>465.190337</x5>
			<y5>289.100678</y5>
			<x6>472.296771</x6>
			<y6>329.908437</y6>
			<x7>488.181783</x7>
			<y7>321.580325</y7>
			<x8>501.14056</x8>
			<y8>307.422529</y8>
			<x9>494.452177</x9>
			<y9>269.113228</y9>
		</polygon>
	</object>
	<object>
		<name>LID</name>
		<pose>Unspecified</pose>
		<truncated>0</truncated>
		<difficult>0</difficult>
		<occluded>0</occluded>
		<bndbox>
			<xmin>313</xmin>
			<xmax>340</xmax>
			<ymin>363</ymin>
			<ymax>458</ymax>
		</bndbox>
		<polygon>
			<x1>318.8811</x1>
			<y1>457.328539</y1>
			<x2>338.946376</x2>
			<y2>453.997313</y2>
			<x3>325.151495</x3>
			<y3>384.041226</y3>
			<x4>325.151495</x4>
			<y4>362.388085</y4>
			<x5>311.721532</x5>
			<y5>364.916667</y5>
			<x6>318.8811</x6>
			<y6>457.328539</y6>
		</polygon>
	</object>
	<object>
		<name>LID</name>
		<pose>Unspecified</pose>
		<truncated>0</truncated>
		<difficult>0</difficult>
		<occluded>0</occluded>
		<bndbox>
			<xmin>327</xmin>
			<xmax>354</xmax>
			<ymin>360</ymin>
			<ymax>462</ymax>
		</bndbox>
		<polygon>
			<x1>345.63479</x1>
			<y1>394.034903</y1>
			<x2>343.60133</x2>
			<y2>358.666667</y2>
			<x3>325.569547</x3>
			<y3>364.886512</y3>
			<x4>328.495718</x4>
			<y4>385.706791</y4>
			<x5>335.602153</x5>
			<y5>437.341089</y5>
			<x6>341.872547</x6>
			<y6>461.492594</y6>
			<x7>352.741256</x7>
			<y7>461.492594</y7>
			<x8>349.397033</x8>
			<y8>428.180147</y8>
			<x9>345.63479</x9>
			<y9>394.034903</y9>
		</polygon>
	</object>
	<object>
		<name>LCD</name>
		<pose>Unspecified</pose>
		<truncated>0</truncated>
		<difficult>0</difficult>
		<occluded>0</occluded>
		<bndbox>
			<xmin>343</xmin>
			<xmax>375</xmax>
			<ymin>351</ymin>
			<ymax>496</ymax>
		</bndbox>
		<polygon>
			<x1>359.42967</x1>
			<y1>476.483221</y1>
			<x2>371.552408</x2>
			<y2>494.805041</y2>
			<x3>373.642539</x3>
			<y3>465.65665</y3>
			<x4>371.97046</x4>
			<y4>419.852036</y4>
			<x5>366.118117</x5>
			<y5>389.038017</y5>
			<x6>366.596593</x6>
			<y6>350.333334</y6>
			<x7>342.290599</x7>
			<y7>349.895917</y7>
			<x8>344.79875</x8>
			<y8>366.552141</y8>
			<x9>347.724922</x9>
			<y9>401.530184</y9>
			<x10>354.831388</x10>
			<y10>443.170743</y10>
			<x11>359.42967</x11>
			<y11>476.483221</y11>
		</polygon>
	</object>
	<object>
		<name>LPMD</name>
		<pose>Unspecified</pose>
		<truncated>0</truncated>
		<difficult>0</difficult>
		<occluded>0</occluded>
		<bndbox>
			<xmin>369</xmin>
			<xmax>391</xmax>
			<ymin>346</ymin>
			<ymax>487</ymax>
		</bndbox>
		<polygon>
			<x1>368.687072</x1>
			<y1>349.291667</y1>
			<x2>368.208248</x2>
			<y2>397.366128</y2>
			<x3>376.568774</x3>
			<y3>475.650422</y3>
			<x4>388.691512</x4>
			<y4>485.644131</y4>
			<x5>389.109563</x5>
			<y5>437.341089</y5>
			<x6>389.527551</x6>
			<y6>378.211478</y6>
			<x7>387.43742</x7>
			<y7>345.731862</y7>
			<x8>371.97046</x8>
			<y8>344.899031</y8>
			<x9>368.687072</x9>
			<y9>349.291667</y9>
		</polygon>
	</object>
	<object>
		<name>LPMD</name>
		<pose>Unspecified</pose>
		<truncated>0</truncated>
		<difficult>0</difficult>
		<occluded>0</occluded>
		<bndbox>
			<xmin>389</xmin>
			<xmax>417</xmax>
			<ymin>344</ymin>
			<ymax>483</ymax>
		</bndbox>
		<polygon>
			<x1>415.445169</x1>
			<y1>482.312873</y1>
			<x2>410.010878</x2>
			<y2>458.994199</y2>
			<x3>411.682958</x3>
			<y3>399.031757</y3>
			<x4>415.722839</x4>
			<y4>355.541667</y4>
			<x5>412.518998</x5>
			<y5>344.066233</y5>
			<x6>388.27346</x6>
			<y6>343.233434</y6>
			<x7>387.855471</x7>
			<y7>393.202072</y7>
			<x8>389.527551</x8>
			<y8>438.173952</y8>
			<x9>399.560221</x9>
			<y9>467.322311</y9>
			<x10>415.445169</x10>
			<y10>482.312873</y10>
		</polygon>
	</object>
</annotation>
