<annotation>
	<folder></folder>
	<filename>112_jpg.rf.aa285b4cebfd061bfe75d12f0f3393c2.jpg</filename>
	<path>112_jpg.rf.aa285b4cebfd061bfe75d12f0f3393c2.jpg</path>
	<source>
		<database>roboflow.com</database>
	</source>
	<size>
		<width>640</width>
		<height>640</height>
		<depth>3</depth>
	</size>
	<segmented>0</segmented>
	<object>
		<name>RIU</name>
		<pose>Unspecified</pose>
		<truncated>0</truncated>
		<difficult>0</difficult>
		<occluded>0</occluded>
		<bndbox>
			<xmin>296</xmin>
			<xmax>329</xmax>
			<ymin>230</ymin>
			<ymax>352</ymax>
		</bndbox>
		<polygon>
			<x1>323.061363</x1>
			<y1>332.406864</y1>
			<x2>328.495718</x2>
			<y2>310.753786</y2>
			<x3>323.061363</x3>
			<y3>283.271024</y3>
			<x4>321.128685</x4>
			<y4>232.625001</y4>
			<x5>295.053615</x5>
			<y5>229.138299</y5>
			<x6>297.561766</x6>
			<y6>284.936621</y6>
			<x7>298.397837</x7>
			<y7>329.075639</y7>
			<x8>303.414141</x8>
			<y8>350.728779</y8>
			<x9>319.717172</x9>
			<y9>348.230289</y9>
			<x10>323.061363</x10>
			<y10>332.406864</y10>
		</polygon>
	</object>
	<object>
		<name>RIU</name>
		<pose>Unspecified</pose>
		<truncated>0</truncated>
		<difficult>0</difficult>
		<occluded>0</occluded>
		<bndbox>
			<xmin>273</xmin>
			<xmax>301</xmax>
			<ymin>222</ymin>
			<ymax>358</ymax>
		</bndbox>
		<polygon>
			<x1>299.651897</x1>
			<y1>349.063087</y1>
			<x2>299.233878</x2>
			<y2>324.078753</y2>
			<x3>295.889654</x3>
			<y3>289.933507</y3>
			<x4>294.997704</x4>
			<y4>227.416668</y4>
			<x5>271.644148</x5>
			<y5>220.810187</y5>
			<x6>272.062168</x6>
			<y6>246.627321</y6>
			<x7>274.98834</x7>
			<y7>291.599136</y7>
			<x8>272.898208</x8>
			<y8>356.558401</y8>
			<x9>285.438997</x9>
			<y9>355.72557</y9>
			<x10>299.651897</x10>
			<y10>349.063087</y10>
		</polygon>
	</object>
	<object>
		<name>RCU</name>
		<pose>Unspecified</pose>
		<truncated>0</truncated>
		<difficult>0</difficult>
		<occluded>0</occluded>
		<bndbox>
			<xmin>249</xmin>
			<xmax>276</xmax>
			<ymin>213</ymin>
			<ymax>355</ymax>
		</bndbox>
		<polygon>
			<x1>269.972036</x1>
			<y1>244.128894</y1>
			<x2>269.554017</x2>
			<y2>211.649246</y2>
			<x3>248.484557</x3>
			<y3>214.916668</y3>
			<x4>251.996893</x4>
			<y4>264.949173</y4>
			<x5>251.160853</x5>
			<y5>298.261619</y5>
			<x6>250.742833</x6>
			<y6>334.072556</y6>
			<x7>262.02953</x7>
			<y7>354.059973</y7>
			<x8>272.480188</x8>
			<y8>344.066233</y8>
			<x9>274.98834</x9>
			<y9>279.939767</y9>
			<x10>269.972036</x10>
			<y10>244.128894</y10>
		</polygon>
	</object>
	<object>
		<name>RPMU</name>
		<pose>Unspecified</pose>
		<truncated>0</truncated>
		<difficult>0</difficult>
		<occluded>0</occluded>
		<bndbox>
			<xmin>228</xmin>
			<xmax>251</xmax>
			<ymin>243</ymin>
			<ymax>356</ymax>
		</bndbox>
		<polygon>
			<x1>227.333367</x1>
			<y1>344.899031</y1>
			<x2>233.18571</x2>
			<y2>354.892836</y2>
			<x3>249.906761</x3>
			<y3>340.734976</y3>
			<x4>249.529796</x4>
			<y4>243.041668</y4>
			<x5>229.423498</x5>
			<y5>241.630466</y5>
			<x6>229.423498</x6>
			<y6>293.264733</y6>
			<x7>227.333367</x7>
			<y7>344.899031</y7>
		</polygon>
	</object>
	<object>
		<name>RPMU</name>
		<pose>Unspecified</pose>
		<truncated>0</truncated>
		<difficult>0</difficult>
		<occluded>0</occluded>
		<bndbox>
			<xmin>207</xmin>
			<xmax>231</xmax>
			<ymin>238</ymin>
			<ymax>348</ymax>
		</bndbox>
		<polygon>
			<x1>205.59598</x1>
			<y1>344.066233</y1>
			<x2>225.243235</x2>
			<y2>346.564724</y2>
			<x3>229.841518</x3>
			<y3>303.258473</y3>
			<x4>228.625011</x4>
			<y4>242.000001</y4>
			<x5>209.358223</x5>
			<y5>237.466411</y5>
			<x6>208.522184</x6>
			<y6>287.435081</y6>
			<x7>205.59598</x7>
			<y7>344.066233</y7>
		</polygon>
	</object>
	<object>
		<name>RMU</name>
		<pose>Unspecified</pose>
		<truncated>0</truncated>
		<difficult>0</difficult>
		<occluded>0</occluded>
		<bndbox>
			<xmin>182</xmin>
			<xmax>209</xmax>
			<ymin>269</ymin>
			<ymax>343</ymax>
		</bndbox>
		<polygon>
			<x1>208.104132</x1>
			<y1>270.778857</y1>
			<x2>185.112685</x2>
			<y2>268.280398</y2>
			<x3>183.157103</x3>
			<y3>286.791668</y3>
			<x4>180.932422</x4>
			<y4>342.400668</y4>
			<x5>199.325586</x5>
			<y5>342.400668</y5>
			<x6>206.014</x6>
			<y6>326.577179</y6>
			<x7>208.104132</x7>
			<y7>270.778857</y7>
		</polygon>
	</object>
	<object>
		<name>RMU</name>
		<pose>Unspecified</pose>
		<truncated>0</truncated>
		<difficult>0</difficult>
		<occluded>0</occluded>
		<bndbox>
			<xmin>150</xmin>
			<xmax>187</xmax>
			<ymin>274</ymin>
			<ymax>352</ymax>
		</bndbox>
		<polygon>
			<x1>155.014805</x1>
			<y1>342.400668</y1>
			<x2>170.063745</x2>
			<y2>338.236612</y2>
			<x3>175.08008</x3>
			<y3>350.728779</y3>
			<x4>183.858626</x4>
			<y4>326.577179</y4>
			<x5>185.530737</x5>
			<y5>279.939767</y5>
			<x6>149.709446</x6>
			<y6>273.250001</y6>
			<x7>148.74441</x7>
			<y7>322.413124</y7>
			<x8>155.014805</x8>
			<y8>342.400668</y8>
		</polygon>
	</object>
	<object>
		<name>LIU</name>
		<pose>Unspecified</pose>
		<truncated>0</truncated>
		<difficult>0</difficult>
		<occluded>0</occluded>
		<bndbox>
			<xmin>330</xmin>
			<xmax>358</xmax>
			<ymin>205</ymin>
			<ymax>348</ymax>
		</bndbox>
		<polygon>
			<x1>332.257961</x1>
			<y1>339.902177</y1>
			<x2>345.21677</x2>
			<y2>346.564724</y2>
			<x3>355.249407</x3>
			<y3>304.091304</y3>
			<x4>357.339539</x4>
			<y4>239.132007</y4>
			<x5>350.233073</x5>
			<y5>204.153964</y5>
			<x6>333.148937</x6>
			<y6>245.125001</y6>
			<x7>329.331758</x7>
			<y7>303.258473</y7>
			<x8>332.257961</x8>
			<y8>339.902177</y8>
		</polygon>
	</object>
	<object>
		<name>LIU</name>
		<pose>Unspecified</pose>
		<truncated>0</truncated>
		<difficult>0</difficult>
		<occluded>0</occluded>
		<bndbox>
			<xmin>355</xmin>
			<xmax>381</xmax>
			<ymin>219</ymin>
			<ymax>353</ymax>
		</bndbox>
		<polygon>
			<x1>365.700065</x1>
			<y1>352.394344</y1>
			<x2>377.404814</x2>
			<y2>349.063087</y2>
			<x3>377.404814</x3>
			<y3>330.741236</y3>
			<x4>376.150723</x4>
			<y4>309.088158</y4>
			<x5>377.404814</x5>
			<y5>271.611656</y5>
			<x6>380.184704</x6>
			<y6>223.250001</y6>
			<x7>368.626236</x7>
			<y7>218.311728</y7>
			<x8>359.42967</x8>
			<y8>245.794522</y8>
			<x9>354.831388</x9>
			<y9>310.753786</y9>
			<x10>354.413336</x10>
			<y10>352.394344</y10>
			<x11>365.700065</x11>
			<y11>352.394344</y11>
		</polygon>
	</object>
	<object>
		<name>LIU</name>
		<pose>Unspecified</pose>
		<truncated>0</truncated>
		<difficult>0</difficult>
		<occluded>0</occluded>
		<bndbox>
			<xmin>378</xmin>
			<xmax>400</xmax>
			<ymin>218</ymin>
			<ymax>353</ymax>
		</bndbox>
		<polygon>
			<x1>391.617683</x1>
			<y1>351.561546</y1>
			<x2>399.142169</x2>
			<y2>346.564724</y2>
			<x3>394.961906</x3>
			<y3>315.750641</y3>
			<x4>398.306129</x4>
			<y4>280.772566</y4>
			<x5>394.961906</x5>
			<y5>246.627321</y5>
			<x6>394.961906</x6>
			<y6>216.646131</y6>
			<x7>379.662084</x7>
			<y7>225.333334</y7>
			<x8>379.076894</x8>
			<y8>264.949173</y8>
			<x9>377.404814</x9>
			<y9>284.936621</y9>
			<x10>378.658906</x10>
			<y10>314.917843</y10>
			<x11>379.494946</x11>
			<y11>346.564724</y11>
			<x12>391.617683</x12>
			<y12>351.561546</y12>
		</polygon>
	</object>
	<object>
		<name>LPMU</name>
		<pose>Unspecified</pose>
		<truncated>0</truncated>
		<difficult>0</difficult>
		<occluded>0</occluded>
		<bndbox>
			<xmin>397</xmin>
			<xmax>424</xmax>
			<ymin>229</ymin>
			<ymax>345</ymax>
		</bndbox>
		<polygon>
			<x1>402.486392</x1>
			<y1>339.069379</y1>
			<x2>412.101009</x2>
			<y2>344.066233</y2>
			<x3>421.297575</x3>
			<y3>338.236612</y3>
			<x4>422.969655</x4>
			<y4>311.586585</y4>
			<x5>417.953352</x5>
			<y5>276.60851</y5>
			<x6>420.426415</x6>
			<y6>231.583334</y6>
			<x7>397.052037</x7>
			<y7>228.305469</y7>
			<x8>396.215997</x8>
			<y8>249.958578</y8>
			<x9>396.633986</x9>
			<y9>284.936621</y9>
			<x10>395.797946</x10>
			<y10>326.577179</y10>
			<x11>402.486392</x11>
			<y11>339.069379</y11>
		</polygon>
	</object>
	<object>
		<name>LPMU</name>
		<pose>Unspecified</pose>
		<truncated>0</truncated>
		<difficult>0</difficult>
		<occluded>0</occluded>
		<bndbox>
			<xmin>421</xmin>
			<xmax>440</xmax>
			<ymin>227</ymin>
			<ymax>333</ymax>
		</bndbox>
		<polygon>
			<x1>436.346484</x1>
			<y1>322.413124</y1>
			<x2>435.510444</x2>
			<y2>298.261619</y2>
			<x3>436.764536</x3>
			<y3>281.605396</y3>
			<x4>438.718102</x4>
			<y4>226.375001</y4>
			<x5>420.461535</x5>
			<y5>227.47267</y5>
			<x6>420.879524</x6>
			<y6>245.794522</y6>
			<x7>421.297575</x7>
			<y7>289.933507</y7>
			<x8>421.715563</x8>
			<y8>325.744381</y8>
			<x9>425.895826</x9>
			<y9>331.574066</y9>
			<x10>436.346484</x10>
			<y10>322.413124</y10>
		</polygon>
	</object>
	<object>
		<name>LMU</name>
		<pose>Unspecified</pose>
		<truncated>0</truncated>
		<difficult>0</difficult>
		<occluded>0</occluded>
		<bndbox>
			<xmin>434</xmin>
			<xmax>475</xmax>
			<ymin>220</ymin>
			<ymax>328</ymax>
		</bndbox>
		<polygon>
			<x1>470.624691</x1>
			<y1>312.419415</y1>
			<x2>474.386902</x2>
			<y2>286.60225</y2>
			<x3>463.100205</x3>
			<y3>261.617915</y3>
			<x4>466.416943</x4>
			<y4>219.083334</y4>
			<x5>440.108759</x5>
			<y5>224.974243</y5>
			<x6>440.108759</x6>
			<y6>257.453859</y6>
			<x7>433.002325</x7>
			<y7>288.267879</y7>
			<x8>436.764536</x8>
			<y8>320.747527</y8>
			<x9>449.723376</x9>
			<y9>326.577179</y9>
			<x10>470.624691</x10>
			<y10>312.419415</y10>
		</polygon>
	</object>
	<object>
		<name>RID</name>
		<pose>Unspecified</pose>
		<truncated>0</truncated>
		<difficult>0</difficult>
		<occluded>0</occluded>
		<bndbox>
			<xmin>285</xmin>
			<xmax>309</xmax>
			<ymin>365</ymin>
			<ymax>483</ymax>
		</bndbox>
		<polygon>
			<x1>302.5781</x1>
			<y1>405.69424</y1>
			<x2>301.791759</x2>
			<y2>363.875001</y2>
			<x3>284.184937</x3>
			<y3>374.880252</y3>
			<x4>284.184937</x4>
			<y4>395.700531</y4>
			<x5>290.455331</x5>
			<y5>431.511405</y5>
			<x6>294.635594</x6>
			<y6>473.984762</y6>
			<x7>305.922292</x7>
			<y7>482.312873</y7>
			<x8>308.012423</x8>
			<y8>447.334798</y8>
			<x9>302.5781</x9>
			<y9>405.69424</y9>
		</polygon>
	</object>
	<object>
		<name>RID</name>
		<pose>Unspecified</pose>
		<truncated>0</truncated>
		<difficult>0</difficult>
		<occluded>0</occluded>
		<bndbox>
			<xmin>303</xmin>
			<xmax>324</xmax>
			<ymin>359</ymin>
			<ymax>476</ymax>
		</bndbox>
		<polygon>
			<x1>323.061363</x1>
			<y1>465.65665</y1>
			<x2>322.225324</x2>
			<y2>429.84584</y2>
			<x3>318.463081</x3>
			<y3>397.366128</y3>
			<x4>320.083446</x4>
			<y4>357.625001</y4>
			<x5>301.742029</x5>
			<y5>366.552141</y5>
			<x6>303.83216</x6>
			<y6>398.198959</y6>
			<x7>307.176383</x7>
			<y7>429.84584</y7>
			<x8>307.176383</x8>
			<y8>462.325393</y8>
			<x9>315.118889</x9>
			<y9>474.81756</y9>
			<x10>323.061363</x10>
			<y10>465.65665</y10>
		</polygon>
	</object>
	<object>
		<name>RCD</name>
		<pose>Unspecified</pose>
		<truncated>0</truncated>
		<difficult>0</difficult>
		<occluded>0</occluded>
		<bndbox>
			<xmin>263</xmin>
			<xmax>285</xmax>
			<ymin>375</ymin>
			<ymax>507</ymax>
		</bndbox>
		<polygon>
			<x1>283.348865</x1>
			<y1>413.189617</y1>
			<x2>284.022692</x2>
			<y2>374.291667</y2>
			<x3>262.44755</x3>
			<y3>374.880252</y3>
			<x4>263.283622</x4>
			<y4>411.523924</y4>
			<x5>264.955734</x5>
			<y5>454.830175</y5>
			<x6>269.554017</x6>
			<y6>505.631611</y6>
			<x7>282.512825</x7>
			<y7>503.133152</y7>
			<x8>284.184937</x8>
			<y8>471.486366</y8>
			<x9>283.348865</x9>
			<y9>413.189617</y9>
		</polygon>
	</object>
	<object>
		<name>RPMD</name>
		<pose>Unspecified</pose>
		<truncated>0</truncated>
		<difficult>0</difficult>
		<occluded>0</occluded>
		<bndbox>
			<xmin>240</xmin>
			<xmax>266</xmax>
			<ymin>365</ymin>
			<ymax>514</ymax>
		</bndbox>
		<polygon>
			<x1>240.710196</x1>
			<y1>481.480075</y1>
			<x2>245.308479</x2>
			<y2>513.126924</y2>
			<x3>261.611511</x3>
			<y3>499.801895</y3>
			<x4>258.685339</x4>
			<y4>429.84584</y4>
			<x5>264.955734</x5>
			<y5>384.873961</y5>
			<x6>238.554784</x6>
			<y6>363.875001</y6>
			<x7>239.038084</x7>
			<y7>423.183294</y7>
			<x8>240.710196</x8>
			<y8>481.480075</y8>
		</polygon>
	</object>
	<object>
		<name>RPMD</name>
		<pose>Unspecified</pose>
		<truncated>0</truncated>
		<difficult>0</difficult>
		<occluded>0</occluded>
		<bndbox>
			<xmin>215</xmin>
			<xmax>239</xmax>
			<ymin>371</ymin>
			<ymax>441</ymax>
		</bndbox>
		<polygon>
			<x1>213.538486</x1>
			<y1>432.344204</y1>
			<x2>228.587427</x2>
			<y2>439.839517</y2>
			<x3>238.202044</x3>
			<y3>401.530184</y3>
			<x4>231.93165</x4>
			<y4>369.883366</y4>
			<x5>213.991661</x5>
			<y5>374.291667</y5>
			<x6>213.538486</x6>
			<y6>432.344204</y6>
		</polygon>
	</object>
	<object>
		<name>RMD</name>
		<pose>Unspecified</pose>
		<truncated>0</truncated>
		<difficult>0</difficult>
		<occluded>0</occluded>
		<bndbox>
			<xmin>159</xmin>
			<xmax>218</xmax>
			<ymin>368</ymin>
			<ymax>498</ymax>
		</bndbox>
		<polygon>
			<x1>192.219152</x1>
			<y1>367.385002</y1>
			<x2>175.91612</x2>
			<y2>394.034903</y2>
			<x3>174.272569</x3>
			<y3>403.458334</y3>
			<x4>157.940976</x4>
			<y4>452.331684</y4>
			<x5>159.613088</x5>
			<y5>497.3035</y5>
			<x6>179.678363</x6>
			<y6>487.309727</y6>
			<x7>198.907566</x7>
			<y7>435.675461</y7>
			<x8>215.210598</x8>
			<y8>409.025561</y8>
			<x9>217.300729</x9>
			<y9>373.214624</y9>
			<x10>192.219152</x10>
			<y10>367.385002</y10>
		</polygon>
	</object>
	<object>
		<name>LID</name>
		<pose>Unspecified</pose>
		<truncated>0</truncated>
		<difficult>0</difficult>
		<occluded>0</occluded>
		<bndbox>
			<xmin>319</xmin>
			<xmax>341</xmax>
			<ymin>362</ymin>
			<ymax>480</ymax>
		</bndbox>
		<polygon>
			<x1>335.184132</x1>
			<y1>403.195813</y1>
			<x2>336.807274</x2>
			<y2>360.750001</y2>
			<x3>318.463081</x3>
			<y3>362.388085</y3>
			<x4>320.135192</x4>
			<y4>402.363014</y4>
			<x5>323.061363</x5>
			<y5>459.826998</y5>
			<x6>328.495718</x6>
			<y6>478.981616</y6>
			<x7>339.782416</x7>
			<y7>475.650422</y7>
			<x8>339.364395</x8>
			<y8>444.836371</y8>
			<x9>335.184132</x9>
			<y9>403.195813</y9>
		</polygon>
	</object>
	<object>
		<name>LID</name>
		<pose>Unspecified</pose>
		<truncated>0</truncated>
		<difficult>0</difficult>
		<occluded>0</occluded>
		<bndbox>
			<xmin>337</xmin>
			<xmax>355</xmax>
			<ymin>361</ymin>
			<ymax>497</ymax>
		</bndbox>
		<polygon>
			<x1>335.602153</x1>
			<y1>359.889626</y1>
			<x2>339.364395</x2>
			<y2>438.173952</y2>
			<x3>339.364395</x3>
			<y3>483.978534</y3>
			<x4>352.741256</x4>
			<y4>495.637839</y4>
			<x5>353.577296</x5>
			<y5>467.322311</y5>
			<x6>353.995316</x6>
			<y6>417.353673</y6>
			<x7>354.053722</x7>
			<y7>360.750001</y7>
			<x8>335.602153</x8>
			<y8>359.889626</y8>
		</polygon>
	</object>
	<object>
		<name>LCD</name>
		<pose>Unspecified</pose>
		<truncated>0</truncated>
		<difficult>0</difficult>
		<occluded>0</occluded>
		<bndbox>
			<xmin>355</xmin>
			<xmax>381</xmax>
			<ymin>363</ymin>
			<ymax>502</ymax>
		</bndbox>
		<polygon>
			<x1>376.150723</x1>
			<y1>501.467556</y1>
			<x2>379.912934</x2>
			<y2>481.480075</y2>
			<x3>378.240854</x3>
			<y3>416.520811</y3>
			<x4>377.048986</x4>
			<y4>362.833334</y4>
			<x5>356.921519</x5>
			<y5>361.555255</y5>
			<x6>353.577296</x6>
			<y6>395.700531</y6>
			<x7>359.011651</x7>
			<y7>418.186407</y7>
			<x8>362.355842</x8>
			<y8>435.675461</y8>
			<x9>366.118117</x9>
			<y9>494.805041</y9>
			<x10>376.150723</x10>
			<y10>501.467556</y10>
		</polygon>
	</object>
	<object>
		<name>LPMD</name>
		<pose>Unspecified</pose>
		<truncated>0</truncated>
		<difficult>0</difficult>
		<occluded>0</occluded>
		<bndbox>
			<xmin>377</xmin>
			<xmax>399</xmax>
			<ymin>362</ymin>
			<ymax>425</ymax>
		</bndbox>
		<polygon>
			<x1>377.822802</x1>
			<y1>409.858296</y1>
			<x2>387.855471</x2>
			<y2>424.016092</y2>
			<x3>397.052037</x3>
			<y3>407.359869</y3>
			<x4>397.953771</x4>
			<y4>361.791667</y4>
			<x5>376.986762</x5>
			<y5>360.722456</y5>
			<x6>376.150723</x6>
			<y6>379.044308</y6>
			<x7>377.822802</x7>
			<y7>409.858296</y7>
		</polygon>
	</object>
	<object>
		<name>LPMD</name>
		<pose>Unspecified</pose>
		<truncated>0</truncated>
		<difficult>0</difficult>
		<occluded>0</occluded>
		<bndbox>
			<xmin>398</xmin>
			<xmax>420</xmax>
			<ymin>360</ymin>
			<ymax>511</ymax>
		</bndbox>
		<polygon>
			<x1>397.470089</x1>
			<y1>359.056891</y1>
			<x2>397.470089</x2>
			<y2>389.038017</y2>
			<x3>398.724117</x3>
			<y3>439.006686</y3>
			<x4>405.412563</x4>
			<y4>509.795667</y4>
			<x5>412.101009</x5>
			<y5>478.148818</y5>
			<x6>417.953352</x6>
			<y6>409.858296</y6>
			<x7>418.858557</x7>
			<y7>367.000001</y7>
			<x8>397.470089</x8>
			<y8>359.056891</y8>
		</polygon>
	</object>
	<object>
		<name>LMD</name>
		<pose>Unspecified</pose>
		<truncated>0</truncated>
		<difficult>0</difficult>
		<occluded>0</occluded>
		<bndbox>
			<xmin>418</xmin>
			<xmax>448</xmax>
			<ymin>356</ymin>
			<ymax>422</ymax>
		</bndbox>
		<polygon>
			<x1>423.387707</x1>
			<y1>408.192699</y1>
			<x2>436.346484</x2>
			<y2>420.684866</y2>
			<x3>445.125062</x3>
			<y3>399.864588</y3>
			<x4>447.080017</x4>
			<y4>354.500001</y4>
			<x5>417.117313</x5>
			<y5>360.722456</y5>
			<x6>417.5353</x6>
			<y6>384.041226</y6>
			<x7>423.387707</x7>
			<y7>408.192699</y7>
		</polygon>
	</object>
</annotation>
