<annotation>
	<folder></folder>
	<filename>115_jpg.rf.bbf2cf3e2c58828f7d8c25100471bb2c.jpg</filename>
	<path>115_jpg.rf.bbf2cf3e2c58828f7d8c25100471bb2c.jpg</path>
	<source>
		<database>roboflow.com</database>
	</source>
	<size>
		<width>640</width>
		<height>640</height>
		<depth>3</depth>
	</size>
	<segmented>0</segmented>
	<object>
		<name>RIU</name>
		<pose>Unspecified</pose>
		<truncated>0</truncated>
		<difficult>0</difficult>
		<occluded>0</occluded>
		<bndbox>
			<xmin>298</xmin>
			<xmax>322</xmax>
			<ymin>235</ymin>
			<ymax>371</ymax>
		</bndbox>
		<polygon>
			<x1>321.098148</x1>
			<y1>302.901468</y1>
			<x2>321.412395</x2>
			<y2>233.785715</y2>
			<x3>298.166414</x3>
			<y3>235.086845</y3>
			<x4>296.733176</x4>
			<y4>266.495734</y4>
			<x5>298.524717</x5>
			<y5>323.602785</y5>
			<x6>300.674561</x6>
			<y6>370.002264</y6>
			<x7>321.098148</x7>
			<y7>365.719219</y7>
			<x8>320.739845</x8>
			<y8>350.014774</y8>
			<x9>321.098148</x9>
			<y9>302.901468</y9>
		</polygon>
	</object>
	<object>
		<name>RIU</name>
		<pose>Unspecified</pose>
		<truncated>0</truncated>
		<difficult>0</difficult>
		<occluded>0</occluded>
		<bndbox>
			<xmin>280</xmin>
			<xmax>299</xmax>
			<ymin>233</ymin>
			<ymax>367</ymax>
		</bndbox>
		<polygon>
			<x1>297.091479</x1>
			<y1>305.042977</y1>
			<x2>295.658267</x2>
			<y2>231.517654</y2>
			<x3>280.648063</x3>
			<y3>240.928572</y3>
			<x4>279.176066</x4>
			<y4>304.32915</y4>
			<x5>280.251002</x5>
			<y5>363.577764</y5>
			<x6>297.808111</x6>
			<y6>366.433074</y6>
			<x7>297.091479</x7>
			<y7>305.042977</y7>
		</polygon>
	</object>
	<object>
		<name>RIU</name>
		<pose>Unspecified</pose>
		<truncated>0</truncated>
		<difficult>0</difficult>
		<occluded>0</occluded>
		<bndbox>
			<xmin>254</xmin>
			<xmax>281</xmax>
			<ymin>232</ymin>
			<ymax>362</ymax>
		</bndbox>
		<polygon>
			<x1>257.677571</x1>
			<y1>230.803827</y1>
			<x2>256.244359</x2>
			<y2>298.61845</y2>
			<x3>253.01958</x3>
			<y3>357.153156</y3>
			<x4>263.410525</x4>
			<y4>361.436201</y4>
			<x5>279.892699</x5>
			<y5>353.583965</y5>
			<x6>276.309616</x6>
			<y6>304.32915</y6>
			<x7>277.064386</x7>
			<y7>231.107144</y7>
			<x8>257.677571</x8>
			<y8>230.803827</y8>
		</polygon>
	</object>
	<object>
		<name>RPMU</name>
		<pose>Unspecified</pose>
		<truncated>0</truncated>
		<difficult>0</difficult>
		<occluded>0</occluded>
		<bndbox>
			<xmin>235</xmin>
			<xmax>259</xmax>
			<ymin>217</ymin>
			<ymax>357</ymax>
		</bndbox>
		<polygon>
			<x1>257.677571</x1>
			<y1>264.354197</y1>
			<x2>245.495112</x2>
			<y2>215.81321</y2>
			<x3>240.331692</x3>
			<y3>215.928572</y3>
			<x4>238.687249</x4>
			<y4>260.785007</y4>
			<x5>236.895708</x5>
			<y5>297.904596</y5>
			<x6>234.387534</x6>
			<y6>335.738039</y6>
			<x7>237.970617</x7>
			<y7>354.297819</y7>
			<x8>250.153103</x8>
			<y8>356.439383</y8>
			<x9>255.169424</x9>
			<y9>327.171976</y9>
			<x10>257.677571</x10>
			<y10>264.354197</y10>
		</polygon>
	</object>
	<object>
		<name>RPMU</name>
		<pose>Unspecified</pose>
		<truncated>0</truncated>
		<difficult>0</difficult>
		<occluded>0</occluded>
		<bndbox>
			<xmin>214</xmin>
			<xmax>245</xmax>
			<ymin>219</ymin>
			<ymax>353</ymax>
		</bndbox>
		<polygon>
			<x1>235.46247</x1>
			<y1>275.775624</y1>
			<x2>235.104167</x2>
			<y2>220.096255</y2>
			<x3>216.589829</x3>
			<y3>217.714286</y3>
			<x4>212.889039</x4>
			<y4>264.354197</y4>
			<x5>215.397213</x5>
			<y5>308.612168</y5>
			<x6>217.90536</x6>
			<y6>342.162621</y6>
			<x7>228.654608</x7>
			<y7>352.156311</y7>
			<x8>241.195396</x8>
			<y8>330.027312</y8>
			<x9>244.420176</x9>
			<y9>297.190769</y9>
			<x10>235.46247</x10>
			<y10>275.775624</y10>
		</polygon>
	</object>
	<object>
		<name>RMU</name>
		<pose>Unspecified</pose>
		<truncated>0</truncated>
		<difficult>0</difficult>
		<occluded>0</occluded>
		<bndbox>
			<xmin>183</xmin>
			<xmax>225</xmax>
			<ymin>206</ymin>
			<ymax>349</ymax>
		</bndbox>
		<polygon>
			<x1>203.214727</x1>
			<y1>337.879548</y1>
			<x2>212.530736</x2>
			<y2>346.445611</y2>
			<x3>218.980295</x3>
			<y3>339.307229</y3>
			<x4>224.354919</x4>
			<y4>311.467531</y4>
			<x5>211.81413</x5>
			<y5>261.498861</y5>
			<x6>204.647965</x6>
			<y6>219.382401</y6>
			<x7>187.472449</x7>
			<y7>205.214286</y7>
			<x8>185.299314</x8>
			<y8>251.505117</y8>
			<x9>181.716231</x9>
			<y9>294.335405</y9>
			<x10>184.224378</x10>
			<y10>336.451866</y10>
			<x11>192.465479</x11>
			<y11>347.873266</y11>
			<x12>203.214727</x12>
			<y12>337.879548</y12>
		</polygon>
	</object>
	<object>
		<name>RMU</name>
		<pose>Unspecified</pose>
		<truncated>0</truncated>
		<difficult>0</difficult>
		<occluded>0</occluded>
		<bndbox>
			<xmin>143</xmin>
			<xmax>181</xmax>
			<ymin>200</ymin>
			<ymax>318</ymax>
		</bndbox>
		<polygon>
			<x1>171.68359</x1>
			<y1>254.36048</y1>
			<x2>163.062893</x2>
			<y2>209.961154</y2>
			<x3>142.302323</x3>
			<y3>198.681124</y3>
			<x4>144.452168</x4>
			<y4>220.096255</y4>
			<x5>143.735562</x5>
			<y5>278.630961</y5>
			<x6>146.602012</x6>
			<y6>310.039849</y6>
			<x7>154.843113</x7>
			<y7>317.178231</y7>
			<x8>160.576039</x8>
			<y8>307.184486</y8>
			<x9>170.250378</x9>
			<y9>313.60904</y9>
			<x10>180.282993</x10>
			<y10>300.046105</y10>
			<x11>171.68359</x11>
			<y11>254.36048</y11>
		</polygon>
	</object>
	<object>
		<name>RID</name>
		<pose>Unspecified</pose>
		<truncated>0</truncated>
		<difficult>0</difficult>
		<occluded>0</occluded>
		<bndbox>
			<xmin>291</xmin>
			<xmax>312</xmax>
			<ymin>372</ymin>
			<ymax>491</ymax>
		</bndbox>
		<polygon>
			<x1>294.225029</x1>
			<y1>488.499412</y1>
			<x2>310.707203</x2>
			<y2>489.927066</y2>
			<x3>309.273965</x3>
			<y3>421.398589</y3>
			<x4>310.707203</x4>
			<y4>384.279027</y4>
			<x5>300.674561</x5>
			<y5>371.429919</y5>
			<x6>291.847056</x6>
			<y6>376.642858</y6>
			<x7>289.567011</x7>
			<y7>429.964652</y7>
			<x8>294.225029</x8>
			<y8>488.499412</y8>
		</polygon>
	</object>
	<object>
		<name>RID</name>
		<pose>Unspecified</pose>
		<truncated>0</truncated>
		<difficult>0</difficult>
		<occluded>0</occluded>
		<bndbox>
			<xmin>310</xmin>
			<xmax>325</xmax>
			<ymin>378</ymin>
			<ymax>499</ymax>
		</bndbox>
		<polygon>
			<x1>311.782139</x1>
			<y1>497.779275</y1>
			<x2>324.322928</x2>
			<y2>474.222649</y2>
			<x3>322.531387</x3>
			<y3>421.398589</y3>
			<x4>322.756274</x4>
			<y4>376.642858</y4>
			<x5>309.632268</x5>
			<y5>380.709836</y5>
			<x6>309.273965</x6>
			<y6>424.967779</y6>
			<x7>311.782139</x7>
			<y7>497.779275</y7>
		</polygon>
	</object>
	<object>
		<name>RID</name>
		<pose>Unspecified</pose>
		<truncated>0</truncated>
		<difficult>0</difficult>
		<occluded>0</occluded>
		<bndbox>
			<xmin>271</xmin>
			<xmax>298</xmax>
			<ymin>358</ymin>
			<ymax>505</ymax>
		</bndbox>
		<polygon>
			<x1>296.733176</x1>
			<y1>375.712964</y1>
			<x2>285.625626</x2>
			<y2>357.153156</y2>
			<x3>282.439902</x3>
			<y3>359.678572</y3>
			<x4>272.368231</x4>
			<y4>394.986599</y4>
			<x5>269.501754</x5>
			<y5>446.382951</y5>
			<x6>269.501754</x6>
			<y6>493.496257</y6>
			<x7>282.400846</x7>
			<y7>504.203829</y7>
			<x8>292.075185</x8>
			<y8>481.36103</y8>
			<x9>292.433488</x9>
			<y9>417.115625</y9>
			<x10>296.733176</x10>
			<y10>375.712964</y10>
		</polygon>
	</object>
	<object>
		<name>RCD</name>
		<pose>Unspecified</pose>
		<truncated>0</truncated>
		<difficult>0</difficult>
		<occluded>0</occluded>
		<bndbox>
			<xmin>239</xmin>
			<xmax>279</xmax>
			<ymin>361</ymin>
			<ymax>500</ymax>
		</bndbox>
		<polygon>
			<x1>258.394203</x1>
			<y1>463.515077</y1>
			<x2>268.426818</x2>
			<y2>421.398589</y2>
			<x3>278.101157</x3>
			<y3>377.854528</y3>
			<x4>277.742855</x4>
			<y4>360.008574</y4>
			<x5>256.010281</x5>
			<y5>367.714286</y5>
			<x6>252.661277</x6>
			<y6>397.841935</y6>
			<x7>248.719864</x7>
			<y7>442.81376</y7>
			<x8>240.837094</x8>
			<y8>472.081113</y8>
			<x9>238.328947</x9>
			<y9>499.206984</y9>
			<x10>248.003259</x10>
			<y10>497.779275</y10>
			<x11>258.394203</x11>
			<y11>463.515077</y11>
		</polygon>
	</object>
	<object>
		<name>RPMD</name>
		<pose>Unspecified</pose>
		<truncated>0</truncated>
		<difficult>0</difficult>
		<occluded>0</occluded>
		<bndbox>
			<xmin>226</xmin>
			<xmax>257</xmax>
			<ymin>355</ymin>
			<ymax>500</ymax>
		</bndbox>
		<polygon>
			<x1>230.476579</x1>
			<y1>357.892858</y1>
			<x2>229.729543</x2>
			<y2>416.401743</y2>
			<x3>225.429828</x3>
			<y3>486.357876</y3>
			<x4>226.863066</x4>
			<y4>499.206984</y4>
			<x5>240.478791</x5>
			<y5>473.508768</y5>
			<x6>249.436497</x6>
			<y6>434.247697</y6>
			<x7>256.244359</x7>
			<y7>368.574582</y7>
			<x8>253.377883</x8>
			<y8>353.583965</y8>
			<x9>230.476579</x9>
			<y9>357.892858</y9>
		</polygon>
	</object>
	<object>
		<name>RMD</name>
		<pose>Unspecified</pose>
		<truncated>0</truncated>
		<difficult>0</difficult>
		<occluded>0</occluded>
		<bndbox>
			<xmin>102</xmin>
			<xmax>175</xmax>
			<ymin>312</ymin>
			<ymax>417</ymax>
		</bndbox>
		<polygon>
			<x1>167.742204</x1>
			<y1>337.165694</y1>
			<x2>151.618333</x2>
			<y2>315.750549</y2>
			<x3>135.494461</x3>
			<y3>310.753677</y3>
			<x4>118.934618</x4>
			<y4>344.500001</y4>
			<x5>101.096874</x5>
			<y5>409.263362</y5>
			<x6>114.354282</x6>
			<y6>415.687889</y6>
			<x7>137.644305</x7>
			<y7>404.980317</y7>
			<x8>159.142801</x8>
			<y8>384.992909</y8>
			<x9>173.833461</x9>
			<y9>357.867011</y9>
			<x10>167.742204</x10>
			<y10>337.165694</y10>
		</polygon>
	</object>
	<object>
		<name>LIU</name>
		<pose>Unspecified</pose>
		<truncated>0</truncated>
		<difficult>0</difficult>
		<occluded>0</occluded>
		<bndbox>
			<xmin>321</xmin>
			<xmax>349</xmax>
			<ymin>233</ymin>
			<ymax>375</ymax>
		</bndbox>
		<polygon>
			<x1>347.612964</x1>
			<y1>258.643498</y1>
			<x2>342.954946</x2>
			<y2>231.517654</y2>
			<x3>324.548112</x3>
			<y3>247.178572</y3>
			<x4>322.531387</x4>
			<y4>305.042977</y4>
			<x5>320.739845</x5>
			<y5>342.876421</y5>
			<x6>320.381515</x6>
			<y6>362.150028</y6>
			<x7>330.77246</x7>
			<y7>374.285337</y7>
			<x8>344.029882</x8>
			<y8>362.150028</y8>
			<x9>347.971267</x9>
			<y9>310.753677</y9>
			<x10>347.612964</x10>
			<y10>258.643498</y10>
		</polygon>
	</object>
	<object>
		<name>LIU</name>
		<pose>Unspecified</pose>
		<truncated>0</truncated>
		<difficult>0</difficult>
		<occluded>0</occluded>
		<bndbox>
			<xmin>347</xmin>
			<xmax>369</xmax>
			<ymin>235</ymin>
			<ymax>366</ymax>
		</bndbox>
		<polygon>
			<x1>364.811744</x1>
			<y1>300.046105</y1>
			<x2>368.448161</x2>
			<y2>249.857144</y2>
			<x3>355.137432</x3>
			<y3>234.373018</y3>
			<x4>350.479414</x4>
			<y4>277.203306</y4>
			<x5>345.821423</x5>
			<y5>332.882676</y5>
			<x6>346.179726</x6>
			<y6>365.005392</y6>
			<x7>363.020203</x7>
			<y7>358.580838</y7>
			<x8>362.661928</x8>
			<y8>342.876421</y8>
			<x9>364.811744</x9>
			<y9>300.046105</y9>
		</polygon>
	</object>
	<object>
		<name>LCU</name>
		<pose>Unspecified</pose>
		<truncated>0</truncated>
		<difficult>0</difficult>
		<occluded>0</occluded>
		<bndbox>
			<xmin>365</xmin>
			<xmax>393</xmax>
			<ymin>237</ymin>
			<ymax>369</ymax>
		</bndbox>
		<polygon>
			<x1>364.095139</x1>
			<y1>339.307229</y1>
			<x2>364.811744</x2>
			<y2>367.860728</y2>
			<x3>379.502405</x3>
			<y3>367.860728</y3>
			<x4>386.66857</x4>
			<y4>341.448739</y4>
			<x5>387.743505</x5>
			<y5>277.203306</y5>
			<x6>391.684863</x6>
			<y6>238.656036</y6>
			<x7>372.473166</x7>
			<y7>235.665844</y7>
			<x8>368.753157</x8>
			<y8>288.624706</y8>
			<x9>364.095139</x9>
			<y9>339.307229</y9>
		</polygon>
	</object>
	<object>
		<name>LPMU</name>
		<pose>Unspecified</pose>
		<truncated>0</truncated>
		<difficult>0</difficult>
		<occluded>0</occluded>
		<bndbox>
			<xmin>383</xmin>
			<xmax>409</xmax>
			<ymin>239</ymin>
			<ymax>360</ymax>
		</bndbox>
		<polygon>
			<x1>401.717506</x1>
			<y1>301.473786</y1>
			<x2>407.868614</x2>
			<y2>245.392858</y2>
			<x3>390.609928</x3>
			<y3>237.942208</y3>
			<x4>383.443763</x4>
			<y4>287.197024</y4>
			<x5>381.652221</x5>
			<y5>320.033594</y5>
			<x6>384.518698</x6>
			<y6>345.017929</y6>
			<x7>398.134423</x7>
			<y7>359.294692</y7>
			<x8>404.225652</x8>
			<y8>337.165694</y8>
			<x9>401.717506</x9>
			<y9>301.473786</y9>
		</polygon>
	</object>
	<object>
		<name>LPMU</name>
		<pose>Unspecified</pose>
		<truncated>0</truncated>
		<difficult>0</difficult>
		<occluded>0</occluded>
		<bndbox>
			<xmin>402</xmin>
			<xmax>427</xmax>
			<ymin>239</ymin>
			<ymax>355</ymax>
		</bndbox>
		<polygon>
			<x1>425.365872</x1>
			<y1>294.335405</y1>
			<x2>426.234961</x2>
			<y2>238.250001</y2>
			<x3>409.600276</x3>
			<y3>239.369863</y3>
			<x4>408.167065</x4>
			<y4>280.772497</y4>
			<x5>400.64257</x5>
			<y5>314.322868</y5>
			<x6>403.509047</x6>
			<y6>336.451866</y6>
			<x7>413.541689</x7>
			<y7>354.297819</y7>
			<x8>423.216001</x8>
			<y8>337.165694</y8>
			<x9>425.365872</x9>
			<y9>294.335405</y9>
		</polygon>
	</object>
	<object>
		<name>LMU</name>
		<pose>Unspecified</pose>
		<truncated>0</truncated>
		<difficult>0</difficult>
		<occluded>0</occluded>
		<bndbox>
			<xmin>427</xmin>
			<xmax>453</xmax>
			<ymin>243</ymin>
			<ymax>353</ymax>
		</bndbox>
		<polygon>
			<x1>451.522331</x1>
			<y1>339.307229</y1>
			<x2>451.880661</x2>
			<y2>306.470659</y2>
			<x3>450.44745</x3>
			<y3>280.058643</y3>
			<x4>449.080905</x4>
			<y4>241.821429</y4>
			<x5>427.515689</x5>
			<y5>242.939054</y5>
			<x6>427.157413</x6>
			<y6>287.910878</y6>
			<x7>426.082478</x7>
			<y7>322.175103</y7>
			<x8>434.681854</x8>
			<y8>330.741166</y8>
			<x9>438.623267</x9>
			<y9>352.156311</y9>
			<x10>451.522331</x10>
			<y10>339.307229</y10>
		</polygon>
	</object>
	<object>
		<name>LMU</name>
		<pose>Unspecified</pose>
		<truncated>0</truncated>
		<difficult>0</difficult>
		<occluded>0</occluded>
		<bndbox>
			<xmin>454</xmin>
			<xmax>481</xmax>
			<ymin>225</ymin>
			<ymax>327</ymax>
		</bndbox>
		<polygon>
			<x1>452.597267</x1>
			<y1>224.379273</y1>
			<x2>452.597267</x2>
			<y2>280.772497</y2>
			<x3>453.313872</x3>
			<y3>322.175103</y3>
			<x4>468.362863</x4>
			<y4>325.744294</y4>
			<x5>475.529028</x5>
			<y5>305.042977</y5>
			<x6>473.737487</x6>
			<y6>278.630961</y6>
			<x7>479.542163</x7>
			<y7>227.535715</y7>
			<x8>452.597267</x8>
			<y8>224.379273</y8>
		</polygon>
	</object>
	<object>
		<name>LMU</name>
		<pose>Unspecified</pose>
		<truncated>0</truncated>
		<difficult>0</difficult>
		<occluded>0</occluded>
		<bndbox>
			<xmin>477</xmin>
			<xmax>504</xmax>
			<ymin>210</ymin>
			<ymax>309</ymax>
		</bndbox>
		<polygon>
			<x1>479.11211</x1>
			<y1>209.388696</y1>
			<x2>478.037175</x2>
			<y2>266.495734</y2>
			<x3>475.887303</x3>
			<y3>305.756832</y3>
			<x4>487.711487</x4>
			<y4>307.898341</y4>
			<x5>503.477028</x5>
			<y5>293.621578</y5>
			<x6>498.460734</x6>
			<y6>253.646626</y6>
			<x7>499.252389</x7>
			<y7>208.785715</y7>
			<x8>479.11211</x8>
			<y8>209.388696</y8>
		</polygon>
	</object>
	<object>
		<name>LID</name>
		<pose>Unspecified</pose>
		<truncated>0</truncated>
		<difficult>0</difficult>
		<occluded>0</occluded>
		<bndbox>
			<xmin>321</xmin>
			<xmax>336</xmax>
			<ymin>380</ymin>
			<ymax>489</ymax>
		</bndbox>
		<polygon>
			<x1>335.072175</x1>
			<y1>422.112443</y1>
			<x2>332.611387</x2>
			<y2>386.464286</y2>
			<x3>324.322928</x3>
			<y3>379.282154</y3>
			<x4>320.381515</x4>
			<y4>393.558918</y4>
			<x5>322.531387</x5>
			<y5>431.392388</y5>
			<x6>324.322928</x6>
			<y6>477.791839</y6>
			<x7>328.622616</x7>
			<y7>488.499412</y7>
			<x8>333.638937</x8>
			<y8>474.936476</y8>
			<x9>335.072175</x9>
			<y9>422.112443</y9>
		</polygon>
	</object>
	<object>
		<name>LID</name>
		<pose>Unspecified</pose>
		<truncated>0</truncated>
		<difficult>0</difficult>
		<occluded>0</occluded>
		<bndbox>
			<xmin>334</xmin>
			<xmax>350</xmax>
			<ymin>382</ymin>
			<ymax>501</ymax>
		</bndbox>
		<polygon>
			<x1>333.280634</x1>
			<y1>380.709836</y1>
			<x2>336.147084</x2>
			<y2>446.382951</y2>
			<x3>339.371864</x3>
			<y3>489.927066</y3>
			<x4>347.612964</x4>
			<y4>499.920811</y4>
			<x5>349.404506</x5>
			<y5>469.939576</y5>
			<x6>349.404506</x6>
			<y6>414.260207</y6>
			<x7>348.289976</x7>
			<y7>383.785715</y7>
			<x8>333.280634</x8>
			<y8>380.709836</y8>
		</polygon>
	</object>
	<object>
		<name>LCD</name>
		<pose>Unspecified</pose>
		<truncated>0</truncated>
		<difficult>0</difficult>
		<occluded>0</occluded>
		<bndbox>
			<xmin>347</xmin>
			<xmax>379</xmax>
			<ymin>350</ymin>
			<ymax>544</ymax>
		</bndbox>
		<polygon>
			<x1>352.629258</x1>
			<y1>444.955242</y1>
			<x2>356.212341</x2>
			<y2>494.210084</y2>
			<x3>365.170074</x3>
			<y3>542.751099</y3>
			<x4>377.710863</x4>
			<y4>539.895736</y4>
			<x5>374.844386</x5>
			<y5>490.640894</y5>
			<x6>372.336239</x6>
			<y6>433.533842</y6>
			<x7>369.111432</x7>
			<y7>391.417408</y7>
			<x8>363.072645</x8>
			<y8>355.214286</y8>
			<x9>354.062497</x9>
			<y9>348.58712</y9>
			<x10>346.179726</x10>
			<y10>365.005392</y10>
			<x11>347.612964</x11>
			<y11>395.700481</y11>
			<x12>352.629258</x12>
			<y12>444.955242</y12>
		</polygon>
	</object>
	<object>
		<name>LPMD</name>
		<pose>Unspecified</pose>
		<truncated>0</truncated>
		<difficult>0</difficult>
		<occluded>0</occluded>
		<bndbox>
			<xmin>368</xmin>
			<xmax>401</xmax>
			<ymin>368</ymin>
			<ymax>509</ymax>
		</bndbox>
		<polygon>
			<x1>392.401469</x1>
			<y1>407.121826</y1>
			<x2>385.47063</x2>
			<y2>368.607144</y2>
			<x3>366.961616</x3>
			<y3>367.146955</y3>
			<x4>376.277597</x4>
			<y4>434.247697</y4>
			<x5>384.518698</x5>
			<y5>481.36103</y5>
			<x6>394.19301</x6>
			<y6>508.486847</y6>
			<x7>399.567634</x7>
			<y7>506.345365</y7>
			<x8>394.55134</x8>
			<y8>464.942731</y8>
			<x9>392.401469</x9>
			<y9>407.121826</y9>
		</polygon>
	</object>
	<object>
		<name>LPMD</name>
		<pose>Unspecified</pose>
		<truncated>0</truncated>
		<difficult>0</difficult>
		<occluded>0</occluded>
		<bndbox>
			<xmin>388</xmin>
			<xmax>424</xmax>
			<ymin>357</ymin>
			<ymax>512</ymax>
		</bndbox>
		<polygon>
			<x1>418.916313</x1>
			<y1>510.628383</y1>
			<x2>422.857671</x2>
			<y2>490.640894</y2>
			<x3>411.750147</x3>
			<y3>428.53697</y3>
			<x4>408.764533</x4>
			<y4>369.500001</y4>
			<x5>407.808735</x5>
			<y5>356.439383</y5>
			<x6>387.385175</x6>
			<y6>359.294692</y6>
			<x7>389.176717</x7>
			<y7>377.140646</y7>
			<x8>394.19301</x8>
			<y8>424.254006</y8>
			<x9>403.509047</x9>
			<y9>475.650303</y9>
			<x10>418.916313</x10>
			<y10>510.628383</y10>
		</polygon>
	</object>
	<object>
		<name>LMD</name>
		<pose>Unspecified</pose>
		<truncated>0</truncated>
		<difficult>0</difficult>
		<occluded>0</occluded>
		<bndbox>
			<xmin>437</xmin>
			<xmax>493</xmax>
			<ymin>339</ymin>
			<ymax>480</ymax>
		</bndbox>
		<polygon>
			<x1>436.090074</x1>
			<y1>360.571429</y1>
			<x2>435.75679</x2>
			<y2>394.272744</y2>
			<x3>454.747138</x3>
			<y3>444.241414</y3>
			<x4>476.245633</x4>
			<y4>478.505667</y4>
			<x5>492.011175</x5>
			<y5>459.945886</y5>
			<x6>480.903652</x6>
			<y6>406.408053</y6>
			<x7>467.287927</x7>
			<y7>352.870192</y7>
			<x8>460.121762</x8>
			<y8>337.879548</y8>
			<x9>436.090074</x9>
			<y9>360.571429</y9>
		</polygon>
	</object>
	<object>
		<name>LMD</name>
		<pose>Unspecified</pose>
		<truncated>0</truncated>
		<difficult>0</difficult>
		<occluded>0</occluded>
		<bndbox>
			<xmin>465</xmin>
			<xmax>515</xmax>
			<ymin>319</ymin>
			<ymax>427</ymax>
		</bndbox>
		<polygon>
			<x1>464.42145</x1>
			<y1>345.731811</y1>
			<x2>474.454092</x2>
			<y2>382.137491</y2>
			<x3>485.20334</x3>
			<y3>410.691016</y3>
			<x4>500.252276</x4>
			<y4>425.681634</y4>
			<x5>514.226276</x5>
			<y5>425.681634</y5>
			<x6>512.076459</x6>
			<y6>379.995982</y6>
			<x7>502.388107</x7>
			<y7>317.714286</y7>
			<x8>464.42145</x8>
			<y8>345.731811</y8>
		</polygon>
	</object>
</annotation>
