<annotation>
	<folder></folder>
	<filename>11_jpg.rf.33753ff21351ec9503a5ffc1043c39e8.jpg</filename>
	<path>11_jpg.rf.33753ff21351ec9503a5ffc1043c39e8.jpg</path>
	<source>
		<database>roboflow.com</database>
	</source>
	<size>
		<width>640</width>
		<height>640</height>
		<depth>3</depth>
	</size>
	<segmented>0</segmented>
	<object>
		<name>RCD</name>
		<pose>Unspecified</pose>
		<truncated>0</truncated>
		<difficult>0</difficult>
		<occluded>0</occluded>
		<bndbox>
			<xmin>258</xmin>
			<xmax>283</xmax>
			<ymin>360</ymin>
			<ymax>510</ymax>
		</bndbox>
		<polygon>
			<x1>261.400294</x1>
			<y1>488.625</y1>
			<x2>275.511024</x2>
			<y2>508.9375</y2>
			<x3>281.78246</x3>
			<y3>494.875</y3>
			<x4>278.646742</x4>
			<y4>441.75</y4>
			<x5>277.862812</x5>
			<y5>396.4375</y5>
			<x6>278.646742</x6>
			<y6>362.0625</y6>
			<x7>273.159236</x7>
			<y7>358.9375</y7>
			<x8>259.048506</x8>
			<y8>368.3125</y8>
			<x9>256.696717</x9>
			<y9>376.125</y9>
			<x10>259.048506</x10>
			<y10>418.3125</y10>
			<x11>261.400294</x11>
			<y11>462.0625</y11>
			<x12>261.400294</x12>
			<y12>488.625</y12>
		</polygon>
	</object>
	<object>
		<name>RID</name>
		<pose>Unspecified</pose>
		<truncated>0</truncated>
		<difficult>0</difficult>
		<occluded>0</occluded>
		<bndbox>
			<xmin>280</xmin>
			<xmax>297</xmax>
			<ymin>363</ymin>
			<ymax>490</ymax>
		</bndbox>
		<polygon>
			<x1>283.350318</x1>
			<y1>476.125</y1>
			<x2>282.566389</x2>
			<y2>488.625</y2>
			<x3>291.189613</x3>
			<y3>485.5</y3>
			<x4>292.757472</x4>
			<y4>463.625</y4>
			<x5>295.89319</x5>
			<y5>435.5</y5>
			<x6>295.10926</x6>
			<y6>407.375</y6>
			<x7>295.89319</x7>
			<y7>377.6875</y7>
			<x8>295.89319</x8>
			<y8>362.0625</y8>
			<x9>280.99853</x9>
			<y9>362.0625</y9>
			<x10>279.430671</x10>
			<y10>398</y10>
			<x11>279.430671</x11>
			<y11>415.1875</y11>
			<x12>280.99853</x12>
			<y12>443.3125</y12>
			<x13>283.350318</x13>
			<y13>476.125</y13>
		</polygon>
	</object>
	<object>
		<name>RID</name>
		<pose>Unspecified</pose>
		<truncated>0</truncated>
		<difficult>0</difficult>
		<occluded>0</occluded>
		<bndbox>
			<xmin>298</xmin>
			<xmax>315</xmax>
			<ymin>358</ymin>
			<ymax>485</ymax>
		</bndbox>
		<polygon>
			<x1>313.923567</x1>
			<y1>448</y1>
			<x2>313.139637</x2>
			<y2>385.5</y2>
			<x3>313.923567</x3>
			<y3>357.375</y3>
			<x4>297.461049</x4>
			<y4>362.0625</y4>
			<x5>296.677119</x5>
			<y5>410.5</y5>
			<x6>299.028907</x6>
			<y6>433.9375</y6>
			<x7>302.164625</x7>
			<y7>466.75</y7>
			<x8>304.516414</x8>
			<y8>483.9375</y8>
			<x9>313.139637</x9>
			<y9>483.9375</y9>
			<x10>313.923567</x10>
			<y10>448</y10>
		</polygon>
	</object>
	<object>
		<name>LID</name>
		<pose>Unspecified</pose>
		<truncated>0</truncated>
		<difficult>0</difficult>
		<occluded>0</occluded>
		<bndbox>
			<xmin>318</xmin>
			<xmax>336</xmax>
			<ymin>360</ymin>
			<ymax>493</ymax>
		</bndbox>
		<polygon>
			<x1>319.411073</x1>
			<y1>402.6875</y1>
			<x2>320.195002</x2>
			<y2>430.8125</y2>
			<x3>320.978932</x3>
			<y3>451.125</y3>
			<x4>323.33072</x4>
			<y4>482.375</y4>
			<x5>330.386085</x5>
			<y5>491.75</y5>
			<x6>335.089662</x6>
			<y6>477.6875</y6>
			<x7>335.089662</x7>
			<y7>452.6875</y7>
			<x8>335.089662</x8>
			<y8>426.125</y8>
			<x9>335.089662</x9>
			<y9>401.125</y9>
			<x10>334.305732</x10>
			<y10>379.25</y10>
			<x11>335.089662</x11>
			<y11>358.9375</y11>
			<x12>319.411073</x12>
			<y12>358.9375</y12>
			<x13>317.059285</x13>
			<y13>382.375</y13>
			<x14>319.411073</x14>
			<y14>402.6875</y14>
		</polygon>
	</object>
	<object>
		<name>LID</name>
		<pose>Unspecified</pose>
		<truncated>0</truncated>
		<difficult>0</difficult>
		<occluded>0</occluded>
		<bndbox>
			<xmin>336</xmin>
			<xmax>352</xmax>
			<ymin>362</ymin>
			<ymax>488</ymax>
		</bndbox>
		<polygon>
			<x1>339.009309</x1>
			<y1>487.0625</y1>
			<x2>350.768251</x2>
			<y2>479.25</y2>
			<x3>350.768251</x3>
			<y3>452.6875</y3>
			<x4>350.768251</x4>
			<y4>432.375</y4>
			<x5>350.768251</x5>
			<y5>415.1875</y5>
			<x6>349.200392</x6>
			<y6>398</y6>
			<x7>350.768251</x7>
			<y7>360.5</y7>
			<x8>336.657521</x8>
			<y8>362.0625</y8>
			<x9>335.873591</x9>
			<y9>412.0625</y9>
			<x10>335.089662</x10>
			<y10>437.0625</y10>
			<x11>335.873591</x11>
			<y11>468.3125</y11>
			<x12>339.009309</x12>
			<y12>487.0625</y12>
		</polygon>
	</object>
	<object>
		<name>RMD</name>
		<pose>Unspecified</pose>
		<truncated>0</truncated>
		<difficult>0</difficult>
		<occluded>0</occluded>
		<bndbox>
			<xmin>121</xmin>
			<xmax>190</xmax>
			<ymin>318</ymin>
			<ymax>455</ymax>
		</bndbox>
		<polygon>
			<x1>124.99657</x1>
			<y1>426.125</y1>
			<x2>132.835865</x2>
			<y2>446.4375</y2>
			<x3>143.026948</x3>
			<y3>454.25</y3>
			<x4>168.11269</x4>
			<y4>413.625</y4>
			<x5>189.278785</x5>
			<y5>382.375</y5>
			<x6>185.359138</x6>
			<y6>369.875</y6>
			<x7>174.384125</x7>
			<y7>346.4375</y7>
			<x8>158.705537</x8>
			<y8>326.125</y8>
			<x9>151.650171</x9>
			<y9>316.75</y9>
			<x10>142.243018</x10>
			<y10>352.6875</y10>
			<x11>125.7805</x11>
			<y11>387.0625</y11>
			<x12>120.292994</x12>
			<y12>404.25</y12>
			<x13>124.99657</x13>
			<y13>426.125</y13>
		</polygon>
	</object>
	<object>
		<name>RMU</name>
		<pose>Unspecified</pose>
		<truncated>0</truncated>
		<difficult>0</difficult>
		<occluded>0</occluded>
		<bndbox>
			<xmin>171</xmin>
			<xmax>203</xmax>
			<ymin>246</ymin>
			<ymax>365</ymax>
		</bndbox>
		<polygon>
			<x1>175.168055</x1>
			<y1>310.5</y1>
			<x2>170.464478</x2>
			<y2>323</y2>
			<x3>172.032337</x3>
			<y3>340.1875</y3>
			<x4>179.087702</x4>
			<y4>349.5625</y4>
			<x5>186.143067</x5>
			<y5>363.625</y5>
			<x6>195.55022</x6>
			<y6>358.9375</y6>
			<x7>200.253797</x7>
			<y7>346.4375</y7>
			<x8>200.253797</x8>
			<y8>312.0625</y8>
			<x9>201.821656</x9>
			<y9>287.0625</y9>
			<x10>200.253797</x10>
			<y10>255.8125</y10>
			<x11>194.766291</x11>
			<y11>244.875</y11>
			<x12>193.982362</x12>
			<y12>244.875</y12>
			<x13>181.43949</x13>
			<y13>263.625</y13>
			<x14>179.871632</x14>
			<y14>288.625</y14>
			<x15>175.168055</x15>
			<y15>310.5</y15>
		</polygon>
	</object>
	<object>
		<name>RMU</name>
		<pose>Unspecified</pose>
		<truncated>0</truncated>
		<difficult>0</difficult>
		<occluded>0</occluded>
		<bndbox>
			<xmin>199</xmin>
			<xmax>232</xmax>
			<ymin>243</ymin>
			<ymax>388</ymax>
		</bndbox>
		<polygon>
			<x1>201.821656</x1>
			<y1>298</y1>
			<x2>201.821656</x2>
			<y2>321.4375</y2>
			<x3>197.902009</x3>
			<y3>349.5625</y3>
			<x4>197.902009</x4>
			<y4>374.5625</y4>
			<x5>205.741303</x5>
			<y5>383.9375</y5>
			<x6>222.203822</x6>
			<y6>387.0625</y6>
			<x7>229.259187</x7>
			<y7>387.0625</y7>
			<x8>230.827046</x8>
			<y8>357.375</y8>
			<x9>229.259187</x9>
			<y9>332.375</y9>
			<x10>228.475257</x10>
			<y10>308.9375</y10>
			<x11>227.691328</x11>
			<y11>277.6875</y11>
			<x12>226.907398</x12>
			<y12>252.6875</y12>
			<x13>222.203822</x13>
			<y13>244.875</y13>
			<x14>212.012739</x14>
			<y14>241.75</y14>
			<x15>203.389515</x15>
			<y15>252.6875</y15>
			<x16>201.821656</x16>
			<y16>298</y16>
		</polygon>
	</object>
	<object>
		<name>RPMU</name>
		<pose>Unspecified</pose>
		<truncated>0</truncated>
		<difficult>0</difficult>
		<occluded>0</occluded>
		<bndbox>
			<xmin>228</xmin>
			<xmax>255</xmax>
			<ymin>221</ymin>
			<ymax>391</ymax>
		</bndbox>
		<polygon>
			<x1>233.962763</x1>
			<y1>390.1875</y1>
			<x2>245.721705</x2>
			<y2>385.5</y2>
			<x3>252.77707</x3>
			<y3>369.875</y3>
			<x4>253.561</x4>
			<y4>337.0625</y4>
			<x5>250.425282</x5>
			<y5>301.125</y5>
			<x6>247.289564</x6>
			<y6>269.875</y6>
			<x7>246.505634</x7>
			<y7>240.1875</y7>
			<x8>244.153846</x8>
			<y8>219.875</y8>
			<x9>226.907398</x9>
			<y9>235.5</y9>
			<x10>227.691328</x10>
			<y10>288.625</y10>
			<x11>230.827046</x11>
			<y11>340.1875</y11>
			<x12>230.043116</x12>
			<y12>368.3125</y12>
			<x13>233.962763</x13>
			<y13>390.1875</y13>
		</polygon>
	</object>
	<object>
		<name>RPMU</name>
		<pose>Unspecified</pose>
		<truncated>0</truncated>
		<difficult>0</difficult>
		<occluded>0</occluded>
		<bndbox>
			<xmin>250</xmin>
			<xmax>277</xmax>
			<ymin>226</ymin>
			<ymax>383</ymax>
		</bndbox>
		<polygon>
			<x1>250.425282</x1>
			<y1>368.3125</y1>
			<x2>250.425282</x2>
			<y2>382.375</y2>
			<x3>259.048506</x3>
			<y3>366.75</y3>
			<x4>266.8878</x4>
			<y4>360.5</y4>
			<x5>275.511024</x5>
			<y5>352.6875</y5>
			<x6>272.375306</x6>
			<y6>319.875</y6>
			<x7>270.807447</x7>
			<y7>291.75</y7>
			<x8>267.67173</x8>
			<y8>268.3125</y8>
			<x9>267.67173</x9>
			<y9>241.75</y9>
			<x10>255.912788</x10>
			<y10>224.5625</y10>
			<x11>251.209211</x11>
			<y11>230.8125</y11>
			<x12>248.857423</x12>
			<y12>283.9375</y12>
			<x13>250.425282</x13>
			<y13>332.375</y13>
			<x14>250.425282</x14>
			<y14>368.3125</y14>
		</polygon>
	</object>
	<object>
		<name>RMU</name>
		<pose>Unspecified</pose>
		<truncated>0</truncated>
		<difficult>0</difficult>
		<occluded>0</occluded>
		<bndbox>
			<xmin>144</xmin>
			<xmax>183</xmax>
			<ymin>229</ymin>
			<ymax>332</ymax>
		</bndbox>
		<polygon>
			<x1>149.298383</x1>
			<y1>308.9375</y1>
			<x2>160.273395</x2>
			<y2>323</y2>
			<x3>167.32876</x3>
			<y3>330.8125</y3>
			<x4>175.951984</x4>
			<y4>313.625</y4>
			<x5>177.519843</x5>
			<y5>285.5</y5>
			<x6>181.43949</x6>
			<y6>257.375</y6>
			<x7>182.22342</x7>
			<y7>233.9375</y7>
			<x8>170.464478</x8>
			<y8>227.6875</y8>
			<x9>157.921607</x9>
			<y9>240.1875</y9>
			<x10>150.866242</x10>
			<y10>260.5</y10>
			<x11>146.162665</x11>
			<y11>276.125</y11>
			<x12>143.026948</x12>
			<y12>293.3125</y12>
			<x13>149.298383</x13>
			<y13>308.9375</y13>
		</polygon>
	</object>
	<object>
		<name>LCD</name>
		<pose>Unspecified</pose>
		<truncated>0</truncated>
		<difficult>0</difficult>
		<occluded>0</occluded>
		<bndbox>
			<xmin>353</xmin>
			<xmax>374</xmax>
			<ymin>357</ymin>
			<ymax>505</ymax>
		</bndbox>
		<polygon>
			<x1>351.55218</x1>
			<y1>418.3125</y1>
			<x2>353.903969</x2>
			<y2>438.625</y2>
			<x3>355.471828</x3>
			<y3>480.8125</y3>
			<x4>357.823616</x4>
			<y4>499.5625</y4>
			<x5>368.014699</x5>
			<y5>504.25</y5>
			<x6>372.718275</x6>
			<y6>488.625</y6>
			<x7>372.718275</x7>
			<y7>455.8125</y7>
			<x8>372.718275</x8>
			<y8>430.8125</y8>
			<x9>369.582558</x9>
			<y9>401.125</y9>
			<x10>368.798628</x10>
			<y10>380.8125</y10>
			<x11>366.44684</x11>
			<y11>355.8125</y11>
			<x12>353.120039</x12>
			<y12>360.5</y12>
			<x13>351.55218</x13>
			<y13>383.9375</y13>
			<x14>351.55218</x14>
			<y14>418.3125</y14>
		</polygon>
	</object>
	<object>
		<name>LCU</name>
		<pose>Unspecified</pose>
		<truncated>0</truncated>
		<difficult>0</difficult>
		<occluded>0</occluded>
		<bndbox>
			<xmin>367</xmin>
			<xmax>400</xmax>
			<ymin>210</ymin>
			<ymax>360</ymax>
		</bndbox>
		<polygon>
			<x1>368.798628</x1>
			<y1>304.25</y1>
			<x2>368.798628</x2>
			<y2>332.375</y2>
			<x3>371.934346</x3>
			<y3>352.6875</y3>
			<x4>384.477217</x4>
			<y4>358.9375</y4>
			<x5>395.452229</x5>
			<y5>358.9375</y5>
			<x6>399.371877</x6>
			<y6>344.875</y6>
			<x7>396.236159</x7>
			<y7>318.3125</y7>
			<x8>391.532582</x8>
			<y8>291.75</y8>
			<x9>388.396864</x9>
			<y9>273</y9>
			<x10>386.829005</x10>
			<y10>248</y10>
			<x11>382.909358</x11>
			<y11>227.6875</y11>
			<x12>378.205781</x12>
			<y12>208.9375</y12>
			<x13>366.44684</x13>
			<y13>212.0625</y13>
			<x14>368.798628</x14>
			<y14>266.75</y14>
			<x15>368.798628</x15>
			<y15>304.25</y15>
		</polygon>
	</object>
	<object>
		<name>LMU</name>
		<pose>Unspecified</pose>
		<truncated>0</truncated>
		<difficult>0</difficult>
		<occluded>0</occluded>
		<bndbox>
			<xmin>417</xmin>
			<xmax>451</xmax>
			<ymin>208</ymin>
			<ymax>357</ymax>
		</bndbox>
		<polygon>
			<x1>416.618324</x1>
			<y1>355.8125</y1>
			<x2>429.945125</x2>
			<y2>352.6875</y2>
			<x3>444.055855</x3>
			<y3>349.5625</y3>
			<x4>449.543361</x4>
			<y4>333.9375</y4>
			<x5>444.839784</x5>
			<y5>301.125</y5>
			<x6>443.271926</x6>
			<y6>277.6875</y6>
			<x7>440.920137</x7>
			<y7>241.75</y7>
			<x8>441.704067</x8>
			<y8>207.375</y8>
			<x9>423.673689</x9>
			<y9>218.3125</y9>
			<x10>421.321901</x10>
			<y10>258.9375</y10>
			<x11>419.754042</x11>
			<y11>298</y11>
			<x12>415.834395</x12>
			<y12>321.4375</y12>
			<x13>416.618324</x13>
			<y13>355.8125</y13>
		</polygon>
	</object>
	<object>
		<name>LMU</name>
		<pose>Unspecified</pose>
		<truncated>0</truncated>
		<difficult>0</difficult>
		<occluded>0</occluded>
		<bndbox>
			<xmin>444</xmin>
			<xmax>476</xmax>
			<ymin>210</ymin>
			<ymax>333</ymax>
		</bndbox>
		<polygon>
			<x1>475.413033</x1>
			<y1>298</y1>
			<x2>470.709456</x2>
			<y2>269.875</y2>
			<x3>462.086232</x3>
			<y3>235.5</y3>
			<x4>456.598726</x4>
			<y4>208.9375</y4>
			<x5>445.623714</x5>
			<y5>215.1875</y5>
			<x6>443.271926</x6>
			<y6>265.1875</y6>
			<x7>443.271926</x7>
			<y7>299.5625</y7>
			<x8>448.759432</x8>
			<y8>332.375</y8>
			<x9>465.22195</x9>
			<y9>327.6875</y9>
			<x10>471.493386</x10>
			<y10>313.625</y10>
			<x11>475.413033</x11>
			<y11>298</y11>
		</polygon>
	</object>
	<object>
		<name>LPMD</name>
		<pose>Unspecified</pose>
		<truncated>0</truncated>
		<difficult>0</difficult>
		<occluded>0</occluded>
		<bndbox>
			<xmin>371</xmin>
			<xmax>393</xmax>
			<ymin>360</ymin>
			<ymax>491</ymax>
		</bndbox>
		<polygon>
			<x1>376.637923</x1>
			<y1>443.3125</y1>
			<x2>379.77364</x2>
			<y2>471.4375</y2>
			<x3>386.045076</x3>
			<y3>490.1875</y3>
			<x4>392.316512</x4>
			<y4>487.0625</y4>
			<x5>392.316512</x5>
			<y5>466.75</y5>
			<x6>390.748653</x6>
			<y6>432.375</y6>
			<x7>390.748653</x7>
			<y7>412.0625</y7>
			<x8>392.316512</x8>
			<y8>385.5</y8>
			<x9>392.316512</x9>
			<y9>365.1875</y9>
			<x10>388.396864</x10>
			<y10>358.9375</y10>
			<x11>370.366487</x11>
			<y11>360.5</y11>
			<x12>372.718275</x12>
			<y12>388.625</y12>
			<x13>372.718275</x13>
			<y13>408.9375</y13>
			<x14>376.637923</x14>
			<y14>443.3125</y14>
		</polygon>
	</object>
	<object>
		<name>LPMD</name>
		<pose>Unspecified</pose>
		<truncated>0</truncated>
		<difficult>0</difficult>
		<occluded>0</occluded>
		<bndbox>
			<xmin>393</xmin>
			<xmax>418</xmax>
			<ymin>352</ymin>
			<ymax>483</ymax>
		</bndbox>
		<polygon>
			<x1>399.371877</x1>
			<y1>466.75</y1>
			<x2>407.211171</x2>
			<y2>482.375</y2>
			<x3>413.482607</x3>
			<y3>476.125</y3>
			<x4>411.914748</x4>
			<y4>448</y4>
			<x5>411.130818</x5>
			<y5>423</y5>
			<x6>412.698677</x6>
			<y6>388.625</y6>
			<x7>416.618324</x7>
			<y7>363.625</y7>
			<x8>410.346889</x8>
			<y8>351.125</y8>
			<x9>393.100441</x9>
			<y9>352.6875</y9>
			<x10>391.532582</x10>
			<y10>376.125</y10>
			<x11>393.88437</x11>
			<y11>405.8125</y11>
			<x12>397.020088</x12>
			<y12>435.5</y12>
			<x13>399.371877</x13>
			<y13>466.75</y13>
		</polygon>
	</object>
	<object>
		<name>LMD</name>
		<pose>Unspecified</pose>
		<truncated>0</truncated>
		<difficult>0</difficult>
		<occluded>0</occluded>
		<bndbox>
			<xmin>440</xmin>
			<xmax>501</xmax>
			<ymin>312</ymin>
			<ymax>443</ymax>
		</bndbox>
		<polygon>
			<x1>439.352278</x1>
			<y1>368.3125</y1>
			<x2>444.055855</x2>
			<y2>394.875</y2>
			<x3>452.679079</x3>
			<y3>398</y3>
			<x4>462.870162</x4>
			<y4>410.5</y4>
			<x5>473.845174</x5>
			<y5>424.5625</y5>
			<x6>482.468398</x6>
			<y6>441.75</y6>
			<x7>493.44341</x7>
			<y7>430.8125</y7>
			<x8>500.498775</x8>
			<y8>399.5625</y8>
			<x9>497.363057</x9>
			<y9>369.875</y9>
			<x10>488.739833</x10>
			<y10>348</y10>
			<x11>486.388045</x11>
			<y11>344.875</y11>
			<x12>481.684468</x12>
			<y12>329.25</y12>
			<x13>476.196962</x13>
			<y13>310.5</y13>
			<x14>458.950514</x14>
			<y14>327.6875</y14>
			<x15>451.11122</x15>
			<y15>335.5</y15>
			<x16>440.920137</x16>
			<y16>354.25</y16>
			<x17>439.352278</x17>
			<y17>368.3125</y17>
		</polygon>
	</object>
</annotation>
