<annotation>
	<folder></folder>
	<filename>120_jpg.rf.f443962d0ad394adc4fdf864f9e3cd2b.jpg</filename>
	<path>120_jpg.rf.f443962d0ad394adc4fdf864f9e3cd2b.jpg</path>
	<source>
		<database>roboflow.com</database>
	</source>
	<size>
		<width>640</width>
		<height>640</height>
		<depth>3</depth>
	</size>
	<segmented>0</segmented>
	<object>
		<name>RID</name>
		<pose>Unspecified</pose>
		<truncated>0</truncated>
		<difficult>0</difficult>
		<occluded>0</occluded>
		<bndbox>
			<xmin>302</xmin>
			<xmax>319</xmax>
			<ymin>397</ymin>
			<ymax>513</ymax>
		</bndbox>
		<polygon>
			<x1>309.733398</x1>
			<y1>510.097188</y1>
			<x2>313.993084</x2>
			<y2>511.596244</y2>
			<x3>317.501071</x3>
			<y3>502.601887</y3>
			<x4>314.744803</x4>
			<y4>474.119741</y4>
			<x5>311.988534</x5>
			<y5>433.645126</y5>
			<x6>312.520308</x6>
			<y6>399.000001</y6>
			<x7>300.712873</x7>
			<y7>396.168624</y7>
			<x8>301.214006</x8>
			<y8>413.657658</y8>
			<x9>302.466857</x9>
			<y9>440.640747</y9>
			<x10>305.473711</x10>
			<y10>472.620685</y10>
			<x11>309.733398</x11>
			<y11>510.097188</y11>
		</polygon>
	</object>
	<object>
		<name>RID</name>
		<pose>Unspecified</pose>
		<truncated>0</truncated>
		<difficult>0</difficult>
		<occluded>0</occluded>
		<bndbox>
			<xmin>288</xmin>
			<xmax>309</xmax>
			<ymin>396</ymin>
			<ymax>512</ymax>
		</bndbox>
		<polygon>
			<x1>308.22998</x1>
			<y1>505.10032</y1>
			<x2>304.972559</x2>
			<y2>472.121006</y2>
			<x3>301.965724</x3>
			<y3>435.144183</y3>
			<x4>299.049921</x4>
			<y4>395.250001</y4>
			<x5>287.182076</x5>
			<y5>396.668303</y5>
			<x6>289.437212</x6>
			<y6>423.151713</y6>
			<x7>291.441762</x7>
			<y7>457.130405</y7>
			<x8>295.200316</x8>
			<y8>495.606284</y8>
			<x9>302.21629</x9>
			<y9>511.096603</y9>
			<x10>308.22998</x10>
			<y10>505.10032</y10>
		</polygon>
	</object>
	<object>
		<name>RCD</name>
		<pose>Unspecified</pose>
		<truncated>0</truncated>
		<difficult>0</difficult>
		<occluded>0</occluded>
		<bndbox>
			<xmin>276</xmin>
			<xmax>291</xmax>
			<ymin>386</ymin>
			<ymax>532</ymax>
		</bndbox>
		<polygon>
			<x1>276.156982</x1>
			<y1>385.031413</y1>
			<x2>275.154697</x2>
			<y2>416.011973</y2>
			<x3>275.405282</x3>
			<y3>487.467186</y3>
			<x4>280.166101</x4>
			<y4>530.939933</y4>
			<x5>290.188911</x5>
			<y5>519.447123</y5>
			<x6>290.439497</x6>
			<y6>461.983153</y6>
			<x7>288.712182</x7>
			<y7>396.500001</y7>
			<x8>276.156982</x8>
			<y8>385.031413</y8>
		</polygon>
	</object>
	<object>
		<name>RPMD</name>
		<pose>Unspecified</pose>
		<truncated>0</truncated>
		<difficult>0</difficult>
		<occluded>0</occluded>
		<bndbox>
			<xmin>252</xmin>
			<xmax>275</xmax>
			<ymin>369</ymin>
			<ymax>538</ymax>
		</bndbox>
		<polygon>
			<x1>251.350524</x1>
			<y1>500.958711</y1>
			<x2>255.109077</x2>
			<y2>534.937403</y2>
			<x3>272.648994</x3>
			<y3>537.435837</y3>
			<x4>274.402997</x4>
			<y4>489.465921</y4>
			<x5>273.651279</x5>
			<y5>433.501008</y5>
			<x6>272.422412</x6>
			<y6>392.750001</y6>
			<x7>263.628469</x7>
			<y7>368.042057</y7>
			<x8>260.120482</x8>
			<y8>377.536113</y8>
			<x9>256.86308</x9>
			<y9>407.517314</y9>
			<x10>254.357378</x10>
			<y10>448.491628</y10>
			<x11>251.350524</x11>
			<y11>500.958711</y11>
		</polygon>
	</object>
	<object>
		<name>RPMD</name>
		<pose>Unspecified</pose>
		<truncated>0</truncated>
		<difficult>0</difficult>
		<occluded>0</occluded>
		<bndbox>
			<xmin>236</xmin>
			<xmax>262</xmax>
			<ymin>377</ymin>
			<ymax>509</ymax>
		</bndbox>
		<polygon>
			<x1>256.111362</x1>
			<y1>420.009482</y1>
			<x2>260.8722</x2>
			<y2>388.529204</y2>
			<x3>254.106812</x3>
			<y3>375.537358</y3>
			<x4>237.819746</x4>
			<y4>382.033281</y4>
			<x5>238.589813</x5>
			<y5>382.125001</y5>
			<x6>236.566895</x6>
			<y6>424.506651</y6>
			<x7>235.063458</x7>
			<y7>474.47532</y7>
			<x8>235.56461</x8>
			<y8>506.455277</y8>
			<x9>243.081717</x9>
			<y9>508.454012</y9>
			<x10>249.345973</x10>
			<y10>475.974377</y10>
			<x11>256.111362</x11>
			<y11>420.009482</y11>
		</polygon>
	</object>
	<object>
		<name>RMD</name>
		<pose>Unspecified</pose>
		<truncated>0</truncated>
		<difficult>0</difficult>
		<occluded>0</occluded>
		<bndbox>
			<xmin>172</xmin>
			<xmax>246</xmax>
			<ymin>356</ymin>
			<ymax>471</ymax>
		</bndbox>
		<polygon>
			<x1>237.318594</x1>
			<y1>401.021372</y1>
			<x2>244.585135</x2>
			<y2>372.539246</y2>
			<x3>213.841894</x3>
			<y3>354.625001</y3>
			<x4>206.999598</x4>
			<y4>377.536113</y4>
			<x5>185.199995</x5>
			<y5>427.504782</y5>
			<x6>171.418622</x6>
			<y6>450.490401</y6>
			<x7>177.682878</x7>
			<y7>470.477869</y7>
			<x8>205.245614</x8>
			<y8>466.98002</y8>
			<x9>226.794651</x9>
			<y9>431.502272</y9>
			<x10>237.318594</x10>
			<y10>401.021372</y10>
		</polygon>
	</object>
	<object>
		<name>RMD</name>
		<pose>Unspecified</pose>
		<truncated>0</truncated>
		<difficult>0</difficult>
		<occluded>0</occluded>
		<bndbox>
			<xmin>161</xmin>
			<xmax>215</xmax>
			<ymin>329</ymin>
			<ymax>429</ymax>
		</bndbox>
		<polygon>
			<x1>200.735343</x1>
			<y1>331.065244</y1>
			<x2>184.197701</x2>
			<y2>328.067122</y2>
			<x3>178.434587</x3>
			<y3>365.543624</y3>
			<x4>160.900141</x4>
			<y4>397.750001</y4>
			<x5>159.641819</x5>
			<y5>420.009482</y5>
			<x6>176.179461</x6>
			<y6>427.504782</y6>
			<x7>191.965384</x7>
			<y7>409.016371</y7>
			<x8>208.25245</x8>
			<y8>376.536735</y8>
			<x9>214.266139</x9>
			<y9>347.055213</y9>
			<x10>200.735343</x10>
			<y10>331.065244</y10>
		</polygon>
	</object>
	<object>
		<name>LID</name>
		<pose>Unspecified</pose>
		<truncated>0</truncated>
		<difficult>0</difficult>
		<occluded>0</occluded>
		<bndbox>
			<xmin>313</xmin>
			<xmax>328</xmax>
			<ymin>395</ymin>
			<ymax>519</ymax>
		</bndbox>
		<polygon>
			<x1>311.737967</x1>
			<y1>441.080938</y1>
			<x2>313.993084</x2>
			<y2>472.061478</y2>
			<x3>317.250505</x3>
			<y3>505.540472</y3>
			<x4>326.020463</x4>
			<y4>518.032639</y4>
			<x5>326.521596</x5>
			<y5>490.050192</y5>
			<x6>325.268745</x6>
			<y6>454.072746</y6>
			<x7>322.011343</x7>
			<y7>432.586222</y7>
			<x8>321.918252</x8>
			<y8>400.875001</y8>
			<x9>322.512476</x9>
			<y9>394.110342</y9>
			<x10>311.988534</x10>
			<y10>395.109719</y10>
			<x11>311.737967</x11>
			<y11>402.105341</y11>
			<x12>311.737967</x12>
			<y12>441.080938</y12>
		</polygon>
	</object>
	<object>
		<name>LID</name>
		<pose>Unspecified</pose>
		<truncated>0</truncated>
		<difficult>0</difficult>
		<occluded>0</occluded>
		<bndbox>
			<xmin>323</xmin>
			<xmax>349</xmax>
			<ymin>393</ymin>
			<ymax>520</ymax>
		</bndbox>
		<polygon>
			<x1>344.813232</x1>
			<y1>493.548022</y1>
			<x2>338.047843</x2>
			<y2>451.074671</y2>
			<x3>334.038703</x3>
			<y3>426.090336</y3>
			<x4>334.448844</x4>
			<y4>391.500001</y4>
			<x5>322.26191</x5>
			<y5>398.607568</y5>
			<x6>326.772182</x6>
			<y6>449.575577</y6>
			<x7>329.779017</x7>
			<y7>481.555533</y7>
			<x8>335.792707</x8>
			<y8>515.034527</y8>
			<x9>348.321219</x9>
			<y9>519.032036</y9>
			<x10>344.813232</x10>
			<y10>493.548022</y10>
		</polygon>
	</object>
	<object>
		<name>LCD</name>
		<pose>Unspecified</pose>
		<truncated>0</truncated>
		<difficult>0</difficult>
		<occluded>0</occluded>
		<bndbox>
			<xmin>337</xmin>
			<xmax>363</xmax>
			<ymin>403</ymin>
			<ymax>531</ymax>
		</bndbox>
		<polygon>
			<x1>347.820086</x1>
			<y1>503.541756</y1>
			<x2>355.58774</x2>
			<y2>529.525449</y2>
			<x3>362.102582</x3>
			<y3>530.025127</y3>
			<x4>361.100316</x4>
			<y4>504.041435</y4>
			<x5>353.833756</x5>
			<y5>459.569311</y5>
			<x6>350.425349</x6>
			<y6>412.750001</y6>
			<x7>345.815516</x7>
			<y7>402.105341</y7>
			<x8>336.043273</x8>
			<y8>403.104718</y8>
			<x9>336.043273</x9>
			<y9>423.092186</y9>
			<x10>340.804111</x10>
			<y10>457.570557</y10>
			<x11>347.820086</x11>
			<y11>503.541756</y11>
		</polygon>
	</object>
	<object>
		<name>LMD</name>
		<pose>Unspecified</pose>
		<truncated>0</truncated>
		<difficult>0</difficult>
		<occluded>0</occluded>
		<bndbox>
			<xmin>400</xmin>
			<xmax>466</xmax>
			<ymin>348</ymin>
			<ymax>458</ymax>
		</bndbox>
		<polygon>
			<x1>434.266819</x1>
			<y1>456.071519</y1>
			<x2>457.068688</x2>
			<y2>457.070877</y2>
			<x3>464.836381</x3>
			<y3>429.588109</y3>
			<x4>451.556151</x4>
			<y4>412.598754</y4>
			<x5>436.020803</x5>
			<y5>377.620685</y5>
			<x6>432.262249</x6>
			<y6>355.134784</y6>
			<x7>427.000259</x7>
			<y7>347.139804</y7>
			<x8>401.174248</x8>
			<y8>353.375001</y8>
			<x9>398.9364</x9>
			<y9>360.631349</y9>
			<x10>405.451241</x10>
			<y10>394.61004</y10>
			<x11>416.726902</x11>
			<y11>433.08592</y11>
			<x12>434.266819</x12>
			<y12>456.071519</y12>
		</polygon>
	</object>
	<object>
		<name>LMD</name>
		<pose>Unspecified</pose>
		<truncated>0</truncated>
		<difficult>0</difficult>
		<occluded>0</occluded>
		<bndbox>
			<xmin>431</xmin>
			<xmax>488</xmax>
			<ymin>324</ymin>
			<ymax>428</ymax>
		</bndbox>
		<polygon>
			<x1>461.077828</x1>
			<y1>351.137294</y1>
			<x2>453.176206</x2>
			<y2>322.750001</y2>
			<x3>429.756547</x3>
			<y3>344.141673</y3>
			<x4>437.023069</x4>
			<y4>376.121629</y4>
			<x5>462.080093</x5>
			<y5>424.591242</y5>
			<x6>475.861456</x6>
			<y6>426.589978</y6>
			<x7>486.635984</x7>
			<y7>397.608153</y7>
			<x8>467.592669</x8>
			<y8>389.113494</y8>
			<x9>461.077828</x9>
			<y9>351.137294</y9>
		</polygon>
	</object>
	<object>
		<name>LMU</name>
		<pose>Unspecified</pose>
		<truncated>0</truncated>
		<difficult>0</difficult>
		<occluded>0</occluded>
		<bndbox>
			<xmin>398</xmin>
			<xmax>451</xmax>
			<ymin>209</ymin>
			<ymax>354</ymax>
		</bndbox>
		<polygon>
			<x1>424.995728</x1>
			<y1>345.640747</y1>
			<x2>438.777091</x2>
			<y2>350.637615</y2>
			<x3>450.303299</x3>
			<y3>331.149826</y3>
			<x4>442.535645</x4>
			<y4>275.684619</y4>
			<x5>442.285059</x5>
			<y5>232.711543</y5>
			<x6>425.496861</x6>
			<y6>209.226278</y6>
			<x7>411.966045</x7>
			<y7>208.226896</y7>
			<x8>401.943235</x8>
			<y8>251.699643</y8>
			<x9>396.788541</x9>
			<y9>267.750001</y9>
			<x10>400.940969</x10>
			<y10>314.660169</y10>
			<x11>404.699523</x11>
			<y11>345.141049</y11>
			<x12>409.961513</x12>
			<y12>352.63635</y12>
			<x13>424.995728</x13>
			<y13>345.640747</y13>
		</polygon>
	</object>
	<object>
		<name>LPMU</name>
		<pose>Unspecified</pose>
		<truncated>0</truncated>
		<difficult>0</difficult>
		<occluded>0</occluded>
		<bndbox>
			<xmin>371</xmin>
			<xmax>394</xmax>
			<ymin>268</ymin>
			<ymax>397</ymax>
		</bndbox>
		<polygon>
			<x1>370.87254</x1>
			<y1>304.666435</y1>
			<x2>370.371408</x2>
			<y2>343.142314</y2>
			<x3>371.123126</x3>
			<y3>382.617552</y3>
			<x4>376.635664</x4>
			<y4>389.613173</y4>
			<x5>378.389648</x5>
			<y5>393.110984</y5>
			<x6>382.89992</x6>
			<y6>395.609418</y6>
			<x7>392.922729</x7>
			<y7>387.614419</y7>
			<x8>387.159606</x8>
			<y8>350.637615</y8>
			<x9>387.159606</x9>
			<y9>323.654526</y9>
			<x10>387.703861</x10>
			<y10>277.750001</y10>
			<x11>374.631094</x11>
			<y11>266.690244</y11>
			<x12>372.87711</x12>
			<y12>279.182411</y12>
			<x13>370.87254</x13>
			<y13>304.666435</y13>
		</polygon>
	</object>
	<object>
		<name>LPMU</name>
		<pose>Unspecified</pose>
		<truncated>0</truncated>
		<difficult>0</difficult>
		<occluded>0</occluded>
		<bndbox>
			<xmin>360</xmin>
			<xmax>374</xmax>
			<ymin>286</ymin>
			<ymax>399</ymax>
		</bndbox>
		<polygon>
			<x1>359.095747</x1>
			<y1>370.125384</y1>
			<x2>359.847465</x2>
			<y2>397.608153</y2>
			<x3>373.127657</x3>
			<y3>396.109135</y3>
			<x4>371.624259</x4>
			<y4>357.133538</y4>
			<x5>368.366838</x5>
			<y5>285.178646</y5>
			<x6>359.510029</x6>
			<y6>289.625001</y6>
			<x7>360.599145</x7>
			<y7>336.646372</y7>
			<x8>359.095747</x8>
			<y8>370.125384</y8>
		</polygon>
	</object>
</annotation>
