<annotation>
	<folder></folder>
	<filename>124_jpg.rf.1b90a446a9a8afd57e7679a208095537.jpg</filename>
	<path>124_jpg.rf.1b90a446a9a8afd57e7679a208095537.jpg</path>
	<source>
		<database>roboflow.com</database>
	</source>
	<size>
		<width>640</width>
		<height>640</height>
		<depth>3</depth>
	</size>
	<segmented>0</segmented>
	<object>
		<name>RIU</name>
		<pose>Unspecified</pose>
		<truncated>0</truncated>
		<difficult>0</difficult>
		<occluded>0</occluded>
		<bndbox>
			<xmin>299</xmin>
			<xmax>325</xmax>
			<ymin>252</ymin>
			<ymax>375</ymax>
		</bndbox>
		<polygon>
			<x1>324.160833</x1>
			<y1>305.756651</y1>
			<x2>323.642156</x2>
			<y2>257.750001</y2>
			<x3>303.130795</x3>
			<y3>251.290812</y3>
			<x4>301.470534</x4>
			<y4>309.254461</y4>
			<x5>297.873306</x5>
			<y5>343.732851</y5>
			<x6>298.150013</x6>
			<y6>373.714053</y6>
			<x7>323.884106</x7>
			<y7>374.21377</y7>
			<x8>324.43754</x8>
			<y8>349.229435</y8>
			<x9>324.160833</x9>
			<y9>305.756651</y9>
		</polygon>
	</object>
	<object>
		<name>RIU</name>
		<pose>Unspecified</pose>
		<truncated>0</truncated>
		<difficult>0</difficult>
		<occluded>0</occluded>
		<bndbox>
			<xmin>273</xmin>
			<xmax>302</xmax>
			<ymin>247</ymin>
			<ymax>372</ymax>
		</bndbox>
		<polygon>
			<x1>295.106198</x1>
			<y1>310.753517</y1>
			<x2>301.470534</x2>
			<y2>247.793001</y2>
			<x3>281.782696</x3>
			<y3>245.875001</y3>
			<x4>280.99393</x4>
			<y4>283.270749</y4>
			<x5>274.906301</x5>
			<y5>330.241306</y5>
			<x6>272.139192</x6>
			<y6>358.223754</y6>
			<x7>287.634993</x7>
			<y7>371.215619</y7>
			<x8>297.319872</x8>
			<y8>364.719677</y8>
			<x9>298.426719</x9>
			<y9>324.744741</y9>
			<x10>295.106198</x10>
			<y10>310.753517</y10>
		</polygon>
	</object>
	<object>
		<name>RCU</name>
		<pose>Unspecified</pose>
		<truncated>0</truncated>
		<difficult>0</difficult>
		<occluded>0</occluded>
		<bndbox>
			<xmin>251</xmin>
			<xmax>281</xmax>
			<ymin>233</ymin>
			<ymax>365</ymax>
		</bndbox>
		<polygon>
			<x1>273.24604</x1>
			<y1>296.762294</y1>
			<x2>271.058372</x2>
			<y2>237.125001</y2>
			<x3>254.152989</x3>
			<y3>231.803023</y3>
			<x4>253.322849</x4>
			<y4>289.766672</y4>
			<x5>250.002327</x5>
			<y5>341.734135</y5>
			<x6>253.322849</x6>
			<y6>363.720319</y6>
			<x7>270.202225</x7>
			<y7>360.222508</y7>
			<x8>279.610376</x8>
			<y8>336.737267</y8>
			<x9>273.24604</x9>
			<y9>296.762294</y9>
		</polygon>
	</object>
	<object>
		<name>RPMU</name>
		<pose>Unspecified</pose>
		<truncated>0</truncated>
		<difficult>0</difficult>
		<occluded>0</occluded>
		<bndbox>
			<xmin>227</xmin>
			<xmax>257</xmax>
			<ymin>229</ymin>
			<ymax>361</ymax>
		</bndbox>
		<polygon>
			<x1>230.582696</x1>
			<y1>228.375001</y1>
			<x2>231.739418</x2>
			<y2>289.266993</y2>
			<x3>226.205202</x3>
			<y3>338.236286</y3>
			<x4>232.569538</x4>
			<y4>355.225641</y4>
			<x5>241.424296</x5>
			<y5>359.72281</y5>
			<x6>254.429696</x6>
			<y6>338.735984</y6>
			<x7>256.089957</x7>
			<y7>296.262615</y7>
			<x8>253.876283</x8>
			<y8>228.80492</y8>
			<x9>230.582696</x9>
			<y9>228.375001</y9>
		</polygon>
	</object>
	<object>
		<name>RPMU</name>
		<pose>Unspecified</pose>
		<truncated>0</truncated>
		<difficult>0</difficult>
		<occluded>0</occluded>
		<bndbox>
			<xmin>205</xmin>
			<xmax>232</xmax>
			<ymin>213</ymin>
			<ymax>353</ymax>
		</bndbox>
		<polygon>
			<x1>227.312049</x1>
			<y1>297.261973</y1>
			<x2>228.418876</x2>
			<y2>217.81179</y2>
			<x3>211.555669</x3>
			<y3>212.125001</y3>
			<x4>213.476508</x4>
			<y4>257.786735</y4>
			<x5>206.835445</x5>
			<y5>310.753517</y5>
			<x6>203.514902</x6>
			<y6>341.234418</y6>
			<x7>215.690182</x7>
			<y7>352.227509</y7>
			<x8>225.375061</x8>
			<y8>346.731002</y8>
			<x9>231.462711</x9>
			<y9>323.745383</y9>
			<x10>227.312049</x10>
			<y10>297.261973</y10>
		</polygon>
	</object>
	<object>
		<name>RMU</name>
		<pose>Unspecified</pose>
		<truncated>0</truncated>
		<difficult>0</difficult>
		<occluded>0</occluded>
		<bndbox>
			<xmin>170</xmin>
			<xmax>208</xmax>
			<ymin>219</ymin>
			<ymax>345</ymax>
		</bndbox>
		<polygon>
			<x1>204.62175</x1>
			<y1>290.766049</y1>
			<x2>202.408076</x2>
			<y2>221.809289</y2>
			<x3>181.804318</x3>
			<y3>218.375001</y3>
			<x4>176.950668</x4>
			<y4>265.781715</y4>
			<x5>169.202768</x5>
			<y5>306.756028</y5>
			<x6>168.926061</x6>
			<y6>338.236286</y6>
			<x7>179.717777</x7>
			<y7>342.233776</y7>
			<x8>199.917674</x8>
			<y8>344.232568</y8>
			<x9>206.558738</x9>
			<y9>332.240061</y9>
			<x10>204.62175</x10>
			<y10>290.766049</y10>
		</polygon>
	</object>
	<object>
		<name>RMU</name>
		<pose>Unspecified</pose>
		<truncated>0</truncated>
		<difficult>0</difficult>
		<occluded>0</occluded>
		<bndbox>
			<xmin>137</xmin>
			<xmax>175</xmax>
			<ymin>201</ymin>
			<ymax>334</ymax>
		</bndbox>
		<polygon>
			<x1>172.246583</x1>
			<y1>273.277015</y1>
			<x2>173.501615</x2>
			<y2>205.875001</y2>
			<x3>157.027488</x3>
			<y3>199.823076</y3>
			<x4>149.279587</x4>
			<y4>249.791737</y4>
			<x5>136.274177</x5>
			<y5>286.268881</y5>
			<x6>138.764578</x6>
			<y6>311.752895</y6>
			<x7>158.134335</x7>
			<y7>332.73974</y7>
			<x8>170.032898</x8>
			<y8>318.248818</y8>
			<x9>172.246583</x9>
			<y9>273.277015</y9>
		</polygon>
	</object>
	<object>
		<name>RMU</name>
		<pose>Unspecified</pose>
		<truncated>0</truncated>
		<difficult>0</difficult>
		<occluded>0</occluded>
		<bndbox>
			<xmin>108</xmin>
			<xmax>157</xmax>
			<ymin>193</ymin>
			<ymax>297</ymax>
		</bndbox>
		<polygon>
			<x1>145.6734</x1>
			<y1>252.29017</y1>
			<x2>156.188398</x2>
			<y2>202.821198</y2>
			<x3>142.36648</x3>
			<y3>191.500001</y3>
			<x4>126.857057</x4>
			<y4>226.806156</y4>
			<x5>106.933876</x5>
			<y5>256.787358</y5>
			<x6>114.40507</x6>
			<y6>274.276392</y6>
			<x7>123.536535</x7>
			<y7>290.766049</y7>
			<x8>132.391273</x8>
			<y8>296.262615</y8>
			<x9>140.692597</x9>
			<y9>277.274505</y9>
			<x10>145.6734</x10>
			<y10>252.29017</y10>
		</polygon>
	</object>
	<object>
		<name>LIU</name>
		<pose>Unspecified</pose>
		<truncated>0</truncated>
		<difficult>0</difficult>
		<occluded>0</occluded>
		<bndbox>
			<xmin>324</xmin>
			<xmax>352</xmax>
			<ymin>245</ymin>
			<ymax>375</ymax>
		</bndbox>
		<polygon>
			<x1>324.169563</x1>
			<y1>371.511671</y1>
			<x2>347.413254</x2>
			<y2>373.510406</y2>
			<x3>351.28721</x3>
			<y3>340.031413</y3>
			<x4>349.903656</x4>
			<y4>247.589383</y4>
			<x5>323.339422</x5>
			<y5>243.591874</y5>
			<x6>325.02594</x6>
			<y6>260.250001</y6>
			<x7>326.383237</x7>
			<y7>319.044567</y7>
			<x8>324.169563</x8>
			<y8>371.511671</y8>
		</polygon>
	</object>
	<object>
		<name>LIU</name>
		<pose>Unspecified</pose>
		<truncated>0</truncated>
		<difficult>0</difficult>
		<occluded>0</occluded>
		<bndbox>
			<xmin>349</xmin>
			<xmax>373</xmax>
			<ymin>251</ymin>
			<ymax>374</ymax>
		</bndbox>
		<polygon>
			<x1>348.243395</x1>
			<y1>252.58625</y1>
			<x2>349.903656</x2>
			<y2>322.542378</y2>
			<x3>350.733797</x3>
			<y3>369.512917</y3>
			<x4>363.185783</x4>
			<y4>373.010728</y4>
			<x5>372.317228</x5>
			<y5>360.51856</y5>
			<x6>368.996706</x6>
			<y6>316.046436</y6>
			<x7>365.847561</x7>
			<y7>249.625001</y7>
			<x8>348.243395</x8>
			<y8>252.58625</y8>
		</polygon>
	</object>
	<object>
		<name>LIU</name>
		<pose>Unspecified</pose>
		<truncated>0</truncated>
		<difficult>0</difficult>
		<occluded>0</occluded>
		<bndbox>
			<xmin>374</xmin>
			<xmax>400</xmax>
			<ymin>228</ymin>
			<ymax>365</ymax>
		</bndbox>
		<polygon>
			<x1>380.065139</x1>
			<y1>363.516673</y1>
			<x2>391.686984</x2>
			<y2>361.517937</y2>
			<x3>390.580158</x3>
			<y3>348.026393</y3>
			<x4>388.919876</x4>
			<y4>317.045813</y4>
			<x5>395.837647</x5>
			<y5>278.569943</y5>
			<x6>398.712426</x6>
			<y6>232.125001</y6>
			<x7>380.895279</x7>
			<y7>227.102207</y7>
			<x8>376.744617</x8>
			<y8>271.074643</y8>
			<x9>372.870662</x9>
			<y9>328.538604</y9>
			<x10>373.147368</x10>
			<y10>355.521693</y10>
			<x11>380.065139</x11>
			<y11>363.516673</y11>
		</polygon>
	</object>
	<object>
		<name>LCU</name>
		<pose>Unspecified</pose>
		<truncated>0</truncated>
		<difficult>0</difficult>
		<occluded>0</occluded>
		<bndbox>
			<xmin>389</xmin>
			<xmax>423</xmax>
			<ymin>232</ymin>
			<ymax>360</ymax>
		</bndbox>
		<polygon>
			<x1>392.517125</x1>
			<y1>352.023882</y1>
			<x2>402.202004</x2>
			<y2>359.019504</y2>
			<x3>417.144392</x3>
			<y3>355.022014</y3>
			<x4>412.440317</x4>
			<y4>333.535471</y4>
			<x5>415.760838</x5>
			<y5>297.558053</y5>
			<x6>422.236751</x6>
			<y6>234.625001</y6>
			<x7>398.881482</x7>
			<y7>230.600014</y7>
			<x8>397.221201</x8>
			<y8>265.078418</y8>
			<x9>392.240419</x9>
			<y9>295.059619</y9>
			<x10>387.81305</x10>
			<y10>327.539246</y10>
			<x11>392.517125</x11>
			<y11>352.023882</y11>
		</polygon>
	</object>
	<object>
		<name>LPMU</name>
		<pose>Unspecified</pose>
		<truncated>0</truncated>
		<difficult>0</difficult>
		<occluded>0</occluded>
		<bndbox>
			<xmin>414</xmin>
			<xmax>438</xmax>
			<ymin>239</ymin>
			<ymax>355</ymax>
		</bndbox>
		<polygon>
			<x1>420.188227</x1>
			<y1>237.59563</y1>
			<x2>412.99373</x2>
			<y2>327.039547</y2>
			<x3>417.144392</x3>
			<y3>347.526713</y3>
			<x4>427.659411</x4>
			<y4>353.522938</y4>
			<x5>436.790876</x5>
			<y5>341.030771</y5>
			<x6>433.470313</x6>
			<y6>295.059619</y6>
			<x7>434.690805</x7>
			<y7>242.125001</y7>
			<x8>420.188227</x8>
			<y8>237.59563</y8>
		</polygon>
	</object>
	<object>
		<name>LPMU</name>
		<pose>Unspecified</pose>
		<truncated>0</truncated>
		<difficult>0</difficult>
		<occluded>0</occluded>
		<bndbox>
			<xmin>434</xmin>
			<xmax>473</xmax>
			<ymin>207</ymin>
			<ymax>342</ymax>
		</bndbox>
		<polygon>
			<x1>463.340021</x1>
			<y1>266.577464</y1>
			<x2>461.294048</x2>
			<y2>215.250001</y2>
			<x3>443.416851</x3>
			<y3>205.615684</y3>
			<x4>440.096308</x4>
			<y4>260.58122</y4>
			<x5>433.178538</x5>
			<y5>314.047691</y5>
			<x6>437.3292</x6>
			<y6>338.532337</y6>
			<x7>461.126347</x7>
			<y7>341.030771</y7>
			<x8>471.641345</x8>
			<y8>317.045813</y8>
			<x9>463.340021</x9>
			<y9>266.577464</y9>
		</polygon>
	</object>
	<object>
		<name>LMU</name>
		<pose>Unspecified</pose>
		<truncated>0</truncated>
		<difficult>0</difficult>
		<occluded>0</occluded>
		<bndbox>
			<xmin>492</xmin>
			<xmax>529</xmax>
			<ymin>175</ymin>
			<ymax>292</ymax>
		</bndbox>
		<polygon>
			<x1>524.769813</x1>
			<y1>278.253517</y1>
			<x2>528.090376</x2>
			<y2>255.767616</y2>
			<x3>517.575336</x3>
			<y3>220.789547</y3>
			<x4>514.569724</x4>
			<y4>179.000001</y4>
			<x5>495.438471</x5>
			<y5>174.318688</y5>
			<x6>490.734396</x6>
			<y6>221.289246</y6>
			<x7>491.011102</x7>
			<y7>277.25414</y7>
			<x8>505.123349</x8>
			<y8>290.745685</y8>
			<x9>513.424674</x9>
			<y9>273.756349</y9>
			<x10>524.769813</x10>
			<y10>278.253517</y10>
		</polygon>
	</object>
	<object>
		<name>RID</name>
		<pose>Unspecified</pose>
		<truncated>0</truncated>
		<difficult>0</difficult>
		<occluded>0</occluded>
		<bndbox>
			<xmin>311</xmin>
			<xmax>332</xmax>
			<ymin>386</ymin>
			<ymax>485</ymax>
		</bndbox>
		<polygon>
			<x1>316.553928</x1>
			<y1>483.947444</y1>
			<x2>331.219588</x2>
			<y2>480.949313</y2>
			<x3>328.175774</x3>
			<y3>425.983776</y3>
			<x4>325.371886</x4>
			<y4>387.125001</y4>
			<x5>309.912864</x5>
			<y5>385.009482</y5>
			<x6>313.233386</x6>
			<y6>425.983776</y6>
			<x7>316.553928</x7>
			<y7>483.947444</y7>
		</polygon>
	</object>
	<object>
		<name>RID</name>
		<pose>Unspecified</pose>
		<truncated>0</truncated>
		<difficult>0</difficult>
		<occluded>0</occluded>
		<bndbox>
			<xmin>295</xmin>
			<xmax>316</xmax>
			<ymin>380</ymin>
			<ymax>474</ymax>
		</bndbox>
		<polygon>
			<x1>314.61694</x1>
			<y1>435.477869</y1>
			<x2>310.742984</x2>
			<y2>387.507915</y2>
			<x3>293.890805</x3>
			<y3>379.000001</y3>
			<x4>295.523889</x4>
			<y4>418.988173</y4>
			<x5>296.907443</x5>
			<y5>460.462204</y5>
			<x6>311.573125</x6>
			<y6>473.454012</y6>
			<x7>314.61694</x7>
			<y7>435.477869</y7>
		</polygon>
	</object>
	<object>
		<name>RCD</name>
		<pose>Unspecified</pose>
		<truncated>0</truncated>
		<difficult>0</difficult>
		<occluded>0</occluded>
		<bndbox>
			<xmin>273</xmin>
			<xmax>298</xmax>
			<ymin>379</ymin>
			<ymax>478</ymax>
		</bndbox>
		<polygon>
			<x1>271.726764</x1>
			<y1>467.957504</y1>
			<x2>296.630737</x2>
			<y2>477.451521</y2>
			<x3>294.69377</x3>
			<y3>439.975018</y3>
			<x4>295.247183</x4>
			<y4>392.504782</y4>
			<x5>289.989673</x5>
			<y5>377.514181</y5>
			<x6>275.901615</x6>
			<y6>377.750001</y6>
			<x7>272.556904</x7>
			<y7>416.48974</y7>
			<x8>271.726764</x8>
			<y8>467.957504</y8>
		</polygon>
	</object>
	<object>
		<name>RPMD</name>
		<pose>Unspecified</pose>
		<truncated>0</truncated>
		<difficult>0</difficult>
		<occluded>0</occluded>
		<bndbox>
			<xmin>219</xmin>
			<xmax>258</xmax>
			<ymin>365</ymin>
			<ymax>491</ymax>
		</bndbox>
		<polygon>
			<x1>257.061103</x1>
			<y1>387.008217</y1>
			<x2>255.124115</x2>
			<y2>370.018881</y2>
			<x3>228.283174</x3>
			<y3>363.522938</y3>
			<x4>225.516066</x4>
			<y4>390.506028</y4>
			<x5>224.685925</x5>
			<y5>432.979435</y5>
			<x6>220.550264</x6>
			<y6>467.750001</y6>
			<x7>218.044862</x7>
			<y7>489.943669</y7>
			<x8>233.263956</x8>
			<y8>483.947444</y8>
			<x9>240.181727</x9>
			<y9>446.970621</y9>
			<x10>248.483051</x10>
			<y10>403.497874</y10>
			<x11>257.061103</x11>
			<y11>387.008217</y11>
		</polygon>
	</object>
	<object>
		<name>RPMD</name>
		<pose>Unspecified</pose>
		<truncated>0</truncated>
		<difficult>0</difficult>
		<occluded>0</occluded>
		<bndbox>
			<xmin>248</xmin>
			<xmax>279</xmax>
			<ymin>375</ymin>
			<ymax>498</ymax>
		</bndbox>
		<polygon>
			<x1>278.091121</x1>
			<y1>393.004461</y1>
			<x2>268.290805</x2>
			<y2>374.000001</y2>
			<x3>253.463854</x3>
			<y3>374.516049</y3>
			<x4>247.099497</x4>
			<y4>425.983776</y4>
			<x5>248.206345</x5>
			<y5>474.953087</y5>
			<x6>254.017268</x6>
			<y6>496.939291</y6>
			<x7>271.17335</x7>
			<y7>459.462788</y7>
			<x8>268.682949</x8>
			<y8>415.490401</y8>
			<x9>278.091121</x9>
			<y9>393.004461</y9>
		</polygon>
	</object>
	<object>
		<name>RMD</name>
		<pose>Unspecified</pose>
		<truncated>0</truncated>
		<difficult>0</difficult>
		<occluded>0</occluded>
		<bndbox>
			<xmin>142</xmin>
			<xmax>209</xmax>
			<ymin>347</ymin>
			<ymax>447</ymax>
		</bndbox>
		<polygon>
			<x1>185.797617</x1>
			<y1>346.033904</y1>
			<x2>169.194968</x2>
			<y2>349.032036</y2>
			<x3>155.636134</x3>
			<y3>388.507273</y3>
			<x4>141.328642</x4>
			<y4>422.125001</y4>
			<x5>152.592319</x5>
			<y5>446.470942</y5>
			<x6>169.471674</x6>
			<y6>427.982568</y6>
			<x7>193.2688</x7>
			<y7>407.995062</y7>
			<x8>207.657754</x8>
			<y8>376.015106</y8>
			<x9>188.287997</x9>
			<y9>360.524826</y9>
			<x10>185.797617</x10>
			<y10>346.033904</y10>
		</polygon>
	</object>
	<object>
		<name>RMD</name>
		<pose>Unspecified</pose>
		<truncated>0</truncated>
		<difficult>0</difficult>
		<occluded>0</occluded>
		<bndbox>
			<xmin>101</xmin>
			<xmax>170</xmax>
			<ymin>314</ymin>
			<ymax>417</ymax>
		</bndbox>
		<polygon>
			<x1>169.471674</x1>
			<y1>347.033281</y1>
			<x2>163.937458</x2>
			<y2>334.041435</y2>
			<x3>151.208765</x3>
			<y3>330.543624</y3>
			<x4>137.649931</x4>
			<y4>312.55492</y4>
			<x5>125.197934</x5>
			<y5>348.032658</y5>
			<x6>111.577291</x6>
			<y6>366.500001</y6>
			<x7>100.293961</x7>
			<y7>385.009482</y7>
			<x8>118.003457</x8>
			<y8>415.990061</y8>
			<x9>144.014267</x9>
			<y9>392.005084</y9>
			<x10>161.17035</x10>
			<y10>372.017616</y10>
			<x11>169.471674</x11>
			<y11>347.033281</y11>
		</polygon>
	</object>
	<object>
		<name>LID</name>
		<pose>Unspecified</pose>
		<truncated>0</truncated>
		<difficult>0</difficult>
		<occluded>0</occluded>
		<bndbox>
			<xmin>326</xmin>
			<xmax>348</xmax>
			<ymin>381</ymin>
			<ymax>500</ymax>
		</bndbox>
		<polygon>
			<x1>343.617037</x1>
			<y1>426.483474</y1>
			<x2>340.593507</x2>
			<y2>379.625001</y2>
			<x3>340.573223</x3>
			<y3>380.512294</y3>
			<x4>325.077422</x4>
			<y4>394.003838</y4>
			<x5>329.781497</x5>
			<y5>440.974377</y5>
			<x6>330.888345</x6>
			<y6>481.449011</y6>
			<x7>340.84993</x7>
			<y7>499.437724</y7>
			<x8>346.93758</x8>
			<y8>479.450256</y8>
			<x9>343.617037</x9>
			<y9>426.483474</y9>
		</polygon>
	</object>
	<object>
		<name>LID</name>
		<pose>Unspecified</pose>
		<truncated>0</truncated>
		<difficult>0</difficult>
		<occluded>0</occluded>
		<bndbox>
			<xmin>340</xmin>
			<xmax>360</xmax>
			<ymin>392</ymin>
			<ymax>493</ymax>
		</bndbox>
		<polygon>
			<x1>339.466376</x1>
			<y1>390.506028</y1>
			<x2>344.170472</x2>
			<y2>425.983776</y2>
			<x3>345.554026</x3>
			<y3>467.457787</y3>
			<x4>349.151254</x4>
			<y4>492.442102</y4>
			<x5>357.452578</x5>
			<y5>486.445877</y5>
			<x6>359.11286</x6>
			<y6>434.978151</y6>
			<x7>357.198913</x7>
			<y7>395.250001</y7>
			<x8>339.466376</x8>
			<y8>390.506028</y8>
		</polygon>
	</object>
	<object>
		<name>LCD</name>
		<pose>Unspecified</pose>
		<truncated>0</truncated>
		<difficult>0</difficult>
		<occluded>0</occluded>
		<bndbox>
			<xmin>353</xmin>
			<xmax>382</xmax>
			<ymin>386</ymin>
			<ymax>509</ymax>
		</bndbox>
		<polygon>
			<x1>376.822335</x1>
			<y1>508.4321</y1>
			<x2>380.972998</x2>
			<y2>493.941178</y2>
			<x3>380.972998</x3>
			<y3>416.989419</y3>
			<x4>376.571886</x4>
			<y4>384.625001</y4>
			<x5>369.074445</x5>
			<y5>384.509784</y5>
			<x6>351.918362</x6>
			<y6>394.503517</y6>
			<x7>360.219686</x7>
			<y7>412.991967</y7>
			<x8>366.03063</x8>
			<y8>462.960637</y8>
			<x9>370.457999</x9>
			<y9>498.938045</y9>
			<x10>376.822335</x10>
			<y10>508.4321</y10>
		</polygon>
	</object>
	<object>
		<name>LPMD</name>
		<pose>Unspecified</pose>
		<truncated>0</truncated>
		<difficult>0</difficult>
		<occluded>0</occluded>
		<bndbox>
			<xmin>379</xmin>
			<xmax>410</xmax>
			<ymin>374</ymin>
			<ymax>518</ymax>
		</bndbox>
		<polygon>
			<x1>390.381169</x1>
			<y1>485.446519</y1>
			<x2>406.707111</x2>
			<y2>516.926758</y2>
			<x3>409.47422</x3>
			<y3>483.947444</y3>
			<x4>402.279743</x4>
			<y4>414.990684</y4>
			<x5>400.342754</x5>
			<y5>372.517314</y5>
			<x6>378.301615</x6>
			<y6>384.625001</y6>
			<x7>384.016833</x7>
			<y7>426.983153</y7>
			<x8>390.381169</x8>
			<y8>485.446519</y8>
		</polygon>
	</object>
	<object>
		<name>LPMD</name>
		<pose>Unspecified</pose>
		<truncated>0</truncated>
		<difficult>0</difficult>
		<occluded>0</occluded>
		<bndbox>
			<xmin>396</xmin>
			<xmax>439</xmax>
			<ymin>372</ymin>
			<ymax>495</ymax>
		</bndbox>
		<polygon>
			<x1>418.888133</x1>
			<y1>370.600006</y1>
			<x2>395.915385</x2>
			<y2>374.016371</y2>
			<x3>394.531831</x3>
			<y3>391.005707</y3>
			<x4>404.493416</x4>
			<y4>409.494118</y4>
			<x5>415.838577</x5>
			<y5>448.469677</y5>
			<x6>429.674117</x6>
			<y6>489.943669</y6>
			<x7>438.252148</x7>
			<y7>494.440857</y7>
			<x8>435.761747</x8>
			<y8>469.456522</y8>
			<x9>423.30976</x9>
			<y9>409.494118</y9>
			<x10>418.888133</x10>
			<y10>370.600006</y10>
		</polygon>
	</object>
	<object>
		<name>LPMD</name>
		<pose>Unspecified</pose>
		<truncated>0</truncated>
		<difficult>0</difficult>
		<occluded>0</occluded>
		<bndbox>
			<xmin>420</xmin>
			<xmax>474</xmax>
			<ymin>353</ymin>
			<ymax>483</ymax>
		</bndbox>
		<polygon>
			<x1>460.112286</x1>
			<y1>474.453389</y1>
			<x2>473.117727</x2>
			<y2>451.467809</y2>
			<x3>461.219154</x3>
			<y3>389.006971</y3>
			<x4>456.485399</x4>
			<y4>352.125001</y4>
			<x5>419.435805</x5>
			<y5>366.021372</y5>
			<x6>420.265946</x6>
			<y6>389.006971</y6>
			<x7>429.120683</x7>
			<y7>404.497251</y7>
			<x8>436.591888</x8>
			<y8>435.977509</y8>
			<x9>450.980842</x9>
			<y9>482.448387</y9>
			<x10>460.112286</x10>
			<y10>474.453389</y10>
		</polygon>
	</object>
	<object>
		<name>LMD</name>
		<pose>Unspecified</pose>
		<truncated>0</truncated>
		<difficult>0</difficult>
		<occluded>0</occluded>
		<bndbox>
			<xmin>455</xmin>
			<xmax>509</xmax>
			<ymin>332</ymin>
			<ymax>449</ymax>
		</bndbox>
		<polygon>
			<x1>502.172363</x1>
			<y1>447.970036</y1>
			<x2>507.706579</x2>
			<y2>420.986928</y2>
			<x3>495.254593</x3>
			<y3>363.522938</y3>
			<x4>489.004318</x4>
			<y4>330.875001</y4>
			<x5>471.180718</x5>
			<y5>338.538604</y5>
			<x6>454.301363</x6>
			<y6>350.031413</y6>
			<x7>459.282187</x7>
			<y7>376.514804</y7>
			<x8>470.350619</x8>
			<y8>404.497251</y8>
			<x9>487.783367</x9>
			<y9>442.973169</y9>
			<x10>502.172363</x10>
			<y10>447.970036</y10>
		</polygon>
	</object>
	<object>
		<name>LMD</name>
		<pose>Unspecified</pose>
		<truncated>0</truncated>
		<difficult>0</difficult>
		<occluded>0</occluded>
		<bndbox>
			<xmin>491</xmin>
			<xmax>532</xmax>
			<ymin>321</ymin>
			<ymax>438</ymax>
		</bndbox>
		<polygon>
			<x1>489.720376</x1>
			<y1>325.546757</y1>
			<x2>494.701137</x2>
			<y2>379.512917</y2>
			<x3>507.706579</x3>
			<y3>419.487852</y3>
			<x4>519.328425</x4>
			<y4>437.476585</y4>
			<x5>530.673543</x5>
			<y5>425.484135</y5>
			<x6>527.906435</x6>
			<y6>372.017616</y6>
			<x7>527.750264</x7>
			<y7>319.625001</y7>
			<x8>489.720376</x8>
			<y8>325.546757</y8>
		</polygon>
	</object>
</annotation>
