<annotation>
	<folder></folder>
	<filename>127_jpg.rf.d1b775c4b2025939fc7f21168ec61c54.jpg</filename>
	<path>127_jpg.rf.d1b775c4b2025939fc7f21168ec61c54.jpg</path>
	<source>
		<database>roboflow.com</database>
	</source>
	<size>
		<width>640</width>
		<height>640</height>
		<depth>3</depth>
	</size>
	<segmented>0</segmented>
	<object>
		<name>RIU</name>
		<pose>Unspecified</pose>
		<truncated>0</truncated>
		<difficult>0</difficult>
		<occluded>0</occluded>
		<bndbox>
			<xmin>295</xmin>
			<xmax>324</xmax>
			<ymin>161</ymin>
			<ymax>322</ymax>
		</bndbox>
		<polygon>
			<x1>323.033394</x1>
			<y1>293.679104</y1>
			<x2>321.485772</x2>
			<y2>265.929813</y2>
			<x3>318.390529</x3>
			<y3>171.890547</y3>
			<x4>313.747664</x4>
			<y4>159.557529</y4>
			<x5>302.944307</x5>
			<y5>179.722214</y5>
			<x6>298.271447</x6>
			<y6>252.055167</y6>
			<x7>296.723826</x7>
			<y7>266.700627</y7>
			<x8>295.176204</x8>
			<y8>275.950391</y8>
			<x9>294.402393</x9>
			<y9>317.574328</y9>
			<x10>304.461934</x10>
			<y10>320.657582</y10>
			<x11>315.682191</x11>
			<y11>320.657582</y11>
			<x12>321.485772</x12>
			<y12>318.345141</y12>
			<x13>323.033394</x13>
			<y13>293.679104</y13>
		</polygon>
	</object>
	<object>
		<name>RIU</name>
		<pose>Unspecified</pose>
		<truncated>0</truncated>
		<difficult>0</difficult>
		<occluded>0</occluded>
		<bndbox>
			<xmin>273</xmin>
			<xmax>297</xmax>
			<ymin>164</ymin>
			<ymax>315</ymax>
		</bndbox>
		<polygon>
			<x1>296.33692</x1>
			<y1>260.534117</y1>
			<x2>294.789298</x2>
			<y2>167.265666</y2>
			<x3>287.465522</x3>
			<y3>162.753748</y3>
			<x4>278.152365</x4>
			<y4>220.451807</y4>
			<x5>275.830933</x5>
			<y5>262.846559</y5>
			<x6>272.73569</x6>
			<y6>274.408763</y6>
			<x7>271.961879</x7>
			<y7>293.679104</y7>
			<x8>273.5095</x8>
			<y8>305.241309</y8>
			<x9>283.182136</x9>
			<y9>313.720259</y9>
			<x10>290.533339</x10>
			<y10>312.949446</y10>
			<x11>295.176204</x11>
			<y11>307.553751</y11>
			<x12>296.33692</x12>
			<y12>260.534117</y12>
		</polygon>
	</object>
	<object>
		<name>LIU</name>
		<pose>Unspecified</pose>
		<truncated>0</truncated>
		<difficult>0</difficult>
		<occluded>0</occluded>
		<bndbox>
			<xmin>321</xmin>
			<xmax>351</xmax>
			<ymin>171</ymin>
			<ymax>327</ymax>
		</bndbox>
		<polygon>
			<x1>322.646489</x1>
			<y1>322.970023</y1>
			<x2>331.545313</x2>
			<y2>326.053278</y2>
			<x3>341.604854</x3>
			<y3>322.970023</y3>
			<x4>348.956057</x4>
			<y4>314.491073</y4>
			<x5>349.729868</x5>
			<y5>287.512596</y5>
			<x6>347.795341</x6>
			<y6>258.221677</y6>
			<x7>344.700098</x7>
			<y7>182.681939</y7>
			<x8>341.604854</x8>
			<y8>171.119734</y8>
			<x9>333.901876</x9>
			<y9>170.466687</y9>
			<x10>328.45007</x10>
			<y10>191.931703</y10>
			<x11>324.19411</x11>
			<y11>250.51354</y11>
			<x12>321.485772</x12>
			<y12>281.346086</y12>
			<x13>319.551245</x13>
			<y13>301.387241</y13>
			<x14>320.325056</x14>
			<y14>315.261887</y14>
			<x15>322.646489</x15>
			<y15>322.970023</y15>
		</polygon>
	</object>
	<object>
		<name>LIU</name>
		<pose>Unspecified</pose>
		<truncated>0</truncated>
		<difficult>0</difficult>
		<occluded>0</occluded>
		<bndbox>
			<xmin>350</xmin>
			<xmax>372</xmax>
			<ymin>173</ymin>
			<ymax>319</ymax>
		</bndbox>
		<polygon>
			<x1>370.62276</x1>
			<y1>288.283409</y1>
			<x2>365.59299</x2>
			<y2>255.138422</y2>
			<x3>361.723936</x3>
			<y3>191.931703</y3>
			<x4>358.241787</x4>
			<y4>171.890547</y4>
			<x5>350.92854</x5>
			<y5>181.264802</y5>
			<x6>349.342962</x6>
			<y6>255.909236</y6>
			<x7>349.342962</x7>
			<y7>275.179577</y7>
			<x8>348.956057</x8>
			<y8>292.908291</y8>
			<x9>349.342962</x9>
			<y9>308.324564</y9>
			<x10>352.825111</x10>
			<y10>318.345141</y10>
			<x11>361.337031</x11>
			<y11>316.032701</y11>
			<x12>369.075139</x12>
			<y12>311.407819</y12>
			<x13>370.62276</x13>
			<y13>288.283409</y13>
		</polygon>
	</object>
	<object>
		<name>RID</name>
		<pose>Unspecified</pose>
		<truncated>0</truncated>
		<difficult>0</difficult>
		<occluded>0</occluded>
		<bndbox>
			<xmin>286</xmin>
			<xmax>307</xmax>
			<ymin>329</ymin>
			<ymax>465</ymax>
		</bndbox>
		<polygon>
			<x1>285.938684</x1>
			<y1>375.749951</y1>
			<x2>284.626492</x2>
			<y2>454.937456</y2>
			<x3>288.563067</x3>
			<y3>463.968393</y3>
			<x4>294.766156</x4>
			<y4>440.915738</y4>
			<x5>303.593628</x5>
			<y5>373.18371</y5>
			<x6>305.740851</x6>
			<y6>350.320733</y6>
			<x7>305.26369</x7>
			<y7>333.922453</y7>
			<x8>290.17431</x8>
			<y8>327.81065</y8>
			<x9>286.773715</x9>
			<y9>333.922453</y9>
			<x10>285.938684</x10>
			<y10>375.749951</y10>
		</polygon>
	</object>
	<object>
		<name>RID</name>
		<pose>Unspecified</pose>
		<truncated>0</truncated>
		<difficult>0</difficult>
		<occluded>0</occluded>
		<bndbox>
			<xmin>306</xmin>
			<xmax>323</xmax>
			<ymin>332</ymin>
			<ymax>469</ymax>
		</bndbox>
		<polygon>
			<x1>320.308328</x1>
			<y1>331.113847</y1>
			<x2>305.02511</x2>
			<y2>335.110734</y2>
			<x3>304.667239</x3>
			<y3>359.35167</y3>
			<x4>305.740851</x4>
			<y4>435.449644</y4>
			<x5>308.245944</x5>
			<y5>463.525066</y5>
			<x6>313.614002</x6>
			<y6>468.040535</y6>
			<x7>319.81709</x7>
			<y7>464.238035</y7>
			<x8>322.202893</x8>
			<y8>440.234755</y8>
			<x9>321.845023</x9>
			<y9>366.275686</y9>
			<x10>321.845023</x10>
			<y10>332.290844</y10>
			<x11>320.308328</x11>
			<y11>331.113847</y11>
		</polygon>
	</object>
	<object>
		<name>RCD</name>
		<pose>Unspecified</pose>
		<truncated>0</truncated>
		<difficult>0</difficult>
		<occluded>0</occluded>
		<bndbox>
			<xmin>260</xmin>
			<xmax>288</xmax>
			<ymin>324</ymin>
			<ymax>466</ymax>
		</bndbox>
		<polygon>
			<x1>266.367397</x1>
			<y1>465.395959</y1>
			<x2>276.626351</x2>
			<y2>416.676431</y2>
			<x3>285.811694</x3>
			<y3>372.440384</y3>
			<x4>287.004595</x4>
			<y4>343.446324</y4>
			<x5>281.771212</x5>
			<y5>323.504109</y5>
			<x6>276.507061</x6>
			<y6>322.532574</y6>
			<x7>272.451195</x7>
			<y7>323.245543</y7>
			<x8>269.349651</x8>
			<y8>334.17773</y8>
			<x9>264.816625</x9>
			<y9>360.319916</y9>
			<x10>260.522179</x10>
			<y10>396.237994</y10>
			<x11>258.852117</x11>
			<y11>429.034555</y11>
			<x12>262.669402</x12>
			<y12>454.226116</y12>
			<x13>266.367397</x13>
			<y13>465.395959</y13>
		</polygon>
	</object>
	<object>
		<name>RPMD</name>
		<pose>Unspecified</pose>
		<truncated>0</truncated>
		<difficult>0</difficult>
		<occluded>0</occluded>
		<bndbox>
			<xmin>244</xmin>
			<xmax>271</xmax>
			<ymin>314</ymin>
			<ymax>448</ymax>
		</bndbox>
		<polygon>
			<x1>257.182054</x1>
			<y1>312.772676</y1>
			<x2>253.484059</x2>
			<y2>313.960958</y2>
			<x3>250.263225</x3>
			<y3>315.386894</y3>
			<x4>246.56523</x4>
			<y4>323.229551</y4>
			<x5>244.298717</x5>
			<y5>339.865488</y5>
			<x6>243.940846</x6>
			<y6>399.327525</y6>
			<x7>243.105815</x7>
			<y7>437.590179</y7>
			<x8>246.207359</x8>
			<y8>447.096429</y8>
			<x9>257.301345</x9>
			<y9>416.882101</y9>
			<x10>263.265853</x10>
			<y10>371.014447</y10>
			<x11>269.707521</x11>
			<y11>330.375231</y11>
			<x12>269.588231</x12>
			<y12>320.631325</y12>
			<x13>266.725267</x13>
			<y13>318.492419</y13>
			<x14>262.442999</x14>
			<y14>321.126066</y14>
			<x15>261.953661</x15>
			<y15>317.525801</y15>
			<x16>260.164308</x16>
			<y16>314.911582</y16>
			<x17>257.182054</x17>
			<y17>312.772676</y17>
		</polygon>
	</object>
	<object>
		<name>RPMD</name>
		<pose>Unspecified</pose>
		<truncated>0</truncated>
		<difficult>0</difficult>
		<occluded>0</occluded>
		<bndbox>
			<xmin>214</xmin>
			<xmax>255</xmax>
			<ymin>303</ymin>
			<ymax>429</ymax>
		</bndbox>
		<polygon>
			<x1>251.217546</x1>
			<y1>307.306582</y1>
			<x2>248.712453</x2>
			<y2>305.880645</y2>
			<x3>242.398926</x3>
			<y3>310.187067</y3>
			<x4>240.004271</x4>
			<y4>302.775121</y4>
			<x5>236.783436</x5>
			<y5>301.824496</y5>
			<x6>232.966151</x6>
			<y6>301.824496</y6>
			<x7>229.626026</x7>
			<y7>303.48809</y7>
			<x8>226.405192</x8>
			<y8>304.233044</y8>
			<x9>224.257969</x9>
			<y9>311.125075</y9>
			<x10>223.303648</x10>
			<y10>324.433824</y10>
			<x11>219.963523</x11>
			<y11>350.592004</y11>
			<x12>216.623399</x12>
			<y12>393.370126</y12>
			<x13>213.283274</x13>
			<y13>416.660438</y13>
			<x14>213.402564</x14>
			<y14>424.978406</y14>
			<x15>214.834046</x15>
			<y15>428.305594</y15>
			<x16>217.57772</x16>
			<y16>427.592625</y16>
			<x17>229.148866</x17>
			<y17>395.239391</y17>
			<x18>245.610909</x18>
			<y18>345.569237</y18>
			<x19>250.740385</x19>
			<y19>330.83455</y19>
			<x20>253.722639</x20>
			<y20>321.328301</y20>
			<x21>253.126189</x21>
			<y21>313.010333</y21>
			<x22>251.217546</x22>
			<y22>307.306582</y22>
		</polygon>
	</object>
	<object>
		<name>RMD</name>
		<pose>Unspecified</pose>
		<truncated>0</truncated>
		<difficult>0</difficult>
		<occluded>0</occluded>
		<bndbox>
			<xmin>172</xmin>
			<xmax>231</xmax>
			<ymin>276</ymin>
			<ymax>411</ymax>
		</bndbox>
		<polygon>
			<x1>189.177833</x1>
			<y1>410.214251</y1>
			<x2>193.233698</x2>
			<y2>410.214251</y2>
			<x3>197.289564</x3>
			<y3>403.084564</y3>
			<x4>204.208394</x4>
			<y4>383.596752</y4>
			<x5>211.485094</x5>
			<y5>357.929879</y5>
			<x6>216.37599</x6>
			<y6>341.056286</y6>
			<x7>223.5334</x7>
			<y7>325.60863</y7>
			<x8>227.827846</x8>
			<y8>314.201131</y8>
			<x9>229.736488</x9>
			<y9>300.417069</y9>
			<x10>228.543587</x10>
			<y10>290.197851</y10>
			<x11>225.799913</x11>
			<y11>286.395351</y11>
			<x12>221.386177</x12>
			<y12>286.157695</y12>
			<x13>217.688182</x13>
			<y13>283.781133</y13>
			<x14>214.467347</x14>
			<y14>283.30582</y14>
			<x15>210.769352</x15>
			<y15>289.484882</y15>
			<x16>209.21858</x16>
			<y16>277.126757</y16>
			<x17>207.548518</x17>
			<y17>274.987851</y17>
			<x18>205.162715</x18>
			<y18>274.987851</y18>
			<x19>202.538331</x19>
			<y19>276.889101</y19>
			<x20>201.34543</x20>
			<y20>280.453945</y20>
			<x21>198.482466</x21>
			<y21>278.077382</y21>
			<x22>196.573823</x22>
			<y22>277.60207</y22>
			<x23>195.390803</x23>
			<y23>280.223723</y23>
			<x24>191.444346</x24>
			<y24>286.157695</y24>
			<x25>190.132154</x25>
			<y25>295.901601</y25>
			<x26>187.38848</x26>
			<y26>318.954256</y26>
			<x27>181.543262</x27>
			<y27>345.571754</y27>
			<x28>175.936625</x28>
			<y28>366.723159</y28>
			<x29>172.000049</x29>
			<y29>383.596752</y29>
			<x30>170.926438</x30>
			<y30>393.578314</y30>
			<x31>172.47721</x31>
			<y31>397.856127</y31>
			<x32>176.533075</x32>
			<y32>397.856127</y32>
			<x33>180.946811</x33>
			<y33>392.152377</y33>
			<x34>187.26919</x34>
			<y34>373.377534</y34>
			<x35>192.160087</x35>
			<y35>361.732379</y35>
			<x36>195.380922</x36>
			<y36>356.741598</y36>
			<x37>197.528144</x37>
			<y37>356.028629</y37>
			<x38>198.482466</x38>
			<y38>359.831129</y38>
			<x39>196.812403</x39>
			<y39>368.624409</y39>
			<x40>190.609315</x40>
			<y40>388.82519</y40>
			<x41>187.38848</x41>
			<y41>400.708002</y41>
			<x42>186.79203</x42>
			<y42>408.788314</y42>
			<x43>189.177833</x43>
			<y43>410.214251</y43>
		</polygon>
	</object>
	<object>
		<name>RMD</name>
		<pose>Unspecified</pose>
		<truncated>0</truncated>
		<difficult>0</difficult>
		<occluded>0</occluded>
		<bndbox>
			<xmin>143</xmin>
			<xmax>196</xmax>
			<ymin>248</ymin>
			<ymax>369</ymax>
		</bndbox>
		<polygon>
			<x1>189.055118</x1>
			<y1>257.856907</y1>
			<x2>184.402802</x2>
			<y2>257.856907</y2>
			<x3>178.796164</x3>
			<y3>252.62847</y3>
			<x4>175.45604</x4>
			<y4>246.924721</y4>
			<x5>168.895081</x5>
			<y5>246.687064</y5>
			<x6>163.288443</x6>
			<y6>252.62847</y6>
			<x7>159.113287</x7>
			<y7>265.699563</y7>
			<x8>154.699551</x8>
			<y8>285.425031</y8>
			<x9>145.633499</x9>
			<y9>314.894405</y9>
			<x10>142.412665</x10>
			<y10>340.323622</y10>
			<x11>141.577633</x11>
			<y11>351.255809</y11>
			<x12>148.973623</x12>
			<y12>345.314403</y12>
			<x13>157.085354</x13>
			<y13>326.301904</y13>
			<x14>160.90264</x14>
			<y14>321.548779</y14>
			<x15>157.562515</x15>
			<y15>339.610654</y15>
			<x16>151.359427</x16>
			<y16>360.04909</y16>
			<x17>151.955878</x17>
			<y17>367.891746</y17>
			<x18>158.516837</x18>
			<y18>363.613934</y18>
			<x19>168.6565</x19>
			<y19>346.740341</y19>
			<x20>179.511905</x20>
			<y20>318.221592</y20>
			<x21>186.788605</x21>
			<y21>303.249249</y21>
			<x22>192.395243</x22>
			<y22>291.128781</y22>
			<x23>195.377497</x23>
			<y23>277.582375</y23>
			<x24>194.303886</x24>
			<y24>264.511282</y24>
			<x25>189.055118</x25>
			<y25>257.856907</y25>
		</polygon>
	</object>
	<object>
		<name>RCU</name>
		<pose>Unspecified</pose>
		<truncated>0</truncated>
		<difficult>0</difficult>
		<occluded>0</occluded>
		<bndbox>
			<xmin>251</xmin>
			<xmax>277</xmax>
			<ymin>142</ymin>
			<ymax>307</ymax>
		</bndbox>
		<polygon>
			<x1>275.199988</x1>
			<y1>170.271264</y1>
			<x2>269.946879</x2>
			<y2>140.777517</y2>
			<x3>259.702033</x3>
			<y3>162.695899</y3>
			<x4>253.709999</x4>
			<y4>212.609062</y4>
			<x5>250.844668</x5>
			<y5>259.22821</y5>
			<x6>250.367112</x6>
			<y6>289.197662</y6>
			<x7>255.381443</x7>
			<y7>302.041713</y7>
			<x8>259.440663</x8>
			<y8>306.323064</y8>
			<x9>268.514214</x9>
			<y9>303.46883</y9>
			<x10>275.199988</x10>
			<y10>287.770546</y10>
			<x11>276.155098</x11>
			<y11>253.995448</y11>
			<x12>275.199988</x12>
			<y12>170.271264</y12>
		</polygon>
	</object>
	<object>
		<name>RPMU</name>
		<pose>Unspecified</pose>
		<truncated>0</truncated>
		<difficult>0</difficult>
		<occluded>0</occluded>
		<bndbox>
			<xmin>228</xmin>
			<xmax>260</xmax>
			<ymin>145</ymin>
			<ymax>297</ymax>
		</bndbox>
		<polygon>
			<x1>242.248672</x1>
			<y1>295.857541</y1>
			<x2>248.934446</x2>
			<y2>289.197662</y2>
			<x3>255.620221</x3>
			<y3>282.537784</y3>
			<x4>258.485552</x4>
			<y4>259.703916</y4>
			<x5>259.201885</x5>
			<y5>234.491519</y5>
			<x6>257.052887</x6>
			<y6>175.02832</y6>
			<x7>255.858998</x7>
			<y7>147.437396</y7>
			<x8>250.367112</x8>
			<y8>144.107456</y8>
			<x9>241.790738</x9>
			<y9>155.555869</y9>
			<x10>234.130232</x10>
			<y10>200.716422</y10>
			<x11>229.354679</x11>
			<y11>257.325387</y11>
			<x12>227.444458</x12>
			<y12>278.256434</y12>
			<x13>229.832234</x13>
			<y13>290.624779</y13>
			<x14>236.279231</x14>
			<y14>295.381835</y14>
			<x15>242.248672</x15>
			<y15>295.857541</y15>
		</polygon>
	</object>
	<object>
		<name>RPMU</name>
		<pose>Unspecified</pose>
		<truncated>0</truncated>
		<difficult>0</difficult>
		<occluded>0</occluded>
		<bndbox>
			<xmin>206</xmin>
			<xmax>238</xmax>
			<ymin>140</ymin>
			<ymax>285</ymax>
		</bndbox>
		<polygon>
			<x1>235.801676</x1>
			<y1>153.145862</y1>
			<x2>229.354679</x2>
			<y2>139.350401</y2>
			<x3>222.924173</x3>
			<y3>147.463835</y3>
			<x4>214.311687</x4>
			<y4>195.483661</y4>
			<x5>206.193247</x5>
			<y5>242.578514</y5>
			<x6>204.760581</x6>
			<y6>265.412383</y6>
			<x7>212.640244</x7>
			<y7>280.634961</y7>
			<x8>221.952572</x8>
			<y8>284.440606</y8>
			<x9>232.697566</x9>
			<y9>273.023672</y9>
			<x10>236.518009</x10>
			<y10>246.859864</y10>
			<x11>235.085343</x11>
			<y11>201.667833</y11>
			<x12>235.801676</x12>
			<y12>153.145862</y12>
		</polygon>
	</object>
	<object>
		<name>RMU</name>
		<pose>Unspecified</pose>
		<truncated>0</truncated>
		<difficult>0</difficult>
		<occluded>0</occluded>
		<bndbox>
			<xmin>178</xmin>
			<xmax>222</xmax>
			<ymin>118</ymin>
			<ymax>268</ymax>
		</bndbox>
		<polygon>
			<x1>177.301152</x1>
			<y1>222.123174</y1>
			<x2>176.823597</x2>
			<y2>241.151398</y2>
			<x3>179.688928</x3>
			<y3>251.141215</y3>
			<x4>185.419592</x4>
			<y4>255.898271</y4>
			<x5>189.956367</x5>
			<y5>253.995448</y5>
			<x6>193.060477</x6>
			<y6>263.50956</y6>
			<x7>199.985029</x7>
			<y7>267.315205</y7>
			<x8>207.625913</x8>
			<y8>264.936677</y8>
			<x9>213.834132</x9>
			<y9>247.811276</y9>
			<x10>217.654574</x10>
			<y10>212.609062</y10>
			<x11>220.997461</x11>
			<y11>164.087091</y11>
			<x12>220.997461</x12>
			<y12>134.593344</y12>
			<x13>216.460686</x13>
			<y13>116.516532</y13>
			<x14>203.805471</x14>
			<y14>128.409172</y14>
			<x15>198.313585</x15>
			<y15>139.350401</y15>
			<x16>192.105366</x16>
			<y16>179.30967</y16>
			<x17>184.464481</x17>
			<y17>198.337894</y17>
			<x18>177.301152</x18>
			<y18>222.123174</y18>
		</polygon>
	</object>
	<object>
		<name>RMU</name>
		<pose>Unspecified</pose>
		<truncated>0</truncated>
		<difficult>0</difficult>
		<occluded>0</occluded>
		<bndbox>
			<xmin>151</xmin>
			<xmax>196</xmax>
			<ymin>118</ymin>
			<ymax>240</ymax>
		</bndbox>
		<polygon>
			<x1>173.003154</x1>
			<y1>238.772869</y1>
			<x2>180.166483</x2>
			<y2>223.550291</y2>
			<x3>183.986926</x3>
			<y3>198.813599</y3>
			<x4>194.015587</x4>
			<y4>149.815924</y4>
			<x5>195.448253</x5>
			<y5>126.506349</y5>
			<x6>188.046146</x6>
			<y6>116.992238</y6>
			<x7>177.071257</x7>
			<y7>119.379717</y7>
			<x8>164.168381</x8>
			<y8>159.805741</y8>
			<x9>154.13972</x9>
			<y9>174.076909</y9>
			<x10>150.0805</x10>
			<y10>195.959366</y10>
			<x11>151.751943</x11>
			<y11>214.98759</y11>
			<x12>157.005051</x12>
			<y12>219.26894</y12>
			<x13>162.019382</x13>
			<y13>233.540108</y13>
			<x14>173.003154</x14>
			<y14>238.772869</y14>
		</polygon>
	</object>
	<object>
		<name>LCU</name>
		<pose>Unspecified</pose>
		<truncated>0</truncated>
		<difficult>0</difficult>
		<occluded>0</occluded>
		<bndbox>
			<xmin>368</xmin>
			<xmax>392</xmax>
			<ymin>147</ymin>
			<ymax>314</ymax>
		</bndbox>
		<polygon>
			<x1>373.617871</x1>
			<y1>166.979917</y1>
			<x2>371.216971</x2>
			<y2>227.3506</y2>
			<x3>369.30675</x3>
			<y3>257.320052</y3>
			<x4>367.396529</x4>
			<y4>280.629626</y4>
			<x5>371.455749</x5>
			<y5>302.512083</y5>
			<x6>380.051745</x6>
			<y6>312.977606</y6>
			<x7>387.931407</x7>
			<y7>309.171962</y7>
			<x8>390.796739</x8>
			<y8>280.153921</y8>
			<x9>385.782408</x9>
			<y9>178.828629</y9>
			<x10>380.5293</x10>
			<y10>146.004943</y10>
			<x11>373.617871</x11>
			<y11>166.979917</y11>
		</polygon>
	</object>
	<object>
		<name>LPMU</name>
		<pose>Unspecified</pose>
		<truncated>0</truncated>
		<difficult>0</difficult>
		<occluded>0</occluded>
		<bndbox>
			<xmin>384</xmin>
			<xmax>415</xmax>
			<ymin>152</ymin>
			<ymax>308</ymax>
		</bndbox>
		<polygon>
			<x1>389.618628</x1>
			<y1>157.459877</y1>
			<x2>383.394631</x2>
			<y2>262.077108</y2>
			<x3>385.782408</x3>
			<y3>283.959565</y3>
			<x4>395.094736</x4>
			<y4>298.706439</y4>
			<x5>404.645842</x5>
			<y5>306.793434</y5>
			<x6>414.196948</x6>
			<y6>292.522266</y6>
			<x7>414.196948</x7>
			<y7>270.639809</y7>
			<x8>405.123398</x8>
			<y8>210.700904</y8>
			<x9>398.198846</x9>
			<y9>157.421878</y9>
			<x10>394.855959</x10>
			<y10>151.237705</y10>
			<x11>389.618628</x11>
			<y11>157.459877</y11>
		</polygon>
	</object>
	<object>
		<name>LPMU</name>
		<pose>Unspecified</pose>
		<truncated>0</truncated>
		<difficult>0</difficult>
		<occluded>0</occluded>
		<bndbox>
			<xmin>406</xmin>
			<xmax>435</xmax>
			<ymin>142</ymin>
			<ymax>294</ymax>
		</bndbox>
		<polygon>
			<x1>413.241838</x1>
			<y1>140.772182</y1>
			<x2>407.511174</x2>
			<y2>142.199299</y2>
			<x3>405.380567</x3>
			<y3>152.699857</y3>
			<x4>404.88462</x4>
			<y4>258.747169</y4>
			<x5>406.794841</x5>
			<y5>274.445454</y5>
			<x6>412.04795</x6>
			<y6>285.862387</y6>
			<x7>420.16639</x7>
			<y7>292.997972</y7>
			<x8>430.195051</x8>
			<y8>290.143738</y8>
			<x9>433.776716</x9>
			<y9>273.494043</y9>
			<x10>429.478718</x10>
			<y10>249.233057</y10>
			<x11>421.360278</x11>
			<y11>190.245564</y11>
			<x12>413.241838</x12>
			<y12>140.772182</y12>
		</polygon>
	</object>
	<object>
		<name>LMU</name>
		<pose>Unspecified</pose>
		<truncated>0</truncated>
		<difficult>0</difficult>
		<occluded>0</occluded>
		<bndbox>
			<xmin>422</xmin>
			<xmax>462</xmax>
			<ymin>127</ymin>
			<ymax>276</ymax>
		</bndbox>
		<polygon>
			<x1>460.519812</x1>
			<y1>245.903118</y1>
			<x2>458.848369</x2>
			<y2>222.117838</y2>
			<x3>451.207484</x3>
			<y3>195.478325</y3>
			<x4>438.552269</x4>
			<y4>151.713411</y4>
			<x5>429.956273</x5>
			<y5>125.549603</y5>
			<x6>423.270499</x6>
			<y6>128.403836</y6>
			<x7>421.381325</x7>
			<y7>144.131821</y7>
			<x8>423.509276</x8>
			<y8>237.816123</y8>
			<x9>425.658275</x9>
			<y9>260.649991</y9>
			<x10>432.34405</x10>
			<y10>275.396864</y10>
			<x11>443.327822</x11>
			<y11>273.969748</y11>
			<x12>447.625819</x12>
			<y12>264.455636</y12>
			<x13>454.789149</x13>
			<y13>262.552814</y13>
			<x14>460.519812</x14>
			<y14>245.903118</y14>
		</polygon>
	</object>
	<object>
		<name>LMU</name>
		<pose>Unspecified</pose>
		<truncated>0</truncated>
		<difficult>0</difficult>
		<occluded>0</occluded>
		<bndbox>
			<xmin>441</xmin>
			<xmax>484</xmax>
			<ymin>126</ymin>
			<ymax>243</ymax>
		</bndbox>
		<polygon>
			<x1>477.234248</x1>
			<y1>177.877218</y1>
			<x2>469.115808</x2>
			<y2>164.557461</y2>
			<x3>448.819707</x3>
			<y3>131.25807</y3>
			<x4>442.133933</x4>
			<y4>124.598192</y4>
			<x5>439.531437</x5>
			<y5>134.611781</y5>
			<x6>450.252373</x6>
			<y6>197.381147</y6>
			<x7>456.69937</x7>
			<y7>227.826306</y7>
			<x8>463.385144</x8>
			<y8>240.670356</y8>
			<x9>471.503584</x9>
			<y9>242.097473</y9>
			<x10>477.711803</x10>
			<y10>224.496366</y10>
			<x11>481.771023</x11>
			<y11>217.360782</y11>
			<x12>483.442467</x12>
			<y12>200.711087</y12>
			<x13>477.234248</x13>
			<y13>177.877218</y13>
		</polygon>
	</object>
	<object>
		<name>LMU</name>
		<pose>Unspecified</pose>
		<truncated>0</truncated>
		<difficult>0</difficult>
		<occluded>0</occluded>
		<bndbox>
			<xmin>443</xmin>
			<xmax>487</xmax>
			<ymin>94</ymin>
			<ymax>159</ymax>
		</bndbox>
		<polygon>
			<x1>486.307798</x1>
			<y1>125.517591</y1>
			<x2>484.636355</x2>
			<y2>103.159428</y2>
			<x3>474.130138</x3>
			<y3>96.49955</y3>
			<x4>462.668811</x4>
			<y4>96.023844</y4>
			<x5>449.297263</x5>
			<y5>92.693905</y5>
			<x6>443.805377</x6>
			<y6>105.537956</y6>
			<x7>441.656378</x7>
			<y7>116.003479</y7>
			<x8>447.148264</x8>
			<y8>128.371824</y8>
			<x9>460.281035</x9>
			<y9>149.302871</y9>
			<x10>467.205586</x10>
			<y10>157.865571</y10>
			<x11>476.99547</x11>
			<y11>158.341277</y11>
			<x12>484.636355</x12>
			<y12>147.875754</y12>
			<x13>486.307798</x13>
			<y13>125.517591</y13>
		</polygon>
	</object>
	<object>
		<name>LID</name>
		<pose>Unspecified</pose>
		<truncated>0</truncated>
		<difficult>0</difficult>
		<occluded>0</occluded>
		<bndbox>
			<xmin>322</xmin>
			<xmax>344</xmax>
			<ymin>329</ymin>
			<ymax>458</ymax>
		</bndbox>
		<polygon>
			<x1>334.445214</x1>
			<y1>329.247632</y1>
			<x2>325.849218</x2>
			<y2>328.296222</y2>
			<x3>321.555706</x3>
			<y3>341.196649</y3>
			<x4>320.834888</x4>
			<y4>363.974141</y4>
			<x5>330.863549</x5>
			<y5>436.757097</y5>
			<x6>335.639102</x6>
			<y6>457.212437</y6>
			<x7>342.563654</x7>
			<y7>453.406792</y7>
			<x8>339.220767</x8>
			<y8>396.797827</y8>
			<x9>339.220767</x9>
			<y9>368.255491</y9>
			<x10>340.175877</x10>
			<y10>336.858923</y10>
			<x11>339.220767</x11>
			<y11>331.150455</y11>
			<x12>334.445214</x12>
			<y12>329.247632</y12>
		</polygon>
	</object>
	<object>
		<name>LID</name>
		<pose>Unspecified</pose>
		<truncated>0</truncated>
		<difficult>0</difficult>
		<occluded>0</occluded>
		<bndbox>
			<xmin>335</xmin>
			<xmax>361</xmax>
			<ymin>330</ymin>
			<ymax>450</ymax>
		</bndbox>
		<polygon>
			<x1>355.218869</x1>
			<y1>348.751562</y1>
			<x2>354.502536</x2>
			<y2>333.528983</y2>
			<x3>351.159649</x3>
			<y3>329.247632</y3>
			<x4>335.645925</x4>
			<y4>335.008623</y4>
			<x5>333.967658</x5>
			<y5>343.043095</y5>
			<x6>337.071768</x6>
			<y6>364.449847</y6>
			<x7>342.563654</x7>
			<y7>399.652061</y7>
			<x8>349.726983</x8>
			<y8>441.514152</y8>
			<x9>358.322979</x9>
			<y9>449.125442</y9>
			<x10>359.755644</x10>
			<y10>438.659919</y10>
			<x11>356.651535</x11>
			<y11>399.652061</y11>
			<x12>355.218869</x12>
			<y12>348.751562</y12>
		</polygon>
	</object>
	<object>
		<name>LCD</name>
		<pose>Unspecified</pose>
		<truncated>0</truncated>
		<difficult>0</difficult>
		<occluded>0</occluded>
		<bndbox>
			<xmin>355</xmin>
			<xmax>382</xmax>
			<ymin>326</ymin>
			<ymax>479</ymax>
		</bndbox>
		<polygon>
			<x1>357.606646</x1>
			<y1>380.623837</y1>
			<x2>364.29242</x2>
			<y2>435.32998</y2>
			<x3>374.559859</x3>
			<y3>477.667777</y3>
			<x4>381.484411</x4>
			<y4>446.746914</y4>
			<x5>375.992524</x5>
			<y5>364.925552</y5>
			<x6>373.604748</x6>
			<y6>339.713156</y6>
			<x7>370.739416</x7>
			<y7>325.917694</y7>
			<x8>360.005286</x8>
			<y8>325.488583</y8>
			<x9>354.263758</x9>
			<y9>345.421623</y9>
			<x10>357.606646</x10>
			<y10>380.623837</y10>
		</polygon>
	</object>
	<object>
		<name>LPMD</name>
		<pose>Unspecified</pose>
		<truncated>0</truncated>
		<difficult>0</difficult>
		<occluded>0</occluded>
		<bndbox>
			<xmin>372</xmin>
			<xmax>398</xmax>
			<ymin>319</ymin>
			<ymax>448</ymax>
		</bndbox>
		<polygon>
			<x1>374.321081</x1>
			<y1>323.539166</y1>
			<x2>370.978194</x2>
			<y2>340.188861</y2>
			<x3>375.992524</x3>
			<y3>361.595613</y3>
			<x4>383.155854</x4>
			<y4>417.728873</y4>
			<x5>391.513072</x5>
			<y5>443.416975</y5>
			<x6>395.572292</x6>
			<y6>446.746914</y6>
			<x7>396.527402</x7>
			<y7>397.273532</y7>
			<x8>394.378403</x8>
			<y8>341.615978</y8>
			<x9>391.274294</x9>
			<y9>320.684932</y9>
			<x10>386.021186</x10>
			<y10>317.830699</y10>
			<x11>374.321081</x11>
			<y11>323.539166</y11>
		</polygon>
	</object>
	<object>
		<name>LPMD</name>
		<pose>Unspecified</pose>
		<truncated>0</truncated>
		<difficult>0</difficult>
		<occluded>0</occluded>
		<bndbox>
			<xmin>388</xmin>
			<xmax>424</xmax>
			<ymin>309</ymin>
			<ymax>450</ymax>
		</bndbox>
		<polygon>
			<x1>422.792944</x1>
			<y1>441.038447</y1>
			<x2>418.733723</x2>
			<y2>376.342486</y2>
			<x3>413.480615</x3>
			<y3>335.431806</y3>
			<x4>411.809172</x4>
			<y4>310.695114</y4>
			<x5>407.033619</x5>
			<y5>307.840881</y5>
			<x6>399.870289</x6>
			<y6>307.840881</y6>
			<x7>394.156156</x7>
			<y7>313.588533</y7>
			<x8>389.841628</x8>
			<y8>314.025054</y8>
			<x9>386.976296</x9>
			<y9>324.966282</y9>
			<x10>390.319183</x10>
			<y10>340.664567</y10>
			<x11>396.527402</x11>
			<y11>365.401257</y11>
			<x12>409.898951</x12>
			<y12>421.534517</y12>
			<x13>418.017391</x13>
			<y13>449.125442</y13>
			<x14>422.792944</x14>
			<y14>441.038447</y14>
		</polygon>
	</object>
	<object>
		<name>LMD</name>
		<pose>Unspecified</pose>
		<truncated>0</truncated>
		<difficult>0</difficult>
		<occluded>0</occluded>
		<bndbox>
			<xmin>409</xmin>
			<xmax>468</xmax>
			<ymin>282</ymin>
			<ymax>417</ymax>
		</bndbox>
		<polygon>
			<x1>434.493048</x1>
			<y1>281.201368</y1>
			<x2>425.658275</x2>
			<y2>289.288363</y2>
			<x3>422.792944</x3>
			<y3>291.191186</y3>
			<x4>418.515517</x4>
			<y4>298.356469</y4>
			<x5>412.286727</x5>
			<y5>295.948241</y5>
			<x6>408.227507</x6>
			<y6>306.413764</y6>
			<x7>409.421395</x7>
			<y7>328.296222</y7>
			<x8>416.823503</x8>
			<y8>348.275856</y8>
			<x9>426.135831</x9>
			<y9>370.158314</y9>
			<x10>432.582827</x10>
			<y10>397.273532</y10>
			<x11>436.642047</x11>
			<y11>413.923228</y11>
			<x12>446.909486</x12>
			<y12>415.826051</y12>
			<x13>446.909486</x13>
			<y13>401.554883</y13>
			<x14>440.701267</x14>
			<y14>373.012547</y14>
			<x15>441.178823</x15>
			<y15>362.071319</y15>
			<x16>446.909486</x16>
			<y16>375.866781</y16>
			<x17>455.744259</x17>
			<y17>393.943593</y17>
			<x18>467.444364</x18>
			<y18>403.457705</y18>
			<x19>463.385144</x19>
			<y19>381.099542</y19>
			<x20>455.505482</x20>
			<y20>346.84874</y20>
			<x21>447.864597</x21>
			<y21>319.733521</y21>
			<x22>444.999265</x22>
			<y22>297.375358</y22>
			<x23>440.46249</x23>
			<y23>283.10419</y23>
			<x24>434.493048</x24>
			<y24>281.201368</y24>
		</polygon>
	</object>
	<object>
		<name>LMD</name>
		<pose>Unspecified</pose>
		<truncated>0</truncated>
		<difficult>0</difficult>
		<occluded>0</occluded>
		<bndbox>
			<xmin>468</xmin>
			<xmax>517</xmax>
			<ymin>224</ymin>
			<ymax>337</ymax>
		</bndbox>
		<polygon>
			<x1>491.083351</x1>
			<y1>223.101261</y1>
			<x2>483.442467</x2>
			<y2>230.236846</y2>
			<x3>477.95058</x3>
			<y3>230.236846</y3>
			<x4>471.503584</x4>
			<y4>234.993901</y4>
			<x5>467.23424</x5>
			<y5>249.804265</y5>
			<x6>467.444364</x6>
			<y6>249.740774</y6>
			<x7>471.264807</x7>
			<y7>267.341882</y7>
			<x8>478.666914</x8>
			<y8>292.078573</y8>
			<x9>483.442467</x9>
			<y9>307.301151</y9>
			<x10>488.695575</x10>
			<y10>323.475141</y10>
			<x11>492.277239</x11>
			<y11>336.319192</y11>
			<x12>498.246681</x12>
			<y12>333.940664</y12>
			<x13>498.963014</x13>
			<y13>325.377964</y13>
			<x14>496.575237</x14>
			<y14>308.252563</y14>
			<x15>495.620127</x15>
			<y15>294.457101</y15>
			<x16>498.485458</x16>
			<y16>302.06839</y16>
			<x17>504.4549</x17>
			<y17>317.766674</y17>
			<x18>511.618229</x18>
			<y18>329.183609</y18>
			<x19>515.916227</x19>
			<y19>319.669497</y19>
			<x20>513.050895</x20>
			<y20>299.214156</y20>
			<x21>505.171233</x21>
			<y21>272.574643</y21>
			<x22>504.216122</x22>
			<y22>245.93513</y22>
			<x23>499.679347</x23>
			<y23>225.955495</y23>
			<x24>491.083351</x24>
			<y24>223.101261</y24>
		</polygon>
	</object>
	<object>
		<name>LMD</name>
		<pose>Unspecified</pose>
		<truncated>0</truncated>
		<difficult>0</difficult>
		<occluded>0</occluded>
		<bndbox>
			<xmin>441</xmin>
			<xmax>498</xmax>
			<ymin>250</ymin>
			<ymax>379</ymax>
		</bndbox>
		<polygon>
			<x1>447.625819</x1>
			<y1>312.058207</y1>
			<x2>457.176925</x2>
			<y2>329.183609</y2>
			<x3>465.295365</x3>
			<y3>353.920299</y3>
			<x4>477.711803</x4>
			<y4>372.948523</y4>
			<x5>486.069021</x5>
			<y5>378.181285</y5>
			<x6>478.666914</x6>
			<y6>351.066066</y6>
			<x7>471.026029</x7>
			<y7>326.329375</y7>
			<x8>484.397577</x8>
			<y8>352.017477</y8>
			<x9>492.993572</x9>
			<y9>363.434411</y9>
			<x10>496.814015</x10>
			<y10>363.910117</y10>
			<x11>487.740464</x11>
			<y11>322.523731</y11>
			<x12>474.846471</x12>
			<y12>285.418694</y12>
			<x13>467.444364</x13>
			<y13>253.070714</y13>
			<x14>462.430033</x14>
			<y14>249.265069</y14>
			<x15>455.744259</x15>
			<y15>260.206298</y15>
			<x16>447.387041</x16>
			<y16>262.10912</y16>
			<x17>440.964341</x17>
			<y17>275.984375</y17>
			<x18>440.46249</x18>
			<y18>287.321516</y18>
			<x19>447.625819</x19>
			<y19>312.058207</y19>
		</polygon>
	</object>
	<metadata>
		<tags>
			<tag>teeth</tag>
		</tags>
	</metadata>
</annotation>
