<annotation>
	<folder></folder>
	<filename>127_jpg.rf.c30e1a6b5fbfe58f04c2f7aae929b2a9.jpg</filename>
	<path>127_jpg.rf.c30e1a6b5fbfe58f04c2f7aae929b2a9.jpg</path>
	<source>
		<database>roboflow.com</database>
	</source>
	<size>
		<width>640</width>
		<height>640</height>
		<depth>3</depth>
	</size>
	<segmented>0</segmented>
	<object>
		<name>RIU</name>
		<pose>Unspecified</pose>
		<truncated>0</truncated>
		<difficult>0</difficult>
		<occluded>0</occluded>
		<bndbox>
			<xmin>296</xmin>
			<xmax>325</xmax>
			<ymin>162</ymin>
			<ymax>323</ymax>
		</bndbox>
		<polygon>
			<x1>295.402393</x1>
			<y1>318.574328</y1>
			<x2>305.461934</x2>
			<y2>321.657582</y2>
			<x3>316.682191</x3>
			<y3>321.657582</y3>
			<x4>322.485772</x4>
			<y4>319.345141</y4>
			<x5>324.033394</x5>
			<y5>294.679104</y5>
			<x6>322.485772</x6>
			<y6>266.929813</y6>
			<x7>319.390529</x7>
			<y7>172.890547</y7>
			<x8>314.747664</x8>
			<y8>160.557529</y8>
			<x9>303.944307</x9>
			<y9>180.722214</y9>
			<x10>299.271447</x10>
			<y10>253.055167</y10>
			<x11>297.723826</x11>
			<y11>267.700627</y11>
			<x12>296.176204</x12>
			<y12>276.950391</y12>
			<x13>295.402393</x13>
			<y13>318.574328</y13>
		</polygon>
	</object>
	<object>
		<name>RIU</name>
		<pose>Unspecified</pose>
		<truncated>0</truncated>
		<difficult>0</difficult>
		<occluded>0</occluded>
		<bndbox>
			<xmin>274</xmin>
			<xmax>298</xmax>
			<ymin>165</ymin>
			<ymax>316</ymax>
		</bndbox>
		<polygon>
			<x1>274.5095</x1>
			<y1>306.241309</y1>
			<x2>284.182136</x2>
			<y2>314.720259</y2>
			<x3>291.533339</x3>
			<y3>313.949446</y3>
			<x4>296.176204</x4>
			<y4>308.553751</y4>
			<x5>297.33692</x5>
			<y5>261.534117</y5>
			<x6>295.789298</x6>
			<y6>168.265666</y6>
			<x7>288.465522</x7>
			<y7>163.753748</y7>
			<x8>279.152365</x8>
			<y8>221.451807</y8>
			<x9>276.830933</x9>
			<y9>263.846559</y9>
			<x10>273.73569</x10>
			<y10>275.408763</y10>
			<x11>272.961879</x11>
			<y11>294.679104</y11>
			<x12>274.5095</x12>
			<y12>306.241309</y12>
		</polygon>
	</object>
	<object>
		<name>LIU</name>
		<pose>Unspecified</pose>
		<truncated>0</truncated>
		<difficult>0</difficult>
		<occluded>0</occluded>
		<bndbox>
			<xmin>322</xmin>
			<xmax>352</xmax>
			<ymin>172</ymin>
			<ymax>328</ymax>
		</bndbox>
		<polygon>
			<x1>325.19411</x1>
			<y1>251.51354</y1>
			<x2>322.485772</x2>
			<y2>282.346086</y2>
			<x3>320.551245</x3>
			<y3>302.387241</y3>
			<x4>321.325056</x4>
			<y4>316.261887</y4>
			<x5>323.646489</x5>
			<y5>323.970023</y5>
			<x6>332.545313</x6>
			<y6>327.053278</y6>
			<x7>342.604854</x7>
			<y7>323.970023</y7>
			<x8>349.956057</x8>
			<y8>315.491073</y8>
			<x9>350.729868</x9>
			<y9>288.512596</y9>
			<x10>348.795341</x10>
			<y10>259.221677</y10>
			<x11>345.700098</x11>
			<y11>183.681939</y11>
			<x12>342.604854</x12>
			<y12>172.119734</y12>
			<x13>334.901876</x13>
			<y13>171.466687</y13>
			<x14>329.45007</x14>
			<y14>192.931703</y14>
			<x15>325.19411</x15>
			<y15>251.51354</y15>
		</polygon>
	</object>
	<object>
		<name>LIU</name>
		<pose>Unspecified</pose>
		<truncated>0</truncated>
		<difficult>0</difficult>
		<occluded>0</occluded>
		<bndbox>
			<xmin>351</xmin>
			<xmax>373</xmax>
			<ymin>174</ymin>
			<ymax>320</ymax>
		</bndbox>
		<polygon>
			<x1>350.342962</x1>
			<y1>309.324564</y1>
			<x2>353.825111</x2>
			<y2>319.345141</y2>
			<x3>362.337031</x3>
			<y3>317.032701</y3>
			<x4>370.075139</x4>
			<y4>312.407819</y4>
			<x5>371.62276</x5>
			<y5>289.283409</y5>
			<x6>366.59299</x6>
			<y6>256.138422</y6>
			<x7>362.723936</x7>
			<y7>192.931703</y7>
			<x8>359.241787</x8>
			<y8>172.890547</y8>
			<x9>351.92854</x9>
			<y9>182.264802</y9>
			<x10>350.342962</x10>
			<y10>256.909236</y10>
			<x11>350.342962</x11>
			<y11>276.179577</y11>
			<x12>349.956057</x12>
			<y12>293.908291</y12>
			<x13>350.342962</x13>
			<y13>309.324564</y13>
		</polygon>
	</object>
	<object>
		<name>RID</name>
		<pose>Unspecified</pose>
		<truncated>0</truncated>
		<difficult>0</difficult>
		<occluded>0</occluded>
		<bndbox>
			<xmin>287</xmin>
			<xmax>308</xmax>
			<ymin>330</ymin>
			<ymax>466</ymax>
		</bndbox>
		<polygon>
			<x1>306.740851</x1>
			<y1>351.320733</y1>
			<x2>306.26369</x2>
			<y2>334.922453</y2>
			<x3>291.17431</x3>
			<y3>328.81065</y3>
			<x4>287.773715</x4>
			<y4>334.922453</y4>
			<x5>286.938684</x5>
			<y5>376.749951</y5>
			<x6>285.626492</x6>
			<y6>455.937456</y6>
			<x7>289.563067</x7>
			<y7>464.968393</y7>
			<x8>295.766156</x8>
			<y8>441.915738</y8>
			<x9>304.593628</x9>
			<y9>374.18371</y9>
			<x10>306.740851</x10>
			<y10>351.320733</y10>
		</polygon>
	</object>
	<object>
		<name>RID</name>
		<pose>Unspecified</pose>
		<truncated>0</truncated>
		<difficult>0</difficult>
		<occluded>0</occluded>
		<bndbox>
			<xmin>307</xmin>
			<xmax>324</xmax>
			<ymin>333</ymin>
			<ymax>470</ymax>
		</bndbox>
		<polygon>
			<x1>320.81709</x1>
			<y1>465.238035</y1>
			<x2>323.202893</x2>
			<y2>441.234755</y2>
			<x3>322.845023</x3>
			<y3>367.275686</y3>
			<x4>322.845023</x4>
			<y4>333.290844</y4>
			<x5>321.308328</x5>
			<y5>332.113847</y5>
			<x6>306.02511</x6>
			<y6>336.110734</y6>
			<x7>305.667239</x7>
			<y7>360.35167</y7>
			<x8>306.740851</x8>
			<y8>436.449644</y8>
			<x9>309.245944</x9>
			<y9>464.525066</y9>
			<x10>314.614002</x10>
			<y10>469.040535</y10>
			<x11>320.81709</x11>
			<y11>465.238035</y11>
		</polygon>
	</object>
	<object>
		<name>RCD</name>
		<pose>Unspecified</pose>
		<truncated>0</truncated>
		<difficult>0</difficult>
		<occluded>0</occluded>
		<bndbox>
			<xmin>261</xmin>
			<xmax>289</xmax>
			<ymin>325</ymin>
			<ymax>467</ymax>
		</bndbox>
		<polygon>
			<x1>265.816625</x1>
			<y1>361.319916</y1>
			<x2>261.522179</x2>
			<y2>397.237994</y2>
			<x3>259.852117</x3>
			<y3>430.034555</y3>
			<x4>263.669402</x4>
			<y4>455.226116</y4>
			<x5>267.367397</x5>
			<y5>466.395959</y5>
			<x6>277.626351</x6>
			<y6>417.676431</y6>
			<x7>286.811694</x7>
			<y7>373.440384</y7>
			<x8>288.004595</x8>
			<y8>344.446324</y8>
			<x9>282.771212</x9>
			<y9>324.504109</y9>
			<x10>277.507061</x10>
			<y10>323.532574</y10>
			<x11>273.451195</x11>
			<y11>324.245543</y11>
			<x12>270.349651</x12>
			<y12>335.17773</y12>
			<x13>265.816625</x13>
			<y13>361.319916</y13>
		</polygon>
	</object>
	<object>
		<name>RPMD</name>
		<pose>Unspecified</pose>
		<truncated>0</truncated>
		<difficult>0</difficult>
		<occluded>0</occluded>
		<bndbox>
			<xmin>245</xmin>
			<xmax>272</xmax>
			<ymin>315</ymin>
			<ymax>449</ymax>
		</bndbox>
		<polygon>
			<x1>267.725267</x1>
			<y1>319.492419</y1>
			<x2>263.442999</x2>
			<y2>322.126066</y2>
			<x3>262.953661</x3>
			<y3>318.525801</y3>
			<x4>261.164308</x4>
			<y4>315.911582</y4>
			<x5>258.182054</x5>
			<y5>313.772676</y5>
			<x6>254.484059</x6>
			<y6>314.960958</y6>
			<x7>251.263225</x7>
			<y7>316.386894</y7>
			<x8>247.56523</x8>
			<y8>324.229551</y8>
			<x9>245.298717</x9>
			<y9>340.865488</y9>
			<x10>244.940846</x10>
			<y10>400.327525</y10>
			<x11>244.105815</x11>
			<y11>438.590179</y11>
			<x12>247.207359</x12>
			<y12>448.096429</y12>
			<x13>258.301345</x13>
			<y13>417.882101</y13>
			<x14>264.265853</x14>
			<y14>372.014447</y14>
			<x15>270.707521</x15>
			<y15>331.375231</y15>
			<x16>270.588231</x16>
			<y16>321.631325</y16>
			<x17>267.725267</x17>
			<y17>319.492419</y17>
		</polygon>
	</object>
	<object>
		<name>RPMD</name>
		<pose>Unspecified</pose>
		<truncated>0</truncated>
		<difficult>0</difficult>
		<occluded>0</occluded>
		<bndbox>
			<xmin>215</xmin>
			<xmax>256</xmax>
			<ymin>304</ymin>
			<ymax>430</ymax>
		</bndbox>
		<polygon>
			<x1>246.610909</x1>
			<y1>346.569237</y1>
			<x2>251.740385</x2>
			<y2>331.83455</y2>
			<x3>254.722639</x3>
			<y3>322.328301</y3>
			<x4>254.126189</x4>
			<y4>314.010333</y4>
			<x5>252.217546</x5>
			<y5>308.306582</y5>
			<x6>249.712453</x6>
			<y6>306.880645</y6>
			<x7>243.398926</x7>
			<y7>311.187067</y7>
			<x8>241.004271</x8>
			<y8>303.775121</y8>
			<x9>237.783436</x9>
			<y9>302.824496</y9>
			<x10>233.966151</x10>
			<y10>302.824496</y10>
			<x11>230.626026</x11>
			<y11>304.48809</y11>
			<x12>227.405192</x12>
			<y12>305.233044</y12>
			<x13>225.257969</x13>
			<y13>312.125075</y13>
			<x14>224.303648</x14>
			<y14>325.433824</y14>
			<x15>220.963523</x15>
			<y15>351.592004</y15>
			<x16>217.623399</x16>
			<y16>394.370126</y16>
			<x17>214.283274</x17>
			<y17>417.660438</y17>
			<x18>214.402564</x18>
			<y18>425.978406</y18>
			<x19>215.834046</x19>
			<y19>429.305594</y19>
			<x20>218.57772</x20>
			<y20>428.592625</y20>
			<x21>230.148866</x21>
			<y21>396.239391</y21>
			<x22>246.610909</x22>
			<y22>346.569237</y22>
		</polygon>
	</object>
	<object>
		<name>RMD</name>
		<pose>Unspecified</pose>
		<truncated>0</truncated>
		<difficult>0</difficult>
		<occluded>0</occluded>
		<bndbox>
			<xmin>173</xmin>
			<xmax>232</xmax>
			<ymin>277</ymin>
			<ymax>412</ymax>
		</bndbox>
		<polygon>
			<x1>197.812403</x1>
			<y1>369.624409</y1>
			<x2>191.609315</x2>
			<y2>389.82519</y2>
			<x3>188.38848</x3>
			<y3>401.708002</y3>
			<x4>187.79203</x4>
			<y4>409.788314</y4>
			<x5>190.177833</x5>
			<y5>411.214251</y5>
			<x6>194.233698</x6>
			<y6>411.214251</y6>
			<x7>198.289564</x7>
			<y7>404.084564</y7>
			<x8>205.208394</x8>
			<y8>384.596752</y8>
			<x9>212.485094</x9>
			<y9>358.929879</y9>
			<x10>217.37599</x10>
			<y10>342.056286</y10>
			<x11>224.5334</x11>
			<y11>326.60863</y11>
			<x12>228.827846</x12>
			<y12>315.201131</y12>
			<x13>230.736488</x13>
			<y13>301.417069</y13>
			<x14>229.543587</x14>
			<y14>291.197851</y14>
			<x15>226.799913</x15>
			<y15>287.395351</y15>
			<x16>222.386177</x16>
			<y16>287.157695</y16>
			<x17>218.688182</x17>
			<y17>284.781133</y17>
			<x18>215.467347</x18>
			<y18>284.30582</y18>
			<x19>211.769352</x19>
			<y19>290.484882</y19>
			<x20>210.21858</x20>
			<y20>278.126757</y20>
			<x21>208.548518</x21>
			<y21>275.987851</y21>
			<x22>206.162715</x22>
			<y22>275.987851</y22>
			<x23>203.538331</x23>
			<y23>277.889101</y23>
			<x24>202.34543</x24>
			<y24>281.453945</y24>
			<x25>199.482466</x25>
			<y25>279.077382</y25>
			<x26>197.573823</x26>
			<y26>278.60207</y26>
			<x27>196.390803</x27>
			<y27>281.223723</y27>
			<x28>192.444346</x28>
			<y28>287.157695</y28>
			<x29>191.132154</x29>
			<y29>296.901601</y29>
			<x30>188.38848</x30>
			<y30>319.954256</y30>
			<x31>182.543262</x31>
			<y31>346.571754</y31>
			<x32>176.936625</x32>
			<y32>367.723159</y32>
			<x33>173.000049</x33>
			<y33>384.596752</y33>
			<x34>171.926438</x34>
			<y34>394.578314</y34>
			<x35>173.47721</x35>
			<y35>398.856127</y35>
			<x36>177.533075</x36>
			<y36>398.856127</y36>
			<x37>181.946811</x37>
			<y37>393.152377</y37>
			<x38>188.26919</x38>
			<y38>374.377534</y38>
			<x39>193.160087</x39>
			<y39>362.732379</y39>
			<x40>196.380922</x40>
			<y40>357.741598</y40>
			<x41>198.528144</x41>
			<y41>357.028629</y41>
			<x42>199.482466</x42>
			<y42>360.831129</y42>
			<x43>197.812403</x43>
			<y43>369.624409</y43>
		</polygon>
	</object>
	<object>
		<name>RMD</name>
		<pose>Unspecified</pose>
		<truncated>0</truncated>
		<difficult>0</difficult>
		<occluded>0</occluded>
		<bndbox>
			<xmin>144</xmin>
			<xmax>197</xmax>
			<ymin>249</ymin>
			<ymax>370</ymax>
		</bndbox>
		<polygon>
			<x1>187.788605</x1>
			<y1>304.249249</y1>
			<x2>193.395243</x2>
			<y2>292.128781</y2>
			<x3>196.377497</x3>
			<y3>278.582375</y3>
			<x4>195.303886</x4>
			<y4>265.511282</y4>
			<x5>190.055118</x5>
			<y5>258.856907</y5>
			<x6>185.402802</x6>
			<y6>258.856907</y6>
			<x7>179.796164</x7>
			<y7>253.62847</y7>
			<x8>176.45604</x8>
			<y8>247.924721</y8>
			<x9>169.895081</x9>
			<y9>247.687064</y9>
			<x10>164.288443</x10>
			<y10>253.62847</y10>
			<x11>160.113287</x11>
			<y11>266.699563</y11>
			<x12>155.699551</x12>
			<y12>286.425031</y12>
			<x13>146.633499</x13>
			<y13>315.894405</y13>
			<x14>143.412665</x14>
			<y14>341.323622</y14>
			<x15>142.577633</x15>
			<y15>352.255809</y15>
			<x16>149.973623</x16>
			<y16>346.314403</y16>
			<x17>158.085354</x17>
			<y17>327.301904</y17>
			<x18>161.90264</x18>
			<y18>322.548779</y18>
			<x19>158.562515</x19>
			<y19>340.610654</y19>
			<x20>152.359427</x20>
			<y20>361.04909</y20>
			<x21>152.955878</x21>
			<y21>368.891746</y21>
			<x22>159.516837</x22>
			<y22>364.613934</y22>
			<x23>169.6565</x23>
			<y23>347.740341</y23>
			<x24>180.511905</x24>
			<y24>319.221592</y24>
			<x25>187.788605</x25>
			<y25>304.249249</y25>
		</polygon>
	</object>
	<object>
		<name>RCU</name>
		<pose>Unspecified</pose>
		<truncated>0</truncated>
		<difficult>0</difficult>
		<occluded>0</occluded>
		<bndbox>
			<xmin>252</xmin>
			<xmax>278</xmax>
			<ymin>143</ymin>
			<ymax>308</ymax>
		</bndbox>
		<polygon>
			<x1>260.440663</x1>
			<y1>307.323064</y1>
			<x2>269.514214</x2>
			<y2>304.46883</y2>
			<x3>276.199988</x3>
			<y3>288.770546</y3>
			<x4>277.155098</x4>
			<y4>254.995448</y4>
			<x5>276.199988</x5>
			<y5>171.271264</y5>
			<x6>270.946879</x6>
			<y6>141.777517</y6>
			<x7>260.702033</x7>
			<y7>163.695899</y7>
			<x8>254.709999</x8>
			<y8>213.609062</y8>
			<x9>251.844668</x9>
			<y9>260.22821</y9>
			<x10>251.367112</x10>
			<y10>290.197662</y10>
			<x11>256.381443</x11>
			<y11>303.041713</y11>
			<x12>260.440663</x12>
			<y12>307.323064</y12>
		</polygon>
	</object>
	<object>
		<name>RPMU</name>
		<pose>Unspecified</pose>
		<truncated>0</truncated>
		<difficult>0</difficult>
		<occluded>0</occluded>
		<bndbox>
			<xmin>229</xmin>
			<xmax>261</xmax>
			<ymin>146</ymin>
			<ymax>298</ymax>
		</bndbox>
		<polygon>
			<x1>230.354679</x1>
			<y1>258.325387</y1>
			<x2>228.444458</x2>
			<y2>279.256434</y2>
			<x3>230.832234</x3>
			<y3>291.624779</y3>
			<x4>237.279231</x4>
			<y4>296.381835</y4>
			<x5>243.248672</x5>
			<y5>296.857541</y5>
			<x6>249.934446</x6>
			<y6>290.197662</y6>
			<x7>256.620221</x7>
			<y7>283.537784</y7>
			<x8>259.485552</x8>
			<y8>260.703916</y8>
			<x9>260.201885</x9>
			<y9>235.491519</y9>
			<x10>258.052887</x10>
			<y10>176.02832</y10>
			<x11>256.858998</x11>
			<y11>148.437396</y11>
			<x12>251.367112</x12>
			<y12>145.107456</y12>
			<x13>242.790738</x13>
			<y13>156.555869</y13>
			<x14>235.130232</x14>
			<y14>201.716422</y14>
			<x15>230.354679</x15>
			<y15>258.325387</y15>
		</polygon>
	</object>
	<object>
		<name>RPMU</name>
		<pose>Unspecified</pose>
		<truncated>0</truncated>
		<difficult>0</difficult>
		<occluded>0</occluded>
		<bndbox>
			<xmin>207</xmin>
			<xmax>239</xmax>
			<ymin>141</ymin>
			<ymax>286</ymax>
		</bndbox>
		<polygon>
			<x1>222.952572</x1>
			<y1>285.440606</y1>
			<x2>233.697566</x2>
			<y2>274.023672</y2>
			<x3>237.518009</x3>
			<y3>247.859864</y3>
			<x4>236.085343</x4>
			<y4>202.667833</y4>
			<x5>236.801676</x5>
			<y5>154.145862</y5>
			<x6>230.354679</x6>
			<y6>140.350401</y6>
			<x7>223.924173</x7>
			<y7>148.463835</y7>
			<x8>215.311687</x8>
			<y8>196.483661</y8>
			<x9>207.193247</x9>
			<y9>243.578514</y9>
			<x10>205.760581</x10>
			<y10>266.412383</y10>
			<x11>213.640244</x11>
			<y11>281.634961</y11>
			<x12>222.952572</x12>
			<y12>285.440606</y12>
		</polygon>
	</object>
	<object>
		<name>RMU</name>
		<pose>Unspecified</pose>
		<truncated>0</truncated>
		<difficult>0</difficult>
		<occluded>0</occluded>
		<bndbox>
			<xmin>179</xmin>
			<xmax>223</xmax>
			<ymin>119</ymin>
			<ymax>269</ymax>
		</bndbox>
		<polygon>
			<x1>204.805471</x1>
			<y1>129.409172</y1>
			<x2>199.313585</x2>
			<y2>140.350401</y2>
			<x3>193.105366</x3>
			<y3>180.30967</y3>
			<x4>185.464481</x4>
			<y4>199.337894</y4>
			<x5>178.301152</x5>
			<y5>223.123174</y5>
			<x6>177.823597</x6>
			<y6>242.151398</y6>
			<x7>180.688928</x7>
			<y7>252.141215</y7>
			<x8>186.419592</x8>
			<y8>256.898271</y8>
			<x9>190.956367</x9>
			<y9>254.995448</y9>
			<x10>194.060477</x10>
			<y10>264.50956</y10>
			<x11>200.985029</x11>
			<y11>268.315205</y11>
			<x12>208.625913</x12>
			<y12>265.936677</y12>
			<x13>214.834132</x13>
			<y13>248.811276</y13>
			<x14>218.654574</x14>
			<y14>213.609062</y14>
			<x15>221.997461</x15>
			<y15>165.087091</y15>
			<x16>221.997461</x16>
			<y16>135.593344</y16>
			<x17>217.460686</x17>
			<y17>117.516532</y17>
			<x18>204.805471</x18>
			<y18>129.409172</y18>
		</polygon>
	</object>
	<object>
		<name>RMU</name>
		<pose>Unspecified</pose>
		<truncated>0</truncated>
		<difficult>0</difficult>
		<occluded>0</occluded>
		<bndbox>
			<xmin>152</xmin>
			<xmax>197</xmax>
			<ymin>119</ymin>
			<ymax>241</ymax>
		</bndbox>
		<polygon>
			<x1>151.0805</x1>
			<y1>196.959366</y1>
			<x2>152.751943</x2>
			<y2>215.98759</y2>
			<x3>158.005051</x3>
			<y3>220.26894</y3>
			<x4>163.019382</x4>
			<y4>234.540108</y4>
			<x5>174.003154</x5>
			<y5>239.772869</y5>
			<x6>181.166483</x6>
			<y6>224.550291</y6>
			<x7>184.986926</x7>
			<y7>199.813599</y7>
			<x8>195.015587</x8>
			<y8>150.815924</y8>
			<x9>196.448253</x9>
			<y9>127.506349</y9>
			<x10>189.046146</x10>
			<y10>117.992238</y10>
			<x11>178.071257</x11>
			<y11>120.379717</y11>
			<x12>165.168381</x12>
			<y12>160.805741</y12>
			<x13>155.13972</x13>
			<y13>175.076909</y13>
			<x14>151.0805</x14>
			<y14>196.959366</y14>
		</polygon>
	</object>
	<object>
		<name>LCU</name>
		<pose>Unspecified</pose>
		<truncated>0</truncated>
		<difficult>0</difficult>
		<occluded>0</occluded>
		<bndbox>
			<xmin>369</xmin>
			<xmax>393</xmax>
			<ymin>148</ymin>
			<ymax>315</ymax>
		</bndbox>
		<polygon>
			<x1>388.931407</x1>
			<y1>310.171962</y1>
			<x2>391.796739</x2>
			<y2>281.153921</y2>
			<x3>386.782408</x3>
			<y3>179.828629</y3>
			<x4>381.5293</x4>
			<y4>147.004943</y4>
			<x5>374.617871</x5>
			<y5>167.979917</y5>
			<x6>372.216971</x6>
			<y6>228.3506</y6>
			<x7>370.30675</x7>
			<y7>258.320052</y7>
			<x8>368.396529</x8>
			<y8>281.629626</y8>
			<x9>372.455749</x9>
			<y9>303.512083</y9>
			<x10>381.051745</x10>
			<y10>313.977606</y10>
			<x11>388.931407</x11>
			<y11>310.171962</y11>
		</polygon>
	</object>
	<object>
		<name>LPMU</name>
		<pose>Unspecified</pose>
		<truncated>0</truncated>
		<difficult>0</difficult>
		<occluded>0</occluded>
		<bndbox>
			<xmin>385</xmin>
			<xmax>416</xmax>
			<ymin>153</ymin>
			<ymax>309</ymax>
		</bndbox>
		<polygon>
			<x1>415.196948</x1>
			<y1>271.639809</y1>
			<x2>406.123398</x2>
			<y2>211.700904</y2>
			<x3>399.198846</x3>
			<y3>158.421878</y3>
			<x4>395.855959</x4>
			<y4>152.237705</y4>
			<x5>390.618628</x5>
			<y5>158.459877</y5>
			<x6>384.394631</x6>
			<y6>263.077108</y6>
			<x7>386.782408</x7>
			<y7>284.959565</y7>
			<x8>396.094736</x8>
			<y8>299.706439</y8>
			<x9>405.645842</x9>
			<y9>307.793434</y9>
			<x10>415.196948</x10>
			<y10>293.522266</y10>
			<x11>415.196948</x11>
			<y11>271.639809</y11>
		</polygon>
	</object>
	<object>
		<name>LPMU</name>
		<pose>Unspecified</pose>
		<truncated>0</truncated>
		<difficult>0</difficult>
		<occluded>0</occluded>
		<bndbox>
			<xmin>407</xmin>
			<xmax>436</xmax>
			<ymin>143</ymin>
			<ymax>295</ymax>
		</bndbox>
		<polygon>
			<x1>431.195051</x1>
			<y1>291.143738</y1>
			<x2>434.776716</x2>
			<y2>274.494043</y2>
			<x3>430.478718</x3>
			<y3>250.233057</y3>
			<x4>422.360278</x4>
			<y4>191.245564</y4>
			<x5>414.241838</x5>
			<y5>141.772182</y5>
			<x6>408.511174</x6>
			<y6>143.199299</y6>
			<x7>406.380567</x7>
			<y7>153.699857</y7>
			<x8>405.88462</x8>
			<y8>259.747169</y8>
			<x9>407.794841</x9>
			<y9>275.445454</y9>
			<x10>413.04795</x10>
			<y10>286.862387</y10>
			<x11>421.16639</x11>
			<y11>293.997972</y11>
			<x12>431.195051</x12>
			<y12>291.143738</y12>
		</polygon>
	</object>
	<object>
		<name>LMU</name>
		<pose>Unspecified</pose>
		<truncated>0</truncated>
		<difficult>0</difficult>
		<occluded>0</occluded>
		<bndbox>
			<xmin>423</xmin>
			<xmax>463</xmax>
			<ymin>128</ymin>
			<ymax>277</ymax>
		</bndbox>
		<polygon>
			<x1>433.34405</x1>
			<y1>276.396864</y1>
			<x2>444.327822</x2>
			<y2>274.969748</y2>
			<x3>448.625819</x3>
			<y3>265.455636</y3>
			<x4>455.789149</x4>
			<y4>263.552814</y4>
			<x5>461.519812</x5>
			<y5>246.903118</y5>
			<x6>459.848369</x6>
			<y6>223.117838</y6>
			<x7>452.207484</x7>
			<y7>196.478325</y7>
			<x8>439.552269</x8>
			<y8>152.713411</y8>
			<x9>430.956273</x9>
			<y9>126.549603</y9>
			<x10>424.270499</x10>
			<y10>129.403836</y10>
			<x11>422.381325</x11>
			<y11>145.131821</y11>
			<x12>424.509276</x12>
			<y12>238.816123</y12>
			<x13>426.658275</x13>
			<y13>261.649991</y13>
			<x14>433.34405</x14>
			<y14>276.396864</y14>
		</polygon>
	</object>
	<object>
		<name>LMU</name>
		<pose>Unspecified</pose>
		<truncated>0</truncated>
		<difficult>0</difficult>
		<occluded>0</occluded>
		<bndbox>
			<xmin>442</xmin>
			<xmax>485</xmax>
			<ymin>127</ymin>
			<ymax>244</ymax>
		</bndbox>
		<polygon>
			<x1>472.503584</x1>
			<y1>243.097473</y1>
			<x2>478.711803</x2>
			<y2>225.496366</y2>
			<x3>482.771023</x3>
			<y3>218.360782</y3>
			<x4>484.442467</x4>
			<y4>201.711087</y4>
			<x5>478.234248</x5>
			<y5>178.877218</y5>
			<x6>470.115808</x6>
			<y6>165.557461</y6>
			<x7>449.819707</x7>
			<y7>132.25807</y7>
			<x8>443.133933</x8>
			<y8>125.598192</y8>
			<x9>440.531437</x9>
			<y9>135.611781</y9>
			<x10>451.252373</x10>
			<y10>198.381147</y10>
			<x11>457.69937</x11>
			<y11>228.826306</y11>
			<x12>464.385144</x12>
			<y12>241.670356</y12>
			<x13>472.503584</x13>
			<y13>243.097473</y13>
		</polygon>
	</object>
	<object>
		<name>LMU</name>
		<pose>Unspecified</pose>
		<truncated>0</truncated>
		<difficult>0</difficult>
		<occluded>0</occluded>
		<bndbox>
			<xmin>444</xmin>
			<xmax>488</xmax>
			<ymin>95</ymin>
			<ymax>160</ymax>
		</bndbox>
		<polygon>
			<x1>461.281035</x1>
			<y1>150.302871</y1>
			<x2>468.205586</x2>
			<y2>158.865571</y2>
			<x3>477.99547</x3>
			<y3>159.341277</y3>
			<x4>485.636355</x4>
			<y4>148.875754</y4>
			<x5>487.307798</x5>
			<y5>126.517591</y5>
			<x6>485.636355</x6>
			<y6>104.159428</y6>
			<x7>475.130138</x7>
			<y7>97.49955</y7>
			<x8>463.668811</x8>
			<y8>97.023844</y8>
			<x9>450.297263</x9>
			<y9>93.693905</y9>
			<x10>444.805377</x10>
			<y10>106.537956</y10>
			<x11>442.656378</x11>
			<y11>117.003479</y11>
			<x12>448.148264</x12>
			<y12>129.371824</y12>
			<x13>461.281035</x13>
			<y13>150.302871</y13>
		</polygon>
	</object>
	<object>
		<name>LID</name>
		<pose>Unspecified</pose>
		<truncated>0</truncated>
		<difficult>0</difficult>
		<occluded>0</occluded>
		<bndbox>
			<xmin>323</xmin>
			<xmax>345</xmax>
			<ymin>330</ymin>
			<ymax>459</ymax>
		</bndbox>
		<polygon>
			<x1>340.220767</x1>
			<y1>397.797827</y1>
			<x2>340.220767</x2>
			<y2>369.255491</y2>
			<x3>341.175877</x3>
			<y3>337.858923</y3>
			<x4>340.220767</x4>
			<y4>332.150455</y4>
			<x5>335.445214</x5>
			<y5>330.247632</y5>
			<x6>326.849218</x6>
			<y6>329.296222</y6>
			<x7>322.555706</x7>
			<y7>342.196649</y7>
			<x8>321.834888</x8>
			<y8>364.974141</y8>
			<x9>331.863549</x9>
			<y9>437.757097</y9>
			<x10>336.639102</x10>
			<y10>458.212437</y10>
			<x11>343.563654</x11>
			<y11>454.406792</y11>
			<x12>340.220767</x12>
			<y12>397.797827</y12>
		</polygon>
	</object>
	<object>
		<name>LID</name>
		<pose>Unspecified</pose>
		<truncated>0</truncated>
		<difficult>0</difficult>
		<occluded>0</occluded>
		<bndbox>
			<xmin>336</xmin>
			<xmax>362</xmax>
			<ymin>331</ymin>
			<ymax>451</ymax>
		</bndbox>
		<polygon>
			<x1>350.726983</x1>
			<y1>442.514152</y1>
			<x2>359.322979</x2>
			<y2>450.125442</y2>
			<x3>360.755644</x3>
			<y3>439.659919</y3>
			<x4>357.651535</x4>
			<y4>400.652061</y4>
			<x5>356.218869</x5>
			<y5>349.751562</y5>
			<x6>355.502536</x6>
			<y6>334.528983</y6>
			<x7>352.159649</x7>
			<y7>330.247632</y7>
			<x8>336.645925</x8>
			<y8>336.008623</y8>
			<x9>334.967658</x9>
			<y9>344.043095</y9>
			<x10>338.071768</x10>
			<y10>365.449847</y10>
			<x11>343.563654</x11>
			<y11>400.652061</y11>
			<x12>350.726983</x12>
			<y12>442.514152</y12>
		</polygon>
	</object>
	<object>
		<name>LCD</name>
		<pose>Unspecified</pose>
		<truncated>0</truncated>
		<difficult>0</difficult>
		<occluded>0</occluded>
		<bndbox>
			<xmin>356</xmin>
			<xmax>383</xmax>
			<ymin>327</ymin>
			<ymax>480</ymax>
		</bndbox>
		<polygon>
			<x1>374.604748</x1>
			<y1>340.713156</y1>
			<x2>371.739416</x2>
			<y2>326.917694</y2>
			<x3>361.005286</x3>
			<y3>326.488583</y3>
			<x4>355.263758</x4>
			<y4>346.421623</y4>
			<x5>358.606646</x5>
			<y5>381.623837</y5>
			<x6>365.29242</x6>
			<y6>436.32998</y6>
			<x7>375.559859</x7>
			<y7>478.667777</y7>
			<x8>382.484411</x8>
			<y8>447.746914</y8>
			<x9>376.992524</x9>
			<y9>365.925552</y9>
			<x10>374.604748</x10>
			<y10>340.713156</y10>
		</polygon>
	</object>
	<object>
		<name>LPMD</name>
		<pose>Unspecified</pose>
		<truncated>0</truncated>
		<difficult>0</difficult>
		<occluded>0</occluded>
		<bndbox>
			<xmin>373</xmin>
			<xmax>399</xmax>
			<ymin>320</ymin>
			<ymax>449</ymax>
		</bndbox>
		<polygon>
			<x1>397.527402</x1>
			<y1>398.273532</y1>
			<x2>395.378403</x2>
			<y2>342.615978</y2>
			<x3>392.274294</x3>
			<y3>321.684932</y3>
			<x4>387.021186</x4>
			<y4>318.830699</y4>
			<x5>375.321081</x5>
			<y5>324.539166</y5>
			<x6>371.978194</x6>
			<y6>341.188861</y6>
			<x7>376.992524</x7>
			<y7>362.595613</y7>
			<x8>384.155854</x8>
			<y8>418.728873</y8>
			<x9>392.513072</x9>
			<y9>444.416975</y9>
			<x10>396.572292</x10>
			<y10>447.746914</y10>
			<x11>397.527402</x11>
			<y11>398.273532</y11>
		</polygon>
	</object>
	<object>
		<name>LPMD</name>
		<pose>Unspecified</pose>
		<truncated>0</truncated>
		<difficult>0</difficult>
		<occluded>0</occluded>
		<bndbox>
			<xmin>389</xmin>
			<xmax>425</xmax>
			<ymin>310</ymin>
			<ymax>451</ymax>
		</bndbox>
		<polygon>
			<x1>391.319183</x1>
			<y1>341.664567</y1>
			<x2>397.527402</x2>
			<y2>366.401257</y2>
			<x3>410.898951</x3>
			<y3>422.534517</y3>
			<x4>419.017391</x4>
			<y4>450.125442</y4>
			<x5>423.792944</x5>
			<y5>442.038447</y5>
			<x6>419.733723</x6>
			<y6>377.342486</y6>
			<x7>414.480615</x7>
			<y7>336.431806</y7>
			<x8>412.809172</x8>
			<y8>311.695114</y8>
			<x9>408.033619</x9>
			<y9>308.840881</y9>
			<x10>400.870289</x10>
			<y10>308.840881</y10>
			<x11>395.156156</x11>
			<y11>314.588533</y11>
			<x12>390.841628</x12>
			<y12>315.025054</y12>
			<x13>387.976296</x13>
			<y13>325.966282</y13>
			<x14>391.319183</x14>
			<y14>341.664567</y14>
		</polygon>
	</object>
	<object>
		<name>LMD</name>
		<pose>Unspecified</pose>
		<truncated>0</truncated>
		<difficult>0</difficult>
		<occluded>0</occluded>
		<bndbox>
			<xmin>410</xmin>
			<xmax>469</xmax>
			<ymin>283</ymin>
			<ymax>418</ymax>
		</bndbox>
		<polygon>
			<x1>456.505482</x1>
			<y1>347.84874</y1>
			<x2>448.864597</x2>
			<y2>320.733521</y2>
			<x3>445.999265</x3>
			<y3>298.375358</y3>
			<x4>441.46249</x4>
			<y4>284.10419</y4>
			<x5>435.493048</x5>
			<y5>282.201368</y5>
			<x6>426.658275</x6>
			<y6>290.288363</y6>
			<x7>423.792944</x7>
			<y7>292.191186</y7>
			<x8>419.515517</x8>
			<y8>299.356469</y8>
			<x9>413.286727</x9>
			<y9>296.948241</y9>
			<x10>409.227507</x10>
			<y10>307.413764</y10>
			<x11>410.421395</x11>
			<y11>329.296222</y11>
			<x12>417.823503</x12>
			<y12>349.275856</y12>
			<x13>427.135831</x13>
			<y13>371.158314</y13>
			<x14>433.582827</x14>
			<y14>398.273532</y14>
			<x15>437.642047</x15>
			<y15>414.923228</y15>
			<x16>447.909486</x16>
			<y16>416.826051</y16>
			<x17>447.909486</x17>
			<y17>402.554883</y17>
			<x18>441.701267</x18>
			<y18>374.012547</y18>
			<x19>442.178823</x19>
			<y19>363.071319</y19>
			<x20>447.909486</x20>
			<y20>376.866781</y20>
			<x21>456.744259</x21>
			<y21>394.943593</y21>
			<x22>468.444364</x22>
			<y22>404.457705</y22>
			<x23>464.385144</x23>
			<y23>382.099542</y23>
			<x24>456.505482</x24>
			<y24>347.84874</y24>
		</polygon>
	</object>
	<object>
		<name>LMD</name>
		<pose>Unspecified</pose>
		<truncated>0</truncated>
		<difficult>0</difficult>
		<occluded>0</occluded>
		<bndbox>
			<xmin>469</xmin>
			<xmax>518</xmax>
			<ymin>225</ymin>
			<ymax>338</ymax>
		</bndbox>
		<polygon>
			<x1>514.050895</x1>
			<y1>300.214156</y1>
			<x2>506.171233</x2>
			<y2>273.574643</y2>
			<x3>505.216122</x3>
			<y3>246.93513</y3>
			<x4>500.679347</x4>
			<y4>226.955495</y4>
			<x5>492.083351</x5>
			<y5>224.101261</y5>
			<x6>484.442467</x6>
			<y6>231.236846</y6>
			<x7>478.95058</x7>
			<y7>231.236846</y7>
			<x8>472.503584</x8>
			<y8>235.993901</y8>
			<x9>468.23424</x9>
			<y9>250.804265</y9>
			<x10>468.444364</x10>
			<y10>250.740774</y10>
			<x11>472.264807</x11>
			<y11>268.341882</y11>
			<x12>479.666914</x12>
			<y12>293.078573</y12>
			<x13>484.442467</x13>
			<y13>308.301151</y13>
			<x14>489.695575</x14>
			<y14>324.475141</y14>
			<x15>493.277239</x15>
			<y15>337.319192</y15>
			<x16>499.246681</x16>
			<y16>334.940664</y16>
			<x17>499.963014</x17>
			<y17>326.377964</y17>
			<x18>497.575237</x18>
			<y18>309.252563</y18>
			<x19>496.620127</x19>
			<y19>295.457101</y19>
			<x20>499.485458</x20>
			<y20>303.06839</y20>
			<x21>505.4549</x21>
			<y21>318.766674</y21>
			<x22>512.618229</x22>
			<y22>330.183609</y22>
			<x23>516.916227</x23>
			<y23>320.669497</y23>
			<x24>514.050895</x24>
			<y24>300.214156</y24>
		</polygon>
	</object>
	<object>
		<name>LMD</name>
		<pose>Unspecified</pose>
		<truncated>0</truncated>
		<difficult>0</difficult>
		<occluded>0</occluded>
		<bndbox>
			<xmin>442</xmin>
			<xmax>499</xmax>
			<ymin>251</ymin>
			<ymax>380</ymax>
		</bndbox>
		<polygon>
			<x1>456.744259</x1>
			<y1>261.206298</y1>
			<x2>448.387041</x2>
			<y2>263.10912</y2>
			<x3>441.964341</x3>
			<y3>276.984375</y3>
			<x4>441.46249</x4>
			<y4>288.321516</y4>
			<x5>448.625819</x5>
			<y5>313.058207</y5>
			<x6>458.176925</x6>
			<y6>330.183609</y6>
			<x7>466.295365</x7>
			<y7>354.920299</y7>
			<x8>478.711803</x8>
			<y8>373.948523</y8>
			<x9>487.069021</x9>
			<y9>379.181285</y9>
			<x10>479.666914</x10>
			<y10>352.066066</y10>
			<x11>472.026029</x11>
			<y11>327.329375</y11>
			<x12>485.397577</x12>
			<y12>353.017477</y12>
			<x13>493.993572</x13>
			<y13>364.434411</y13>
			<x14>497.814015</x14>
			<y14>364.910117</y14>
			<x15>488.740464</x15>
			<y15>323.523731</y15>
			<x16>475.846471</x16>
			<y16>286.418694</y16>
			<x17>468.444364</x17>
			<y17>254.070714</y17>
			<x18>463.430033</x18>
			<y18>250.265069</y18>
			<x19>456.744259</x19>
			<y19>261.206298</y19>
		</polygon>
	</object>
	<metadata>
		<tags>
			<tag>teeth</tag>
		</tags>
	</metadata>
</annotation>
