<annotation>
	<folder></folder>
	<filename>129_jpg.rf.b04d55726ca6a9bb1ee44e3b34eb8851.jpg</filename>
	<path>129_jpg.rf.b04d55726ca6a9bb1ee44e3b34eb8851.jpg</path>
	<source>
		<database>roboflow.com</database>
	</source>
	<size>
		<width>640</width>
		<height>640</height>
		<depth>3</depth>
	</size>
	<segmented>0</segmented>
	<object>
		<name>RIU</name>
		<pose>Unspecified</pose>
		<truncated>0</truncated>
		<difficult>0</difficult>
		<occluded>0</occluded>
		<bndbox>
			<xmin>268</xmin>
			<xmax>313</xmax>
			<ymin>251</ymin>
			<ymax>362</ymax>
		</bndbox>
		<polygon>
			<x1>296.374873</x1>
			<y1>360.722347</y1>
			<x2>312.140442</x2>
			<y2>344.304075</y2>
			<x3>307.482424</x3>
			<y3>310.039849</y3>
			<x4>298.118491</x4>
			<y4>249.857144</y4>
			<x5>267.35191</x5>
			<y5>254.36048</y5>
			<x6>284.55069</x6>
			<y6>327.885803</y6>
			<x7>296.374873</x7>
			<y7>360.722347</y7>
		</polygon>
	</object>
	<object>
		<name>RIU</name>
		<pose>Unspecified</pose>
		<truncated>0</truncated>
		<difficult>0</difficult>
		<occluded>0</occluded>
		<bndbox>
			<xmin>253</xmin>
			<xmax>281</xmax>
			<ymin>270</ymin>
			<ymax>397</ymax>
		</bndbox>
		<polygon>
			<x1>271.293295</x1>
			<y1>385.706681</y1>
			<x2>280.251002</x2>
			<y2>374.999109</y2>
			<x3>277.384525</x3>
			<y3>322.888931</y3>
			<x4>275.720507</x4>
			<y4>273.964286</y4>
			<x5>272.009901</x5>
			<y5>272.206434</y5>
			<x6>252.661277</x6>
			<y6>269.35107</y6>
			<x7>254.094488</x7>
			<y7>304.32915</y7>
			<x8>252.302947</x8>
			<y8>349.301002</y8>
			<x9>259.827442</x9>
			<y9>395.700481</y9>
			<x10>271.293295</x10>
			<y10>385.706681</y10>
		</polygon>
	</object>
	<object>
		<name>LCU</name>
		<pose>Unspecified</pose>
		<truncated>0</truncated>
		<difficult>0</difficult>
		<occluded>0</occluded>
		<bndbox>
			<xmin>339</xmin>
			<xmax>360</xmax>
			<ymin>247</ymin>
			<ymax>398</ymax>
		</bndbox>
		<polygon>
			<x1>337.580322</x1>
			<y1>366.433074</y1>
			<x2>343.671552</x2>
			<y2>397.128108</y2>
			<x3>352.629258</x3>
			<y3>395.700481</y3>
			<x4>359.437121</x4>
			<y4>372.143773</y4>
			<x5>355.495735</x5>
			<y5>333.596502</y5>
			<x6>355.137432</x6>
			<y6>245.794417</y6>
			<x7>342.455412</x7>
			<y7>248.665519</y7>
			<x8>341.163405</x8>
			<y8>317.892058</y8>
			<x9>337.580322</x9>
			<y9>366.433074</y9>
		</polygon>
	</object>
	<object>
		<name>LPMU</name>
		<pose>Unspecified</pose>
		<truncated>0</truncated>
		<difficult>0</difficult>
		<occluded>0</occluded>
		<bndbox>
			<xmin>380</xmin>
			<xmax>422</xmax>
			<ymin>247</ymin>
			<ymax>386</ymax>
		</bndbox>
		<polygon>
			<x1>401.0009</x1>
			<y1>384.992909</y1>
			<x2>408.167065</x2>
			<y2>380.709836</y2>
			<x3>418.916313</x3>
			<y3>382.137491</y3>
			<x4>421.42446</x4>
			<y4>350.728629</y4>
			<x5>414.258295</x5>
			<y5>297.904596</y5>
			<x6>417.275767</x6>
			<y6>246.285715</y6>
			<x7>378.785799</x7>
			<y7>250.077435</y7>
			<x8>384.160423</x8>
			<y8>311.467531</y8>
			<x9>380.57734</x9>
			<y9>352.156311</y9>
			<x10>388.460111</x10>
			<y10>372.857601</y10>
			<x11>401.0009</x11>
			<y11>384.992909</y11>
		</polygon>
	</object>
	<object>
		<name>RID</name>
		<pose>Unspecified</pose>
		<truncated>0</truncated>
		<difficult>0</difficult>
		<occluded>0</occluded>
		<bndbox>
			<xmin>284</xmin>
			<xmax>304</xmax>
			<ymin>370</ymin>
			<ymax>488</ymax>
		</bndbox>
		<polygon>
			<x1>296.374873</x1>
			<y1>473.508768</y1>
			<x2>302.466102</x2>
			<y2>487.071703</y2>
			<x3>302.466102</x3>
			<y3>452.807505</y3>
			<x4>302.598088</x4>
			<y4>380.214286</y4>
			<x5>283.475782</x5>
			<y5>369.28841</y5>
			<x6>290.641946</x6>
			<y6>444.955242</y6>
			<x7>296.374873</x7>
			<y7>473.508768</y7>
		</polygon>
	</object>
	<object>
		<name>RPMD</name>
		<pose>Unspecified</pose>
		<truncated>0</truncated>
		<difficult>0</difficult>
		<occluded>0</occluded>
		<bndbox>
			<xmin>226</xmin>
			<xmax>257</xmax>
			<ymin>368</ymin>
			<ymax>482</ymax>
		</bndbox>
		<polygon>
			<x1>229.37124</x1>
			<y1>367.146955</y1>
			<x2>229.37124</x2>
			<y2>409.263362</y2>
			<x3>225.429828</x3>
			<y3>454.235159</y3>
			<x4>239.403855</x4>
			<y4>480.647149</y4>
			<x5>249.078194</x5>
			<y5>447.810605</y5>
			<x6>255.886029</x6>
			<y6>402.124981</y6>
			<x7>250.186805</x7>
			<y7>369.500001</y7>
			<x8>229.37124</x8>
			<y8>367.146955</y8>
		</polygon>
	</object>
	<object>
		<name>RMD</name>
		<pose>Unspecified</pose>
		<truncated>0</truncated>
		<difficult>0</difficult>
		<occluded>0</occluded>
		<bndbox>
			<xmin>155</xmin>
			<xmax>214</xmax>
			<ymin>313</ymin>
			<ymax>445</ymax>
		</bndbox>
		<polygon>
			<x1>203.931332</x1>
			<y1>342.876421</y1>
			<x2>178.491452</x2>
			<y2>312.181359</y2>
			<x3>170.608681</x3>
			<y3>355.725501</y3>
			<x4>155.667312</x4>
			<y4>362.357144</y4>
			<x5>154.126507</x5>
			<y5>360.722347</y5>
			<x6>157.351259</x6>
			<y6>425.681634</y6>
			<x7>173.475131</x7>
			<y7>443.527587</y7>
			<x8>187.807461</x8>
			<y8>422.112443</y8>
			<x9>212.889039</x9>
			<y9>370.002264</y9>
			<x10>203.931332</x10>
			<y10>342.876421</y10>
		</polygon>
	</object>
	<object>
		<name>LID</name>
		<pose>Unspecified</pose>
		<truncated>0</truncated>
		<difficult>0</difficult>
		<occluded>0</occluded>
		<bndbox>
			<xmin>303</xmin>
			<xmax>319</xmax>
			<ymin>384</ymin>
			<ymax>492</ymax>
		</bndbox>
		<polygon>
			<x1>316.798433</x1>
			<y1>444.241414</y1>
			<x2>313.34912</x2>
			<y2>383.785715</y2>
			<x3>312.140442</x3>
			<y3>382.851345</y3>
			<x4>302.824433</x4>
			<y4>386.420536</y4>
			<x5>302.466102</x5>
			<y5>430.678506</y5>
			<x6>302.824433</x6>
			<y6>464.942731</y6>
			<x7>307.124121</x7>
			<y7>491.354721</y7>
			<x8>318.231671</x8>
			<y8>489.213239</y8>
			<x9>316.798433</x9>
			<y9>444.241414</y9>
		</polygon>
	</object>
	<object>
		<name>LCD</name>
		<pose>Unspecified</pose>
		<truncated>0</truncated>
		<difficult>0</difficult>
		<occluded>0</occluded>
		<bndbox>
			<xmin>330</xmin>
			<xmax>368</xmax>
			<ymin>366</ymin>
			<ymax>506</ymax>
		</bndbox>
		<polygon>
			<x1>351.912653</x1>
			<y1>421.398589</y1>
			<x2>336.195064</x2>
			<y2>369.500001</y2>
			<x3>335.430478</x3>
			<y3>365.005392</y3>
			<x4>328.622616</x4>
			<y4>418.543252</y4>
			<x5>336.505387</x5>
			<y5>447.096778</y5>
			<x6>349.046176</x6>
			<y6>498.493102</y6>
			<x7>366.603286</x7>
			<y7>504.917656</y7>
			<x8>366.603286</x8>
			<y8>471.367286</y8>
			<x9>351.912653</x9>
			<y9>421.398589</y9>
		</polygon>
	</object>
	<object>
		<name>LPMD</name>
		<pose>Unspecified</pose>
		<truncated>0</truncated>
		<difficult>0</difficult>
		<occluded>0</occluded>
		<bndbox>
			<xmin>371</xmin>
			<xmax>412</xmax>
			<ymin>363</ymin>
			<ymax>512</ymax>
		</bndbox>
		<polygon>
			<x1>395.626276</x1>
			<y1>422.112443</y1>
			<x2>398.90942</x2>
			<y2>382.000001</y2>
			<x3>372.694515</x3>
			<y3>362.150028</y3>
			<x4>369.828093</x4>
			<y4>397.128108</y4>
			<x5>377.352533</x5>
			<y5>448.524432</y5>
			<x6>385.593634</x6>
			<y6>511.342211</y6>
			<x7>411.033542</x7>
			<y7>508.486847</y7>
			<x8>410.675212</x8>
			<y8>453.521332</y8>
			<x9>395.626276</x9>
			<y9>422.112443</y9>
		</polygon>
	</object>
</annotation>
