<annotation>
	<folder></folder>
	<filename>130_jpg.rf.61d0774851ae884228b7599c22cb638d.jpg</filename>
	<path>130_jpg.rf.61d0774851ae884228b7599c22cb638d.jpg</path>
	<source>
		<database>roboflow.com</database>
	</source>
	<size>
		<width>640</width>
		<height>640</height>
		<depth>3</depth>
	</size>
	<segmented>0</segmented>
	<object>
		<name>RIU</name>
		<pose>Unspecified</pose>
		<truncated>0</truncated>
		<difficult>0</difficult>
		<occluded>0</occluded>
		<bndbox>
			<xmin>296</xmin>
			<xmax>321</xmax>
			<ymin>246</ymin>
			<ymax>387</ymax>
		</bndbox>
		<polygon>
			<x1>316.036878</x1>
			<y1>244.500001</y1>
			<x2>297.091479</x2>
			<y2>245.08059</y2>
			<x3>294.941635</x3>
			<y3>384.279027</y3>
			<x4>319.66491</x4>
			<y4>385.706681</y4>
			<x5>318.231671</x5>
			<y5>339.307229</y5>
			<x6>316.036878</x6>
			<y6>244.500001</y6>
		</polygon>
	</object>
	<object>
		<name>RIU</name>
		<pose>Unspecified</pose>
		<truncated>0</truncated>
		<difficult>0</difficult>
		<occluded>0</occluded>
		<bndbox>
			<xmin>278</xmin>
			<xmax>298</xmax>
			<ymin>242</ymin>
			<ymax>390</ymax>
		</bndbox>
		<polygon>
			<x1>277.384525</x1>
			<y1>370.002264</y1>
			<x2>281.68424</x2>
			<y2>386.420536</y2>
			<x3>296.733176</x3>
			<y3>389.275872</y3>
			<x4>296.374873</x4>
			<y4>312.895213</y4>
			<x5>296.01657</x5>
			<y5>245.08059</y5>
			<x6>278.856225</x6>
			<y6>240.928572</y6>
			<x7>279.534396</x7>
			<y7>308.612168</y7>
			<x8>277.384525</x8>
			<y8>370.002264</y8>
		</polygon>
	</object>
	<object>
		<name>RCU</name>
		<pose>Unspecified</pose>
		<truncated>0</truncated>
		<difficult>0</difficult>
		<occluded>0</occluded>
		<bndbox>
			<xmin>257</xmin>
			<xmax>281</xmax>
			<ymin>227</ymin>
			<ymax>375</ymax>
		</bndbox>
		<polygon>
			<x1>277.384525</x1>
			<y1>280.058643</y1>
			<x2>273.032749</x2>
			<y2>230.214286</y2>
			<x3>255.886029</x3>
			<y3>225.806954</y3>
			<x4>259.110809</x4>
			<y4>327.171976</y4>
			<x5>261.977286</x5>
			<y5>367.860728</y5>
			<x6>275.951313</x6>
			<y6>374.285337</y6>
			<x7>277.742855</x7>
			<y7>360.008574</y7>
			<x8>280.251002</x8>
			<y8>327.885803</y8>
			<x9>277.384525</x9>
			<y9>280.058643</y9>
		</polygon>
	</object>
	<object>
		<name>RPMU</name>
		<pose>Unspecified</pose>
		<truncated>0</truncated>
		<difficult>0</difficult>
		<occluded>0</occluded>
		<bndbox>
			<xmin>238</xmin>
			<xmax>261</xmax>
			<ymin>216</ymin>
			<ymax>350</ymax>
		</bndbox>
		<polygon>
			<x1>259.469112</x1>
			<y1>299.332278</y1>
			<x2>256.244359</x2>
			<y2>215.099382</y2>
			<x3>243.01945</x3>
			<y3>215.035715</y3>
			<x4>236.537405</x4>
			<y4>329.313485</y4>
			<x5>238.328947</x5>
			<y5>348.58712</y5>
			<x6>260.185745</x6>
			<y6>334.310357</y6>
			<x7>259.469112</x7>
			<y7>299.332278</y7>
		</polygon>
	</object>
	<object>
		<name>RMU</name>
		<pose>Unspecified</pose>
		<truncated>0</truncated>
		<difficult>0</difficult>
		<occluded>0</occluded>
		<bndbox>
			<xmin>155</xmin>
			<xmax>187</xmax>
			<ymin>202</ymin>
			<ymax>316</ymax>
		</bndbox>
		<polygon>
			<x1>153.768177</x1>
			<y1>296.476914</y1>
			<x2>170.608681</x2>
			<y2>312.895213</y2>
			<x3>185.299314</x3>
			<y3>315.036722</y3>
			<x4>186.01592</x4>
			<y4>288.624706</y4>
			<x5>184.582708</x5>
			<y5>200.822606</y5>
			<x6>157.90711</x6>
			<y6>204.321429</y6>
			<x7>161.292672</x7>
			<y7>252.932798</y7>
			<x8>153.768177</x8>
			<y8>296.476914</y8>
		</polygon>
	</object>
	<object>
		<name>LIU</name>
		<pose>Unspecified</pose>
		<truncated>0</truncated>
		<difficult>0</difficult>
		<occluded>0</occluded>
		<bndbox>
			<xmin>320</xmin>
			<xmax>345</xmax>
			<ymin>234</ymin>
			<ymax>384</ymax>
		</bndbox>
		<polygon>
			<x1>344.305072</x1>
			<y1>312.181359</y1>
			<x2>341.122621</x2>
			<y2>256.107144</y2>
			<x3>342.513531</x3>
			<y3>238.656036</y3>
			<x4>318.506889</x4>
			<y4>232.945336</y4>
			<x5>321.015035</x5>
			<y5>321.461249</y5>
			<x6>319.9401</x6>
			<y6>374.285337</y6>
			<x7>326.031356</x7>
			<y7>382.851345</y7>
			<x8>343.230136</x8>
			<y8>379.995982</y8>
			<x9>344.305072</x9>
			<y9>312.181359</y9>
		</polygon>
	</object>
	<object>
		<name>LIU</name>
		<pose>Unspecified</pose>
		<truncated>0</truncated>
		<difficult>0</difficult>
		<occluded>0</occluded>
		<bndbox>
			<xmin>342</xmin>
			<xmax>364</xmax>
			<ymin>248</ymin>
			<ymax>382</ymax>
		</bndbox>
		<polygon>
			<x1>345.380008</x1>
			<y1>380.709836</y1>
			<x2>363.29542</x2>
			<y2>374.285337</y2>
			<x3>360.428943</x3>
			<y3>315.036722</y3>
			<x4>359.041008</x4>
			<y4>247.178572</y4>
			<x5>340.721989</x5>
			<y5>247.935926</y5>
			<x6>342.155228</x6>
			<y6>341.448739</y6>
			<x7>345.380008</x7>
			<y7>380.709836</y7>
		</polygon>
	</object>
	<object>
		<name>LCU</name>
		<pose>Unspecified</pose>
		<truncated>0</truncated>
		<difficult>0</difficult>
		<occluded>0</occluded>
		<bndbox>
			<xmin>362</xmin>
			<xmax>382</xmax>
			<ymin>246</ymin>
			<ymax>376</ymax>
		</bndbox>
		<polygon>
			<x1>363.29542</x1>
			<y1>249.363608</y1>
			<x2>362.93709</x2>
			<y2>323.602785</y2>
			<x3>361.145549</x3>
			<y3>359.294692</y3>
			<x4>367.236806</x4>
			<y4>374.999109</y4>
			<x5>379.419292</x5>
			<y5>368.574582</y5>
			<x6>381.210833</x6>
			<y6>326.458121</y6>
			<x7>380.991032</x7>
			<y7>245.392858</y7>
			<x8>363.29542</x8>
			<y8>249.363608</y8>
		</polygon>
	</object>
	<object>
		<name>LMU</name>
		<pose>Unspecified</pose>
		<truncated>0</truncated>
		<difficult>0</difficult>
		<occluded>0</occluded>
		<bndbox>
			<xmin>433</xmin>
			<xmax>469</xmax>
			<ymin>186</ymin>
			<ymax>305</ymax>
		</bndbox>
		<polygon>
			<x1>446.841106</x1>
			<y1>188.250001</y1>
			<x2>439.615062</x2>
			<y2>249.363608</y2>
			<x3>431.732292</x3>
			<y3>276.489452</y3>
			<x4>440.331668</x4>
			<y4>301.473786</y4>
			<x5>450.36431</x5>
			<y5>303.615296</y5>
			<x6>462.905099</x6>
			<y6>289.338532</y6>
			<x7>462.905099</x7>
			<y7>250.077435</y7>
			<x8>467.563117</x8>
			<y8>185.118175</y8>
			<x9>446.841106</x9>
			<y9>188.250001</y9>
		</polygon>
	</object>
	<object>
		<name>RID</name>
		<pose>Unspecified</pose>
		<truncated>0</truncated>
		<difficult>0</difficult>
		<occluded>0</occluded>
		<bndbox>
			<xmin>303</xmin>
			<xmax>321</xmax>
			<ymin>392</ymin>
			<ymax>463</ymax>
		</bndbox>
		<polygon>
			<x1>317.828717</x1>
			<y1>394.500001</y1>
			<x2>302.383017</x2>
			<y2>391.001177</y2>
			<x3>302.383017</x3>
			<y3>422.410053</y3>
			<x4>305.9661</x4>
			<y4>462.385005</y4>
			<x5>319.9401</x5>
			<y5>451.677433</y5>
			<x6>317.828717</x6>
			<y6>394.500001</y6>
		</polygon>
	</object>
	<object>
		<name>RID</name>
		<pose>Unspecified</pose>
		<truncated>0</truncated>
		<difficult>0</difficult>
		<occluded>0</occluded>
		<bndbox>
			<xmin>278</xmin>
			<xmax>304</xmax>
			<ymin>388</ymin>
			<ymax>486</ymax>
		</bndbox>
		<polygon>
			<x1>297.724999</x1>
			<y1>453.105115</y1>
			<x2>303.457925</x2>
			<y2>388.859696</y2>
			<x3>283.335822</x3>
			<y3>387.357144</y3>
			<x4>282.317733</x4>
			<y4>429.548434</y4>
			<x5>276.943109</x5>
			<y5>470.237214</y5>
			<x6>291.633769</x6>
			<y6>485.227831</y6>
			<x7>297.724999</x7>
			<y7>453.105115</y7>
		</polygon>
	</object>
	<object>
		<name>RCD</name>
		<pose>Unspecified</pose>
		<truncated>0</truncated>
		<difficult>0</difficult>
		<occluded>0</occluded>
		<bndbox>
			<xmin>259</xmin>
			<xmax>284</xmax>
			<ymin>379</ymin>
			<ymax>491</ymax>
		</bndbox>
		<polygon>
			<x1>276.584806</x1>
			<y1>470.951068</y1>
			<x2>283.392669</x2>
			<y2>383.148969</y2>
			<x3>262.281716</x3>
			<y3>377.535715</y3>
			<x4>260.460935</x4>
			<y4>412.416335</y4>
			<x5>257.594485</x5>
			<y5>473.806404</y5>
			<x6>264.044017</x6>
			<y6>490.224676</y6>
			<x7>276.584806</x7>
			<y7>470.951068</y7>
		</polygon>
	</object>
	<object>
		<name>RPMD</name>
		<pose>Unspecified</pose>
		<truncated>0</truncated>
		<difficult>0</difficult>
		<occluded>0</occluded>
		<bndbox>
			<xmin>229</xmin>
			<xmax>266</xmax>
			<ymin>365</ymin>
			<ymax>488</ymax>
		</bndbox>
		<polygon>
			<x1>228.213192</x1>
			<y1>471.664896</y1>
			<x2>236.09599</x2>
			<y2>486.655486</y2>
			<x3>246.845238</x3>
			<y3>463.812687</y3>
			<x4>256.161247</x4>
			<y4>417.413207</y4>
			<x5>264.76065</x5>
			<y5>379.579778</y5>
			<x6>242.123531</x6>
			<y6>364.142858</y6>
			<x7>235.73766</x7>
			<y7>395.284209</y7>
			<x8>228.213192</x8>
			<y8>471.664896</y8>
		</polygon>
	</object>
	<object>
		<name>RPMD</name>
		<pose>Unspecified</pose>
		<truncated>0</truncated>
		<difficult>0</difficult>
		<occluded>0</occluded>
		<bndbox>
			<xmin>200</xmin>
			<xmax>244</xmax>
			<ymin>346</ymin>
			<ymax>468</ymax>
		</bndbox>
		<polygon>
			<x1>198.831926</x1>
			<y1>453.105115</y1>
			<x2>204.564853</x2>
			<y2>466.668023</y2>
			<x3>224.630109</x3>
			<y3>443.825197</y3>
			<x4>233.587816</x4>
			<y4>400.281081</y4>
			<x5>242.903825</x5>
			<y5>361.019984</y5>
			<x6>215.693909</x6>
			<y6>345.392858</y6>
			<x7>210.297779</x7>
			<y7>396.711891</y7>
			<x8>198.831926</x8>
			<y8>453.105115</y8>
		</polygon>
	</object>
	<object>
		<name>RMD</name>
		<pose>Unspecified</pose>
		<truncated>0</truncated>
		<difficult>0</difficult>
		<occluded>0</occluded>
		<bndbox>
			<xmin>158</xmin>
			<xmax>219</xmax>
			<ymin>326</ymin>
			<ymax>435</ymax>
		</bndbox>
		<polygon>
			<x1>162.642784</x1>
			<y1>433.831479</y1>
			<x2>184.499596</x2>
			<y2>420.268544</y2>
			<x3>217.822247</x3>
			<y3>363.875361</y3>
			<x4>208.864541</x4>
			<y4>333.89414</y4>
			<x5>185.932834</x5>
			<y5>325.328077</y5>
			<x6>175.183587</x6>
			<y6>361.019984</y6>
			<x7>157.011191</x7>
			<y7>393.607144</y7>
			<x8>162.642784</x8>
			<y8>433.831479</y8>
		</polygon>
	</object>
	<object>
		<name>RMD</name>
		<pose>Unspecified</pose>
		<truncated>0</truncated>
		<difficult>0</difficult>
		<occluded>0</occluded>
		<bndbox>
			<xmin>132</xmin>
			<xmax>184</xmax>
			<ymin>304</ymin>
			<ymax>401</ymax>
		</bndbox>
		<polygon>
			<x1>131.477489</x1>
			<y1>346.285715</y1>
			<x2>151.893536</x2>
			<y2>399.567268</y2>
			<x3>170.883871</x3>
			<y3>370.299874</y3>
			<x4>182.708054</x4>
			<y4>320.331204</y4>
			<x5>158.343082</x5>
			<y5>303.199119</y5>
			<x6>131.477489</x6>
			<y6>346.285715</y6>
		</polygon>
	</object>
	<object>
		<name>LID</name>
		<pose>Unspecified</pose>
		<truncated>0</truncated>
		<difficult>0</difficult>
		<occluded>0</occluded>
		<bndbox>
			<xmin>319</xmin>
			<xmax>343</xmax>
			<ymin>397</ymin>
			<ymax>466</ymax>
		</bndbox>
		<polygon>
			<x1>341.640813</x1>
			<y1>459.529642</y1>
			<x2>332.611387</x2>
			<y2>398.071429</y2>
			<x3>317.992474</x3>
			<y3>395.998077</y3>
			<x4>327.308483</x4>
			<y4>464.526514</y4>
			<x5>341.640813</x5>
			<y5>459.529642</y5>
		</polygon>
	</object>
	<object>
		<name>LID</name>
		<pose>Unspecified</pose>
		<truncated>0</truncated>
		<difficult>0</difficult>
		<occluded>0</occluded>
		<bndbox>
			<xmin>333</xmin>
			<xmax>368</xmax>
			<ymin>388</ymin>
			<ymax>491</ymax>
		</bndbox>
		<polygon>
			<x1>362.064373</x1>
			<y1>490.224676</y1>
			<x2>366.722391</x2>
			<y2>480.944786</y2>
			<x3>360.631162</x3>
			<y3>450.963579</y3>
			<x4>352.769572</x4>
			<y4>387.357144</y4>
			<x5>332.324804</x5>
			<y5>394.570368</y5>
			<x6>348.090373</x6>
			<y6>465.954196</y6>
			<x7>362.064373</x7>
			<y7>490.224676</y7>
		</polygon>
	</object>
	<object>
		<name>LCD</name>
		<pose>Unspecified</pose>
		<truncated>0</truncated>
		<difficult>0</difficult>
		<occluded>0</occluded>
		<bndbox>
			<xmin>353</xmin>
			<xmax>387</xmax>
			<ymin>375</ymin>
			<ymax>507</ymax>
		</bndbox>
		<polygon>
			<x1>351.673455</x1>
			<y1>376.010587</y1>
			<x2>358.48129</x2>
			<y2>410.274826</y2>
			<x3>367.080694</x3>
			<y3>480.230959</y3>
			<x4>376.396703</x4>
			<y4>505.929121</y4>
			<x5>386.429345</x5>
			<y5>498.076912</y5>
			<x6>376.755033</x6>
			<y6>425.265416</y6>
			<x7>374.271637</x7>
			<y7>373.964286</y7>
			<x8>351.673455</x8>
			<y8>376.010587</y8>
		</polygon>
	</object>
	<object>
		<name>LPMD</name>
		<pose>Unspecified</pose>
		<truncated>0</truncated>
		<difficult>0</difficult>
		<occluded>0</occluded>
		<bndbox>
			<xmin>373</xmin>
			<xmax>412</xmax>
			<ymin>362</ymin>
			<ymax>490</ymax>
		</bndbox>
		<polygon>
			<x1>401.119978</x1>
			<y1>488.797022</y1>
			<x2>411.15262</x2>
			<y2>476.661768</y2>
			<x3>400.04507</x3>
			<y3>411.702481</y3>
			<x4>395.773702</x4>
			<y4>361.464286</y4>
			<x5>372.455318</x5>
			<y5>376.724415</y5>
			<x6>385.71274</x6>
			<y6>430.262289</y6>
			<x7>401.119978</x7>
			<y7>488.797022</y7>
		</polygon>
	</object>
	<object>
		<name>LPMD</name>
		<pose>Unspecified</pose>
		<truncated>0</truncated>
		<difficult>0</difficult>
		<occluded>0</occluded>
		<bndbox>
			<xmin>394</xmin>
			<xmax>435</xmax>
			<ymin>344</ymin>
			<ymax>461</ymax>
		</bndbox>
		<polygon>
			<x1>403.986455</x1>
			<y1>343.174031</y1>
			<x2>393.237207</x2>
			<y2>365.303016</y2>
			<x3>405.777996</x3>
			<y3>415.985526</y3>
			<x4>425.843253</x4>
			<y4>459.529642</y4>
			<x5>434.442657</x5>
			<y5>457.388132</y5>
			<x6>430.501271</x6>
			<y6>419.554717</y6>
			<x7>415.035969</x7>
			<y7>348.964286</y7>
			<x8>403.986455</x8>
			<y8>343.174031</y8>
		</polygon>
	</object>
	<object>
		<name>LMD</name>
		<pose>Unspecified</pose>
		<truncated>0</truncated>
		<difficult>0</difficult>
		<occluded>0</occluded>
		<bndbox>
			<xmin>418</xmin>
			<xmax>479</xmax>
			<ymin>323</ymin>
			<ymax>446</ymax>
		</bndbox>
		<polygon>
			<x1>416.527244</x1>
			<y1>341.032521</y1>
			<x2>418.677088</x2>
			<y2>378.152124</y2>
			<x3>443.04206</x3>
			<y3>418.127035</y3>
			<x4>462.390684</x4>
			<y4>444.539052</y4>
			<x5>478.156253</x5>
			<y5>402.422591</y5>
			<x6>461.315776</x6>
			<y6>373.869065</y6>
			<x7>444.601308</x7>
			<y7>322.178572</y7>
			<x8>416.527244</x8>
			<y8>341.032521</y8>
		</polygon>
	</object>
	<object>
		<name>LMD</name>
		<pose>Unspecified</pose>
		<truncated>0</truncated>
		<difficult>0</difficult>
		<occluded>0</occluded>
		<bndbox>
			<xmin>440</xmin>
			<xmax>502</xmax>
			<ymin>271</ymin>
			<ymax>393</ymax>
		</bndbox>
		<polygon>
			<x1>439.100647</x1>
			<y1>310.337501</y1>
			<x2>442.325427</x2>
			<y2>326.041918</y2>
			<x3>464.182225</x3>
			<y3>361.019984</y3>
			<x4>486.755656</x4>
			<y4>391.715018</y4>
			<x5>501.446289</x5>
			<y5>359.592302</y5>
			<x6>484.964115</x6>
			<y6>308.195964</y6>
			<x7>470.13501</x7>
			<y7>270.392858</y7>
			<x8>439.100647</x8>
			<y8>310.337501</y8>
		</polygon>
	</object>
</annotation>
