<annotation>
	<folder></folder>
	<filename>131_jpg.rf.ce32facb22053555c76277275503c56a.jpg</filename>
	<path>131_jpg.rf.ce32facb22053555c76277275503c56a.jpg</path>
	<source>
		<database>roboflow.com</database>
	</source>
	<size>
		<width>640</width>
		<height>640</height>
		<depth>3</depth>
	</size>
	<segmented>0</segmented>
	<object>
		<name>RIU</name>
		<pose>Unspecified</pose>
		<truncated>0</truncated>
		<difficult>0</difficult>
		<occluded>0</occluded>
		<bndbox>
			<xmin>271</xmin>
			<xmax>296</xmax>
			<ymin>224</ymin>
			<ymax>365</ymax>
		</bndbox>
		<polygon>
			<x1>276.693869</x1>
			<y1>361.933299</y1>
			<x2>281.5457</x2>
			<y2>363.544313</y2>
			<x3>289.227766</x3>
			<y3>364.349819</y3>
			<x4>293.675278</x4>
			<y4>357.905767</y4>
			<x5>294.888236</x5>
			<y5>333.740574</y5>
			<x6>292.058001</x6>
			<y6>302.325822</y6>
			<x7>285.993212</x7>
			<y7>223.386191</y7>
			<x8>279.928423</x8>
			<y8>224.997204</y8>
			<x9>276.725012</x9>
			<y9>232.321646</y9>
			<x10>274.672273</x10>
			<y10>282.188161</y10>
			<x11>272.650676</x11>
			<y11>313.602913</y11>
			<x12>270.62908</x12>
			<y12>328.907535</y12>
			<x13>269.820442</x13>
			<y13>341.795638</y13>
			<x14>271.437719</x14>
			<y14>354.683741</y14>
			<x15>276.693869</x15>
			<y15>361.933299</y15>
		</polygon>
	</object>
	<object>
		<name>RIU</name>
		<pose>Unspecified</pose>
		<truncated>0</truncated>
		<difficult>0</difficult>
		<occluded>0</occluded>
		<bndbox>
			<xmin>293</xmin>
			<xmax>323</xmax>
			<ymin>224</ymin>
			<ymax>375</ymax>
		</bndbox>
		<polygon>
			<x1>321.573308</x1>
			<y1>345.823171</y1>
			<x2>317.934434</x2>
			<y2>306.353355</y2>
			<x3>313.891241</x3>
			<y3>230.635749</y3>
			<x4>308.230772</x4>
			<y4>222.580684</y4>
			<x5>298.157489</x5>
			<y5>235.545679</y5>
			<x6>295.696875</x6>
			<y6>290.243226</y6>
			<x7>295.696875</x7>
			<y7>308.769874</y7>
			<x8>293.675278</x8>
			<y8>322.463484</y8>
			<x9>292.058001</x9>
			<y9>348.23969</y9>
			<x10>292.462321</x10>
			<y10>361.127793</y10>
			<x11>296.101194</x11>
			<y11>374.015896</y11>
			<x12>319.95603</x12>
			<y12>371.599377</y12>
			<x13>321.573308</x13>
			<y13>345.823171</y13>
		</polygon>
	</object>
	<object>
		<name>LIU</name>
		<pose>Unspecified</pose>
		<truncated>0</truncated>
		<difficult>0</difficult>
		<occluded>0</occluded>
		<bndbox>
			<xmin>321</xmin>
			<xmax>348</xmax>
			<ymin>218</ymin>
			<ymax>374</ymax>
		</bndbox>
		<polygon>
			<x1>347.44974</x1>
			<y1>337.768106</y1>
			<x2>344.215186</x2>
			<y2>306.353355</y2>
			<x3>338.554717</x3>
			<y3>226.608216</y3>
			<x4>330.468331</x4>
			<y4>216.942139</y4>
			<x5>324.846989</x5>
			<y5>231.515637</y5>
			<x6>321.573308</x6>
			<y6>267.689045</y6>
			<x7>322.381946</x7>
			<y7>306.353355</y7>
			<x8>319.551711</x8>
			<y8>329.713042</y8>
			<x9>319.95603</x9>
			<y9>366.766338</y9>
			<x10>324.807862</x10>
			<y10>373.21039</y10>
			<x11>338.554717</x11>
			<y11>370.793871</y11>
			<x12>347.045421</x12>
			<y12>368.377351</y12>
			<x13>347.44974</x13>
			<y13>337.768106</y13>
		</polygon>
	</object>
	<object>
		<name>LIU</name>
		<pose>Unspecified</pose>
		<truncated>0</truncated>
		<difficult>0</difficult>
		<occluded>0</occluded>
		<bndbox>
			<xmin>347</xmin>
			<xmax>371</xmax>
			<ymin>227</ymin>
			<ymax>363</ymax>
		</bndbox>
		<polygon>
			<x1>369.6873</x1>
			<y1>336.962599</y1>
			<x2>368.070023</x2>
			<y2>316.019432</y2>
			<x3>363.622511</x3>
			<y3>232.246762</y3>
			<x4>359.174999</x4>
			<y4>225.80271</y4>
			<x5>353.962806</x5>
			<y5>232.321646</y5>
			<x6>351.897252</x6>
			<y6>262.856007</y6>
			<x7>351.088614</x7>
			<y7>299.909303</y7>
			<x8>345.832463</x8>
			<y8>335.351587</y8>
			<x9>345.832463</x9>
			<y9>351.461716</y9>
			<x10>349.471336</x10>
			<y10>359.51678</y10>
			<x11>357.962041</x11>
			<y11>361.933299</y11>
			<x12>365.239788</x12>
			<y12>361.933299</y12>
			<x13>369.6873</x13>
			<y13>336.962599</y13>
		</polygon>
	</object>
	<object>
		<name>LCU</name>
		<pose>Unspecified</pose>
		<truncated>0</truncated>
		<difficult>0</difficult>
		<occluded>0</occluded>
		<bndbox>
			<xmin>369</xmin>
			<xmax>398</xmax>
			<ymin>211</ymin>
			<ymax>367</ymax>
		</bndbox>
		<polygon>
			<x1>389.094625</x1>
			<y1>357.905767</y1>
			<x2>397.18101</x2>
			<y2>345.017664</y2>
			<x3>395.563733</x3>
			<y3>327.296522</y3>
			<x4>391.116221</x4>
			<y4>311.186393</y4>
			<x5>387.477347</x5>
			<y5>222.580684</y5>
			<x6>381.816878</x6>
			<y6>209.692581</y6>
			<x7>376.204056</x7>
			<y7>225.067571</y7>
			<x8>373.326173</x8>
			<y8>259.633981</y8>
			<x9>371.708896</x9>
			<y9>293.465252</y9>
			<x10>367.665704</x10>
			<y10>327.296522</y10>
			<x11>368.474342</x11>
			<y11>341.795638</y11>
			<x12>376.560727</x12>
			<y12>362.738806</y12>
			<x13>384.242793</x13>
			<y13>365.960832</y13>
			<x14>389.094625</x14>
			<y14>357.905767</y14>
		</polygon>
	</object>
	<object>
		<name>LPMU</name>
		<pose>Unspecified</pose>
		<truncated>0</truncated>
		<difficult>0</difficult>
		<occluded>0</occluded>
		<bndbox>
			<xmin>391</xmin>
			<xmax>418</xmax>
			<ymin>216</ymin>
			<ymax>355</ymax>
		</bndbox>
		<polygon>
			<x1>409.988765</x1>
			<y1>273.436606</y1>
			<x2>403.193826</x2>
			<y2>215.167615</y2>
			<x3>396.436056</x3>
			<y3>225.216383</y3>
			<x4>394.330862</x4>
			<y4>286.385271</y4>
			<x5>390.194813</x5>
			<y5>318.756933</y5>
			<x6>393.149134</x6>
			<y6>336.414203</y6>
			<x7>400.534937</x7>
			<y7>350.540019</y7>
			<x8>405.261851</x8>
			<y8>354.071473</y8>
			<x9>411.465926</x9>
			<y9>349.362867</y9>
			<x10>416.783704</x10>
			<y10>333.471324</y10>
			<x11>414.715679</x11>
			<y11>307.573995</y11>
			<x12>409.988765</x12>
			<y12>273.436606</y12>
		</polygon>
	</object>
	<object>
		<name>LMU</name>
		<pose>Unspecified</pose>
		<truncated>0</truncated>
		<difficult>0</difficult>
		<occluded>0</occluded>
		<bndbox>
			<xmin>413</xmin>
			<xmax>448</xmax>
			<ymin>216</ymin>
			<ymax>346</ymax>
		</bndbox>
		<polygon>
			<x1>446.622349</x1>
			<y1>308.162571</y1>
			<x2>442.190867</x2>
			<y2>276.96806</y2>
			<x3>440.122842</x3>
			<y3>219.287644</y3>
			<x4>426.828396</x4>
			<y4>214.579039</y4>
			<x5>422.142916</x5>
			<y5>228.750037</y5>
			<x6>419.147161</x6>
			<y6>272.259455</y6>
			<x7>412.05679</x7>
			<y7>306.985419</y7>
			<x8>413.238519</x8>
			<y8>331.117022</y8>
			<x9>422.987779</x9>
			<y9>344.654262</y9>
			<x10>432.146175</x10>
			<y10>335.825627</y10>
			<x11>439.236546</x11>
			<y11>342.888536</y11>
			<x12>446.622349</x12>
			<y12>332.294173</y12>
			<x13>446.622349</x13>
			<y13>308.162571</y13>
		</polygon>
	</object>
	<object>
		<name>LMU</name>
		<pose>Unspecified</pose>
		<truncated>0</truncated>
		<difficult>0</difficult>
		<occluded>0</occluded>
		<bndbox>
			<xmin>445</xmin>
			<xmax>478</xmax>
			<ymin>195</ymin>
			<ymax>330</ymax>
		</bndbox>
		<polygon>
			<x1>466.120869</x1>
			<y1>315.814054</y1>
			<x2>471.143215</x2>
			<y2>316.991206</y2>
			<x3>476.756426</x3>
			<y3>296.391057</y3>
			<x4>474.688401</x4>
			<y4>280.499514</y4>
			<x5>466.711733</x5>
			<y5>260.487941</y5>
			<x6>462.871116</x6>
			<y6>194.567466</y6>
			<x7>454.894448</x7>
			<y7>193.978891</y7>
			<x8>450.462966</x8>
			<y8>204.573253</y8>
			<x9>446.963333</x9>
			<y9>218.149074</y9>
			<x10>445.736053</x10>
			<y10>258.133639</y10>
			<x11>445.145188</x11>
			<y11>282.853817</y11>
			<x12>443.963459</x12>
			<y12>303.453966</y12>
			<x13>446.031484</x13>
			<y13>321.111236</y13>
			<x14>457.553337</x14>
			<y14>328.762719</y14>
			<x15>466.120869</x15>
			<y15>315.814054</y15>
		</polygon>
	</object>
	<object>
		<name>RCU</name>
		<pose>Unspecified</pose>
		<truncated>0</truncated>
		<difficult>0</difficult>
		<occluded>0</occluded>
		<bndbox>
			<xmin>244</xmin>
			<xmax>274</xmax>
			<ymin>204</ymin>
			<ymax>364</ymax>
		</bndbox>
		<polygon>
			<x1>243.939439</x1>
			<y1>338.188732</y1>
			<x2>248.075488</x2>
			<y2>350.548821</y2>
			<x3>258.415613</x3>
			<y3>363.497486</y3>
			<x4>271.119194</x4>
			<y4>345.840216</y4>
			<x5>273.187219</x5>
			<y5>321.708613</y5>
			<x6>268.460305</x6>
			<y6>298.165586</y6>
			<x7>258.711045</x7>
			<y7>212.233538</y7>
			<x8>254.279563</x8>
			<y8>202.816327</y8>
			<x9>248.695482</x9>
			<y9>214.615419</y9>
			<x10>246.89376</x10>
			<y10>239.896595</y10>
			<x11>246.007464</x11>
			<y11>264.616773</y11>
			<x12>245.416599</x12>
			<y12>291.102678</y12>
			<x13>245.712031</x13>
			<y13>307.582797</y13>
			<x14>243.053142</x14>
			<y14>321.708613</y14>
			<x15>243.939439</x15>
			<y15>338.188732</y15>
		</polygon>
	</object>
	<object>
		<name>RPMU</name>
		<pose>Unspecified</pose>
		<truncated>0</truncated>
		<difficult>0</difficult>
		<occluded>0</occluded>
		<bndbox>
			<xmin>218</xmin>
			<xmax>250</xmax>
			<ymin>213</ymin>
			<ymax>351</ymax>
		</bndbox>
		<polygon>
			<x1>246.007464</x1>
			<y1>342.897337</y1>
			<x2>249.257217</x2>
			<y2>324.651491</y2>
			<x3>246.89376</x3>
			<y3>305.228494</y3>
			<x4>239.507957</x4>
			<y4>287.571224</y4>
			<x5>231.235857</x5>
			<y5>228.125081</y5>
			<x6>224.145486</x6>
			<y6>211.644963</y6>
			<x7>217.37448</x7>
			<y7>219.915901</y7>
			<x8>219.418572</x8>
			<y8>277.565438</y8>
			<x9>219.418572</x9>
			<y9>296.399859</y9>
			<x10>218.236844</x10>
			<y10>322.297189</y10>
			<x11>220.009437</x11>
			<y11>339.365883</y11>
			<x12>234.190178</x12>
			<y12>349.960245</y12>
			<x13>239.507957</x13>
			<y13>342.897337</y13>
			<x14>246.007464</x14>
			<y14>342.897337</y14>
		</polygon>
	</object>
	<object>
		<name>RMU</name>
		<pose>Unspecified</pose>
		<truncated>0</truncated>
		<difficult>0</difficult>
		<occluded>0</occluded>
		<bndbox>
			<xmin>187</xmin>
			<xmax>226</xmax>
			<ymin>207</ymin>
			<ymax>344</ymax>
		</bndbox>
		<polygon>
			<x1>190.170792</x1>
			<y1>340.543034</y1>
			<x2>195.784002</x2>
			<y2>342.308761</y2>
			<x3>203.760669</x3>
			<y3>337.600156</y3>
			<x4>212.623633</x4>
			<y4>342.897337</y4>
			<x5>219.714004</x5>
			<y5>333.480126</y5>
			<x6>225.031783</x6>
			<y6>331.125824</y6>
			<x7>224.145486</x7>
			<y7>291.691254</y7>
			<x8>217.055115</x8>
			<y8>274.622559</y8>
			<x9>211.146473</x9>
			<y9>217.530719</y9>
			<x10>204.056102</x10>
			<y10>206.347781</y10>
			<x11>192.554063</x11>
			<y11>218.738016</y11>
			<x12>192.238817</x12>
			<y12>258.142441</y12>
			<x13>189.87536</x13>
			<y13>282.862619</y13>
			<x14>186.330174</x14>
			<y14>312.291402</y14>
			<x15>187.511903</x15>
			<y15>327.005794</y15>
			<x16>190.170792</x16>
			<y16>340.543034</y16>
		</polygon>
	</object>
	<object>
		<name>RMU</name>
		<pose>Unspecified</pose>
		<truncated>0</truncated>
		<difficult>0</difficult>
		<occluded>0</occluded>
		<bndbox>
			<xmin>153</xmin>
			<xmax>189</xmax>
			<ymin>199</ymin>
			<ymax>337</ymax>
		</bndbox>
		<polygon>
			<x1>166.831654</x1>
			<y1>324.062916</y1>
			<x2>172.149432</x2>
			<y2>332.302975</y2>
			<x3>177.46721</x3>
			<y3>335.834429</y3>
			<x4>187.21647</x4>
			<y4>324.651491</y4>
			<x5>187.807335</x5>
			<y5>293.456981</y5>
			<x6>185.148446</x6>
			<y6>241.662322</y6>
			<x7>178.353507</x7>
			<y7>202.816327</y7>
			<x8>169.785975</x8>
			<y8>197.519146</y8>
			<x9>160.332147</x9>
			<y9>215.764993</y9>
			<x10>161.218443</x10>
			<y10>252.256684</y10>
			<x11>156.786961</x11>
			<y11>276.976862</y11>
			<x12>152.060047</x12>
			<y12>300.519889</y12>
			<x13>153.241776</x13>
			<y13>316.411432</y13>
			<x14>159.150419</x14>
			<y14>325.828643</y14>
			<x15>166.831654</x15>
			<y15>324.062916</y15>
		</polygon>
	</object>
	<object>
		<name>RMD</name>
		<pose>Unspecified</pose>
		<truncated>0</truncated>
		<difficult>0</difficult>
		<occluded>0</occluded>
		<bndbox>
			<xmin>80</xmin>
			<xmax>140</xmax>
			<ymin>337</ymin>
			<ymax>420</ymax>
		</bndbox>
		<polygon>
			<x1>137.583873</x1>
			<y1>394.143028</y1>
			<x2>135.515848</x2>
			<y2>387.668696</y2>
			<x3>134.33412</x3>
			<y3>380.605788</y3>
			<x4>134.33412</x4>
			<y4>372.365728</y4>
			<x5>135.220416</x5>
			<y5>362.359942</y5>
			<x6>138.765602</x6>
			<y6>354.708458</y6>
			<x7>138.765602</x7>
			<y7>346.468399</y7>
			<x8>133.753315</x8>
			<y8>340.649094</y8>
			<x9>127.243749</x9>
			<y9>335.874036</y9>
			<x10>118.676217</x10>
			<y10>339.405491</y10>
			<x11>107.449796</x11>
			<y11>341.171218</y11>
			<x12>94.450783</x12>
			<y12>338.228339</y12>
			<x13>89.428437</x13>
			<y13>339.994066</y13>
			<x14>83.519794</x14>
			<y14>355.297034</y14>
			<x15>91.791894</x15>
			<y15>363.537093</y15>
			<x16>95.337079</x16>
			<y16>371.188577</y16>
			<x17>82.338066</x17>
			<y17>367.068547</y17>
			<x18>78.79288</x18>
			<y18>380.605788</y18>
			<x19>84.701523</x19>
			<y19>397.085906</y19>
			<x20>92.382758</x20>
			<y20>404.73739</y20>
			<x21>104.200043</x21>
			<y21>404.148814</y21>
			<x22>114.244735</x22>
			<y22>411.211723</y22>
			<x23>121.335106</x23>
			<y23>415.920327</y23>
			<x24>128.425477</x24>
			<y24>419.451782</y24>
			<x25>134.924984</x25>
			<y25>412.388874</y25>
			<x26>137.288441</x26>
			<y26>401.794511</y26>
			<x27>137.583873</x27>
			<y27>394.143028</y27>
		</polygon>
	</object>
	<object>
		<name>RMD</name>
		<pose>Unspecified</pose>
		<truncated>0</truncated>
		<difficult>0</difficult>
		<occluded>0</occluded>
		<bndbox>
			<xmin>133</xmin>
			<xmax>175</xmax>
			<ymin>347</ymin>
			<ymax>484</ymax>
		</bndbox>
		<polygon>
			<x1>163.877333</x1>
			<y1>425.337538</y1>
			<x2>169.195111</x2>
			<y2>392.377301</y2>
			<x3>172.149432</x3>
			<y3>380.605788</y3>
			<x4>173.922025</x4>
			<y4>367.657123</y4>
			<x5>174.217457</x5>
			<y5>357.062761</y5>
			<x6>172.149432</x6>
			<y6>348.234126</y6>
			<x7>165.059061</x7>
			<y7>345.879823</y7>
			<x8>160.332147</x8>
			<y8>347.64555</y8>
			<x9>153.537208</x9>
			<y9>353.531307</y9>
			<x10>145.855973</x10>
			<y10>348.822701</y10>
			<x11>139.651898</x11>
			<y11>351.177004</y11>
			<x12>134.33412</x12>
			<y12>360.005639</y12>
			<x13>133.152391</x13>
			<y13>380.605788</y13>
			<x14>136.697577</x14>
			<y14>404.148814</y14>
			<x15>134.924984</x15>
			<y15>430.046144</y15>
			<x16>131.970663</x16>
			<y16>460.063503</y16>
			<x17>132.856959</x17>
			<y17>478.897924</y17>
			<x18>136.697577</x18>
			<y18>477.132197</y18>
			<x19>140.538195</x19>
			<y19>467.714987</y19>
			<x20>143.787948</x20>
			<y20>448.880565</y20>
			<x21>148.514862</x21>
			<y21>428.868992</y21>
			<x22>150.878319</x22>
			<y22>420.628933</y22>
			<x23>150.582887</x23>
			<y23>430.634719</y23>
			<x24>145.855973</x24>
			<y24>460.063503</y24>
			<x25>142.901652</x25>
			<y25>483.017954</y25>
			<x26>149.401158</x26>
			<y26>474.777894</y26>
			<x27>158.854986</x27>
			<y27>446.526263</y27>
			<x28>163.877333</x28>
			<y28>425.337538</y28>
		</polygon>
	</object>
	<object>
		<name>RMD</name>
		<pose>Unspecified</pose>
		<truncated>0</truncated>
		<difficult>0</difficult>
		<occluded>0</occluded>
		<bndbox>
			<xmin>157</xmin>
			<xmax>215</xmax>
			<ymin>363</ymin>
			<ymax>496</ymax>
		</bndbox>
		<polygon>
			<x1>187.21647</x1>
			<y1>481.840802</y1>
			<x2>198.738323</x2>
			<y2>448.880565</y2>
			<x3>204.646966</x3>
			<y3>418.863206</y3>
			<x4>212.032769</x4>
			<y4>407.680268</y4>
			<x5>213.50993</x5>
			<y5>385.314392</y5>
			<x6>212.623633</x6>
			<y6>374.720031</y6>
			<x7>207.601287</x7>
			<y7>369.422849</y7>
			<x8>202.874373</x8>
			<y8>376.485757</y8>
			<x9>196.079434</x9>
			<y9>373.542879</y9>
			<x10>191.057088</x10>
			<y10>361.771366</y10>
			<x11>188.398199</x11>
			<y11>366.479971</y11>
			<x12>183.671285</x12>
			<y12>366.479971</y12>
			<x13>181.307828</x13>
			<y13>368.834274</y13>
			<x14>178.058074</x14>
			<y14>363.537093</y14>
			<x15>172.444864</x15>
			<y15>367.068547</y15>
			<x16>170.376839</x16>
			<y16>377.074333</y16>
			<x17>169.785975</x17>
			<y17>394.731604</y17>
			<x18>169.785975</x18>
			<y18>417.686054</y18>
			<x19>165.945357</x19>
			<y19>432.400446</y19>
			<x20>159.445851</x20>
			<y20>460.063503</y20>
			<x21>156.491529</x21>
			<y21>477.132197</y21>
			<x22>159.445851</x22>
			<y22>485.960832</y22>
			<x23>170.967704</x23>
			<y23>467.126411</y23>
			<x24>179.830667</x24>
			<y24>437.109052</y24>
			<x25>183.966717</x25>
			<y25>439.463354</y25>
			<x26>181.307828</x26>
			<y26>454.766322</y26>
			<x27>177.171778</x27>
			<y27>472.423592</y27>
			<x28>172.149432</x28>
			<y28>490.080862</y28>
			<x29>177.46721</x29>
			<y29>494.789468</y29>
			<x30>187.21647</x30>
			<y30>481.840802</y30>
		</polygon>
	</object>
	<object>
		<name>RPMD</name>
		<pose>Unspecified</pose>
		<truncated>0</truncated>
		<difficult>0</difficult>
		<occluded>0</occluded>
		<bndbox>
			<xmin>199</xmin>
			<xmax>240</xmax>
			<ymin>377</ymin>
			<ymax>505</ymax>
		</bndbox>
		<polygon>
			<x1>227.086161</x1>
			<y1>382.633422</y1>
			<x2>221.749701</x2>
			<y2>376.064364</y2>
			<x3>215.830073</x3>
			<y3>379.692442</y3>
			<x4>208.264505</x4>
			<y4>380.060064</y4>
			<x5>205.312089</x5>
			<y5>400.279309</y5>
			<x6>205.865667</x6>
			<y6>421.233799</y6>
			<x7>204.020406</x7>
			<y7>458.731307</y7>
			<x8>202.359672</x8>
			<y8>480.053419</y8>
			<x9>198.853678</x9>
			<y9>492.184966</y9>
			<x10>198.484625</x10>
			<y10>502.846022</y10>
			<x11>203.466828</x11>
			<y11>503.94889</y11>
			<x12>210.478818</x12>
			<y12>500.272663</y12>
			<x13>217.121755</x13>
			<y13>487.038249</y13>
			<x14>221.734906</x14>
			<y14>463.510401</y14>
			<x15>226.163531</x15>
			<y15>435.938704</y15>
			<x16>230.407629</x16>
			<y16>419.763308</y16>
			<x17>235.758884</x17>
			<y17>409.102252</y17>
			<x18>239.449405</x18>
			<y18>397.705951</y18>
			<x19>239.449405</x19>
			<y19>387.044894</y19>
			<x20>236.681514</x20>
			<y20>380.060064</y20>
			<x21>233.729098</x21>
			<y21>379.692442</y21>
			<x22>227.086161</x22>
			<y22>382.633422</y22>
		</polygon>
	</object>
	<object>
		<name>RPMD</name>
		<pose>Unspecified</pose>
		<truncated>0</truncated>
		<difficult>0</difficult>
		<occluded>0</occluded>
		<bndbox>
			<xmin>230</xmin>
			<xmax>257</xmax>
			<ymin>384</ymin>
			<ymax>503</ymax>
		</bndbox>
		<polygon>
			<x1>229.854051</x1>
			<y1>395.132592</y1>
			<x2>228.746895</x2>
			<y2>411.307988</y2>
			<x3>230.776681</x3>
			<y3>427.483383</y3>
			<x4>233.913624</x4>
			<y4>462.03991</y4>
			<x5>235.758884</x5>
			<y5>486.303004</y5>
			<x6>235.389832</x6>
			<y6>496.228814</y6>
			<x7>237.788671</x7>
			<y7>502.110776</y7>
			<x8>242.217296</x8>
			<y8>498.066928</y8>
			<x9>245.169712</x9>
			<y9>485.200136</y9>
			<x10>248.306655</x10>
			<y10>450.643609</y10>
			<x11>250.336441</x11>
			<y11>428.953874</y11>
			<x12>254.211488</x12>
			<y12>412.043233</y12>
			<x13>255.872222</x13>
			<y13>402.485044</y13>
			<x14>251.997175</x14>
			<y14>394.397347</y14>
			<x15>250.336441</x15>
			<y15>390.353498</y15>
			<x16>247.753077</x16>
			<y16>390.721121</y16>
			<x17>241.128149</x17>
			<y17>382.685695</y17>
			<x18>235.02078</x18>
			<y18>386.677272</y18>
			<x19>229.854051</x19>
			<y19>395.132592</y19>
		</polygon>
	</object>
	<object>
		<name>RCD</name>
		<pose>Unspecified</pose>
		<truncated>0</truncated>
		<difficult>0</difficult>
		<occluded>0</occluded>
		<bndbox>
			<xmin>254</xmin>
			<xmax>281</xmax>
			<ymin>380</ymin>
			<ymax>505</ymax>
		</bndbox>
		<polygon>
			<x1>256.056748</x1>
			<y1>385.942026</y1>
			<x2>254.211488</x2>
			<y2>389.618253</y2>
			<x3>253.657909</x3>
			<y3>396.23546</y3>
			<x4>254.58054</x4>
			<y4>411.67561</y4>
			<x5>253.288857</x5>
			<y5>428.586251</y5>
			<x6>254.765066</x6>
			<y6>449.173118</y6>
			<x7>254.949592</x7>
			<y7>469.392362</y7>
			<x8>259.193691</x8>
			<y8>491.817343</y8>
			<x9>265.098524</x9>
			<y9>503.581267</y9>
			<x10>269.342622</x10>
			<y10>491.817343</y10>
			<x11>273.402195</x11>
			<y11>453.58459</y11>
			<x12>277.461768</x12>
			<y12>421.233799</y12>
			<x13>280.229659</x13>
			<y13>402.117422</y13>
			<x14>278.75345</x14>
			<y14>391.823989</y14>
			<x15>274.1403</x15>
			<y15>383.001046</y15>
			<x16>271.925987</x16>
			<y16>382.2658</y16>
			<x17>265.305071</x17>
			<y17>378.639326</y17>
			<x18>260.669899</x18>
			<y18>381.530555</y18>
			<x19>256.056748</x19>
			<y19>385.942026</y19>
		</polygon>
	</object>
	<object>
		<name>RID</name>
		<pose>Unspecified</pose>
		<truncated>0</truncated>
		<difficult>0</difficult>
		<occluded>0</occluded>
		<bndbox>
			<xmin>276</xmin>
			<xmax>299</xmax>
			<ymin>384</ymin>
			<ymax>508</ymax>
		</bndbox>
		<polygon>
			<x1>281.164996</x1>
			<y1>469.759986</y1>
			<x2>289.837719</x2>
			<y2>502.110776</y2>
			<x3>293.897292</x3>
			<y3>506.522248</y3>
			<x4>297.587813</x4>
			<y4>480.421042</y4>
			<x5>296.665183</x5>
			<y5>417.557572</y5>
			<x6>296.480657</x6>
			<y6>397.705951</y6>
			<x7>294.649579</x7>
			<y7>387.467767</y7>
			<x8>286.885303</x8>
			<y8>383.368668</y8>
			<x9>275.629215</x9>
			<y9>391.823989</y9>
			<x10>274.706584</x10>
			<y10>397.338328</y10>
			<x11>274.706584</x11>
			<y11>405.426026</y11>
			<x12>276.182793</x12>
			<y12>415.719459</y12>
			<x13>278.766157</x13>
			<y13>434.835836</y13>
			<x14>281.164996</x14>
			<y14>469.759986</y14>
		</polygon>
	</object>
	<object>
		<name>RID</name>
		<pose>Unspecified</pose>
		<truncated>0</truncated>
		<difficult>0</difficult>
		<occluded>0</occluded>
		<bndbox>
			<xmin>295</xmin>
			<xmax>320</xmax>
			<ymin>384</ymin>
			<ymax>498</ymax>
		</bndbox>
		<polygon>
			<x1>304.415276</x1>
			<y1>466.819004</y1>
			<x2>314.564208</x2>
			<y2>497.331682</y2>
			<x3>319.177359</x3>
			<y3>491.817343</y3>
			<x4>316.963046</x4>
			<y4>444.761647</y4>
			<x5>313.641578</x5>
			<y5>415.719459</y5>
			<x6>312.534422</x6>
			<y6>392.191611</y6>
			<x7>310.320109</x7>
			<y7>384.839159</y7>
			<x8>304.784328</x8>
			<y8>384.103913</y8>
			<x9>297.587813</x9>
			<y9>382.633422</y9>
			<x10>294.635396</x10>
			<y10>388.515385</y10>
			<x11>294.081818</x11>
			<y11>398.808818</y11>
			<x12>297.587813</x12>
			<y12>417.925195</y12>
			<x13>299.802125</x13>
			<y13>438.144439</y13>
			<x14>304.415276</x14>
			<y14>466.819004</y14>
		</polygon>
	</object>
	<object>
		<name>LID</name>
		<pose>Unspecified</pose>
		<truncated>0</truncated>
		<difficult>0</difficult>
		<occluded>0</occluded>
		<bndbox>
			<xmin>312</xmin>
			<xmax>337</xmax>
			<ymin>382</ymin>
			<ymax>508</ymax>
		</bndbox>
		<polygon>
			<x1>336.33828</x1>
			<y1>464.980891</y1>
			<x2>331.356077</x2>
			<y2>416.822327</y2>
			<x3>329.161673</x3>
			<y3>384.157101</y3>
			<x4>319.915463</x4>
			<y4>380.795309</y4>
			<x5>313.826104</x5>
			<y5>383.001046</y5>
			<x6>311.242739</x6>
			<y6>387.412517</y6>
			<x7>311.796318</x7>
			<y7>402.485044</y7>
			<x8>314.93326</x8>
			<y8>432.6301</y8>
			<x9>319.915463</x9>
			<y9>464.245646</y9>
			<x10>326.5584</x10>
			<y10>490.346853</y10>
			<x11>336.33828</x11>
			<y11>506.522248</y11>
			<x12>336.33828</x12>
			<y12>464.980891</y12>
		</polygon>
	</object>
	<object>
		<name>LID</name>
		<pose>Unspecified</pose>
		<truncated>0</truncated>
		<difficult>0</difficult>
		<occluded>0</occluded>
		<bndbox>
			<xmin>330</xmin>
			<xmax>361</xmax>
			<ymin>381</ymin>
			<ymax>490</ymax>
		</bndbox>
		<polygon>
			<x1>360.326664</x1>
			<y1>481.523909</y1>
			<x2>357.005196</x2>
			<y2>460.56942</y2>
			<x3>352.761097</x3>
			<y3>435.203458</y3>
			<x4>349.255102</x4>
			<y4>407.999384</y4>
			<x5>348.88605</x5>
			<y5>385.942026</y5>
			<x6>335.252043</x6>
			<y6>379.742881</y6>
			<x7>328.772713</x7>
			<y7>387.412517</y7>
			<x8>330.064395</x8>
			<y8>400.279309</y8>
			<x9>333.016811</x9>
			<y9>419.763308</y9>
			<x10>338.18354</x10>
			<y10>440.350175</y10>
			<x11>347.96342</x11>
			<y11>477.112438</y11>
			<x12>357.7433</x12>
			<y12>488.508739</y12>
			<x13>360.326664</x13>
			<y13>481.523909</y13>
		</polygon>
	</object>
	<object>
		<name>LCD</name>
		<pose>Unspecified</pose>
		<truncated>0</truncated>
		<difficult>0</difficult>
		<occluded>0</occluded>
		<bndbox>
			<xmin>350</xmin>
			<xmax>380</xmax>
			<ymin>376</ymin>
			<ymax>497</ymax>
		</bndbox>
		<polygon>
			<x1>363.296779</x1>
			<y1>480.049067</y1>
			<x2>373.261185</x2>
			<y2>492.915859</y2>
			<x3>378.61244</x3>
			<y3>496.224463</y3>
			<x4>377.505283</x4>
			<y4>476.372841</y4>
			<x5>372.523081</x5>
			<y5>434.831484</y5>
			<x6>371.784977</x6>
			<y6>402.480692</y6>
			<x7>371.600451</x7>
			<y7>385.937674</y7>
			<x8>365.326565</x8>
			<y8>378.952844</y8>
			<x9>356.28479</x9>
			<y9>374.908996</y9>
			<x10>348.719222</x10>
			<y10>387.775788</y10>
			<x11>349.088274</x11>
			<y11>404.318806</y11>
			<x12>350.564483</x12>
			<y12>424.53805</y12>
			<x13>354.070477</x13>
			<y13>444.022049</y13>
			<x14>357.022894</x14>
			<y14>461.667936</y14>
			<x15>363.296779</x15>
			<y15>480.049067</y15>
		</polygon>
	</object>
	<object>
		<name>LPMD</name>
		<pose>Unspecified</pose>
		<truncated>0</truncated>
		<difficult>0</difficult>
		<occluded>0</occluded>
		<bndbox>
			<xmin>372</xmin>
			<xmax>396</xmax>
			<ymin>380</ymin>
			<ymax>500</ymax>
		</bndbox>
		<polygon>
			<x1>393.374522</x1>
			<y1>474.167105</y1>
			<x2>392.08284</x2>
			<y2>451.374502</y2>
			<x3>393.559048</x3>
			<y3>418.656088</y3>
			<x4>395.404309</x4>
			<y4>389.613901</y4>
			<x5>381.391206</x5>
			<y5>379.007178</y5>
			<x6>372.154029</x6>
			<y6>395.12824</y6>
			<x7>371.046872</x7>
			<y7>403.951183</y7>
			<x8>373.814763</x8>
			<y8>417.55322</y8>
			<x9>376.398127</x9>
			<y9>443.654427</y9>
			<x10>378.981492</x10>
			<y10>461.300313</y10>
			<x11>383.963695</x11>
			<y11>482.254803</y11>
			<x12>392.820944</x12>
			<y12>499.165443</y12>
			<x13>393.374522</x13>
			<y13>474.167105</y13>
		</polygon>
	</object>
	<object>
		<name>LPMD</name>
		<pose>Unspecified</pose>
		<truncated>0</truncated>
		<difficult>0</difficult>
		<occluded>0</occluded>
		<bndbox>
			<xmin>394</xmin>
			<xmax>431</xmax>
			<ymin>381</ymin>
			<ymax>516</ymax>
		</bndbox>
		<polygon>
			<x1>418.285537</x1>
			<y1>399.539711</y1>
			<x2>414.595017</x2>
			<y2>383.364316</y2>
			<x3>397.263078</x3>
			<y3>380.478584</y3>
			<x4>392.820944</x4>
			<y4>388.14341</y4>
			<x5>393.00547</x5>
			<y5>399.907334</y5>
			<x6>396.695991</x6>
			<y6>416.450353</y6>
			<x7>402.600824</x7>
			<y7>455.050728</y7>
			<x8>410.904496</x8>
			<y8>495.85684</y8>
			<x9>422.898688</x9>
			<y9>514.973216</y9>
			<x10>430.095203</x10>
			<y10>513.502726</y10>
			<x11>418.101011</x11>
			<y11>455.418351</y11>
			<x12>418.285537</x12>
			<y12>399.539711</y12>
		</polygon>
	</object>
	<object>
		<name>LMD</name>
		<pose>Unspecified</pose>
		<truncated>0</truncated>
		<difficult>0</difficult>
		<occluded>0</occluded>
		<bndbox>
			<xmin>415</xmin>
			<xmax>468</xmax>
			<ymin>363</ymin>
			<ymax>492</ymax>
		</bndbox>
		<polygon>
			<x1>432.678568</x1>
			<y1>362.042204</y1>
			<x2>427.696365</x2>
			<y2>374.541373</y2>
			<x3>414.964069</x3>
			<y3>374.541373</y3>
			<x4>413.856912</x4>
			<y4>387.775788</y4>
			<x5>415.702173</x5>
			<y5>406.156919</y5>
			<x6>424.19037</x6>
			<y6>423.067559</y6>
			<x7>431.20236</x7>
			<y7>452.844992</y7>
			<x8>439.136979</x8>
			<y8>474.534728</y8>
			<x9>451.869275</x9>
			<y9>490.710123</y9>
			<x10>453.899062</x10>
			<y10>485.195784</y10>
			<x11>447.071599</x11>
			<y11>462.035558</y11>
			<x12>443.196552</x12>
			<y12>442.183936</y12>
			<x13>443.381078</x13>
			<y13>437.404842</y13>
			<x14>450.024015</x14>
			<y14>448.433521</y14>
			<x15>457.774109</x15>
			<y15>469.020388</y15>
			<x16>466.07778</x16>
			<y16>481.519557</y16>
			<x17>466.631358</x17>
			<y17>472.328992</y17>
			<x18>456.666952</x18>
			<y18>429.684767</y18>
			<x19>452.238327</x19>
			<y19>407.627409</y19>
			<x20>449.285911</x20>
			<y20>371.600392</y20>
			<x21>441.720344</x21>
			<y21>364.247939</y21>
			<x22>432.678568</x22>
			<y22>362.042204</y22>
		</polygon>
	</object>
	<object>
		<name>LMD</name>
		<pose>Unspecified</pose>
		<truncated>0</truncated>
		<difficult>0</difficult>
		<occluded>0</occluded>
		<bndbox>
			<xmin>448</xmin>
			<xmax>490</xmax>
			<ymin>348</ymin>
			<ymax>475</ymax>
		</bndbox>
		<polygon>
			<x1>485.63754</x1>
			<y1>418.656088</y1>
			<x2>482.500597</x2>
			<y2>398.436844</y2>
			<x3>481.208915</x3>
			<y3>384.834806</y3>
			<x4>481.577967</x4>
			<y4>370.497524</y4>
			<x5>480.655337</x5>
			<y5>359.468845</y5>
			<x6>476.226712</x6>
			<y6>349.543034</y6>
			<x7>473.274296</x7>
			<y7>348.072544</y7>
			<x8>469.030196</x8>
			<y8>346.602053</y8>
			<x9>464.047994</x9>
			<y9>355.424996</y9>
			<x10>456.2979</x10>
			<y10>354.689751</y10>
			<x11>448.178755</x11>
			<y11>356.895487</y11>
			<x12>446.887073</x12>
			<y12>363.880317</y12>
			<x13>447.625177</x13>
			<y13>378.952844</y13>
			<x14>450.024015</x14>
			<y14>388.878655</y14>
			<x15>455.190744</x15>
			<y15>403.583561</y15>
			<x16>461.095577</x16>
			<y16>423.435182</y16>
			<x17>466.262306</x17>
			<y17>448.065898</y17>
			<x18>475.119556</x18>
			<y18>466.814652</y18>
			<x19>483.238701</x19>
			<y19>473.799482</y19>
			<x20>482.500597</x20>
			<y20>459.829822</y20>
			<x21>477.70292</x21>
			<y21>444.389672</y21>
			<x22>473.089769</x22>
			<y22>427.479031</y22>
			<x23>471.982613</x23>
			<y23>416.817975</y23>
			<x24>478.62555</x24>
			<y24>434.096238</y24>
			<x25>483.423227</x25>
			<y25>448.065898</y25>
			<x26>488.774482</x26>
			<y26>448.801144</y26>
			<x27>487.851852</x27>
			<y27>440.713446</y27>
			<x28>485.63754</x28>
			<y28>418.656088</y28>
		</polygon>
	</object>
	<metadata>
		<tags>
			<tag>teeth</tag>
		</tags>
	</metadata>
</annotation>
