<annotation>
	<folder></folder>
	<filename>132_jpg.rf.b34a782956f4b3d4890952aba90bd32f.jpg</filename>
	<path>132_jpg.rf.b34a782956f4b3d4890952aba90bd32f.jpg</path>
	<source>
		<database>roboflow.com</database>
	</source>
	<size>
		<width>640</width>
		<height>640</height>
		<depth>3</depth>
	</size>
	<segmented>0</segmented>
	<object>
		<name>LIU</name>
		<pose>Unspecified</pose>
		<truncated>0</truncated>
		<difficult>0</difficult>
		<occluded>0</occluded>
		<bndbox>
			<xmin>315</xmin>
			<xmax>344</xmax>
			<ymin>290</ymin>
			<ymax>414</ymax>
		</bndbox>
		<polygon>
			<x1>313.751967</x1>
			<y1>370.236511</y1>
			<x2>313.751967</x2>
			<y2>408.605461</y2>
			<x3>329.87584</x3>
			<y3>413.066967</y3>
			<x4>343.312401</x4>
			<y4>405.928558</y4>
			<x5>340.625089</x5>
			<y5>355.959693</y5>
			<x6>334.354693</x6>
			<y6>297.960117</y6>
			<x7>320.022362</x7>
			<y7>289.037106</y7>
			<x8>313.751967</x8>
			<y8>370.236511</y8>
		</polygon>
	</object>
	<object>
		<name>RIU</name>
		<pose>Unspecified</pose>
		<truncated>0</truncated>
		<difficult>0</difficult>
		<occluded>0</occluded>
		<bndbox>
			<xmin>284</xmin>
			<xmax>316</xmax>
			<ymin>292</ymin>
			<ymax>415</ymax>
		</bndbox>
		<polygon>
			<x1>311.960426</x1>
			<y1>407.71316</y1>
			<x2>315.095623</x2>
			<y2>385.405631</y2>
			<x3>309.273113</x3>
			<y3>344.359778</y3>
			<x4>301.659062</x4>
			<y4>290.821708</y4>
			<x5>286.878845</x5>
			<y5>296.175516</y5>
			<x6>286.878845</x6>
			<y6>351.498187</y6>
			<x7>283.295762</x7>
			<y7>382.728727</y7>
			<x8>284.639418</x8>
			<y8>402.359353</y8>
			<x9>286.878845</x9>
			<y9>413.959268</y9>
			<x10>302.554833</x10>
			<y10>412.174666</y10>
			<x11>311.960426</x11>
			<y11>407.71316</y11>
		</polygon>
	</object>
	<object>
		<name>RIU</name>
		<pose>Unspecified</pose>
		<truncated>0</truncated>
		<difficult>0</difficult>
		<occluded>0</occluded>
		<bndbox>
			<xmin>261</xmin>
			<xmax>286</xmax>
			<ymin>289</ymin>
			<ymax>413</ymax>
		</bndbox>
		<polygon>
			<x1>285.087303</x1>
			<y1>402.359353</y1>
			<x2>283.295762</x2>
			<y2>358.636596</y2>
			<x3>281.952106</x3>
			<y3>307.775431</y3>
			<x4>277.473252</x4>
			<y4>288.144805</y4>
			<x5>266.276118</x5>
			<y5>294.390913</y5>
			<x6>262.24515</x6>
			<y6>352.390488</y6>
			<x7>260.901494</x7>
			<y7>376.482619</y7>
			<x8>259.557838</x8>
			<y8>400.574751</y8>
			<x9>263.588806</x9>
			<y9>412.174666</y9>
			<x10>281.504221</x10>
			<y10>409.497762</y10>
			<x11>285.087303</x11>
			<y11>402.359353</y11>
		</polygon>
	</object>
	<object>
		<name>RCU</name>
		<pose>Unspecified</pose>
		<truncated>0</truncated>
		<difficult>0</difficult>
		<occluded>0</occluded>
		<bndbox>
			<xmin>237</xmin>
			<xmax>264</xmax>
			<ymin>281</ymin>
			<ymax>414</ymax>
		</bndbox>
		<polygon>
			<x1>254.568922</x1>
			<y1>408.961102</y1>
			<x2>259.410126</x2>
			<y2>403.535843</y2>
			<x3>262.738455</x3>
			<y3>377.615154</y3>
			<x4>260.317853</x4>
			<y4>357.722534</y4>
			<x5>256.989524</x5>
			<y5>286.591344</y5>
			<x6>251.845744</x6>
			<y6>279.960471</y6>
			<x7>244.002946</x7>
			<y7>284.838589</y7>
			<x8>240.045307</x8>
			<y8>352.90008</y8>
			<x9>236.111828</x9>
			<y9>372.792701</y9>
			<x10>235.506678</x10>
			<y10>393.890935</y10>
			<x11>242.768485</x11>
			<y11>412.577943</y11>
			<x12>254.568922</x12>
			<y12>408.961102</y12>
		</polygon>
	</object>
	<object>
		<name>RPMU</name>
		<pose>Unspecified</pose>
		<truncated>0</truncated>
		<difficult>0</difficult>
		<occluded>0</occluded>
		<bndbox>
			<xmin>216</xmin>
			<xmax>248</xmax>
			<ymin>275</ymin>
			<ymax>408</ymax>
		</bndbox>
		<polygon>
			<x1>235.042486</x1>
			<y1>276.749576</y1>
			<x2>229.101676</x2>
			<y2>273.616623</y2>
			<x3>225.794082</x3>
			<y3>280.952701</y3>
			<x4>224.383974</x4>
			<y4>301.465091</y4>
			<x5>224.034515</x5>
			<y5>321.655229</y5>
			<x6>221.588299</x6>
			<y6>351.592332</y6>
			<x7>214.94857</x7>
			<y7>372.130577</y7>
			<x8>214.599111</x8>
			<y8>384.662388</y8>
			<x9>217.394786</x9>
			<y9>394.409351</y9>
			<x10>222.986137</x10>
			<y10>406.941161</y10>
			<x11>228.053298</x11>
			<y11>399.979044</y11>
			<x12>234.867756</x12>
			<y12>397.542304</y12>
			<x13>240.459107</x13>
			<y13>390.232081</y13>
			<x14>243.604241</x14>
			<y14>387.79534</y14>
			<x15>247.448294</x15>
			<y15>380.485117</y15>
			<x16>246.225187</x16>
			<y16>372.130577</y16>
			<x17>242.381133</x17>
			<y17>360.99119</y17>
			<x18>238.53708</x18>
			<y18>327.224923</y18>
			<x19>235.042486</x19>
			<y19>276.749576</y19>
		</polygon>
	</object>
	<object>
		<name>RPMU</name>
		<pose>Unspecified</pose>
		<truncated>0</truncated>
		<difficult>0</difficult>
		<occluded>0</occluded>
		<bndbox>
			<xmin>193</xmin>
			<xmax>223</xmax>
			<ymin>275</ymin>
			<ymax>394</ymax>
		</bndbox>
		<polygon>
			<x1>200.331375</x1>
			<y1>336.756466</y1>
			<x2>196.422359</x2>
			<y2>352.721352</y2>
			<x3>191.53609</x3>
			<y3>374.137663</y3>
			<x4>199.354121</x4>
			<y4>385.040512</y4>
			<x5>207.953955</x5>
			<y5>392.828262</y5>
			<x6>213.035675</x6>
			<y6>392.049487</y6>
			<x7>218.508297</x7>
			<y7>383.482962</y7>
			<x8>222.221861</x8>
			<y8>371.022563</y8>
			<x9>221.244607</x9>
			<y9>358.951552</y9>
			<x10>217.140141</x10>
			<y10>336.367078</y10>
			<x11>214.794732</x11>
			<y11>281.463445</y11>
			<x12>207.758504</x12>
			<y12>273.675696</y12>
			<x13>200.34163</x13>
			<y13>278.001223</y13>
			<x14>200.526826</x14>
			<y14>318.455255</y14>
			<x15>200.331375</x15>
			<y15>336.756466</y15>
		</polygon>
	</object>
	<object>
		<name>RMU</name>
		<pose>Unspecified</pose>
		<truncated>0</truncated>
		<difficult>0</difficult>
		<occluded>0</occluded>
		<bndbox>
			<xmin>167</xmin>
			<xmax>203</xmax>
			<ymin>262</ymin>
			<ymax>400</ymax>
		</bndbox>
		<polygon>
			<x1>201.883176</x1>
			<y1>381.93119</y1>
			<x2>200.905922</x2>
			<y2>346.886318</y2>
			<x3>196.801456</x3>
			<y3>331.310819</y3>
			<x4>193.869694</x4>
			<y4>274.460248</y4>
			<x5>189.374326</x5>
			<y5>264.336174</y5>
			<x6>184.683508</x6>
			<y6>261.221074</y6>
			<x7>177.079129</x7>
			<y7>270.598251</y7>
			<x8>175.888223</x8>
			<y8>310.666535</y8>
			<x9>171.783757</x9>
			<y9>335.983468</y9>
			<x10>168.851995</x10>
			<y10>347.665093</y10>
			<x11>167.288389</x11>
			<y11>360.904266</y11>
			<x12>165.724783</x12>
			<y12>368.692016</y12>
			<x13>166.897488</x13>
			<y13>383.878128</y13>
			<x14>169.047446</x14>
			<y14>393.612814</y14>
			<x15>171.588306</x15>
			<y15>395.949139</y15>
			<x16>175.497322</x16>
			<y16>396.727914</y16>
			<x17>180.969943</x17>
			<y17>389.718939</y17>
			<x18>184.097156</x18>
			<y18>394.391589</y18>
			<x19>186.442565</x19>
			<y19>397.117301</y19>
			<x20>190.937933</x20>
			<y20>399.064239</y20>
			<x21>195.4333</x21>
			<y21>394.391589</y21>
			<x22>199.537767</x22>
			<y22>386.993227</y22>
			<x23>201.883176</x23>
			<y23>381.93119</y23>
		</polygon>
	</object>
	<object>
		<name>RMU</name>
		<pose>Unspecified</pose>
		<truncated>0</truncated>
		<difficult>0</difficult>
		<occluded>0</occluded>
		<bndbox>
			<xmin>136</xmin>
			<xmax>169</xmax>
			<ymin>256</ymin>
			<ymax>383</ymax>
		</bndbox>
		<polygon>
			<x1>157.508586</x1>
			<y1>254.952828</y1>
			<x2>149.515997</x2>
			<y2>264.753799</y2>
			<x3>147.345146</x3>
			<y3>300.900549</y3>
			<x4>143.43613</x4>
			<y4>320.369923</y4>
			<x5>139.527115</x5>
			<y5>330.10461</y5>
			<x6>135.6181</x6>
			<y6>342.565009</y6>
			<x7>135.227198</x7>
			<y7>353.467858</y7>
			<x8>137.572607</x8>
			<y8>362.813157</y8>
			<x9>142.067975</x9>
			<y9>373.326619</y9>
			<x10>146.563343</x10>
			<y10>372.547844</y10>
			<x11>153.208669</x11>
			<y11>381.503756</y11>
			<x12>159.463094</x12>
			<y12>380.724981</y12>
			<x13>162.394855</x13>
			<y13>377.609881</y13>
			<x14>165.717518</x14>
			<y14>375.662944</y14>
			<x15>168.453829</x15>
			<y15>361.255607</y15>
			<x16>167.281125</x16>
			<y16>336.724197</y16>
			<x17>164.153912</x17>
			<y17>270.917714</y17>
			<x18>157.508586</x18>
			<y18>254.952828</y18>
		</polygon>
	</object>
	<object>
		<name>RMU</name>
		<pose>Unspecified</pose>
		<truncated>0</truncated>
		<difficult>0</difficult>
		<occluded>0</occluded>
		<bndbox>
			<xmin>106</xmin>
			<xmax>153</xmax>
			<ymin>235</ymin>
			<ymax>368</ymax>
		</bndbox>
		<polygon>
			<x1>137.591522</x1>
			<y1>251.506376</y1>
			<x2>120.37294</x2>
			<y2>288.829538</y2>
			<x3>114.509416</x3>
			<y3>302.458099</y3>
			<x4>106.300484</x4>
			<y4>319.591148</y4>
			<x5>105.12778</x5>
			<y5>332.440935</y5>
			<x6>107.082287</x6>
			<y6>337.113584</y6>
			<x7>108.254992</x7>
			<y7>345.680109</y7>
			<x8>121.936546</x8>
			<y8>367.485807</y8>
			<x9>126.236463</x9>
			<y9>366.707032</y9>
			<x10>134.249944</x10>
			<y10>362.813157</y10>
			<x11>136.204452</x11>
			<y11>353.078471</y11>
			<x12>137.181706</x12>
			<y12>337.113584</y12>
			<x13>138.354411</x13>
			<y13>325.43196</y13>
			<x14>152.035964</x14>
			<y14>250.669566</y14>
			<x15>152.035964</x15>
			<y15>240.156104</y15>
			<x16>147.345146</x16>
			<y16>233.536517</y16>
			<x17>137.591522</x17>
			<y17>251.506376</y17>
		</polygon>
	</object>
	<object>
		<name>LIU</name>
		<pose>Unspecified</pose>
		<truncated>0</truncated>
		<difficult>0</difficult>
		<occluded>0</occluded>
		<bndbox>
			<xmin>344</xmin>
			<xmax>368</xmax>
			<ymin>279</ymin>
			<ymax>404</ymax>
		</bndbox>
		<polygon>
			<x1>345.185109</x1>
			<y1>335.972353</y1>
			<x2>346.944166</x2>
			<y2>349.990302</y2>
			<x3>343.621503</x3>
			<y3>366.733963</y3>
			<x4>343.230601</x4>
			<y4>387.371499</y4>
			<x5>344.598757</x5>
			<y5>397.884961</y5>
			<x6>352.221337</x6>
			<y6>402.946998</y6>
			<x7>361.212072</x7>
			<y7>401.000061</y7>
			<x8>365.121088</x8>
			<y8>397.106186</y8>
			<x9>366.684694</x9>
			<y9>380.362525</y9>
			<x10>364.143834</x10>
			<y10>348.82214</y10>
			<x11>359.843917</x11>
			<y11>283.015657</y11>
			<x12>355.544</x12>
			<y12>277.95362</y12>
			<x13>348.908864</x13>
			<y13>286.183455</y13>
			<x14>345.576011</x14>
			<y14>321.954404</y14>
			<x15>345.185109</x15>
			<y15>335.972353</y15>
		</polygon>
	</object>
	<object>
		<name>LCU</name>
		<pose>Unspecified</pose>
		<truncated>0</truncated>
		<difficult>0</difficult>
		<occluded>0</occluded>
		<bndbox>
			<xmin>366</xmin>
			<xmax>393</xmax>
			<ymin>273</ymin>
			<ymax>404</ymax>
		</bndbox>
		<polygon>
			<x1>373.528779</x1>
			<y1>309.866166</y1>
			<x2>369.033411</x2>
			<y2>329.724927</y2>
			<x3>365.124396</x3>
			<y3>360.875925</y3>
			<x4>364.733494</x4>
			<y4>367.495512</y4>
			<x5>365.710748</x5>
			<y5>375.283261</y5>
			<x6>366.688002</x6>
			<y6>384.239173</y6>
			<x7>369.815214</x7>
			<y7>400.204059</y7>
			<x8>374.506033</x8>
			<y8>402.540384</y8>
			<x9>380.955908</x9>
			<y9>402.540384</y9>
			<x10>384.474022</x10>
			<y10>396.310185</y10>
			<x11>387.601234</x11>
			<y11>382.681623</y11>
			<x12>388.96939</x12>
			<y12>364.380413</y12>
			<x13>392.487504</x13>
			<y13>273.653132</y13>
			<x14>387.014882</x14>
			<y14>272.484969</y14>
			<x15>380.772626</x15>
			<y15>282.287154</y15>
			<x16>373.528779</x16>
			<y16>309.866166</y16>
		</polygon>
	</object>
	<object>
		<name>LPMU</name>
		<pose>Unspecified</pose>
		<truncated>0</truncated>
		<difficult>0</difficult>
		<occluded>0</occluded>
		<bndbox>
			<xmin>381</xmin>
			<xmax>413</xmax>
			<ymin>280</ymin>
			<ymax>407</ymax>
		</bndbox>
		<polygon>
			<x1>407.146311</x1>
			<y1>367.884899</y1>
			<x2>405.973607</x2>
			<y2>351.530626</y2>
			<x3>411.83713</x3>
			<y3>283.777206</y3>
			<x4>404.800902</x4>
			<y4>279.104556</y4>
			<x5>397.975148</x5>
			<y5>286.573085</y5>
			<x6>394.05111</x6>
			<y6>305.193517</y6>
			<x7>388.578488</x7>
			<y7>338.680839</y7>
			<x8>386.233079</x8>
			<y8>353.477563</y8>
			<x9>381.34681</x9>
			<y9>362.822863</y9>
			<x10>380.369556</x10>
			<y10>376.840811</y10>
			<x11>381.933162</x11>
			<y11>387.743661</y11>
			<x12>384.864924</x12>
			<y12>396.310185</y12>
			<x13>387.796685</x13>
			<y13>398.257122</y13>
			<x14>390.532996</x14>
			<y14>397.08896</y14>
			<x15>394.832913</x15>
			<y15>400.982834</y15>
			<x16>398.351027</x16>
			<y16>406.434259</y16>
			<x17>401.282788</x17>
			<y17>406.434259</y17>
			<x18>404.996353</x18>
			<y18>401.761609</y18>
			<x19>408.319016</x19>
			<y19>390.85876</y19>
			<x20>408.514467</x20>
			<y20>383.460398</y20>
			<x21>407.146311</x21>
			<y21>367.884899</y21>
		</polygon>
	</object>
	<object>
		<name>LPMU</name>
		<pose>Unspecified</pose>
		<truncated>0</truncated>
		<difficult>0</difficult>
		<occluded>0</occluded>
		<bndbox>
			<xmin>408</xmin>
			<xmax>430</xmax>
			<ymin>282</ymin>
			<ymax>399</ymax>
		</bndbox>
		<polygon>
			<x1>420.632415</x1>
			<y1>284.945368</y1>
			<x2>416.137047</x2>
			<y2>280.662106</y2>
			<x3>410.095106</x3>
			<y3>292.027906</y3>
			<x4>409.882622</x4>
			<y4>335.176352</y4>
			<x5>409.687171</x5>
			<y5>351.141238</y5>
			<x6>408.123565</x6>
			<y6>362.822863</y6>
			<x7>406.95086</x7>
			<y7>373.725711</y7>
			<x8>407.537213</x8>
			<y8>384.628561</y8>
			<x9>408.905368</x9>
			<y9>389.690597</y9>
			<x10>417.896104</x10>
			<y10>398.257122</y10>
			<x11>422.977824</x11>
			<y11>393.195085</y11>
			<x12>425.909585</x12>
			<y12>392.805698</y12>
			<x13>428.450445</x13>
			<y13>391.248148</y13>
			<x14>429.427699</x14>
			<y14>383.071011</y14>
			<x15>429.232249</x15>
			<y15>371.389387</y15>
			<x16>428.450445</x16>
			<y16>359.707762</y16>
			<x17>424.54143</x17>
			<y17>344.132264</y17>
			<x18>423.564176</x18>
			<y18>319.990241</y18>
			<x19>420.632415</x19>
			<y19>284.945368</y19>
		</polygon>
	</object>
	<object>
		<name>LMU</name>
		<pose>Unspecified</pose>
		<truncated>0</truncated>
		<difficult>0</difficult>
		<occluded>0</occluded>
		<bndbox>
			<xmin>428</xmin>
			<xmax>460</xmax>
			<ymin>260</ymin>
			<ymax>391</ymax>
		</bndbox>
		<polygon>
			<x1>456.018636</x1>
			<y1>381.522923</y1>
			<x2>458.754947</x2>
			<y2>373.345786</y2>
			<x3>459.341299</x3>
			<y3>367.115587</y3>
			<x4>458.754947</x4>
			<y4>351.929476</y4>
			<x5>457.191341</x5>
			<y5>342.194789</y5>
			<x6>454.845932</x6>
			<y6>331.291939</y6>
			<x7>453.477776</x7>
			<y7>312.211954</y7>
			<x8>452.500522</x8>
			<y8>268.989944</y8>
			<x9>451.523269</x9>
			<y9>259.255257</y9>
			<x10>448.200606</x10>
			<y10>259.255257</y10>
			<x11>443.509787</x11>
			<y11>260.034032</y11>
			<x12>441.176935</x12>
			<y12>268.650101</y12>
			<x13>436.473559</x13>
			<y13>293.910742</y13>
			<x14>432.369093</x14>
			<y14>315.716441</y14>
			<x15>431.782741</x15>
			<y15>331.291939</y15>
			<x16>428.655529</x16>
			<y16>348.814376</y16>
			<x17>426.701021</x17>
			<y17>360.885388</y17>
			<x18>427.873725</x18>
			<y18>374.124561</y18>
			<x19>430.219134</x19>
			<y19>382.301698</y19>
			<x20>434.519051</x20>
			<y20>389.310673</y20>
			<x21>438.428067</x21>
			<y21>388.921285</y21>
			<x22>441.75073</x22>
			<y22>387.363736</y22>
			<x23>444.096139</x23>
			<y23>382.301698</y23>
			<x24>446.441548</x24>
			<y24>385.806186</y24>
			<x25>448.591507</x25>
			<y25>388.921285</y25>
			<x26>451.327818</x26>
			<y26>390.478835</y26>
			<x27>453.477776</x27>
			<y27>387.363736</y27>
			<x28>456.018636</x28>
			<y28>381.522923</y28>
		</polygon>
	</object>
	<object>
		<name>LMU</name>
		<pose>Unspecified</pose>
		<truncated>0</truncated>
		<difficult>0</difficult>
		<occluded>0</occluded>
		<bndbox>
			<xmin>458</xmin>
			<xmax>489</xmax>
			<ymin>254</ymin>
			<ymax>379</ymax>
		</bndbox>
		<polygon>
			<x1>481.036335</x1>
			<y1>372.177624</y1>
			<x2>482.599941</x2>
			<y2>370.620074</y2>
			<x3>485.140801</x3>
			<y3>364.779262</y3>
			<x4>487.877112</x4>
			<y4>355.044575</y4>
			<x5>487.29076</x5>
			<y5>339.079689</y5>
			<x6>484.554449</x6>
			<y6>326.61929</y6>
			<x7>482.599941</x7>
			<y7>314.158891</y7>
			<x8>483.577195</x8>
			<y8>283.007893</y8>
			<x9>481.231786</x9>
			<y9>266.264232</y9>
			<x10>477.713672</x10>
			<y10>254.971996</y10>
			<x11>472.827403</x11>
			<y11>253.414446</y11>
			<x12>467.958134</x12>
			<y12>261.247129</y12>
			<x13>465.791175</x13>
			<y13>275.220144</y13>
			<x14>463.836667</x14>
			<y14>286.122993</y14>
			<x15>462.468512</x15>
			<y15>295.468292</y15>
			<x16>461.295807</x16>
			<y16>308.707466</y16>
			<x17>460.709455</x17>
			<y17>321.557253</y17>
			<x18>459.732201</x18>
			<y18>332.070714</y18>
			<x19>456.99589</x19>
			<y19>349.203763</y19>
			<x20>458.364046</x20>
			<y20>361.664163</y20>
			<x21>459.732201</x21>
			<y21>368.673137</y21>
			<x22>464.032118</x22>
			<y22>374.903336</y22>
			<x23>466.963879</x23>
			<y23>377.239661</y23>
			<x24>469.50474</x24>
			<y24>378.018436</y24>
			<x25>473.218304</x25>
			<y25>375.682111</y25>
			<x26>477.12732</x26>
			<y26>369.451912</y26>
			<x27>478.300024</x27>
			<y27>371.398849</y27>
			<x28>481.036335</x28>
			<y28>372.177624</y28>
		</polygon>
	</object>
	<object>
		<name>LMU</name>
		<pose>Unspecified</pose>
		<truncated>0</truncated>
		<difficult>0</difficult>
		<occluded>0</occluded>
		<bndbox>
			<xmin>488</xmin>
			<xmax>519</xmax>
			<ymin>233</ymin>
			<ymax>362</ymax>
		</bndbox>
		<polygon>
			<x1>517.585629</x1>
			<y1>337.132752</y1>
			<x2>515.826572</x2>
			<y2>320.778478</y2>
			<x3>496.086044</x3>
			<y3>234.723847</y3>
			<x4>492.958832</x4>
			<y4>231.998134</y4>
			<x5>489.440718</x5>
			<y5>233.945072</y5>
			<x6>488.874837</x6>
			<y6>240.596734</y6>
			<x7>489.245267</x7>
			<y7>258.86587</y7>
			<x8>489.049817</x8>
			<y8>276.777694</y8>
			<x9>487.681661</x9>
			<y9>298.583392</y9>
			<x10>487.29076</x10>
			<y10>319.610316</y10>
			<x11>487.095309</x11>
			<y11>328.17684</y11>
			<x12>487.095309</x12>
			<y12>339.079689</y12>
			<x13>488.072563</x13>
			<y13>348.424988</y13>
			<x14>489.636169</x14>
			<y14>355.433963</y14>
			<x15>491.981578</x15>
			<y15>358.549063</y15>
			<x16>495.499692</x16>
			<y16>360.885388</y16>
			<x17>500.972313</x17>
			<y17>359.717225</y17>
			<x18>504.294977</x18>
			<y18>354.655188</y18>
			<x19>506.640386</x19>
			<y19>350.371926</y19>
			<x20>512.503909</x20>
			<y20>351.150701</y20>
			<x21>515.631121</x21>
			<y21>347.646213</y21>
			<x22>517.585629</x22>
			<y22>337.132752</y22>
		</polygon>
	</object>
	<object>
		<name>RID</name>
		<pose>Unspecified</pose>
		<truncated>0</truncated>
		<difficult>0</difficult>
		<occluded>0</occluded>
		<bndbox>
			<xmin>276</xmin>
			<xmax>306</xmax>
			<ymin>422</ymin>
			<ymax>511</ymax>
		</bndbox>
		<polygon>
			<x1>283.442016</x1>
			<y1>440.702924</y1>
			<x2>282.941826</x2>
			<y2>455.650516</y2>
			<x3>280.690969</x3>
			<y3>477.573652</y3>
			<x4>278.690207</x4>
			<y4>493.517751</y4>
			<x5>275.438969</x5>
			<y5>510.458356</y5>
			<x6>278.440112</x6>
			<y6>510.458356</y6>
			<x7>283.442016</x7>
			<y7>503.482813</y7>
			<x8>290.944873</x8>
			<y8>492.022992</y8>
			<x9>297.697444</x9>
			<y9>468.605097</y9>
			<x10>301.698968</x10>
			<y10>456.148769</y10>
			<x11>303.69973</x11>
			<y11>440.702924</y11>
			<x12>304.950206</x12>
			<y12>425.755331</y12>
			<x13>303.449635</x13>
			<y13>423.762318</y13>
			<x14>286.443159</x14>
			<y14>421.271053</y14>
			<x15>284.207001</x15>
			<y15>426.861491</y15>
			<x16>283.442016</x16>
			<y16>440.702924</y16>
		</polygon>
	</object>
	<object>
		<name>RID</name>
		<pose>Unspecified</pose>
		<truncated>0</truncated>
		<difficult>0</difficult>
		<occluded>0</occluded>
		<bndbox>
			<xmin>304</xmin>
			<xmax>325</xmax>
			<ymin>423</ymin>
			<ymax>501</ymax>
		</bndbox>
		<polygon>
			<x1>303.201656</x1>
			<y1>489.039372</y1>
			<x2>304.952323</x2>
			<y2>500.00094</y2>
			<x3>308.953847</x3>
			<y3>497.011421</y3>
			<x4>321.708704</x4>
			<y4>459.642439</y4>
			<x5>323.709466</x5>
			<y5>440.708822</y5>
			<x6>324.459751</x6>
			<y6>425.761229</y6>
			<x7>323.45937</x7>
			<y7>422.273458</y7>
			<x8>306.202799</x8>
			<y8>422.273458</y8>
			<x9>303.701847</x9>
			<y9>432.238519</y9>
			<x10>304.702228</x10>
			<y10>443.698341</y10>
			<x11>304.452132</x11>
			<y11>461.137199</y11>
			<x12>303.201656</x12>
			<y12>489.039372</y12>
		</polygon>
	</object>
	<object>
		<name>RCD</name>
		<pose>Unspecified</pose>
		<truncated>0</truncated>
		<difficult>0</difficult>
		<occluded>0</occluded>
		<bndbox>
			<xmin>254</xmin>
			<xmax>284</xmax>
			<ymin>417</ymin>
			<ymax>533</ymax>
		</bndbox>
		<polygon>
			<x1>260.16436</x1>
			<y1>431.255053</y1>
			<x2>260.16436</x2>
			<y2>441.220114</y2>
			<x3>259.163979</x3>
			<y3>464.139757</y3>
			<x4>254.162074</x4>
			<y4>525.92314</y4>
			<x5>253.411789</x5>
			<y5>532.40043</y5>
			<x6>263.165503</x6>
			<y6>526.919646</y6>
			<x7>269.918074</x7>
			<y7>506.989523</y7>
			<x8>275.670265</x8>
			<y8>475.599578</y8>
			<x9>280.171979</x9>
			<y9>453.178189</y9>
			<x10>283.173122</x10>
			<y10>441.718367</y10>
			<x11>281.922645</x11>
			<y11>427.269028</y11>
			<x12>275.170074</x12>
			<y12>416.30746</y12>
			<x13>272.919217</x13>
			<y13>416.30746</y13>
			<x14>269.417884</x14>
			<y14>419.296978</y14>
			<x15>262.945379</x15>
			<y15>420.878727</y15>
			<x16>260.16436</x16>
			<y16>431.255053</y16>
		</polygon>
	</object>
	<object>
		<name>RPMD</name>
		<pose>Unspecified</pose>
		<truncated>0</truncated>
		<difficult>0</difficult>
		<occluded>0</occluded>
		<bndbox>
			<xmin>229</xmin>
			<xmax>263</xmax>
			<ymin>419</ymin>
			<ymax>528</ymax>
		</bndbox>
		<polygon>
			<x1>249.910456</x1>
			<y1>496.526207</y1>
			<x2>255.412551</x2>
			<y2>469.122288</y2>
			<x3>257.163217</x3>
			<y3>454.672948</y3>
			<x4>260.914646</x4>
			<y4>446.202646</y4>
			<x5>262.415217</x5>
			<y5>433.248065</y5>
			<x6>258.663789</x6>
			<y6>425.276016</y6>
			<x7>251.439089</x7>
			<y7>418.38591</y7>
			<x8>244.158265</x8>
			<y8>423.283003</y8>
			<x9>241.157122</x9>
			<y9>422.286497</y9>
			<x10>238.15598</x10>
			<y10>425.774269</y10>
			<x11>235.655027</x11>
			<y11>431.753306</y11>
			<x12>235.655027</x12>
			<y12>438.728849</y12>
			<x13>237.155599</x13>
			<y13>449.192164</y13>
			<x14>238.15598</x14>
			<y14>461.648491</y14>
			<x15>237.905884</x15>
			<y15>475.101325</y15>
			<x16>235.905122</x16>
			<y16>495.031448</y16>
			<x17>233.654265</x17>
			<y17>504.99651</y17>
			<x18>228.402265</x18>
			<y18>520.940609</y18>
			<x19>229.152551</x19>
			<y19>526.421393</y19>
			<x20>232.653884</x20>
			<y20>526.919646</y20>
			<x21>238.906265</x21>
			<y21>523.431874</y21>
			<x22>244.158265</x22>
			<y22>515.459825</y22>
			<x23>249.910456</x23>
			<y23>496.526207</y23>
		</polygon>
	</object>
	<object>
		<name>RPMD</name>
		<pose>Unspecified</pose>
		<truncated>0</truncated>
		<difficult>0</difficult>
		<occluded>0</occluded>
		<bndbox>
			<xmin>202</xmin>
			<xmax>242</xmax>
			<ymin>418</ymin>
			<ymax>536</ymax>
		</bndbox>
		<polygon>
			<x1>240.907027</x1>
			<y1>430.756799</y1>
			<x2>234.404551</x2>
			<y2>418.300472</y2>
			<x3>226.901694</x3>
			<y3>421.788244</y3>
			<x4>217.170356</x4>
			<y4>417.388783</y4>
			<x5>213.146456</x5>
			<y5>423.283003</y5>
			<x6>210.895599</x6>
			<y6>429.760293</y6>
			<x7>209.144932</x7>
			<y7>439.725355</y7>
			<x8>208.144551</x8>
			<y8>451.185176</y8>
			<x9>205.143409</x9>
			<y9>476.097831</y9>
			<x10>202.142266</x10>
			<y10>495.031448</y10>
			<x11>201.141885</x11>
			<y11>507.986029</y11>
			<x12>201.141885</x12>
			<y12>522.933621</y12>
			<x13>201.141885</x13>
			<y13>533.895189</y13>
			<x14>205.143409</x14>
			<y14>534.891696</y14>
			<x15>212.646266</x15>
			<y15>530.905671</y15>
			<x16>218.648551</x16>
			<y16>511.972054</y16>
			<x17>226.151408</x17>
			<y17>486.561146</y17>
			<x18>233.654265</x18>
			<y18>461.150238</y18>
			<x19>239.406456</x19>
			<y19>444.209633</y19>
			<x20>240.907027</x20>
			<y20>430.756799</y20>
		</polygon>
	</object>
	<object>
		<name>RMD</name>
		<pose>Unspecified</pose>
		<truncated>0</truncated>
		<difficult>0</difficult>
		<occluded>0</occluded>
		<bndbox>
			<xmin>166</xmin>
			<xmax>212</xmax>
			<ymin>419</ymin>
			<ymax>516</ymax>
		</bndbox>
		<polygon>
			<x1>208.883964</x1>
			<y1>453.193091</y1>
			<x2>210.634631</x2>
			<y2>434.259473</y2>
			<x3>203.631964</x3>
			<y3>421.304892</y3>
			<x4>198.63006</x4>
			<y4>424.294411</y4>
			<x5>189.905452</x5>
			<y5>418.38591</y5>
			<x6>186.625488</x6>
			<y6>424.294411</y6>
			<x7>183.624346</x7>
			<y7>435.754232</y7>
			<x8>179.372726</x8>
			<y8>447.712307</y8>
			<x9>166.117679</x9>
			<y9>495.046351</y9>
			<x10>165.117298</x10>
			<y10>500.028881</y10>
			<x11>168.618631</x11>
			<y11>503.0184</y11>
			<x12>175.871393</x12>
			<y12>502.021894</y12>
			<x13>184.374631</x13>
			<y13>484.583036</y13>
			<x14>190.627012</x14>
			<y14>465.151165</y14>
			<x15>191.877488</x15>
			<y15>469.635443</y15>
			<x16>189.626631</x16>
			<y16>491.558579</y16>
			<x17>189.626631</x17>
			<y17>507.502678</y17>
			<x18>192.127583</x18>
			<y18>514.976474</y18>
			<x19>195.628917</x19>
			<y19>509.49569</y19>
			<x20>201.131012</x20>
			<y20>494.049844</y20>
			<x21>208.883964</x21>
			<y21>453.193091</y21>
		</polygon>
	</object>
	<object>
		<name>RMD</name>
		<pose>Unspecified</pose>
		<truncated>0</truncated>
		<difficult>0</difficult>
		<occluded>0</occluded>
		<bndbox>
			<xmin>124</xmin>
			<xmax>181</xmax>
			<ymin>389</ymin>
			<ymax>509</ymax>
		</bndbox>
		<polygon>
			<x1>145.859965</x1>
			<y1>467.144177</y1>
			<x2>141.608346</x2>
			<y2>478.603998</y2>
			<x3>136.606441</x3>
			<y3>489.565566</y3>
			<x4>134.105489</x4>
			<y4>500.028881</y4>
			<x5>133.855394</x5>
			<y5>508.000931</y5>
			<x6>138.607203</x6>
			<y6>506.007918</y6>
			<x7>145.109679</x7>
			<y7>499.530628</y7>
			<x8>150.111584</x8>
			<y8>491.060326</y8>
			<x9>160.365489</x9>
			<y9>467.144177</y9>
			<x10>167.368155</x10>
			<y10>451.200078</y10>
			<x11>174.871012</x11>
			<y11>440.736763</y11>
			<x12>178.372346</x12>
			<y12>431.768208</y12>
			<x13>179.622822</x13>
			<y13>421.803146</y13>
			<x14>177.872155</x14>
			<y14>411.838084</y14>
			<x15>175.621298</x15>
			<y15>406.855553</y15>
			<x16>171.119584</x16>
			<y16>401.374769</y16>
			<x17>165.367394</x17>
			<y17>400.876516</y17>
			<x18>162.366251</x18>
			<y18>399.381757</y18>
			<x19>155.886857</x19>
			<y19>388.472097</y19>
			<x20>150.361679</x20>
			<y20>389.416695</y20>
			<x21>143.108918</x21>
			<y21>407.353806</y21>
			<x22>142.108536</x22>
			<y22>417.318868</y22>
			<x23>140.85806</x23>
			<y23>428.280436</y23>
			<x24>137.856918</x24>
			<y24>437.248992</y24>
			<x25>133.605299</x25>
			<y25>447.214054</y25>
			<x26>127.603013</x26>
			<y26>459.172127</y26>
			<x27>124.60187</x27>
			<y27>467.144177</y27>
			<x28>123.601489</x28>
			<y28>478.603998</y28>
			<x29>123.101299</x29>
			<y29>490.063819</y29>
			<x30>126.102442</x30>
			<y30>499.032375</y30>
			<x31>130.354061</x31>
			<y31>498.534122</y31>
			<x32>133.605299</x32>
			<y32>490.562072</y32>
			<x33>141.608346</x33>
			<y33>473.123214</y33>
			<x34>148.611013</x34>
			<y34>457.677368</y34>
			<x35>145.859965</x35>
			<y35>467.144177</y35>
		</polygon>
	</object>
	<object>
		<name>RMD</name>
		<pose>Unspecified</pose>
		<truncated>0</truncated>
		<difficult>0</difficult>
		<occluded>0</occluded>
		<bndbox>
			<xmin>98</xmin>
			<xmax>145</xmax>
			<ymin>367</ymin>
			<ymax>473</ymax>
		</bndbox>
		<polygon>
			<x1>114.09787</x1>
			<y1>469.137189</y1>
			<x2>120.600346</x2>
			<y2>464.154659</y2>
			<x3>128.353299</x3>
			<y3>457.179116</y3>
			<x4>134.105489</x4>
			<y4>443.228029</y4>
			<x5>138.107013</x5>
			<y5>425.290918</y5>
			<x6>142.358632</x6>
			<y6>418.813627</y6>
			<x7>144.359394</x7>
			<y7>409.845072</y7>
			<x8>143.609108</x8>
			<y8>399.381757</y8>
			<x9>139.607584</x9>
			<y9>389.416695</y9>
			<x10>134.605679</x10>
			<y10>388.918442</y10>
			<x11>133.855394</x11>
			<y11>378.455127</y11>
			<x12>131.104346</x12>
			<y12>373.472596</y12>
			<x13>123.851584</x13>
			<y13>366.995306</y13>
			<x14>117.849299</x14>
			<y14>365.500546</y14>
			<x15>114.598061</x15>
			<y15>366.497052</y15>
			<x16>112.613201</x16>
			<y16>375.010881</y16>
			<x17>111.096727</x17>
			<y17>395.395732</y17>
			<x18>109.346061</x18>
			<y18>406.3573</y18>
			<x19>103.843966</x19>
			<y19>423.297905</y19>
			<x20>100.592728</x20>
			<y20>438.245498</y20>
			<x21>96.841299</x21>
			<y21>453.193091</y21>
			<x22>96.591204</x22>
			<y22>462.161646</y22>
			<x23>100.342633</x23>
			<y23>465.151165</y23>
			<x24>109.846251</x24>
			<y24>448.708813</y24>
			<x25>117.599204</x25>
			<y25>434.757726</y25>
			<x26>117.349108</x26>
			<y26>441.235016</y26>
			<x27>112.097108</x27>
			<y27>450.701825</y27>
			<x28>106.094823</x28>
			<y28>459.172127</y28>
			<x29>103.343775</x29>
			<y29>467.144177</y29>
			<x30>104.344156</x30>
			<y30>470.631949</y30>
			<x31>108.595775</x31>
			<y31>471.628455</y31>
			<x32>114.09787</x32>
			<y32>469.137189</y32>
		</polygon>
	</object>
	<object>
		<name>LID</name>
		<pose>Unspecified</pose>
		<truncated>0</truncated>
		<difficult>0</difficult>
		<occluded>0</occluded>
		<bndbox>
			<xmin>325</xmin>
			<xmax>345</xmax>
			<ymin>422</ymin>
			<ymax>519</ymax>
		</bndbox>
		<polygon>
			<x1>323.715856</x1>
			<y1>442.714563</y1>
			<x2>323.965952</x2>
			<y2>452.679625</y2>
			<x3>324.966332</x3>
			<y3>476.595774</y3>
			<x4>325.466523</x4>
			<y4>503.999694</y4>
			<x5>326.967094</x5>
			<y5>516.456021</y5>
			<x6>333.719666</x6>
			<y6>517.95078</y6>
			<x7>338.721571</x7>
			<y7>496.525898</y7>
			<x8>341.472618</x8>
			<y8>456.66565</y8>
			<x9>343.47338</x9>
			<y9>442.714563</y9>
			<x10>343.97357</x10>
			<y10>420.791427</y10>
			<x11>339.721951</x11>
			<y11>420.791427</y11>
			<x12>333.219475</x12>
			<y12>420.791427</y12>
			<x13>327.71738</x13>
			<y13>420.791427</y13>
			<x14>324.716237</x14>
			<y14>420.791427</y14>
			<x15>324.228878</x15>
			<y15>428.855744</y15>
			<x16>323.715856</x16>
			<y16>442.714563</y16>
		</polygon>
	</object>
	<object>
		<name>LID</name>
		<pose>Unspecified</pose>
		<truncated>0</truncated>
		<difficult>0</difficult>
		<occluded>0</occluded>
		<bndbox>
			<xmin>344</xmin>
			<xmax>366</xmax>
			<ymin>419</ymin>
			<ymax>521</ymax>
		</bndbox>
		<polygon>
			<x1>342.973189</x1>
			<y1>441.718057</y1>
			<x2>343.97357</x2>
			<y2>451.683119</y2>
			<x3>345.224046</x3>
			<y3>457.662156</y3>
			<x4>344.223666</x4>
			<y4>488.055594</y4>
			<x5>343.97357</x5>
			<y5>513.466503</y5>
			<x6>346.974713</x6>
			<y6>520.442046</y6>
			<x7>350.726142</x7>
			<y7>519.943792</y7>
			<x8>353.227094</x8>
			<y8>513.466503</y8>
			<x9>357.478713</x9>
			<y9>490.048607</y9>
			<x10>361.730332</x10>
			<y10>457.662156</y10>
			<x11>365.48176</x11>
			<y11>426.272211</y11>
			<x12>361.730332</x12>
			<y12>418.300162</y12>
			<x13>358.228999</x13>
			<y13>418.300162</y13>
			<x14>348.225189</x14>
			<y14>418.300162</y14>
			<x15>343.739544</x15>
			<y15>423.870109</y15>
			<x16>342.973189</x16>
			<y16>441.718057</y16>
		</polygon>
	</object>
	<object>
		<name>LCD</name>
		<pose>Unspecified</pose>
		<truncated>0</truncated>
		<difficult>0</difficult>
		<occluded>0</occluded>
		<bndbox>
			<xmin>361</xmin>
			<xmax>390</xmax>
			<ymin>420</ymin>
			<ymax>541</ymax>
		</bndbox>
		<polygon>
			<x1>366.494467</x1>
			<y1>429.755947</y1>
			<x2>364.993895</x2>
			<y2>439.222756</y2>
			<x3>364.993895</x3>
			<y3>454.668601</y3>
			<x4>362.993133</x4>
			<y4>480.079509</y4>
			<x5>359.991991</x5>
			<y5>511.967707</y5>
			<x6>364.993895</x6>
			<y6>539.86988</y6>
			<x7>371.746467</x7>
			<y7>538.873374</y7>
			<x8>382.000371</x8>
			<y8>477.588244</y8>
			<x9>383.250847</x9>
			<y9>470.612701</y9>
			<x10>386.001895</x10>
			<y10>458.654626</y10>
			<x11>388.502847</x11>
			<y11>439.222756</y11>
			<x12>387.752562</x12>
			<y12>426.766428</y12>
			<x13>380.99999</x13>
			<y13>418.794379</y13>
			<x14>376.998467</x14>
			<y14>419.292632</y14>
			<x15>370.003901</x15>
			<y15>419.881601</y15>
			<x16>366.494467</x16>
			<y16>429.755947</y16>
		</polygon>
	</object>
	<object>
		<name>LPMD</name>
		<pose>Unspecified</pose>
		<truncated>0</truncated>
		<difficult>0</difficult>
		<occluded>0</occluded>
		<bndbox>
			<xmin>386</xmin>
			<xmax>415</xmax>
			<ymin>417</ymin>
			<ymax>532</ymax>
		</bndbox>
		<polygon>
			<x1>412.0118</x1>
			<y1>423.77691</y1>
			<x2>407.25999</x2>
			<y2>421.783897</y2>
			<x3>402.00799</x3>
			<y3>416.303114</y3>
			<x4>397.018668</x4>
			<y4>416.391656</y4>
			<x5>393.004562</x5>
			<y5>417.797873</y5>
			<x6>390.503609</x6>
			<y6>424.773416</y6>
			<x7>389.003038</x7>
			<y7>436.233237</y7>
			<x8>388.002657</x8>
			<y8>454.668601</y8>
			<x9>385.251609</x9>
			<y9>478.086497</y9>
			<x10>385.251609</x10>
			<y10>503.995657</y10>
			<x11>385.7518</x11>
			<y11>518.444997</y11>
			<x12>386.25199</x12>
			<y12>528.410059</y12>
			<x13>390.003419</x13>
			<y13>531.399577</y13>
			<x14>396.2558</x14>
			<y14>523.925781</y14>
			<x15>402.758276</x15>
			<y15>505.490417</y15>
			<x16>405.009133</x16>
			<y16>479.581256</y16>
			<x17>410.011038</x17>
			<y17>459.152879</y17>
			<x18>413.262276</x18>
			<y18>447.693058</y18>
			<x19>414.012561</x19>
			<y19>436.73149</y19>
			<x20>412.0118</x20>
			<y20>423.77691</y20>
		</polygon>
	</object>
	<object>
		<name>LPMD</name>
		<pose>Unspecified</pose>
		<truncated>0</truncated>
		<difficult>0</difficult>
		<occluded>0</occluded>
		<bndbox>
			<xmin>412</xmin>
			<xmax>444</xmax>
			<ymin>404</ymin>
			<ymax>535</ymax>
		</bndbox>
		<polygon>
			<x1>426.017132</x1>
			<y1>404.345039</y1>
			<x2>423.51618</x2>
			<y2>408.829317</y2>
			<x3>418.764371</x3>
			<y3>406.338052</y3>
			<x4>415.763228</x4>
			<y4>407.334558</y4>
			<x5>413.512371</x5>
			<y5>413.313595</y5>
			<x6>411.011418</x6>
			<y6>418.296126</y6>
			<x7>411.011418</x7>
			<y7>425.769923</y7>
			<x8>415.513133</x8>
			<y8>445.201793</y8>
			<x9>419.764752</x9>
			<y9>467.623182</y9>
			<x10>427.017514</x10>
			<y10>505.98867</y10>
			<x11>434.770466</x11>
			<y11>527.911806</y11>
			<x12>439.522275</x12>
			<y12>533.890843</y12>
			<x13>441.022847</x13>
			<y13>528.410059</y13>
			<x14>442.523418</x14>
			<y14>510.472948</y14>
			<x15>440.022466</x15>
			<y15>459.651133</y15>
			<x16>438.77199</x16>
			<y16>423.77691</y16>
			<x17>437.021323</x17>
			<y17>411.818836</y17>
			<x18>429.518466</x18>
			<y18>403.348533</y18>
			<x19>426.017132</x19>
			<y19>404.345039</y19>
		</polygon>
	</object>
	<metadata>
		<tags>
			<tag>teeth</tag>
		</tags>
	</metadata>
</annotation>
