<annotation>
	<folder></folder>
	<filename>133_jpg.rf.12d9f498b8de8398661c1a37c9ee782f.jpg</filename>
	<path>133_jpg.rf.12d9f498b8de8398661c1a37c9ee782f.jpg</path>
	<source>
		<database>roboflow.com</database>
	</source>
	<size>
		<width>640</width>
		<height>640</height>
		<depth>3</depth>
	</size>
	<segmented>0</segmented>
	<object>
		<name>RIU</name>
		<pose>Unspecified</pose>
		<truncated>0</truncated>
		<difficult>0</difficult>
		<occluded>0</occluded>
		<bndbox>
			<xmin>291</xmin>
			<xmax>319</xmax>
			<ymin>229</ymin>
			<ymax>394</ymax>
		</bndbox>
		<polygon>
			<x1>290.154854</x1>
			<y1>370.716012</y1>
			<x2>294.85765</x2>
			<y2>392.577306</y2>
			<x3>313.355318</x3>
			<y3>391.328108</y3>
			<x4>317.431084</x4>
			<y4>380.085138</y4>
			<x5>318.058114</x5>
			<y5>322.621187</y5>
			<x6>318.097494</x6>
			<y6>259.656251</y6>
			<x7>318.058114</x7>
			<y7>227.680709</y7>
			<x8>301.755098</x8>
			<y8>228.929931</y8>
			<x9>301.441583</x9>
			<y9>257.037308</y9>
			<x10>299.246931</x10>
			<y10>313.87666</y10>
			<x11>290.154854</x11>
			<y11>370.716012</y11>
		</polygon>
	</object>
	<object>
		<name>RIU</name>
		<pose>Unspecified</pose>
		<truncated>0</truncated>
		<difficult>0</difficult>
		<occluded>0</occluded>
		<bndbox>
			<xmin>271</xmin>
			<xmax>290</xmax>
			<ymin>240</ymin>
			<ymax>375</ymax>
		</bndbox>
		<polygon>
			<x1>285.765597</x1>
			<y1>374.463677</y1>
			<x2>288.587255</x2>
			<y2>358.223845</y2>
			<x3>287.64671</x3>
			<y3>323.245786</y3>
			<x4>283.996563</x4>
			<y4>239.343751</y4>
			<x5>270.403126</x5>
			<y5>241.422099</y5>
			<x6>270.403126</x6>
			<y6>292.015368</y6>
			<x7>273.851838</x7>
			<y7>325.744229</y7>
			<x8>272.284239</x8>
			<y8>356.974648</y8>
			<x9>276.987035</x9>
			<y9>373.839054</y9>
			<x10>285.765597</x10>
			<y10>374.463677</y10>
		</polygon>
	</object>
	<object>
		<name>RCU</name>
		<pose>Unspecified</pose>
		<truncated>0</truncated>
		<difficult>0</difficult>
		<occluded>0</occluded>
		<bndbox>
			<xmin>249</xmin>
			<xmax>275</xmax>
			<ymin>233</ymin>
			<ymax>389</ymax>
		</bndbox>
		<polygon>
			<x1>250.760238</x1>
			<y1>331.296253</y1>
			<x2>247.694716</x2>
			<y2>365.719097</y2>
			<x3>254.10444</x3>
			<y3>387.372196</y3>
			<x4>263.858386</x4>
			<y4>388.482615</y4>
			<x5>273.612333</x5>
			<y5>372.381633</y5>
			<x6>271.661552</x6>
			<y6>339.069186</y6>
			<x7>266.954414</x7>
			<y7>287.018505</y7>
			<x8>265.182256</x8>
			<y8>253.406251</y8>
			<x9>264.137088</x9>
			<y9>231.914101</y9>
			<x10>251.038918</x10>
			<y10>236.910966</y10>
			<x11>251.317597</x11>
			<y11>282.993201</y11>
			<x12>250.760238</x12>
			<y12>331.296253</y12>
		</polygon>
	</object>
	<object>
		<name>RPMU</name>
		<pose>Unspecified</pose>
		<truncated>0</truncated>
		<difficult>0</difficult>
		<occluded>0</occluded>
		<bndbox>
			<xmin>225</xmin>
			<xmax>252</xmax>
			<ymin>239</ymin>
			<ymax>386</ymax>
		</bndbox>
		<polygon>
			<x1>250.481558</x1>
			<y1>294.652549</y1>
			<x2>251.317597</x2>
			<y2>239.131804</y2>
			<x3>236.429467</x3>
			<y3>238.111112</y3>
			<x4>234.317866</x4>
			<y4>282.437981</y4>
			<x5>227.629441</x5>
			<y5>318.526464</y5>
			<x6>224.285239</x6>
			<y6>361.277484</y6>
			<x7>229.301563</x7>
			<y7>385.151358</y7>
			<x8>246.022615</x8>
			<y8>371.826391</y8>
			<x9>251.038918</x9>
			<y9>336.848327</y9>
			<x10>250.481558</x10>
			<y10>294.652549</y10>
		</polygon>
	</object>
	<object>
		<name>RPMU</name>
		<pose>Unspecified</pose>
		<truncated>0</truncated>
		<difficult>0</difficult>
		<occluded>0</occluded>
		<bndbox>
			<xmin>201</xmin>
			<xmax>237</xmax>
			<ymin>240</ymin>
			<ymax>373</ymax>
		</bndbox>
		<polygon>
			<x1>222.841357</x1>
			<y1>238.805556</y1>
			<x2>212.580511</x2>
			<y2>293.542129</y2>
			<x3>200.318402</x3>
			<y3>346.842057</y3>
			<x4>205.892086</x4>
			<y4>365.719097</y4>
			<x5>218.990235</x5>
			<y5>371.826391</y5>
			<x6>227.629441</x6>
			<y6>344.066019</y6>
			<x7>230.694984</x7>
			<y7>291.321313</y7>
			<x8>235.989966</x8>
			<y8>244.683879</y8>
			<x9>222.841357</x9>
			<y9>238.805556</y9>
		</polygon>
	</object>
	<object>
		<name>RPMU</name>
		<pose>Unspecified</pose>
		<truncated>0</truncated>
		<difficult>0</difficult>
		<occluded>0</occluded>
		<bndbox>
			<xmin>170</xmin>
			<xmax>204</xmax>
			<ymin>226</ymin>
			<ymax>352</ymax>
		</bndbox>
		<polygon>
			<x1>200.318402</x1>
			<y1>349.062874</y1>
			<x2>202.547863</x2>
			<y2>325.188958</y2>
			<x3>198.3676</x3>
			<y3>296.873387</y3>
			<x4>197.407201</x4>
			<y4>238.805556</y4>
			<x5>197.53156</x5>
			<y5>224.69643</y5>
			<x6>174.679443</x6>
			<y6>225.806828</y6>
			<x7>173.286022</x7>
			<y7>300.204623</y7>
			<x8>169.38445</x8>
			<y8>330.741075</y8>
			<x9>186.384192</x9>
			<y9>350.728492</y9>
			<x10>200.318402</x10>
			<y10>349.062874</y10>
		</polygon>
	</object>
	<object>
		<name>RMU</name>
		<pose>Unspecified</pose>
		<truncated>0</truncated>
		<difficult>0</difficult>
		<occluded>0</occluded>
		<bndbox>
			<xmin>141</xmin>
			<xmax>177</xmax>
			<ymin>221</ymin>
			<ymax>334</ymax>
		</bndbox>
		<polygon>
			<x1>152.810326</x1>
			<y1>220.055556</y1>
			<x2>149.597876</x2>
			<y2>268.002596</y2>
			<x3>139.843929</x3>
			<y3>305.756697</y3>
			<x4>144.860242</x4>
			<y4>324.078539</y4>
			<x5>160.466553</x5>
			<y5>332.961871</y5>
			<x6>170.2205</x6>
			<y6>329.075414</y6>
			<x7>176.072864</x7>
			<y7>284.658819</y7>
			<x8>174.679443</x8>
			<y8>225.251618</y8>
			<x9>152.810326</x9>
			<y9>220.055556</y9>
		</polygon>
	</object>
	<object>
		<name>LIU</name>
		<pose>Unspecified</pose>
		<truncated>0</truncated>
		<difficult>0</difficult>
		<occluded>0</occluded>
		<bndbox>
			<xmin>319</xmin>
			<xmax>345</xmax>
			<ymin>240</ymin>
			<ymax>396</ymax>
		</bndbox>
		<polygon>
			<x1>319.397847</x1>
			<y1>336.072076</y1>
			<x2>318.283106</x2>
			<y2>382.709488</y2>
			<x3>321.627329</x3>
			<y3>394.924056</y3>
			<x4>341.692583</x4>
			<y4>389.371982</y4>
			<x5>343.643364</x5>
			<y5>374.936597</y5>
			<x6>338.627061</x6>
			<y6>342.179349</y6>
			<x7>338.627061</x7>
			<y7>309.977322</y7>
			<x8>338.166089</x8>
			<y8>255.472223</y8>
			<x9>339.463101</x9>
			<y9>239.465973</y9>
			<x10>317.725746</x10>
			<y10>241.686811</y10>
			<x11>318.283106</x11>
			<y11>269.447182</y11>
			<x12>319.397847</x12>
			<y12>336.072076</y12>
		</polygon>
	</object>
	<object>
		<name>LIU</name>
		<pose>Unspecified</pose>
		<truncated>0</truncated>
		<difficult>0</difficult>
		<occluded>0</occluded>
		<bndbox>
			<xmin>343</xmin>
			<xmax>365</xmax>
			<ymin>257</ymin>
			<ymax>373</ymax>
		</bndbox>
		<polygon>
			<x1>360.921797</x1>
			<y1>348.841842</y1>
			<x2>360.643117</x2>
			<y2>325.523126</y2>
			<x3>360.921797</x3>
			<y3>294.986717</y3>
			<x4>363.948657</x4>
			<y4>260.333334</y4>
			<x5>347.544947</x5>
			<y5>255.566997</y5>
			<x6>347.544947</x6>
			<y6>289.989873</y6>
			<x7>342.249943</x7>
			<y7>332.185619</y7>
			<x8>343.643364</x8>
			<y8>362.16683</y8>
			<x9>354.233372</x9>
			<y9>371.605339</y9>
			<x10>360.921797</x10>
			<y10>348.841842</y10>
		</polygon>
	</object>
	<object>
		<name>LCU</name>
		<pose>Unspecified</pose>
		<truncated>0</truncated>
		<difficult>0</difficult>
		<occluded>0</occluded>
		<bndbox>
			<xmin>360</xmin>
			<xmax>385</xmax>
			<ymin>224</ymin>
			<ymax>386</ymax>
		</bndbox>
		<polygon>
			<x1>369.282323</x1>
			<y1>385.485526</y1>
			<x2>380.429691</x2>
			<y2>378.267833</y2>
			<x3>383.773893</x3>
			<y3>356.059535</y3>
			<x4>379.59363</x4>
			<y4>324.412707</y4>
			<x5>379.31495</x5>
			<y5>273.888838</y5>
			<x6>378.93042</x6>
			<y6>226.305556</y6>
			<x7>362.036538</x7>
			<y7>223.364959</y7>
			<x8>362.872578</x8>
			<y8>267.781575</y8>
			<x9>362.315218</x9>
			<y9>317.750245</y9>
			<x10>359.249696</x10>
			<y10>362.16683</y10>
			<x11>369.282323</x11>
			<y11>385.485526</y11>
		</polygon>
	</object>
	<object>
		<name>LPMU</name>
		<pose>Unspecified</pose>
		<truncated>0</truncated>
		<difficult>0</difficult>
		<occluded>0</occluded>
		<bndbox>
			<xmin>379</xmin>
			<xmax>406</xmax>
			<ymin>249</ymin>
			<ymax>373</ymax>
		</bndbox>
		<polygon>
			<x1>380.151011</x1>
			<y1>302.20442</y1>
			<x2>379.03627</x2>
			<y2>334.961657</y2>
			<x3>378.478889</x3>
			<y3>354.949116</y3>
			<x4>381.544432</x4>
			<y4>366.608485</y4>
			<x5>387.675476</x5>
			<y5>366.608485</y5>
			<x6>400.494945</x6>
			<y6>372.160559</y6>
			<x7>404.953887</x7>
			<y7>354.949116</y7>
			<x8>397.986782</x8>
			<y8>327.743964</y8>
			<x9>397.429423</x9>
			<y9>292.210679</y9>
			<x10>398.441553</x10>
			<y10>247.833334</y10>
			<x11>379.31495</x11>
			<y11>250.014922</y11>
			<x12>379.59363</x12>
			<y12>266.671146</y12>
			<x13>380.151011</x13>
			<y13>302.20442</y13>
		</polygon>
	</object>
	<object>
		<name>LPMU</name>
		<pose>Unspecified</pose>
		<truncated>0</truncated>
		<difficult>0</difficult>
		<occluded>0</occluded>
		<bndbox>
			<xmin>400</xmin>
			<xmax>424</xmax>
			<ymin>247</ymin>
			<ymax>365</ymax>
		</bndbox>
		<polygon>
			<x1>421.674961</x1>
			<y1>362.722029</y1>
			<x2>423.068382</x2>
			<y2>336.072076</y2>
			<x3>416.937317</x3>
			<y3>291.65547</y3>
			<x4>414.468555</x4>
			<y4>245.750001</y4>
			<x5>398.822844</x5>
			<y5>246.683676</y5>
			<x6>398.544164</x6>
			<y6>265.560726</y6>
			<x7>399.380204</x7>
			<y7>312.198171</y7>
			<x8>402.167045</x8>
			<y8>345.510606</y8>
			<x9>408.298111</x9>
			<y9>363.832448</y9>
			<x10>421.674961</x10>
			<y10>362.722029</y10>
		</polygon>
	</object>
	<object>
		<name>LMU</name>
		<pose>Unspecified</pose>
		<truncated>0</truncated>
		<difficult>0</difficult>
		<occluded>0</occluded>
		<bndbox>
			<xmin>418</xmin>
			<xmax>453</xmax>
			<ymin>245</ymin>
			<ymax>354</ymax>
		</bndbox>
		<polygon>
			<x1>442.018916</x1>
			<y1>286.658605</y1>
			<x2>435.721753</x2>
			<y2>243.666668</y2>
			<x3>417.494676</x3>
			<y3>245.573277</y3>
			<x4>419.72418</x4>
			<y4>306.090866</y4>
			<x5>423.625742</x5>
			<y5>343.844967</y5>
			<x6>428.642066</x6>
			<y6>353.283498</y6>
			<x7>443.969697</x7>
			<y7>344.400187</y7>
			<x8>452.051521</x8>
			<y8>328.299163</y8>
			<x9>442.018916</x9>
			<y9>286.658605</y9>
		</polygon>
	</object>
	<object>
		<name>LMU</name>
		<pose>Unspecified</pose>
		<truncated>0</truncated>
		<difficult>0</difficult>
		<occluded>0</occluded>
		<bndbox>
			<xmin>437</xmin>
			<xmax>478</xmax>
			<ymin>210</ymin>
			<ymax>332</ymax>
		</bndbox>
		<polygon>
			<x1>474.903617</x1>
			<y1>312.753359</y1>
			<x2>477.133099</x2>
			<y2>291.100271</y2>
			<x3>465.428371</x3>
			<y3>264.450308</y3>
			<x4>456.974952</x4>
			<y4>220.055556</y4>
			<x5>455.953126</x5>
			<y5>209.484773</y5>
			<x6>435.887829</x6>
			<y6>226.140996</y6>
			<x7>445.363118</x7>
			<y7>282.216949</y7>
			<x8>449.54338</x8>
			<y8>320.526283</y8>
			<x9>459.297328</x9>
			<y9>331.075201</y9>
			<x10>474.903617</x10>
			<y10>312.753359</y10>
		</polygon>
	</object>
	<object>
		<name>LMU</name>
		<pose>Unspecified</pose>
		<truncated>0</truncated>
		<difficult>0</difficult>
		<occluded>0</occluded>
		<bndbox>
			<xmin>455</xmin>
			<xmax>503</xmax>
			<ymin>191</ymin>
			<ymax>297</ymax>
		</bndbox>
		<polygon>
			<x1>491.34601</x1>
			<y1>290.545061</y1>
			<x2>501.936018</x2>
			<y2>246.128466</y2>
			<x3>484.657564</x3>
			<y3>229.472238</y3>
			<x4>470.563062</x4>
			<y4>197.833334</y4>
			<x5>464.59231</x5>
			<y5>190.052509</y5>
			<x6>453.723643</x6>
			<y6>208.374359</y6>
			<x7>459.297328</x7>
			<y7>231.693071</y7>
			<x8>470.723354</x8>
			<y8>269.447182</y8>
			<x9>476.575739</x9>
			<y9>295.541947</y9>
			<x10>491.34601</x10>
			<y10>290.545061</y10>
		</polygon>
	</object>
	<object>
		<name>RID</name>
		<pose>Unspecified</pose>
		<truncated>0</truncated>
		<difficult>0</difficult>
		<occluded>0</occluded>
		<bndbox>
			<xmin>304</xmin>
			<xmax>329</xmax>
			<ymin>409</ymin>
			<ymax>512</ymax>
		</bndbox>
		<polygon>
			<x1>302.808164</x1>
			<y1>407.895729</y1>
			<x2>306.152366</x2>
			<y2>455.088362</y2>
			<x3>311.72605</x3>
			<y3>488.400808</y3>
			<x4>320.086576</x4>
			<y4>511.164305</y4>
			<x5>327.611041</x5>
			<y5>483.959152</y5>
			<x6>320.643936</x6>
			<y6>447.315449</y6>
			<x7>319.351782</x7>
			<y7>408.944445</y7>
			<x8>302.808164</x8>
			<y8>407.895729</y8>
		</polygon>
	</object>
	<object>
		<name>RID</name>
		<pose>Unspecified</pose>
		<truncated>0</truncated>
		<difficult>0</difficult>
		<occluded>0</occluded>
		<bndbox>
			<xmin>286</xmin>
			<xmax>319</xmax>
			<ymin>406</ymin>
			<ymax>525</ymax>
		</bndbox>
		<polygon>
			<x1>307.824467</x1>
			<y1>460.640436</y1>
			<x2>302.627954</x2>
			<y2>411.027778</y2>
			<x3>287.759213</x3>
			<y3>405.119692</y3>
			<x4>285.251051</x4>
			<y4>425.107151</y4>
			<x5>292.775516</x5>
			<y5>468.968547</y5>
			<x6>298.906581</x6>
			<y6>511.719525</y6>
			<x7>310.889989</x7>
			<y7>524.489334</y7>
			<x8>317.578414</x8>
			<y8>509.498687</y8>
			<x9>307.824467</x9>
			<y9>460.640436</y9>
		</polygon>
	</object>
	<object>
		<name>RCD</name>
		<pose>Unspecified</pose>
		<truncated>0</truncated>
		<difficult>0</difficult>
		<occluded>0</occluded>
		<bndbox>
			<xmin>266</xmin>
			<xmax>299</xmax>
			<ymin>401</ymin>
			<ymax>540</ymax>
		</bndbox>
		<polygon>
			<x1>285.251051</x1>
			<y1>414.558212</y1>
			<x2>276.611845</x2>
			<y2>399.567618</y2>
			<x3>267.438232</x3>
			<y3>411.027778</y3>
			<x4>265.464477</x4>
			<y4>448.425868</y4>
			<x5>269.087359</x5>
			<y5>501.170575</y5>
			<x6>275.218424</x6>
			<y6>538.924677</y6>
			<x7>297.79184</x7>
			<y7>527.265371</y7>
			<x8>297.51316</x8>
			<y8>498.949758</y8>
			<x9>288.316573</x9>
			<y9>447.315449</y9>
			<x10>285.251051</x10>
			<y10>414.558212</y10>
		</polygon>
	</object>
	<object>
		<name>RPMD</name>
		<pose>Unspecified</pose>
		<truncated>0</truncated>
		<difficult>0</difficult>
		<occluded>0</occluded>
		<bndbox>
			<xmin>245</xmin>
			<xmax>276</xmax>
			<ymin>399</ymin>
			<ymax>527</ymax>
		</bndbox>
		<polygon>
			<x1>259.890793</x1>
			<y1>482.848734</y1>
			<x2>265.464477</x2>
			<y2>441.208176</y2>
			<x3>274.939744</x3>
			<y3>421.775915</y3>
			<x4>266.857898</x4>
			<y4>398.457198</y4>
			<x5>252.456469</x5>
			<y5>401.305556</y5>
			<x6>250.136846</x6>
			<y6>422.331124</y6>
			<x7>246.792623</x7>
			<y7>453.422744</y7>
			<x8>244.005781</x8>
			<y8>490.066426</y8>
			<x9>246.792623</x9>
			<y9>525.599711</y9>
			<x10>254.317109</x10>
			<y10>521.158056</y10>
			<x11>259.890793</x11>
			<y11>482.848734</y11>
		</polygon>
	</object>
	<object>
		<name>RPMD</name>
		<pose>Unspecified</pose>
		<truncated>0</truncated>
		<difficult>0</difficult>
		<occluded>0</occluded>
		<bndbox>
			<xmin>217</xmin>
			<xmax>257</xmax>
			<ymin>402</ymin>
			<ymax>517</ymax>
		</bndbox>
		<polygon>
			<x1>234.809215</x1>
			<y1>501.170575</y1>
			<x2>245.956583</x2>
			<y2>459.530017</y2>
			<x3>256.26789</x3>
			<y3>415.113421</y3>
			<x4>244.791381</x4>
			<y4>401.305556</y4>
			<x5>245.399202</x5>
			<y5>402.343654</y5>
			<x6>231.186312</x6>
			<y6>410.671766</y6>
			<x7>227.006049</x7>
			<y7>442.318594</y7>
			<x8>215.858682</x8>
			<y8>479.517497</y8>
			<x9>221.711045</x9>
			<y9>515.605981</y9>
			<x10>234.809215</x10>
			<y10>501.170575</y10>
		</polygon>
	</object>
	<object>
		<name>RMD</name>
		<pose>Unspecified</pose>
		<truncated>0</truncated>
		<difficult>0</difficult>
		<occluded>0</occluded>
		<bndbox>
			<xmin>144</xmin>
			<xmax>209</xmax>
			<ymin>352</ymin>
			<ymax>485</ymax>
		</bndbox>
		<polygon>
			<x1>142.84342</x1>
			<y1>471.744585</y1>
			<x2>162.630004</x2>
			<y2>483.959152</y2>
			<x3>179.289721</x3>
			<y3>461.722223</y3>
			<x4>194.400007</x4>
			<y4>423.441533</y4>
			<x5>207.776836</x5>
			<y5>374.028094</y5>
			<x6>191.055794</x6>
			<y6>360.147908</y6>
			<x7>176.285523</x7>
			<y7>350.709367</y7>
			<x8>167.646317</x8>
			<y8>385.687431</y8>
			<x9>150.089215</x9>
			<y9>437.876939</y9>
			<x10>142.84342</x10>
			<y10>471.744585</y10>
		</polygon>
	</object>
	<object>
		<name>RMD</name>
		<pose>Unspecified</pose>
		<truncated>0</truncated>
		<difficult>0</difficult>
		<occluded>0</occluded>
		<bndbox>
			<xmin>120</xmin>
			<xmax>174</xmax>
			<ymin>334</ymin>
			<ymax>448</ymax>
		</bndbox>
		<polygon>
			<x1>128.833472</x1>
			<y1>440.097756</y1>
			<x2>145.554523</x2>
			<y2>447.315449</y2>
			<x3>143.05476</x3>
			<y3>445.750001</y3>
			<x4>156.144532</x4>
			<y4>410.671766</y4>
			<x5>169.24268</x5>
			<y5>379.580169</y5>
			<x6>172.586882</x6>
			<y6>347.933329</y6>
			<x7>144.161103</x7>
			<y7>332.942719</y7>
			<x8>133.849785</x8>
			<y8>379.024938</y8>
			<x9>118.522154</x9>
			<y9>417.889459</y9>
			<x10>128.833472</x10>
			<y10>440.097756</y10>
		</polygon>
	</object>
	<object>
		<name>LID</name>
		<pose>Unspecified</pose>
		<truncated>0</truncated>
		<difficult>0</difficult>
		<occluded>0</occluded>
		<bndbox>
			<xmin>321</xmin>
			<xmax>344</xmax>
			<ymin>410</ymin>
			<ymax>505</ymax>
		</bndbox>
		<polygon>
			<x1>338.842023</x1>
			<y1>471.744585</y1>
			<x2>333.985132</x2>
			<y2>411.722223</y2>
			<x3>334.94044</x3>
			<y3>409.561347</y3>
			<x4>319.612809</x4>
			<y4>409.006138</y4>
			<x5>321.563611</x5>
			<y5>438.987338</y5>
			<x6>326.301234</x6>
			<y6>480.627896</y6>
			<x7>331.317559</x7>
			<y7>503.946613</y7>
			<x8>343.022286</x8>
			<y8>500.615376</y8>
			<x9>338.842023</x9>
			<y9>471.744585</y9>
		</polygon>
	</object>
	<object>
		<name>LID</name>
		<pose>Unspecified</pose>
		<truncated>0</truncated>
		<difficult>0</difficult>
		<occluded>0</occluded>
		<bndbox>
			<xmin>335</xmin>
			<xmax>360</xmax>
			<ymin>411</ymin>
			<ymax>528</ymax>
		</bndbox>
		<polygon>
			<x1>359.464658</x1>
			<y1>525.599711</y1>
			<x2>357.792557</x2>
			<y2>497.839339</y2>
			<x3>352.497553</x3>
			<y3>450.091486</y3>
			<x4>353.147851</x4>
			<y4>410.333334</y4>
			<x5>333.82572</x5>
			<y5>410.116578</y5>
			<x6>335.497821</x6>
			<y6>440.652976</y6>
			<x7>339.120703</x7>
			<y7>468.413349</y7>
			<x8>343.300966</x8>
			<y8>503.391413</y8>
			<x9>349.432031</x9>
			<y9>526.71013</y9>
			<x10>359.464658</x10>
			<y10>525.599711</y10>
		</polygon>
	</object>
	<object>
		<name>LID</name>
		<pose>Unspecified</pose>
		<truncated>0</truncated>
		<difficult>0</difficult>
		<occluded>0</occluded>
		<bndbox>
			<xmin>353</xmin>
			<xmax>379</xmax>
			<ymin>401</ymin>
			<ymax>542</ymax>
		</bndbox>
		<polygon>
			<x1>359.464658</x1>
			<y1>487.845609</y1>
			<x2>364.759662</x2>
			<y2>526.71013</y2>
			<x3>370.612026</x3>
			<y3>541.145557</y3>
			<x4>378.136491</x4>
			<y4>536.148639</y4>
			<x5>377.300451</x5>
			<y5>513.385143</y5>
			<x6>374.234929</x6>
			<y6>461.195635</y6>
			<x7>373.398868</x7>
			<y7>430.659226</y7>
			<x8>369.497285</x8>
			<y8>408.450939</y8>
			<x9>357.513877</x9>
			<y9>399.567618</y9>
			<x10>351.661492</x10>
			<y10>418.444689</y10>
			<x11>355.005715</x11>
			<y11>454.533163</y11>
			<x12>359.464658</x12>
			<y12>487.845609</y12>
		</polygon>
	</object>
	<object>
		<name>LPMD</name>
		<pose>Unspecified</pose>
		<truncated>0</truncated>
		<difficult>0</difficult>
		<occluded>0</occluded>
		<bndbox>
			<xmin>370</xmin>
			<xmax>398</xmax>
			<ymin>396</ymin>
			<ymax>528</ymax>
		</bndbox>
		<polygon>
			<x1>382.595455</x1>
			<y1>474.520622</y1>
			<x2>382.595455</x2>
			<y2>508.943488</y2>
			<x3>390.955981</x3>
			<y3>527.265371</y3>
			<x4>396.250964</x4>
			<y4>526.15491</y4>
			<x5>396.808345</x5>
			<y5>511.164305</y5>
			<x6>395.414924</x6>
			<y6>462.306054</y6>
			<x7>389.84124</x7>
			<y7>418.999878</y7>
			<x8>386.595508</x8>
			<y8>395.055556</y8>
			<x9>374.234929</x9>
			<y9>397.34679</y9>
			<x10>369.497285</x10>
			<y10>418.444689</y10>
			<x11>375.070969</x11>
			<y11>439.542557</y11>
			<x12>382.595455</x12>
			<y12>474.520622</y12>
		</polygon>
	</object>
	<object>
		<name>LPMD</name>
		<pose>Unspecified</pose>
		<truncated>0</truncated>
		<difficult>0</difficult>
		<occluded>0</occluded>
		<bndbox>
			<xmin>388</xmin>
			<xmax>421</xmax>
			<ymin>386</ymin>
			<ymax>525</ymax>
		</bndbox>
		<polygon>
			<x1>400.988608</x1>
			<y1>473.965423</y1>
			<x2>411.578595</x2>
			<y2>523.934093</y2>
			<x3>419.660441</x3>
			<y3>522.823674</y3>
			<x4>417.43098</x4>
			<y4>488.956007</y4>
			<x5>410.742555</x5>
			<y5>431.769645</y5>
			<x6>409.590771</x6>
			<y6>387.416667</y6>
			<x7>401.824648</x7>
			<y7>386.242641</y7>
			<x8>390.11992</x8>
			<y8>385.132243</y8>
			<x9>387.333078</x9>
			<y9>405.674901</y9>
			<x10>394.021503</x10>
			<y10>428.438409</y10>
			<x11>400.988608</x11>
			<y11>473.965423</y11>
		</polygon>
	</object>
	<object>
		<name>LMD</name>
		<pose>Unspecified</pose>
		<truncated>0</truncated>
		<difficult>0</difficult>
		<occluded>0</occluded>
		<bndbox>
			<xmin>406</xmin>
			<xmax>461</xmax>
			<ymin>366</ymin>
			<ymax>491</ymax>
		</bndbox>
		<polygon>
			<x1>420.496502</x1>
			<y1>450.091486</y1>
			<x2>431.086489</x2>
			<y2>483.403932</y2>
			<x3>445.57808</x3>
			<y3>490.066426</y3>
			<x4>460.069649</x4>
			<y4>461.750855</y4>
			<x5>442.233857</x5>
			<y5>395.681161</y5>
			<x6>437.463818</x6>
			<y6>365.194445</y6>
			<x7>419.939121</x7>
			<y7>375.693702</y7>
			<x8>406.283612</x8>
			<y8>376.804131</y8>
			<x9>404.61149</x9>
			<y9>396.236392</y9>
			<x10>413.529397</x10>
			<y10>413.447803</y10>
			<x11>420.496502</x11>
			<y11>450.091486</y11>
		</polygon>
	</object>
	<object>
		<name>LMD</name>
		<pose>Unspecified</pose>
		<truncated>0</truncated>
		<difficult>0</difficult>
		<occluded>0</occluded>
		<bndbox>
			<xmin>437</xmin>
			<xmax>498</xmax>
			<ymin>341</ymin>
			<ymax>463</ymax>
		</bndbox>
		<polygon>
			<x1>470.938359</x1>
			<y1>462.306054</y1>
			<x2>491.839674</x2>
			<y2>462.306054</y2>
			<x3>497.413358</x3>
			<y3>440.097756</y3>
			<x4>479.856244</x4>
			<y4>405.119692</y4>
			<x5>472.88914</x5>
			<y5>375.138492</y5>
			<x6>464.988452</x6>
			<y6>340.194445</y6>
			<x7>438.332295</x7>
			<y7>355.151022</y7>
			<x8>436.102813</x8>
			<y8>371.252057</y8>
			<x9>446.414119</x9>
			<y9>407.340541</y9>
			<x10>456.168088</x10>
			<y10>437.321719</y10>
			<x11>470.938359</x11>
			<y11>462.306054</y11>
		</polygon>
	</object>
	<object>
		<name>LMD</name>
		<pose>Unspecified</pose>
		<truncated>0</truncated>
		<difficult>0</difficult>
		<occluded>0</occluded>
		<bndbox>
			<xmin>464</xmin>
			<xmax>518</xmax>
			<ymin>311</ymin>
			<ymax>429</ymax>
		</bndbox>
		<polygon>
			<x1>501.593621</x1>
			<y1>356.606053</y1>
			<x2>495.300391</x2>
			<y2>309.638889</y2>
			<x3>462.577833</x3>
			<y3>338.83941</y3>
			<x4>474.282561</x4>
			<y4>374.372674</y4>
			<x5>479.298885</x5>
			<y5>403.798685</y5>
			<x6>496.019936</x6>
			<y6>427.672601</y6>
			<x7>502.15098</x7>
			<y7>408.795539</y7>
			<x8>516.64255</x8>
			<y8>387.697661</y8>
			<x9>501.593621</x9>
			<y9>356.606053</y9>
		</polygon>
	</object>
</annotation>
