<annotation>
	<folder></folder>
	<filename>13_jpg.rf.9b85b34d47d9f875ca43bbf31126f4b3.jpg</filename>
	<path>13_jpg.rf.9b85b34d47d9f875ca43bbf31126f4b3.jpg</path>
	<source>
		<database>roboflow.com</database>
	</source>
	<size>
		<width>640</width>
		<height>640</height>
		<depth>3</depth>
	</size>
	<segmented>0</segmented>
	<object>
		<name>RCU</name>
		<pose>Unspecified</pose>
		<truncated>0</truncated>
		<difficult>0</difficult>
		<occluded>0</occluded>
		<bndbox>
			<xmin>244</xmin>
			<xmax>270</xmax>
			<ymin>210</ymin>
			<ymax>385</ymax>
		</bndbox>
		<polygon>
			<x1>268.455659</x1>
			<y1>249.5625</y1>
			<x2>267.67173</x2>
			<y2>208.9375</y2>
			<x3>254.344929</x3>
			<y3>232.375</y3>
			<x4>250.425282</x4>
			<y4>299.5625</y4>
			<x5>245.721705</x5>
			<y5>337.0625</y5>
			<x6>242.585987</x6>
			<y6>362.0625</y6>
			<x7>251.209211</x7>
			<y7>382.375</y7>
			<x8>266.8878</x8>
			<y8>383.9375</y8>
			<x9>269.239588</x9>
			<y9>333.9375</y9>
			<x10>268.455659</x10>
			<y10>249.5625</y10>
		</polygon>
	</object>
	<object>
		<name>RIU</name>
		<pose>Unspecified</pose>
		<truncated>0</truncated>
		<difficult>0</difficult>
		<occluded>0</occluded>
		<bndbox>
			<xmin>269</xmin>
			<xmax>291</xmax>
			<ymin>218</ymin>
			<ymax>391</ymax>
		</bndbox>
		<polygon>
			<x1>279.430671</x1>
			<y1>390.1875</y1>
			<x2>288.053895</x2>
			<y2>390.1875</y2>
			<x3>290.405683</x3>
			<y3>349.5625</y3>
			<x4>289.621754</x4>
			<y4>287.0625</y4>
			<x5>288.053895</x5>
			<y5>252.6875</y5>
			<x6>287.269966</x6>
			<y6>216.75</y6>
			<x7>271.591377</x7>
			<y7>226.125</y7>
			<x8>269.239588</x8>
			<y8>277.6875</y8>
			<x9>269.239588</x9>
			<y9>312.0625</y9>
			<x10>269.239588</x10>
			<y10>346.4375</y10>
			<x11>268.455659</x11>
			<y11>371.4375</y11>
			<x12>279.430671</x12>
			<y12>390.1875</y12>
		</polygon>
	</object>
	<object>
		<name>RIU</name>
		<pose>Unspecified</pose>
		<truncated>0</truncated>
		<difficult>0</difficult>
		<occluded>0</occluded>
		<bndbox>
			<xmin>289</xmin>
			<xmax>321</xmax>
			<ymin>208</ymin>
			<ymax>404</ymax>
		</bndbox>
		<polygon>
			<x1>293.541401</x1>
			<y1>390.1875</y1>
			<x2>298.244978</x2>
			<y2>402.6875</y2>
			<x3>312.355708</x3>
			<y3>401.125</y3>
			<x4>320.195002</x4>
			<y4>385.5</y4>
			<x5>318.627144</x5>
			<y5>341.75</y5>
			<x6>318.627144</x6>
			<y6>304.25</y6>
			<x7>314.707496</x7>
			<y7>251.125</y7>
			<x8>311.571779</x8>
			<y8>221.4375</y8>
			<x9>309.21999</x9>
			<y9>208.9375</y9>
			<x10>295.10926</x10>
			<y10>207.375</y10>
			<x11>289.621754</x11>
			<y11>240.1875</y11>
			<x12>288.053895</x12>
			<y12>299.5625</y12>
			<x13>292.757472</x13>
			<y13>355.8125</y13>
			<x14>293.541401</x14>
			<y14>390.1875</y14>
		</polygon>
	</object>
	<object>
		<name>RMU</name>
		<pose>Unspecified</pose>
		<truncated>0</truncated>
		<difficult>0</difficult>
		<occluded>0</occluded>
		<bndbox>
			<xmin>189</xmin>
			<xmax>227</xmax>
			<ymin>180</ymin>
			<ymax>351</ymax>
		</bndbox>
		<polygon>
			<x1>212.012739</x1>
			<y1>349.5625</y1>
			<x2>226.123469</x2>
			<y2>341.75</y2>
			<x3>226.123469</x3>
			<y3>313.625</y3>
			<x4>222.203822</x4>
			<y4>269.875</y4>
			<x5>219.852033</x5>
			<y5>238.625</y5>
			<x6>213.580598</x6>
			<y6>204.25</y6>
			<x7>211.228809</x7>
			<y7>183.9375</y7>
			<x8>190.062714</x8>
			<y8>179.25</y8>
			<x9>189.278785</x9>
			<y9>202.6875</y9>
			<x10>191.630573</x10>
			<y10>265.1875</y10>
			<x11>191.630573</x11>
			<y11>296.4375</y11>
			<x12>188.494855</x12>
			<y12>338.625</y12>
			<x13>212.012739</x13>
			<y13>349.5625</y13>
		</polygon>
	</object>
	<object>
		<name>RMU</name>
		<pose>Unspecified</pose>
		<truncated>0</truncated>
		<difficult>0</difficult>
		<occluded>0</occluded>
		<bndbox>
			<xmin>152</xmin>
			<xmax>193</xmax>
			<ymin>174</ymin>
			<ymax>332</ymax>
		</bndbox>
		<polygon>
			<x1>157.137678</x1>
			<y1>287.0625</y1>
			<x2>150.866242</x2>
			<y2>304.25</y2>
			<x3>159.489466</x3>
			<y3>319.875</y3>
			<x4>183.791279</x4>
			<y4>330.8125</y4>
			<x5>191.630573</x5>
			<y5>313.625</y5>
			<x6>192.414503</x6>
			<y6>283.9375</y6>
			<x7>190.846644</x7>
			<y7>251.125</y7>
			<x8>190.062714</x8>
			<y8>226.125</y8>
			<x9>185.359138</x9>
			<y9>187.0625</y9>
			<x10>183.007349</x10>
			<y10>173</y10>
			<x11>167.32876</x11>
			<y11>180.8125</y11>
			<x12>168.896619</x12>
			<y12>237.0625</y12>
			<x13>163.409113</x13>
			<y13>254.25</y13>
			<x14>157.137678</x14>
			<y14>287.0625</y14>
		</polygon>
	</object>
	<object>
		<name>RMD</name>
		<pose>Unspecified</pose>
		<truncated>0</truncated>
		<difficult>0</difficult>
		<occluded>0</occluded>
		<bndbox>
			<xmin>108</xmin>
			<xmax>160</xmax>
			<ymin>308</ymin>
			<ymax>421</ymax>
		</bndbox>
		<polygon>
			<x1>117.941205</x1>
			<y1>307.375</y1>
			<x2>116.373346</x2>
			<y2>335.5</y2>
			<x3>113.237629</x3>
			<y3>352.6875</y3>
			<x4>107.750122</x4>
			<y4>371.4375</y4>
			<x5>106.966193</x5>
			<y5>401.125</y5>
			<x6>118.725135</x6>
			<y6>419.875</y6>
			<x7>129.700147</x7>
			<y7>416.75</y7>
			<x8>143.810877</x8>
			<y8>402.6875</y8>
			<x9>156.353748</x9>
			<y9>380.8125</y9>
			<x10>159.489466</x10>
			<y10>352.6875</y10>
			<x11>152.434101</x11>
			<y11>333.9375</y11>
			<x12>144.594806</x12>
			<y12>323</y12>
			<x13>135.971583</x13>
			<y13>310.5</y13>
			<x14>123.428711</x14>
			<y14>308.9375</y14>
			<x15>117.941205</x15>
			<y15>307.375</y15>
		</polygon>
	</object>
	<object>
		<name>RID</name>
		<pose>Unspecified</pose>
		<truncated>0</truncated>
		<difficult>0</difficult>
		<occluded>0</occluded>
		<bndbox>
			<xmin>273</xmin>
			<xmax>303</xmax>
			<ymin>413</ymin>
			<ymax>508</ymax>
		</bndbox>
		<polygon>
			<x1>288.837825</x1>
			<y1>507.375</y1>
			<x2>292.757472</x2>
			<y2>490.1875</y2>
			<x3>297.461049</x3>
			<y3>451.125</y3>
			<x4>302.164625</x4>
			<y4>412.0625</y4>
			<x5>291.189613</x5>
			<y5>412.0625</y5>
			<x6>279.430671</x6>
			<y6>412.0625</y6>
			<x7>277.862812</x7>
			<y7>429.25</y7>
			<x8>275.511024</x8>
			<y8>455.8125</y8>
			<x9>272.375306</x9>
			<y9>482.375</y9>
			<x10>273.943165</x10>
			<y10>502.6875</y10>
			<x11>288.837825</x11>
			<y11>507.375</y11>
		</polygon>
	</object>
	<object>
		<name>RID</name>
		<pose>Unspecified</pose>
		<truncated>0</truncated>
		<difficult>0</difficult>
		<occluded>0</occluded>
		<bndbox>
			<xmin>296</xmin>
			<xmax>323</xmax>
			<ymin>415</ymin>
			<ymax>494</ymax>
		</bndbox>
		<polygon>
			<x1>315.491426</x1>
			<y1>466.75</y1>
			<x2>318.627144</x2>
			<y2>451.125</y2>
			<x3>321.762861</x3>
			<y3>430.8125</y3>
			<x4>320.195002</x4>
			<y4>413.625</y4>
			<x5>302.164625</x5>
			<y5>424.5625</y5>
			<x6>298.244978</x6>
			<y6>444.875</y6>
			<x7>296.677119</x7>
			<y7>465.1875</y7>
			<x8>295.10926</x8>
			<y8>493.3125</y8>
			<x9>300.596766</x9>
			<y9>493.3125</y9>
			<x10>311.571779</x10>
			<y10>490.1875</y10>
			<x11>315.491426</x11>
			<y11>466.75</y11>
		</polygon>
	</object>
	<object>
		<name>RCD</name>
		<pose>Unspecified</pose>
		<truncated>0</truncated>
		<difficult>0</difficult>
		<occluded>0</occluded>
		<bndbox>
			<xmin>236</xmin>
			<xmax>280</xmax>
			<ymin>407</ymin>
			<ymax>524</ymax>
		</bndbox>
		<polygon>
			<x1>251.993141</x1>
			<y1>438.625</y1>
			<x2>248.073493</x2>
			<y2>458.9375</y2>
			<x3>240.234199</x3>
			<y3>485.5</y3>
			<x4>234.746693</x4>
			<y4>508.9375</y4>
			<x5>237.882411</x5>
			<y5>523</y5>
			<x6>247.289564</x6>
			<y6>521.4375</y6>
			<x7>256.696717</x7>
			<y7>510.5</y7>
			<x8>266.103871</x8>
			<y8>487.0625</y8>
			<x9>275.511024</x9>
			<y9>454.25</y9>
			<x10>278.646742</x10>
			<y10>423</y10>
			<x11>268.455659</x11>
			<y11>413.625</y11>
			<x12>257.480647</x12>
			<y12>405.8125</y12>
			<x13>255.128858</x13>
			<y13>424.5625</y13>
			<x14>251.993141</x14>
			<y14>438.625</y14>
		</polygon>
	</object>
	<object>
		<name>RPMD</name>
		<pose>Unspecified</pose>
		<truncated>0</truncated>
		<difficult>0</difficult>
		<occluded>0</occluded>
		<bndbox>
			<xmin>213</xmin>
			<xmax>256</xmax>
			<ymin>399</ymin>
			<ymax>515</ymax>
		</bndbox>
		<polygon>
			<x1>241.018128</x1>
			<y1>398</y1>
			<x2>232.394904</x2>
			<y2>398</y2>
			<x3>226.907398</x3>
			<y3>432.375</y3>
			<x4>224.55561</x4>
			<y4>458.9375</y4>
			<x5>221.419892</x5>
			<y5>469.875</y5>
			<x6>213.580598</x6>
			<y6>485.5</y6>
			<x7>212.012739</x7>
			<y7>508.9375</y7>
			<x8>217.500245</x8>
			<y8>513.625</y8>
			<x9>226.907398</x9>
			<y9>512.0625</y9>
			<x10>235.530622</x10>
			<y10>496.4375</y10>
			<x11>238.66634</x11>
			<y11>482.375</y11>
			<x12>244.153846</x12>
			<y12>469.875</y12>
			<x13>247.289564</x13>
			<y13>449.5625</y13>
			<x14>251.993141</x14>
			<y14>437.0625</y14>
			<x15>255.128858</x15>
			<y15>410.5</y15>
			<x16>251.209211</x16>
			<y16>401.125</y16>
			<x17>241.018128</x17>
			<y17>398</y17>
		</polygon>
	</object>
	<object>
		<name>RPMD</name>
		<pose>Unspecified</pose>
		<truncated>0</truncated>
		<difficult>0</difficult>
		<occluded>0</occluded>
		<bndbox>
			<xmin>182</xmin>
			<xmax>232</xmax>
			<ymin>385</ymin>
			<ymax>519</ymax>
		</bndbox>
		<polygon>
			<x1>183.791279</x1>
			<y1>505.8125</y1>
			<x2>195.55022</x2>
			<y2>518.3125</y2>
			<x3>206.525233</x3>
			<y3>490.1875</y3>
			<x4>217.500245</x4>
			<y4>452.6875</y4>
			<x5>222.203822</x5>
			<y5>437.0625</y5>
			<x6>226.907398</x6>
			<y6>419.875</y6>
			<x7>230.827046</x7>
			<y7>401.125</y7>
			<x8>226.123469</x8>
			<y8>393.3125</y8>
			<x9>216.716316</x9>
			<y9>388.625</y9>
			<x10>207.309162</x10>
			<y10>383.9375</y10>
			<x11>186.143067</x11>
			<y11>463.625</y11>
			<x12>180.655561</x12>
			<y12>483.9375</y12>
			<x13>183.791279</x13>
			<y13>505.8125</y13>
		</polygon>
	</object>
	<object>
		<name>LIU</name>
		<pose>Unspecified</pose>
		<truncated>0</truncated>
		<difficult>0</difficult>
		<occluded>0</occluded>
		<bndbox>
			<xmin>319</xmin>
			<xmax>347</xmax>
			<ymin>224</ymin>
			<ymax>408</ymax>
		</bndbox>
		<polygon>
			<x1>346.064674</x1>
			<y1>380.8125</y1>
			<x2>342.145027</x2>
			<y2>321.4375</y2>
			<x3>342.928956</x3>
			<y3>258.9375</y3>
			<x4>335.873591</x4>
			<y4>223</y4>
			<x5>320.978932</x5>
			<y5>235.5</y5>
			<x6>320.978932</x6>
			<y6>291.75</y6>
			<x7>317.843214</x7>
			<y7>369.875</y7>
			<x8>318.627144</x8>
			<y8>398</y8>
			<x9>333.521803</x9>
			<y9>407.375</y9>
			<x10>344.496815</x10>
			<y10>402.6875</y10>
			<x11>346.064674</x11>
			<y11>380.8125</y11>
		</polygon>
	</object>
	<object>
		<name>LPMU</name>
		<pose>Unspecified</pose>
		<truncated>0</truncated>
		<difficult>0</difficult>
		<occluded>0</occluded>
		<bndbox>
			<xmin>367</xmin>
			<xmax>397</xmax>
			<ymin>226</ymin>
			<ymax>396</ymax>
		</bndbox>
		<polygon>
			<x1>393.88437</x1>
			<y1>394.875</y1>
			<x2>396.236159</x2>
			<y2>369.875</y2>
			<x3>386.829005</x3>
			<y3>326.125</y3>
			<x4>386.045076</x4>
			<y4>280.8125</y4>
			<x5>382.909358</x5>
			<y5>243.3125</y5>
			<x6>381.341499</x6>
			<y6>224.5625</y6>
			<x7>368.014699</x7>
			<y7>238.625</y7>
			<x8>367.230769</x8>
			<y8>305.8125</y8>
			<x9>366.44684</x9>
			<y9>348</y9>
			<x10>370.366487</x10>
			<y10>382.375</y10>
			<x11>378.989711</x11>
			<y11>394.875</y11>
			<x12>393.88437</x12>
			<y12>394.875</y12>
		</polygon>
	</object>
	<object>
		<name>LPMU</name>
		<pose>Unspecified</pose>
		<truncated>0</truncated>
		<difficult>0</difficult>
		<occluded>0</occluded>
		<bndbox>
			<xmin>392</xmin>
			<xmax>425</xmax>
			<ymin>226</ymin>
			<ymax>371</ymax>
		</bndbox>
		<polygon>
			<x1>416.618324</x1>
			<y1>310.5</y1>
			<x2>423.673689</x2>
			<y2>266.75</y2>
			<x3>423.673689</x3>
			<y3>235.5</y3>
			<x4>414.266536</x4>
			<y4>224.5625</y4>
			<x5>404.075453</x5>
			<y5>240.1875</y5>
			<x6>396.236159</x6>
			<y6>304.25</y6>
			<x7>390.748653</x7>
			<y7>333.9375</y7>
			<x8>393.100441</x8>
			<y8>360.5</y8>
			<x9>407.9951</x9>
			<y9>369.875</y9>
			<x10>414.266536</x10>
			<y10>352.6875</y10>
			<x11>416.618324</x11>
			<y11>310.5</y11>
		</polygon>
	</object>
	<object>
		<name>LMU</name>
		<pose>Unspecified</pose>
		<truncated>0</truncated>
		<difficult>0</difficult>
		<occluded>0</occluded>
		<bndbox>
			<xmin>417</xmin>
			<xmax>455</xmax>
			<ymin>215</ymin>
			<ymax>368</ymax>
		</bndbox>
		<polygon>
			<x1>449.543361</x1>
			<y1>293.3125</y1>
			<x2>453.463008</x2>
			<y2>251.125</y2>
			<x3>454.246938</x3>
			<y3>224.5625</y3>
			<x4>441.704067</x4>
			<y4>213.625</y4>
			<x5>430.729054</x5>
			<y5>233.9375</y5>
			<x6>420.537972</x6>
			<y6>308.9375</y6>
			<x7>415.834395</x7>
			<y7>352.6875</y7>
			<x8>427.593337</x8>
			<y8>366.75</y8>
			<x9>448.759432</x9>
			<y9>360.5</y9>
			<x10>451.895149</x10>
			<y10>340.1875</y10>
			<x11>449.543361</x11>
			<y11>293.3125</y11>
		</polygon>
	</object>
	<object>
		<name>LMU</name>
		<pose>Unspecified</pose>
		<truncated>0</truncated>
		<difficult>0</difficult>
		<occluded>0</occluded>
		<bndbox>
			<xmin>452</xmin>
			<xmax>492</xmax>
			<ymin>202</ymin>
			<ymax>351</ymax>
		</bndbox>
		<polygon>
			<x1>491.091622</x1>
			<y1>294.875</y1>
			<x2>480.11661</x2>
			<y2>276.125</y2>
			<x3>477.764821</x3>
			<y3>230.8125</y3>
			<x4>475.413033</x4>
			<y4>201.125</y4>
			<x5>458.950514</x5>
			<y5>221.4375</y5>
			<x6>451.11122</x6>
			<y6>290.1875</y6>
			<x7>451.11122</x7>
			<y7>324.5625</y7>
			<x8>455.814797</x8>
			<y8>349.5625</y8>
			<x9>465.22195</x9>
			<y9>344.875</y9>
			<x10>486.388045</x10>
			<y10>318.3125</y10>
			<x11>491.091622</x11>
			<y11>294.875</y11>
		</polygon>
	</object>
	<object>
		<name>LID</name>
		<pose>Unspecified</pose>
		<truncated>0</truncated>
		<difficult>0</difficult>
		<occluded>0</occluded>
		<bndbox>
			<xmin>322</xmin>
			<xmax>347</xmax>
			<ymin>419</ymin>
			<ymax>505</ymax>
		</bndbox>
		<polygon>
			<x1>324.11465</x1>
			<y1>418.3125</y1>
			<x2>320.978932</x2>
			<y2>458.9375</y2>
			<x3>324.898579</x3>
			<y3>504.25</y3>
			<x4>335.089662</x4>
			<y4>504.25</y4>
			<x5>346.064674</x5>
			<y5>485.5</y5>
			<x6>342.145027</x6>
			<y6>468.3125</y6>
			<x7>341.361098</x7>
			<y7>446.4375</y7>
			<x8>340.577168</x8>
			<y8>418.3125</y8>
			<x9>324.11465</x9>
			<y9>418.3125</y9>
		</polygon>
	</object>
	<object>
		<name>LID</name>
		<pose>Unspecified</pose>
		<truncated>0</truncated>
		<difficult>0</difficult>
		<occluded>0</occluded>
		<bndbox>
			<xmin>342</xmin>
			<xmax>364</xmax>
			<ymin>415</ymin>
			<ymax>521</ymax>
		</bndbox>
		<polygon>
			<x1>346.064674</x1>
			<y1>501.125</y1>
			<x2>354.687898</x2>
			<y2>519.875</y2>
			<x3>362.527193</x3>
			<y3>513.625</y3>
			<x4>362.527193</x4>
			<y4>490.1875</y4>
			<x5>362.527193</x5>
			<y5>455.8125</y5>
			<x6>363.311122</x6>
			<y6>423</y6>
			<x7>354.687898</x7>
			<y7>413.625</y7>
			<x8>342.145027</x8>
			<y8>415.1875</y8>
			<x9>341.361098</x9>
			<y9>424.5625</y9>
			<x10>342.928956</x10>
			<y10>454.25</y10>
			<x11>343.712886</x11>
			<y11>477.6875</y11>
			<x12>346.064674</x12>
			<y12>501.125</y12>
		</polygon>
	</object>
	<object>
		<name>LCD</name>
		<pose>Unspecified</pose>
		<truncated>0</truncated>
		<difficult>0</difficult>
		<occluded>0</occluded>
		<bndbox>
			<xmin>365</xmin>
			<xmax>393</xmax>
			<ymin>415</ymin>
			<ymax>519</ymax>
		</bndbox>
		<polygon>
			<x1>386.829005</x1>
			<y1>518.3125</y1>
			<x2>392.316512</x2>
			<y2>499.5625</y2>
			<x3>390.748653</x3>
			<y3>471.4375</y3>
			<x4>386.829005</x4>
			<y4>448</y4>
			<x5>381.341499</x5>
			<y5>413.625</y5>
			<x6>364.878981</x6>
			<y6>416.75</y6>
			<x7>364.095051</x7>
			<y7>457.375</y7>
			<x8>367.230769</x8>
			<y8>483.9375</y8>
			<x9>373.502205</x9>
			<y9>501.125</y9>
			<x10>379.77364</x10>
			<y10>518.3125</y10>
			<x11>386.829005</x11>
			<y11>518.3125</y11>
		</polygon>
	</object>
	<object>
		<name>LPMD</name>
		<pose>Unspecified</pose>
		<truncated>0</truncated>
		<difficult>0</difficult>
		<occluded>0</occluded>
		<bndbox>
			<xmin>404</xmin>
			<xmax>447</xmax>
			<ymin>391</ymin>
			<ymax>508</ymax>
		</bndbox>
		<polygon>
			<x1>423.673689</x1>
			<y1>390.1875</y1>
			<x2>402.507594</x2>
			<y2>401.125</y2>
			<x3>426.809407</x3>
			<y3>507.375</y3>
			<x4>445.623714</x4>
			<y4>499.5625</y4>
			<x5>440.136208</x5>
			<y5>468.3125</y5>
			<x6>438.568349</x6>
			<y6>441.75</y6>
			<x7>433.080843</x7>
			<y7>419.875</y7>
			<x8>433.080843</x8>
			<y8>402.6875</y8>
			<x9>423.673689</x9>
			<y9>390.1875</y9>
		</polygon>
	</object>
</annotation>
