<annotation>
	<folder></folder>
	<filename>144_jpg.rf.158c8daefc864b6cb85b56496d641b22.jpg</filename>
	<path>144_jpg.rf.158c8daefc864b6cb85b56496d641b22.jpg</path>
	<source>
		<database>roboflow.com</database>
	</source>
	<size>
		<width>640</width>
		<height>640</height>
		<depth>3</depth>
	</size>
	<segmented>0</segmented>
	<object>
		<name>RID</name>
		<pose>Unspecified</pose>
		<truncated>0</truncated>
		<difficult>0</difficult>
		<occluded>0</occluded>
		<bndbox>
			<xmin>289</xmin>
			<xmax>309</xmax>
			<ymin>389</ymin>
			<ymax>492</ymax>
		</bndbox>
		<polygon>
			<x1>303.541038</x1>
			<y1>442.81376</y1>
			<x2>307.840726</x2>
			<y2>387.848218</y2>
			<x3>287.815418</x3>
			<y3>399.857144</y3>
			<x4>288.492102</x4>
			<y4>431.392388</y4>
			<x5>288.133772</x5>
			<y5>490.640894</y5>
			<x6>301.032891</x6>
			<y6>489.927066</y6>
			<x7>303.541038</x7>
			<y7>442.81376</y7>
		</polygon>
	</object>
	<object>
		<name>RID</name>
		<pose>Unspecified</pose>
		<truncated>0</truncated>
		<difficult>0</difficult>
		<occluded>0</occluded>
		<bndbox>
			<xmin>306</xmin>
			<xmax>323</xmax>
			<ymin>388</ymin>
			<ymax>493</ymax>
		</bndbox>
		<polygon>
			<x1>306.407515</x1>
			<y1>492.068602</y1>
			<x2>322.173057</x2>
			<y2>488.499412</y2>
			<x3>320.739845</x3>
			<y3>433.533842</y3>
			<x4>320.516475</x4>
			<y4>387.357144</y4>
			<x5>306.049185</x5>
			<y5>391.417408</y5>
			<x6>305.33258</x6>
			<y6>434.247697</y6>
			<x7>306.407515</x7>
			<y7>492.068602</y7>
		</polygon>
	</object>
	<object>
		<name>RCD</name>
		<pose>Unspecified</pose>
		<truncated>0</truncated>
		<difficult>0</difficult>
		<occluded>0</occluded>
		<bndbox>
			<xmin>269</xmin>
			<xmax>291</xmax>
			<ymin>395</ymin>
			<ymax>494</ymax>
		</bndbox>
		<polygon>
			<x1>269.501754</x1>
			<y1>485.644048</y1>
			<x2>278.817763</x2>
			<y2>492.782429</y2>
			<x3>282.042543</x3>
			<y3>452.807505</y3>
			<x4>289.567011</x4>
			<y4>417.829398</y4>
			<x5>286.700561</x5>
			<y5>394.272744</y5>
			<x6>268.105192</x6>
			<y6>394.500001</y6>
			<x7>268.068516</x7>
			<y7>439.958396</y7>
			<x8>269.501754</x8>
			<y8>485.644048</y8>
		</polygon>
	</object>
	<object>
		<name>RMD</name>
		<pose>Unspecified</pose>
		<truncated>0</truncated>
		<difficult>0</difficult>
		<occluded>0</occluded>
		<bndbox>
			<xmin>155</xmin>
			<xmax>199</xmax>
			<ymin>332</ymin>
			<ymax>412</ymax>
		</bndbox>
		<polygon>
			<x1>154.323433</x1>
			<y1>355.214286</y1>
			<x2>164.875754</x2>
			<y2>410.691016</y2>
			<x3>191.390544</x3>
			<y3>402.124981</y3>
			<x4>197.840103</x4>
			<y4>378.5683</y4>
			<x5>182.074534</x5>
			<y5>331.455048</y5>
			<x6>154.323433</x6>
			<y6>355.214286</y6>
		</polygon>
	</object>
	<object>
		<name>LID</name>
		<pose>Unspecified</pose>
		<truncated>0</truncated>
		<difficult>0</difficult>
		<occluded>0</occluded>
		<bndbox>
			<xmin>320</xmin>
			<xmax>344</xmax>
			<ymin>386</ymin>
			<ymax>486</ymax>
		</bndbox>
		<polygon>
			<x1>326.831075</x1>
			<y1>484.930221</y1>
			<x2>343.313249</x2>
			<y2>483.502512</y2>
			<x3>337.938625</x3>
			<y3>453.521332</y3>
			<x4>336.643024</x4>
			<y4>392.714286</y4>
			<x5>318.948304</x5>
			<y5>384.992909</y5>
			<x6>322.173057</x6>
			<y6>436.389206</y6>
			<x7>326.831075</x7>
			<y7>484.930221</y7>
		</polygon>
	</object>
	<object>
		<name>LID</name>
		<pose>Unspecified</pose>
		<truncated>0</truncated>
		<difficult>0</difficult>
		<occluded>0</occluded>
		<bndbox>
			<xmin>335</xmin>
			<xmax>356</xmax>
			<ymin>388</ymin>
			<ymax>497</ymax>
		</bndbox>
		<polygon>
			<x1>343.313249</x1>
			<y1>387.134363</y1>
			<x2>333.638937</x2>
			<y2>396.414254</y2>
			<x3>337.580322</x3>
			<y3>454.235159</y3>
			<x4>341.880011</x4>
			<y4>492.068602</y4>
			<x5>352.629258</x5>
			<y5>496.351621</y5>
			<x6>351.55435</x6>
			<y6>433.533842</y6>
			<x7>354.561411</x7>
			<y7>398.071429</y7>
			<x8>343.313249</x8>
			<y8>387.134363</y8>
		</polygon>
	</object>
	<object>
		<name>LCD</name>
		<pose>Unspecified</pose>
		<truncated>0</truncated>
		<difficult>0</difficult>
		<occluded>0</occluded>
		<bndbox>
			<xmin>351</xmin>
			<xmax>383</xmax>
			<ymin>398</ymin>
			<ymax>517</ymax>
		</bndbox>
		<polygon>
			<x1>371.261304</x1>
			<y1>515.625228</y1>
			<x2>382.368882</x2>
			<y2>499.920811</y2>
			<x3>371.619634</x3>
			<y3>447.810605</y3>
			<x4>364.864484</x4>
			<y4>397.178572</y4>
			<x5>350.121111</x5>
			<y5>429.250824</y5>
			<x6>360.153726</x6>
			<y6>462.801195</y6>
			<x7>371.261304</x7>
			<y7>515.625228</y7>
		</polygon>
	</object>
	<object>
		<name>LPMD</name>
		<pose>Unspecified</pose>
		<truncated>0</truncated>
		<difficult>0</difficult>
		<occluded>0</occluded>
		<bndbox>
			<xmin>366</xmin>
			<xmax>401</xmax>
			<ymin>387</ymin>
			<ymax>494</ymax>
		</bndbox>
		<polygon>
			<x1>383.085487</x1>
			<y1>493.496257</y1>
			<x2>399.567634</x2>
			<y2>479.219494</y2>
			<x3>386.31024</x3>
			<y3>425.681634</y3>
			<x4>382.334912</x4>
			<y4>386.464286</y4>
			<x5>365.170074</x5>
			<y5>402.124981</y5>
			<x6>373.769451</x6>
			<y6>442.099933</y6>
			<x7>383.085487</x7>
			<y7>493.496257</y7>
		</polygon>
	</object>
	<object>
		<name>LPMD</name>
		<pose>Unspecified</pose>
		<truncated>0</truncated>
		<difficult>0</difficult>
		<occluded>0</occluded>
		<bndbox>
			<xmin>384</xmin>
			<xmax>423</xmax>
			<ymin>376</ymin>
			<ymax>495</ymax>
		</bndbox>
		<polygon>
			<x1>388.818386</x1>
			<y1>374.999109</y1>
			<x2>383.085487</x2>
			<y2>403.552635</y2>
			<x3>395.267946</x3>
			<y3>444.955242</y3>
			<x4>412.108423</x4>
			<y4>494.210084</y4>
			<x5>422.499395</x5>
			<y5>479.219494</y5>
			<x6>410.316882</x6>
			<y6>439.958396</y6>
			<x7>402.941057</x7>
			<y7>382.000001</y7>
			<x8>388.818386</x8>
			<y8>374.999109</y8>
		</polygon>
	</object>
	<object>
		<name>RPMD</name>
		<pose>Unspecified</pose>
		<truncated>0</truncated>
		<difficult>0</difficult>
		<occluded>0</occluded>
		<bndbox>
			<xmin>257</xmin>
			<xmax>284</xmax>
			<ymin>257</ymin>
			<ymax>395</ymax>
		</bndbox>
		<polygon>
			<x1>266.635277</x1>
			<y1>394.272744</y1>
			<x2>282.759148</x2>
			<y2>372.857601</y2>
			<x3>277.742855</x3>
			<y3>326.458121</y3>
			<x4>282.864918</x4>
			<y4>261.754121</y4>
			<x5>266.993607</x5>
			<y5>255.788162</y5>
			<x6>261.977286</x6>
			<y6>317.178231</y6>
			<x7>255.886029</x7>
			<y7>374.285337</y7>
			<x8>266.635277</x8>
			<y8>394.272744</y8>
		</polygon>
	</object>
	<object>
		<name>RPMU</name>
		<pose>Unspecified</pose>
		<truncated>0</truncated>
		<difficult>0</difficult>
		<occluded>0</occluded>
		<bndbox>
			<xmin>226</xmin>
			<xmax>255</xmax>
			<ymin>260</ymin>
			<ymax>382</ymax>
		</bndbox>
		<polygon>
			<x1>250.869736</x1>
			<y1>311.467531</y1>
			<x2>252.874563</x2>
			<y2>264.142858</y2>
			<x3>241.195396</x3>
			<y3>258.643498</y3>
			<x4>233.312626</x4>
			<y4>316.464404</y4>
			<x5>225.071525</x5>
			<y5>349.301002</y5>
			<x6>228.296305</x6>
			<y6>379.282154</y6>
			<x7>239.403855</x7>
			<y7>381.423718</y7>
			<x8>254.094488</x8>
			<y8>363.577764</y8>
			<x9>250.869736</x9>
			<y9>311.467531</y9>
		</polygon>
	</object>
	<object>
		<name>RMU</name>
		<pose>Unspecified</pose>
		<truncated>0</truncated>
		<difficult>0</difficult>
		<occluded>0</occluded>
		<bndbox>
			<xmin>178</xmin>
			<xmax>213</xmax>
			<ymin>266</ymin>
			<ymax>339</ymax>
		</bndbox>
		<polygon>
			<x1>183.14947</x1>
			<y1>265.068053</y1>
			<x2>177.416543</x2>
			<y2>286.483196</y2>
			<x3>182.432837</x3>
			<y3>328.599631</y3>
			<x4>202.139791</x4>
			<y4>337.879548</y4>
			<x5>211.81413</x5>
			<y5>319.31974</y5>
			<x6>209.305956</x6>
			<y6>300.046105</y6>
			<x7>208.078595</x7>
			<y7>265.928572</y7>
			<x8>183.14947</x8>
			<y8>265.068053</y8>
		</polygon>
	</object>
	<object>
		<name>LCU</name>
		<pose>Unspecified</pose>
		<truncated>0</truncated>
		<difficult>0</difficult>
		<occluded>0</occluded>
		<bndbox>
			<xmin>351</xmin>
			<xmax>372</xmax>
			<ymin>257</ymin>
			<ymax>386</ymax>
		</bndbox>
		<polygon>
			<x1>358.720515</x1>
			<y1>255.788162</y1>
			<x2>354.420799</x2>
			<y2>331.455048</y2>
			<x3>349.762809</x3>
			<y3>367.860728</y3>
			<x4>357.287276</x4>
			<y4>384.992909</y4>
			<x5>370.544698</x5>
			<y5>375.712964</y5>
			<x6>370.544698</x6>
			<y6>337.165694</y6>
			<x7>368.896121</x7>
			<y7>262.357144</y7>
			<x8>358.720515</x8>
			<y8>255.788162</y8>
		</polygon>
	</object>
	<object>
		<name>LMU</name>
		<pose>Unspecified</pose>
		<truncated>0</truncated>
		<difficult>0</difficult>
		<occluded>0</occluded>
		<bndbox>
			<xmin>416</xmin>
			<xmax>447</xmax>
			<ymin>268</ymin>
			<ymax>380</ymax>
		</bndbox>
		<polygon>
			<x1>424.649212</x1>
			<y1>267.209561</y1>
			<x2>417.841377</x2>
			<y2>322.888931</y2>
			<x3>415.33323</x3>
			<y3>372.143773</y3>
			<x4>429.30723</x4>
			<y4>379.282154</y4>
			<x5>444.356166</x5>
			<y5>365.719219</y5>
			<x6>438.623267</x6>
			<y6>331.455048</y6>
			<x7>445.945187</x7>
			<y7>281.107144</y7>
			<x8>424.649212</x8>
			<y8>267.209561</y8>
		</polygon>
	</object>
</annotation>
