<annotation>
	<folder></folder>
	<filename>147_jpg.rf.197e7acbce0f323246abd57eab8ddce2.jpg</filename>
	<path>147_jpg.rf.197e7acbce0f323246abd57eab8ddce2.jpg</path>
	<source>
		<database>roboflow.com</database>
	</source>
	<size>
		<width>640</width>
		<height>640</height>
		<depth>3</depth>
	</size>
	<segmented>0</segmented>
	<object>
		<name>RIU</name>
		<pose>Unspecified</pose>
		<truncated>0</truncated>
		<difficult>0</difficult>
		<occluded>0</occluded>
		<bndbox>
			<xmin>298</xmin>
			<xmax>327</xmax>
			<ymin>223</ymin>
			<ymax>365</ymax>
		</bndbox>
		<polygon>
			<x1>314.322077</x1>
			<y1>363.892864</y1>
			<x2>323.730599</x2>
			<y2>363.892864</y2>
			<x3>325.788714</x3>
			<y3>335.776623</y3>
			<x4>322.260518</x4>
			<y4>299.459812</y4>
			<x5>320.790436</x5>
			<y5>227.411944</y5>
			<x6>313.146012</x6>
			<y6>222.140148</y6>
			<x7>301.416203</x7>
			<y7>231.565224</y7>
			<x8>299.915277</x8>
			<y8>290.087731</y8>
			<x9>299.327245</x9>
			<y9>315.860952</y9>
			<x10>297.269131</x10>
			<y10>335.776623</y10>
			<x11>298.151179</x11>
			<y11>363.892864</y11>
			<x12>314.322077</x12>
			<y12>363.892864</y12>
		</polygon>
	</object>
	<object>
		<name>RIU</name>
		<pose>Unspecified</pose>
		<truncated>0</truncated>
		<difficult>0</difficult>
		<occluded>0</occluded>
		<bndbox>
			<xmin>274</xmin>
			<xmax>302</xmax>
			<ymin>219</ymin>
			<ymax>361</ymax>
		</bndbox>
		<polygon>
			<x1>286.390527</x1>
			<y1>359.206824</y1>
			<x2>295.211016</x2>
			<y2>360.378334</y2>
			<x3>298.739212</x3>
			<y3>352.177764</y3>
			<x4>299.915277</x4>
			<y4>303.560097</y4>
			<x5>301.091343</x5>
			<y5>224.483168</y5>
			<x6>291.094788</x6>
			<y6>218.039863</y6>
			<x7>283.478231</x7>
			<y7>229.220744</y7>
			<x8>279.628151</x8>
			<y8>276.029611</y8>
			<x9>276.393972</x9>
			<y9>315.860952</y9>
			<x10>273.453809</x10>
			<y10>339.291153</y10>
			<x11>276.982004</x11>
			<y11>356.278049</y11>
			<x12>286.390527</x12>
			<y12>359.206824</y12>
		</polygon>
	</object>
	<object>
		<name>RCU</name>
		<pose>Unspecified</pose>
		<truncated>0</truncated>
		<difficult>0</difficult>
		<occluded>0</occluded>
		<bndbox>
			<xmin>249</xmin>
			<xmax>279</xmax>
			<ymin>186</ymin>
			<ymax>361</ymax>
		</bndbox>
		<polygon>
			<x1>262.281188</x1>
			<y1>360.378334</y1>
			<x2>270.807662</x2>
			<y2>346.905969</y2>
			<x3>277.570037</x3>
			<y3>321.132747</y3>
			<x4>276.099956</x4>
			<y4>297.116791</y4>
			<x5>272.277744</x5>
			<y5>199.295702</y5>
			<x6>265.515368</x6>
			<y6>185.237582</y6>
			<x7>256.424241</x7>
			<y7>197.570263</y7>
			<x8>252.284634</x8>
			<y8>299.459812</y8>
			<x9>248.462422</x9>
			<y9>325.233033</y9>
			<x10>251.696601</x10>
			<y10>344.562949</y10>
			<x11>257.870944</x11>
			<y11>358.035314</y11>
			<x12>262.281188</x12>
			<y12>360.378334</y12>
		</polygon>
	</object>
	<object>
		<name>RPMU</name>
		<pose>Unspecified</pose>
		<truncated>0</truncated>
		<difficult>0</difficult>
		<occluded>0</occluded>
		<bndbox>
			<xmin>226</xmin>
			<xmax>257</xmax>
			<ymin>197</ymin>
			<ymax>345</ymax>
		</bndbox>
		<polygon>
			<x1>246.99234</x1>
			<y1>332.262093</y1>
			<x2>252.872666</x2>
			<y2>329.333318</y2>
			<x3>256.400862</x3>
			<y3>315.860952</y3>
			<x4>253.460699</x4>
			<y4>195.781172</y4>
			<x5>238.465867</x5>
			<y5>199.295702</y5>
			<x6>234.349638</x6>
			<y6>249.670634</y6>
			<x7>229.645377</x7>
			<y7>276.615366</y7>
			<x8>224.6471</x8>
			<y8>315.860952</y8>
			<x9>225.235132</x9>
			<y9>328.161808</y9>
			<x10>236.407752</x10>
			<y10>343.977194</y10>
			<x11>246.99234</x11>
			<y11>332.262093</y11>
		</polygon>
	</object>
	<object>
		<name>RMU</name>
		<pose>Unspecified</pose>
		<truncated>0</truncated>
		<difficult>0</difficult>
		<occluded>0</occluded>
		<bndbox>
			<xmin>192</xmin>
			<xmax>236</xmax>
			<ymin>191</ymin>
			<ymax>329</ymax>
		</bndbox>
		<polygon>
			<x1>202.301859</x1>
			<y1>220.382883</y1>
			<x2>197.891614</x2>
			<y2>260.79998</y2>
			<x3>192.305304</x3>
			<y3>297.116791</y3>
			<x4>191.423255</x4>
			<y4>307.074627</y4>
			<x5>196.421533</x5>
			<y5>316.446708</y5>
			<x6>202.007843</x6>
			<y6>320.546993</y6>
			<x7>207.300137</x7>
			<y7>318.203973</y7>
			<x8>211.416365</x8>
			<y8>326.404543</y8>
			<x9>217.002675</x9>
			<y9>327.576053</y9>
			<x10>222.294969</x10>
			<y10>325.233033</y10>
			<x11>234.937671</x11>
			<y11>308.831892</y11>
			<x12>228.175296</x12>
			<y12>257.28545</y12>
			<x13>225.823165</x13>
			<y13>203.395988</y13>
			<x14>220.824887</x14>
			<y14>190.509377</y14>
			<x15>211.43228</x15>
			<y15>189.950703</y15>
			<x16>202.301859</x16>
			<y16>220.382883</y16>
		</polygon>
	</object>
	<object>
		<name>RMU</name>
		<pose>Unspecified</pose>
		<truncated>0</truncated>
		<difficult>0</difficult>
		<occluded>0</occluded>
		<bndbox>
			<xmin>162</xmin>
			<xmax>197</xmax>
			<ymin>176</ymin>
			<ymax>305</ymax>
		</bndbox>
		<polygon>
			<x1>173.497881</x1>
			<y1>182.917263</y1>
			<x2>166.725885</x2>
			<y2>236.198269</y2>
			<x3>162.31564</x3>
			<y3>260.214225</y3>
			<x4>160.551542</x4>
			<y4>269.586306</y4>
			<x5>160.551542</x5>
			<y5>292.430751</y5>
			<x6>169.372032</x6>
			<y6>297.116791</y6>
			<x7>173.194244</x7>
			<y7>297.116791</y7>
			<x8>177.898505</x8>
			<y8>304.145852</y8>
			<x9>181.426701</x9>
			<y9>304.145852</y9>
			<x10>186.424978</x10>
			<y10>301.802832</y10>
			<x11>191.129239</x11>
			<y11>299.459812</y11>
			<x12>194.951451</x12>
			<y12>291.259241</y12>
			<x13>195.8335</x13>
			<y13>257.871205</y13>
			<x14>193.775386</x14>
			<y14>240.298554</y14>
			<x15>187.601043</x15>
			<y15>182.894562</y15>
			<x16>182.896782</x16>
			<y16>175.279746</y16>
			<x17>173.497881</x17>
			<y17>182.917263</y17>
		</polygon>
	</object>
	<object>
		<name>RMU</name>
		<pose>Unspecified</pose>
		<truncated>0</truncated>
		<difficult>0</difficult>
		<occluded>0</occluded>
		<bndbox>
			<xmin>128</xmin>
			<xmax>163</xmax>
			<ymin>183</ymin>
			<ymax>293</ymax>
		</bndbox>
		<polygon>
			<x1>138.794334</x1>
			<y1>277.786876</y1>
			<x2>145.850726</x2>
			<y2>291.844996</y2>
			<x3>155.259248</x3>
			<y3>291.844996</y3>
			<x4>161.139575</x4>
			<y4>276.615366</y4>
			<x5>162.31564</x5>
			<y5>247.913369</y5>
			<x6>161.727607</x6>
			<y6>196.366927</y6>
			<x7>152.913323</x7>
			<y7>181.745023</y7>
			<x8>134.38409</x8>
			<y8>229.169209</y8>
			<x9>126.739665</x9>
			<y9>254.356674</y9>
			<x10>127.033681</x10>
			<y10>267.243285</y10>
			<x11>131.737943</x11>
			<y11>273.686591</y11>
			<x12>138.794334</x12>
			<y12>277.786876</y12>
		</polygon>
	</object>
	<object>
		<name>RMD</name>
		<pose>Unspecified</pose>
		<truncated>0</truncated>
		<difficult>0</difficult>
		<occluded>0</occluded>
		<bndbox>
			<xmin>164</xmin>
			<xmax>220</xmax>
			<ymin>318</ymin>
			<ymax>460</ymax>
		</bndbox>
		<polygon>
			<x1>191.423255</x1>
			<y1>399.038166</y1>
			<x2>186.424978</x2>
			<y2>428.325917</y2>
			<x3>179.07457</x3>
			<y3>458.785178</y3>
			<x4>183.484815</x4>
			<y4>458.785178</y4>
			<x5>194.069402</x5>
			<y5>446.484323</y5>
			<x6>203.771941</x6>
			<y6>408.410246</y6>
			<x7>212.59243</x7>
			<y7>373.8507</y7>
			<x8>218.766773</x8>
			<y8>365.064374</y8>
			<x9>219.06079</x9>
			<y9>348.077479</y9>
			<x10>216.120626</x10>
			<y10>338.119643</y10>
			<x11>210.844149</x11>
			<y11>333.550104</y11>
			<x12>204.948006</x12>
			<y12>324.647277</y12>
			<x13>200.537761</x13>
			<y13>319.375483</y13>
			<x14>194.657435</x14>
			<y14>317.032462</y14>
			<x15>189.365141</x15>
			<y15>318.789728</y15>
			<x16>182.30875</x16>
			<y16>323.475767</y16>
			<x17>182.014733</x17>
			<y17>339.291153</y17>
			<x18>181.426701</x18>
			<y18>358.035314</y18>
			<x19>175.840391</x19>
			<y19>382.637025</y19>
			<x20>167.90195</x20>
			<y20>403.138451</y20>
			<x21>163.491705</x21>
			<y21>429.497427</y21>
			<x22>166.431868</x22>
			<y22>441.212528</y22>
			<x23>170.25408</x23>
			<y23>437.697998</y23>
			<x24>181.426701</x24>
			<y24>416.025061</y24>
			<x25>187.89506</x25>
			<y25>398.452411</y25>
			<x26>191.423255</x26>
			<y26>399.038166</y26>
		</polygon>
	</object>
	<object>
		<name>RMD</name>
		<pose>Unspecified</pose>
		<truncated>0</truncated>
		<difficult>0</difficult>
		<occluded>0</occluded>
		<bndbox>
			<xmin>89</xmin>
			<xmax>150</xmax>
			<ymin>267</ymin>
			<ymax>384</ymax>
		</bndbox>
		<polygon>
			<x1>132.301142</x1>
			<y1>348.105217</y1>
			<x2>147.589991</x2>
			<y2>329.361056</y2>
			<x3>149.354089</x3>
			<y3>318.231711</y3>
			<x4>145.531877</x4>
			<y4>297.14453</y4>
			<x5>139.357534</x5>
			<y5>295.387265</y5>
			<x6>136.123355</x6>
			<y6>283.086409</y6>
			<x7>129.949012</x7>
			<y7>282.500654</y7>
			<x8>124.068686</x8>
			<y8>266.099514</y8>
			<x9>119.683966</x9>
			<y9>266.732424</y9>
			<x10>113.484098</x10>
			<y10>278.400369</y10>
			<x11>106.427706</x11>
			<y11>301.83057</y11>
			<x12>93.785005</x12>
			<y12>327.603791</y12>
			<x13>89.962792</x13>
			<y13>339.318892</y13>
			<x14>88.492711</x14>
			<y14>351.033992</y14>
			<x15>90.256809</x15>
			<y15>358.063052</y15>
			<x16>98.489266</x16>
			<y16>352.791258</y16>
			<x17>110.837951</x17>
			<y17>340.490402</y17>
			<x18>112.308033</x18>
			<y18>344.004932</y18>
			<x19>105.251641</x19>
			<y19>358.063052</y19>
			<x20>98.489266</x20>
			<y20>370.363908</y20>
			<x21>99.077298</x21>
			<y21>379.150233</y21>
			<x22>105.545657</x22>
			<y22>382.664764</y22>
			<x23>116.424261</x23>
			<y23>380.321743</y23>
			<x24>122.89262</x24>
			<y24>372.121173</y24>
			<x25>132.301142</x25>
			<y25>348.105217</y25>
		</polygon>
	</object>
	<object>
		<name>RMD</name>
		<pose>Unspecified</pose>
		<truncated>0</truncated>
		<difficult>0</difficult>
		<occluded>0</occluded>
		<bndbox>
			<xmin>129</xmin>
			<xmax>189</xmax>
			<ymin>296</ymin>
			<ymax>435</ymax>
		</bndbox>
		<polygon>
			<x1>168.171134</x1>
			<y1>396.137129</y1>
			<x2>175.815558</x2>
			<y2>362.749092</y2>
			<x3>183.165966</x3>
			<y3>343.419177</y3>
			<x4>187.870227</x4>
			<y4>322.917751</y4>
			<x5>184.342031</x5>
			<y5>311.202651</y5>
			<x6>176.109574</x6>
			<y6>310.031141</y6>
			<x7>171.699329</x7>
			<y7>308.859631</y7>
			<x8>164.054905</x8>
			<y8>298.901795</y8>
			<x9>159.938676</x9>
			<y9>294.80151</y9>
			<x10>153.795519</x10>
			<y10>297.210664</y10>
			<x11>149.060073</x11>
			<y11>308.273876</y11>
			<x12>147.295975</x12>
			<y12>322.917751</y12>
			<x13>144.943844</x13>
			<y13>339.904647</y13>
			<x14>140.827616</x14>
			<y14>357.477298</y14>
			<x15>130.537045</x15>
			<y15>382.079009</y15>
			<x16>128.184914</x16>
			<y16>414.88129</y16>
			<x17>129.654996</x17>
			<y17>418.981575</y17>
			<x18>139.357534</x18>
			<y18>410.781005</y18>
			<x19>143.767779</x19>
			<y19>394.965619</y19>
			<x20>151.706219</x20>
			<y20>379.150233</y20>
			<x21>155.234415</x21>
			<y21>383.250519</y21>
			<x22>152.882285</x22>
			<y22>400.237414</y22>
			<x23>148.178024</x23>
			<y23>420.73884</y23>
			<x24>147.884007</x24>
			<y24>433.625451</y24>
			<x25>157.29253</x25>
			<y25>421.324595</y25>
			<x26>168.171134</x26>
			<y26>396.137129</y26>
		</polygon>
	</object>
	<object>
		<name>RPMD</name>
		<pose>Unspecified</pose>
		<truncated>0</truncated>
		<difficult>0</difficult>
		<occluded>0</occluded>
		<bndbox>
			<xmin>206</xmin>
			<xmax>244</xmax>
			<ymin>342</ymin>
			<ymax>472</ymax>
		</bndbox>
		<polygon>
			<x1>234.354761</x1>
			<y1>342.850211</y1>
			<x2>228.782121</x2>
			<y2>340.583544</y2>
			<x3>216.419765</x3>
			<y3>343.435966</y3>
			<x4>214.361651</x4>
			<y4>349.879271</y4>
			<x5>214.067635</x5>
			<y5>372.723717</y5>
			<x6>210.833455</x6>
			<y6>418.998364</y6>
			<x7>206.42321</x7>
			<y7>454.729421</y7>
			<x8>205.247145</x8>
			<y8>467.030276</y8>
			<x9>207.305259</x9>
			<y9>470.544806</y9>
			<x10>214.655667</x10>
			<y10>468.787541</y10>
			<x11>222.006075</x11>
			<y11>455.900931</y11>
			<x12>227.592385</x12>
			<y12>441.257055</y12>
			<x13>233.178695</x13>
			<y13>396.739673</y13>
			<x14>235.530826</x14>
			<y14>379.167022</y14>
			<x15>239.941071</x15>
			<y15>369.209187</y15>
			<x16>242.881234</x16>
			<y16>354.565311</y16>
			<x17>242.881234</x17>
			<y17>344.607476</y17>
			<x18>234.354761</x18>
			<y18>342.850211</y18>
		</polygon>
	</object>
	<object>
		<name>RPMD</name>
		<pose>Unspecified</pose>
		<truncated>0</truncated>
		<difficult>0</difficult>
		<occluded>0</occluded>
		<bndbox>
			<xmin>226</xmin>
			<xmax>264</xmax>
			<ymin>357</ymin>
			<ymax>491</ymax>
		</bndbox>
		<polygon>
			<x1>226.41632</x1>
			<y1>461.758481</y1>
			<x2>224.652222</x2>
			<y2>478.159622</y2>
			<x3>231.708614</x3>
			<y3>489.874722</y3>
			<x4>240.529104</x4>
			<y4>481.088397</y4>
			<x5>250.819675</x5>
			<y5>439.49979</y5>
			<x6>254.935903</x6>
			<y6>407.869019</y6>
			<x7>258.170083</x7>
			<y7>394.396653</y7>
			<x8>263.16836</x8>
			<y8>377.995512</y8>
			<x9>250.837004</x9>
			<y9>355.822664</y9>
			<x10>237.000908</x10>
			<y10>366.280412</y10>
			<x11>236.706891</x11>
			<y11>377.995512</y11>
			<x12>233.178695</x12>
			<y12>422.512894</y12>
			<x13>226.41632</x13>
			<y13>461.758481</y13>
		</polygon>
	</object>
	<object>
		<name>RCD</name>
		<pose>Unspecified</pose>
		<truncated>0</truncated>
		<difficult>0</difficult>
		<occluded>0</occluded>
		<bndbox>
			<xmin>248</xmin>
			<xmax>281</xmax>
			<ymin>368</ymin>
			<ymax>491</ymax>
		</bndbox>
		<polygon>
			<x1>257.876067</x1>
			<y1>403.768733</y1>
			<x2>256.111968</x2>
			<y2>421.927139</y2>
			<x3>250.525658</x3>
			<y3>467.616031</y3>
			<x4>247.291479</x4>
			<y4>483.431417</y4>
			<x5>251.99574</x5>
			<y5>490.460477</y5>
			<x6>262.580327</x6>
			<y6>478.159622</y6>
			<x7>274.34098</x7>
			<y7>441.257055</y7>
			<x8>279.633274</x8>
			<y8>410.797794</y8>
			<x9>280.221307</x9>
			<y9>389.124857</y9>
			<x10>278.457209</x10>
			<y10>376.238247</y10>
			<x11>271.127496</x11>
			<y11>366.958944</y11>
			<x12>261.698279</x12>
			<y12>377.409758</y12>
			<x13>257.876067</x13>
			<y13>382.681552</y13>
			<x14>257.876067</x14>
			<y14>403.768733</y14>
		</polygon>
	</object>
	<object>
		<name>RID</name>
		<pose>Unspecified</pose>
		<truncated>0</truncated>
		<difficult>0</difficult>
		<occluded>0</occluded>
		<bndbox>
			<xmin>282</xmin>
			<xmax>302</xmax>
			<ymin>373</ymin>
			<ymax>487</ymax>
		</bndbox>
		<polygon>
			<x1>283.170935</x1>
			<y1>469.98314</y1>
			<x2>286.405114</x2>
			<y2>486.384281</y2>
			<x3>296.401669</x3>
			<y3>479.35522</y3>
			<x4>299.635849</x4>
			<y4>436.009348</y4>
			<x5>299.341832</x5>
			<y5>406.135842</y5>
			<x6>300.811914</x6>
			<y6>385.048661</y6>
			<x7>297.593356</x7>
			<y7>374.578504</y7>
			<x8>284.052984</x8>
			<y8>372.162051</y8>
			<x9>281.11282</x9>
			<y9>380.948376</y9>
			<x10>280.818804</x10>
			<y10>389.734701</y10>
			<x11>281.700853</x11>
			<y11>412.579148</y11>
			<x12>283.170935</x12>
			<y12>469.98314</y12>
		</polygon>
	</object>
	<object>
		<name>RID</name>
		<pose>Unspecified</pose>
		<truncated>0</truncated>
		<difficult>0</difficult>
		<occluded>0</occluded>
		<bndbox>
			<xmin>300</xmin>
			<xmax>321</xmax>
			<ymin>376</ymin>
			<ymax>490</ymax>
		</bndbox>
		<polygon>
			<x1>318.452893</x1>
			<y1>489.313056</y1>
			<x2>319.628958</x2>
			<y2>454.167754</y2>
			<x3>316.688795</x3>
			<y3>409.650373</y3>
			<x4>316.394779</x4>
			<y4>376.848091</y4>
			<x5>313.766937</x5>
			<y5>375.750744</y5>
			<x6>299.635849</x6>
			<y6>374.505071</y6>
			<x7>299.047816</x7>
			<y7>382.705641</y7>
			<x8>299.929865</x8>
			<y8>402.621312</y8>
			<x9>302.281996</x9>
			<y9>424.294248</y9>
			<x10>307.574289</x10>
			<y10>474.083425</y10>
			<x11>318.452893</x11>
			<y11>489.313056</y11>
		</polygon>
	</object>
	<object>
		<name>LID</name>
		<pose>Unspecified</pose>
		<truncated>0</truncated>
		<difficult>0</difficult>
		<occluded>0</occluded>
		<bndbox>
			<xmin>317</xmin>
			<xmax>344</xmax>
			<ymin>373</ymin>
			<ymax>477</ymax>
		</bndbox>
		<polygon>
			<x1>332.870231</x1>
			<y1>407.243846</y1>
			<x2>332.576214</x2>
			<y2>376.198829</y2>
			<x3>330.234583</x3>
			<y3>371.647904</y3>
			<x4>316.405317</x4>
			<y4>375.613074</y4>
			<x5>316.111301</x5>
			<y5>387.328175</y5>
			<x6>317.875398</x6>
			<y6>411.929886</y6>
			<x7>325.519823</x7>
			<y7>457.033023</y7>
			<x8>337.574492</x8>
			<y8>475.777184</y8>
			<x9>343.160802</x9>
			<y9>468.162369</y9>
			<x10>332.870231</x10>
			<y10>407.243846</y10>
		</polygon>
	</object>
	<object>
		<name>LID</name>
		<pose>Unspecified</pose>
		<truncated>0</truncated>
		<difficult>0</difficult>
		<occluded>0</occluded>
		<bndbox>
			<xmin>332</xmin>
			<xmax>368</xmax>
			<ymin>368</ymin>
			<ymax>481</ymax>
		</bndbox>
		<polygon>
			<x1>333.164247</x1>
			<y1>396.114501</y1>
			<x2>345.218916</x2>
			<y2>448.246698</y2>
			<x3>356.391536</x3>
			<y3>471.676899</y3>
			<x4>360.213749</x4>
			<y4>479.877469</y4>
			<x5>366.976124</x5>
			<y5>475.777184</y5>
			<x6>366.094075</x6>
			<y6>457.618778</y6>
			<x7>353.74539</x7>
			<y7>409.001111</y7>
			<x8>352.86334</x8>
			<y8>397.286011</y8>
			<x9>350.525075</x9>
			<y9>367.545064</y9>
			<x10>339.926622</x10>
			<y10>367.412504</y10>
			<x11>332.576214</x11>
			<y11>373.855809</y11>
			<x12>331.400149</x12>
			<y12>380.88487</y12>
			<x13>333.164247</x13>
			<y13>396.114501</y13>
		</polygon>
	</object>
	<object>
		<name>LCD</name>
		<pose>Unspecified</pose>
		<truncated>0</truncated>
		<difficult>0</difficult>
		<occluded>0</occluded>
		<bndbox>
			<xmin>354</xmin>
			<xmax>390</xmax>
			<ymin>360</ymin>
			<ymax>497</ymax>
		</bndbox>
		<polygon>
			<x1>355.215471</x1>
			<y1>366.240994</y1>
			<x2>352.569324</x2>
			<y2>375.613074</y2>
			<x3>352.569324</x3>
			<y3>389.08544</y3>
			<x4>355.215471</x4>
			<y4>401.386296</y4>
			<x5>359.625716</x5>
			<y5>426.573762</y5>
			<x6>365.506042</x6>
			<y6>452.932738</y6>
			<x7>371.386369</x7>
			<y7>472.848409</y7>
			<x8>379.324809</x8>
			<y8>493.349834</y8>
			<x9>387.26325</x9>
			<y9>495.692854</y9>
			<x10>389.027348</x10>
			<y10>485.149264</y10>
			<x11>384.911119</x11>
			<y11>449.418207</y11>
			<x12>376.972679</x12>
			<y12>403.143561</y12>
			<x13>374.914565</x13>
			<y13>374.441564</y13>
			<x14>367.858173</x14>
			<y14>361.554954</y14>
			<x15>359.935159</x15>
			<y15>359.339384</y15>
			<x16>355.215471</x16>
			<y16>366.240994</y16>
		</polygon>
	</object>
	<object>
		<name>LPMD</name>
		<pose>Unspecified</pose>
		<truncated>0</truncated>
		<difficult>0</difficult>
		<occluded>0</occluded>
		<bndbox>
			<xmin>371</xmin>
			<xmax>411</xmax>
			<ymin>344</ymin>
			<ymax>479</ymax>
		</bndbox>
		<polygon>
			<x1>370.210303</x1>
			<y1>372.098544</y1>
			<x2>373.738499</x2>
			<y2>379.127604</y2>
			<x3>378.148744</x3>
			<y3>393.77148</y3>
			<x4>384.911119</x4>
			<y4>424.816497</y4>
			<x5>387.851282</x5>
			<y5>439.460373</y5>
			<x6>395.789723</x6>
			<y6>461.133308</y6>
			<x7>406.374311</x7>
			<y7>477.534449</y7>
			<x8>410.490539</x8>
			<y8>470.505389</y8>
			<x9>404.316197</x9>
			<y9>427.745272</y9>
			<x10>396.08374</x10>
			<y10>387.91393</y10>
			<x11>393.731609</x11>
			<y11>351.011364</y11>
			<x12>384.323087</x12>
			<y12>342.810793</y12>
			<x13>376.990935</x13>
			<y13>347.030864</y13>
			<x14>370.210303</x14>
			<y14>361.554954</y14>
			<x15>370.210303</x15>
			<y15>372.098544</y15>
		</polygon>
	</object>
	<object>
		<name>LPMD</name>
		<pose>Unspecified</pose>
		<truncated>0</truncated>
		<difficult>0</difficult>
		<occluded>0</occluded>
		<bndbox>
			<xmin>394</xmin>
			<xmax>436</xmax>
			<ymin>326</ymin>
			<ymax>446</ymax>
		</bndbox>
		<polygon>
			<x1>392.854146</x1>
			<y1>350.40371</y1>
			<x2>395.500293</x2>
			<y2>362.11881</y2>
			<x3>400.204554</x3>
			<y3>372.076646</y3>
			<x4>416.669468</x4>
			<y4>429.480638</y4>
			<x5>433.134382</x5>
			<y5>445.296024</y5>
			<x6>435.192496</x6>
			<y6>440.609984</y6>
			<x7>423.72586</x7>
			<y7>389.649296</y7>
			<x8>416.963484</x8>
			<y8>356.847015</y8>
			<x9>417.551517</x9>
			<y9>335.174079</y9>
			<x10>411.083158</x10>
			<y10>325.216244</y10>
			<x11>404.908815</x11>
			<y11>326.387754</y11>
			<x12>404.614799</x12>
			<y12>331.073794</y12>
			<x13>395.811102</x13>
			<y13>331.205624</y13>
			<x14>393.148162</x14>
			<y14>337.517099</y14>
			<x15>392.854146</x15>
			<y15>350.40371</y15>
		</polygon>
	</object>
	<object>
		<name>LMD</name>
		<pose>Unspecified</pose>
		<truncated>0</truncated>
		<difficult>0</difficult>
		<occluded>0</occluded>
		<bndbox>
			<xmin>413</xmin>
			<xmax>471</xmax>
			<ymin>301</ymin>
			<ymax>443</ymax>
		</bndbox>
		<polygon>
			<x1>466.06421</x1>
			<y1>389.063541</y1>
			<x2>456.655687</x2>
			<y2>362.11881</y2>
			<x3>452.833475</x3>
			<y3>341.617384</y3>
			<x4>451.951426</x4>
			<y4>319.944449</y4>
			<x5>449.893312</x5>
			<y5>304.129062</y5>
			<x6>434.89848</x6>
			<y6>300.028777</y6>
			<x7>428.430121</x7>
			<y7>317.015673</y7>
			<x8>418.727582</x8>
			<y8>312.329633</y8>
			<x9>414.317337</x9>
			<y9>315.844163</y9>
			<x10>411.965207</x10>
			<y10>329.902284</y10>
			<x11>413.141272</x11>
			<y11>340.445874</y11>
			<x12>422.255778</x12>
			<y12>359.190035</y12>
			<x13>427.548072</x13>
			<y13>374.419666</y13>
			<x14>430.194219</x14>
			<y14>399.021377</y14>
			<x15>438.132659</x15>
			<y15>420.108558</y15>
			<x16>446.659132</x16>
			<y16>441.195739</y16>
			<x17>452.245443</x17>
			<y17>441.781494</y17>
			<x18>449.011263</x18>
			<y18>416.008272</y18>
			<x19>445.777084</x19>
			<y19>387.306276</y19>
			<x20>457.537736</x20>
			<y20>414.836762</y20>
			<x21>468.41634</x21>
			<y21>430.066393</y21>
			<x22>470.474454</x22>
			<y22>416.594028</y22>
			<x23>466.06421</x23>
			<y23>389.063541</y23>
		</polygon>
	</object>
	<object>
		<name>LMD</name>
		<pose>Unspecified</pose>
		<truncated>0</truncated>
		<difficult>0</difficult>
		<occluded>0</occluded>
		<bndbox>
			<xmin>447</xmin>
			<xmax>506</xmax>
			<ymin>275</ymin>
			<ymax>417</ymax>
		</bndbox>
		<polygon>
			<x1>500.170103</x1>
			<y1>399.021377</y1>
			<x2>504.874364</x2>
			<y2>394.335337</y2>
			<x3>490.76158</x3>
			<y3>338.102854</y3>
			<x4>487.233385</x4>
			<y4>319.358693</y4>
			<x5>479.882977</x5>
			<y5>281.284617</y5>
			<x6>472.532569</x6>
			<y6>274.255556</y6>
			<x7>468.739248</x7>
			<y7>279.627064</y7>
			<x8>462.536014</x8>
			<y8>288.313677</y8>
			<x9>449.305279</x9>
			<y9>294.171227</y9>
			<x10>447.247165</x10>
			<y10>303.543307</y10>
			<x11>445.777084</x11>
			<y11>312.915388</y11>
			<x12>452.539459</x12>
			<y12>333.416814</y12>
			<x13>463.418063</x13>
			<y13>358.60428</y13>
			<x14>474.00265</x14>
			<y14>391.992316</y14>
			<x15>488.40945</x15>
			<y15>416.008272</y15>
			<x16>491.643629</x16>
			<y16>407.221947</y16>
			<x17>488.40945</x17>
			<y17>392.578071</y17>
			<x18>484.293221</x18>
			<y18>382.034481</y18>
			<x19>480.471009</x19>
			<y19>370.319381</y19>
			<x20>478.412895</x20>
			<y20>354.503995</y20>
			<x21>484.293221</x21>
			<y21>363.876076</y21>
			<x22>492.231662</x22>
			<y22>384.963256</y22>
			<x23>500.170103</x23>
			<y23>399.021377</y23>
		</polygon>
	</object>
	<object>
		<name>LMD</name>
		<pose>Unspecified</pose>
		<truncated>0</truncated>
		<difficult>0</difficult>
		<occluded>0</occluded>
		<bndbox>
			<xmin>482</xmin>
			<xmax>526</xmax>
			<ymin>262</ymin>
			<ymax>381</ymax>
		</bndbox>
		<polygon>
			<x1>524.867474</x1>
			<y1>363.876076</y1>
			<x2>523.397392</x2>
			<y2>340.445874</y2>
			<x3>517.811082</x3>
			<y3>314.086898</y3>
			<x4>517.223049</x4>
			<y4>301.200288</y4>
			<x5>517.517065</x5>
			<y5>274.841311</y5>
			<x6>513.106821</x6>
			<y6>262.540456</y6>
			<x7>507.520511</x7>
			<y7>261.368946</y7>
			<x8>500.49828</x8>
			<y8>267.904664</y8>
			<x9>490.76158</x9>
			<y9>267.226496</y9>
			<x10>483.705189</x10>
			<y10>273.084046</y10>
			<x11>481.059042</x11>
			<y11>286.556412</y11>
			<x12>482.529123</x12>
			<y12>298.857268</y12>
			<x13>485.17527</x13>
			<y13>308.229348</y13>
			<x14>491.937646</x14>
			<y14>332.245304</y14>
			<x15>496.641907</x15>
			<y15>360.361545</y15>
			<x16>503.110266</x16>
			<y16>373.833911</y16>
			<x17>507.814527</x17>
			<y17>379.691461</y17>
			<x18>511.636739</x18>
			<y18>376.176931</y18>
			<x19>511.048706</x19>
			<y19>361.533055</y19>
			<x20>506.638462</x20>
			<y20>347.474934</y20>
			<x21>508.108543</x21>
			<y21>337.517099</y21>
			<x22>518.399115</x22>
			<y22>372.076646</y22>
			<x23>524.867474</x23>
			<y23>363.876076</y23>
		</polygon>
	</object>
	<object>
		<name>LMU</name>
		<pose>Unspecified</pose>
		<truncated>0</truncated>
		<difficult>0</difficult>
		<occluded>0</occluded>
		<bndbox>
			<xmin>466</xmin>
			<xmax>508</xmax>
			<ymin>162</ymin>
			<ymax>271</ymax>
		</bndbox>
		<polygon>
			<x1>472.238552</x1>
			<y1>214.508544</y1>
			<x2>473.708634</x2>
			<y2>242.03903</y2>
			<x3>476.354781</x3>
			<y3>259.025926</y3>
			<x4>479.58896</x4>
			<y4>267.812251</y4>
			<x5>483.999205</x5>
			<y5>270.155271</y5>
			<x6>489.585515</x6>
			<y6>270.155271</y6>
			<x7>500.758135</x7>
			<y7>244.967805</y7>
			<x8>506.932478</x8>
			<y8>239.69601</y8>
			<x9>506.050429</x9>
			<y9>225.637889</y9>
			<x10>495.465842</x10>
			<y10>202.207689</y10>
			<x11>478.412895</x11>
			<y11>162.962102</y11>
			<x12>469.298389</x12>
			<y12>161.204837</y12>
			<x13>464.916402</x13>
			<y13>170.608743</y13>
			<x14>469.004373</x14>
			<y14>198.693158</y14>
			<x15>472.238552</x15>
			<y15>214.508544</y15>
		</polygon>
	</object>
	<object>
		<name>LMU</name>
		<pose>Unspecified</pose>
		<truncated>0</truncated>
		<difficult>0</difficult>
		<occluded>0</occluded>
		<bndbox>
			<xmin>446</xmin>
			<xmax>478</xmax>
			<ymin>166</ymin>
			<ymax>295</ymax>
		</bndbox>
		<polygon>
			<x1>445.189051</x1>
			<y1>264.258303</y1>
			<x2>448.42323</x2>
			<y2>285.931239</y2>
			<x3>453.127491</x3>
			<y3>293.546054</y3>
			<x4>461.653965</x4>
			<y4>292.374544</y4>
			<x5>466.06421</x5>
			<y5>285.931239</y5>
			<x6>476.648797</x6>
			<y6>270.115854</y6>
			<x7>475.178716</x7>
			<y7>249.614428</y7>
			<x8>471.356503</x8>
			<y8>234.384797</y8>
			<x9>459.889867</x9>
			<y9>169.365989</y9>
			<x10>455.479622</x10>
			<y10>165.265704</y10>
			<x11>446.684365</x11>
			<y11>179.400543</y11>
			<x12>446.0711</x12>
			<y12>202.754026</y12>
			<x13>446.0711</x13>
			<y13>232.627532</y13>
			<x14>445.189051</x14>
			<y14>264.258303</y14>
		</polygon>
	</object>
	<object>
		<name>LMU</name>
		<pose>Unspecified</pose>
		<truncated>0</truncated>
		<difficult>0</difficult>
		<occluded>0</occluded>
		<bndbox>
			<xmin>413</xmin>
			<xmax>449</xmax>
			<ymin>175</ymin>
			<ymax>314</ymax>
		</bndbox>
		<polygon>
			<x1>416.669468</x1>
			<y1>234.384797</y1>
			<x2>415.199386</x2>
			<y2>258.400753</y2>
			<x3>412.259223</x3>
			<y3>274.216139</y3>
			<x4>412.55324</x4>
			<y4>289.445769</y4>
			<x5>414.611354</x5>
			<y5>300.575115</y5>
			<x6>422.549794</x6>
			<y6>305.84691</y6>
			<x7>429.018153</x7>
			<y7>313.461726</y7>
			<x8>435.192496</x8>
			<y8>302.918135</y8>
			<x9>445.483067</x9>
			<y9>305.261155</y9>
			<x10>448.42323</x10>
			<y10>292.960299</y10>
			<x11>447.835198</x11>
			<y11>283.588219</y11>
			<x12>444.307002</x12>
			<y12>254.886223</y12>
			<x13>433.722415</x13>
			<y13>178.73807</y13>
			<x14>428.430121</x14>
			<y14>174.052029</y14>
			<x15>420.218506</x15>
			<y15>183.503383</y15>
			<x16>416.669468</x16>
			<y16>234.384797</y16>
		</polygon>
	</object>
	<object>
		<name>LPMU</name>
		<pose>Unspecified</pose>
		<truncated>0</truncated>
		<difficult>0</difficult>
		<occluded>0</occluded>
		<bndbox>
			<xmin>396</xmin>
			<xmax>421</xmax>
			<ymin>201</ymin>
			<ymax>329</ymax>
		</bndbox>
		<polygon>
			<x1>394.91226</x1>
			<y1>306.432665</y1>
			<x2>399.028489</x2>
			<y2>315.218991</y2>
			<x3>405.202831</x3>
			<y3>327.519846</y3>
			<x4>413.141272</x4>
			<y4>327.519846</y4>
			<x5>420.49168</x5>
			<y5>312.290216</y5>
			<x6>420.49168</x6>
			<y6>298.232095</y6>
			<x7>413.141272</x7>
			<y7>247.857163</y7>
			<x8>409.025044</x8>
			<y8>199.825251</y8>
			<x9>399.322505</x9>
			<y9>199.825251</y9>
			<x10>396.970374</x10>
			<y10>257.814998</y10>
			<x11>397.264391</x11>
			<y11>278.902179</y11>
			<x12>394.618244</x12>
			<y12>295.889075</y12>
			<x13>394.91226</x13>
			<y13>306.432665</y13>
		</polygon>
	</object>
	<object>
		<name>LCU</name>
		<pose>Unspecified</pose>
		<truncated>0</truncated>
		<difficult>0</difficult>
		<occluded>0</occluded>
		<bndbox>
			<xmin>371</xmin>
			<xmax>396</xmax>
			<ymin>175</ymin>
			<ymax>353</ymax>
		</bndbox>
		<polygon>
			<x1>372.263978</x1>
			<y1>287.726827</y1>
			<x2>370.49988</x2>
			<y2>314.085803</y2>
			<x3>373.146027</x3>
			<y3>326.972414</y3>
			<x4>381.084467</x4>
			<y4>346.302329</y4>
			<x5>388.140859</x5>
			<y5>351.574125</y5>
			<x6>392.84512</x6>
			<y6>336.344494</y6>
			<x7>395.197251</x7>
			<y7>304.713723</y7>
			<x8>391.669055</x8>
			<y8>288.312582</y8>
			<x9>389.022908</x9>
			<y9>185.219697</y9>
			<x10>384.612663</x10>
			<y10>174.090352</y10>
			<x11>376.402805</x11>
			<y11>177.056063</y11>
			<x12>371.381929</x12>
			<y12>228.565569</y12>
			<x13>371.381929</x13>
			<y13>263.125116</y13>
			<x14>372.263978</x14>
			<y14>287.726827</y14>
		</polygon>
	</object>
	<object>
		<name>LIU</name>
		<pose>Unspecified</pose>
		<truncated>0</truncated>
		<difficult>0</difficult>
		<occluded>0</occluded>
		<bndbox>
			<xmin>348</xmin>
			<xmax>374</xmax>
			<ymin>224</ymin>
			<ymax>356</ymax>
		</bndbox>
		<polygon>
			<x1>348.448656</x1>
			<y1>274.254462</y1>
			<x2>350.50677</x2>
			<y2>301.199192</y2>
			<x3>350.50677</x3>
			<y3>318.186089</y3>
			<x4>351.094803</x4>
			<y4>341.616289</y4>
			<x5>353.446934</x5>
			<y5>351.574125</y5>
			<x6>356.387097</x6>
			<y6>354.5029</y6>
			<x7>363.443488</x7>
			<y7>355.088655</y7>
			<x8>370.49988</x8>
			<y8>350.402615</y8>
			<x9>373.440043</x9>
			<y9>338.687514</y9>
			<x10>373.146027</x10>
			<y10>322.286374</y10>
			<x11>367.559717</x11>
			<y11>297.684663</y11>
			<x12>362.267423</x12>
			<y12>237.351895</y12>
			<x13>360.209309</x13>
			<y13>226.222549</y13>
			<x14>353.74095</x14>
			<y14>223.293774</y14>
			<x15>346.702229</x15>
			<y15>234.495824</y15>
			<x16>348.448656</x16>
			<y16>274.254462</y16>
		</polygon>
	</object>
	<object>
		<name>LIU</name>
		<pose>Unspecified</pose>
		<truncated>0</truncated>
		<difficult>0</difficult>
		<occluded>0</occluded>
		<bndbox>
			<xmin>325</xmin>
			<xmax>353</xmax>
			<ymin>217</ymin>
			<ymax>368</ymax>
		</bndbox>
		<polygon>
			<x1>324.92735</x1>
			<y1>261.367851</y1>
			<x2>325.515383</x2>
			<y2>298.856173</y2>
			<x3>326.103416</x3>
			<y3>315.843068</y3>
			<x4>324.045302</x4>
			<y4>341.616289</y4>
			<x5>324.92735</x5>
			<y5>361.53196</y5>
			<x6>327.867514</x6>
			<y6>367.389511</y6>
			<x7>337.570052</x7>
			<y7>365.632246</y7>
			<x8>347.272591</x8>
			<y8>362.703471</y8>
			<x9>351.094803</x9>
			<y9>356.84592</y9>
			<x10>352.270868</x10>
			<y10>345.716574</y10>
			<x11>349.918738</x11>
			<y11>319.943354</y11>
			<x12>346.978575</x12>
			<y12>300.613437</y12>
			<x13>344.038411</x13>
			<y13>226.808304</y13>
			<x14>335.511938</x14>
			<y14>216.264714</y14>
			<x15>329.337595</x15>
			<y15>222.122264</y15>
			<x16>324.92735</x16>
			<y16>261.367851</y16>
		</polygon>
	</object>
	<metadata>
		<tags>
			<tag>teeth</tag>
		</tags>
	</metadata>
</annotation>
