<annotation>
	<folder></folder>
	<filename>149_jpg.rf.9b10267c6c00c04c40c6c25cf5d490bb.jpg</filename>
	<path>149_jpg.rf.9b10267c6c00c04c40c6c25cf5d490bb.jpg</path>
	<source>
		<database>roboflow.com</database>
	</source>
	<size>
		<width>640</width>
		<height>640</height>
		<depth>3</depth>
	</size>
	<segmented>0</segmented>
	<object>
		<name>RIU</name>
		<pose>Unspecified</pose>
		<truncated>0</truncated>
		<difficult>0</difficult>
		<occluded>0</occluded>
		<bndbox>
			<xmin>289</xmin>
			<xmax>324</xmax>
			<ymin>197</ymin>
			<ymax>372</ymax>
		</bndbox>
		<polygon>
			<x1>320.895843</x1>
			<y1>300.511641</y1>
			<x2>322.720286</x2>
			<y2>230.754033</y2>
			<x3>309.448937</x3>
			<y3>195.750539</y3>
			<x4>302.294621</x4>
			<y4>214.279714</y4>
			<x5>295.140305</x5>
			<y5>303.362283</y5>
			<x6>287.985989</x6>
			<y6>354.673842</y6>
			<x7>290.847715</x7>
			<y7>364.65109</y7>
			<x8>306.587211</x8>
			<y8>371.065035</y8>
			<x9>319.107264</x9>
			<y9>368.214393</y9>
			<x10>322.326706</x10>
			<y10>319.753476</y10>
			<x11>320.895843</x11>
			<y11>300.511641</y11>
		</polygon>
	</object>
	<object>
		<name>RIU</name>
		<pose>Unspecified</pose>
		<truncated>0</truncated>
		<difficult>0</difficult>
		<occluded>0</occluded>
		<bndbox>
			<xmin>266</xmin>
			<xmax>300</xmax>
			<ymin>202</ymin>
			<ymax>364</ymax>
		</bndbox>
		<polygon>
			<x1>292.636294</x1>
			<y1>303.362283</y1>
			<x2>299.432895</x2>
			<y2>200.739164</y2>
			<x3>280.502816</x3>
			<y3>211.500209</y3>
			<x4>273.677357</x4>
			<y4>289.109072</y4>
			<x5>270.100198</x5>
			<y5>309.063567</y5>
			<x6>265.449893</x6>
			<y6>327.592742</y6>
			<x7>265.807609</x7>
			<y7>343.271274</y7>
			<x8>270.100198</x8>
			<y8>356.099164</y8>
			<x9>276.181367</x9>
			<y9>362.513109</y9>
			<x10>284.051115</x10>
			<y10>361.087787</y10>
			<x11>290.489999</x11>
			<y11>356.811824</y11>
			<x12>292.636294</x12>
			<y12>303.362283</y12>
		</polygon>
	</object>
	<object>
		<name>RCU</name>
		<pose>Unspecified</pose>
		<truncated>0</truncated>
		<difficult>0</difficult>
		<occluded>0</occluded>
		<bndbox>
			<xmin>240</xmin>
			<xmax>275</xmax>
			<ymin>187</ymin>
			<ymax>363</ymax>
		</bndbox>
		<polygon>
			<x1>274.035072</x1>
			<y1>303.362283</y1>
			<x2>270.81563</x2>
			<y2>293.385035</y2>
			<x3>272.604209</x3>
			<y3>207.153109</y3>
			<x4>262.588166</x4>
			<y4>185.773292</y4>
			<x5>255.458555</x5>
			<y5>192.246385</y5>
			<x6>248.994966</x6>
			<y6>249.200081</y6>
			<x7>242.198365</x7>
			<y7>299.086319</y7>
			<x8>238.621207</x8>
			<y8>326.167421</y8>
			<x9>241.482934</x9>
			<y9>345.409256</y9>
			<x10>250.068113</x10>
			<y10>361.800448</y10>
			<x11>258.295577</x11>
			<y11>358.237146</y11>
			<x12>272.604209</x12>
			<y12>335.432008</y12>
			<x13>274.035072</x13>
			<y13>303.362283</y13>
		</polygon>
	</object>
	<object>
		<name>RPMU</name>
		<pose>Unspecified</pose>
		<truncated>0</truncated>
		<difficult>0</difficult>
		<occluded>0</occluded>
		<bndbox>
			<xmin>214</xmin>
			<xmax>250</xmax>
			<ymin>207</ymin>
			<ymax>354</ymax>
		</bndbox>
		<polygon>
			<x1>231.487619</x1>
			<y1>205.795372</y1>
			<x2>221.422594</x2>
			<y2>245.645215</y2>
			<x3>221.064878</x3>
			<y3>291.255491</y3>
			<x4>213.195131</x4>
			<y4>329.0265</y4>
			<x5>221.78031</x5>
			<y5>353.256959</y5>
			<x6>233.584932</x6>
			<y6>348.268334</y6>
			<x7>243.600974</x7>
			<y7>343.992371</y7>
			<x8>246.820417</x8>
			<y8>336.865766</y8>
			<x9>248.608996</x9>
			<y9>309.784665</y9>
			<x10>241.096964</x10>
			<y10>210.724848</y10>
			<x11>231.487619</x11>
			<y11>205.795372</y11>
		</polygon>
	</object>
	<object>
		<name>RPMU</name>
		<pose>Unspecified</pose>
		<truncated>0</truncated>
		<difficult>0</difficult>
		<occluded>0</occluded>
		<bndbox>
			<xmin>193</xmin>
			<xmax>222</xmax>
			<ymin>202</ymin>
			<ymax>346</ymax>
		</bndbox>
		<polygon>
			<x1>220.707163</x1>
			<y1>229.966683</y1>
			<x2>213.552847</x2>
			<y2>200.747601</y2>
			<x3>205.012256</x3>
			<y3>208.647791</y3>
			<x4>199.60193</x4>
			<y4>277.002279</y4>
			<x5>192.089898</x5>
			<y5>319.761912</y5>
			<x6>192.089898</x6>
			<y6>329.0265</y6>
			<x7>202.105941</x7>
			<y7>345.417692</y7>
			<x8>208.902541</x8>
			<y8>336.865766</y8>
			<x9>218.918584</x9>
			<y9>331.877142</y9>
			<x10>220.707163</x10>
			<y10>314.060628</y10>
			<x11>220.707163</x11>
			<y11>289.830169</y11>
			<x12>220.707163</x12>
			<y12>229.966683</y12>
		</polygon>
	</object>
	<object>
		<name>RMU</name>
		<pose>Unspecified</pose>
		<truncated>0</truncated>
		<difficult>0</difficult>
		<occluded>0</occluded>
		<bndbox>
			<xmin>163</xmin>
			<xmax>200</xmax>
			<ymin>181</ymin>
			<ymax>327</ymax>
		</bndbox>
		<polygon>
			<x1>185.651013</x1>
			<y1>326.175858</y1>
			<x2>194.236193</x2>
			<y2>319.761912</y2>
			<x3>198.528783</x3>
			<y3>302.658059</y3>
			<x4>198.528783</x4>
			<y4>265.599711</y4>
			<x5>196.024772</x5>
			<y5>194.333656</y5>
			<x6>191.732182</x6>
			<y6>180.080444</y6>
			<x7>179.61022</x7>
			<y7>191.53328</y7>
			<x8>173.13096</x8>
			<y8>217.138793</y8>
			<x9>167.765223</x9>
			<y9>262.036408</y9>
			<x10>162.757202</x10>
			<y10>286.266867</y10>
			<x11>162.04177</x11>
			<y11>301.945399</y11>
			<x12>163.472633</x12>
			<y12>315.485949</y12>
			<x13>176.708118</x13>
			<y13>318.336591</y13>
			<x14>185.651013</x14>
			<y14>326.175858</y14>
		</polygon>
	</object>
	<object>
		<name>RMU</name>
		<pose>Unspecified</pose>
		<truncated>0</truncated>
		<difficult>0</difficult>
		<occluded>0</occluded>
		<bndbox>
			<xmin>128</xmin>
			<xmax>172</xmax>
			<ymin>168</ymin>
			<ymax>307</ymax>
		</bndbox>
		<polygon>
			<x1>139.147958</x1>
			<y1>296.956775</y1>
			<x2>147.733138</x2>
			<y2>305.508701</y2>
			<x3>158.822328</x3>
			<y3>304.083381</y3>
			<x4>162.757202</x4>
			<y4>294.106133</y4>
			<x5>165.618928</x5>
			<y5>262.749069</y5>
			<x6>170.626949</x6>
			<y6>227.116041</y6>
			<x7>170.626949</x7>
			<y7>197.896958</y7>
			<x8>164.545781</x8>
			<y8>166.539894</y8>
			<x9>154.565958</x9>
			<y9>177.984293</y9>
			<x10>142.725116</x10>
			<y10>230.679344</y10>
			<x11>136.286232</x11>
			<y11>249.921179</y11>
			<x12>128.058768</x12>
			<y12>270.588334</y12>
			<x13>126.985621</x13>
			<y13>289.830169</y13>
			<x14>134.855369</x14>
			<y14>289.830169</y14>
			<x15>139.147958</x15>
			<y15>296.956775</y15>
		</polygon>
	</object>
	<object>
		<name>RMU</name>
		<pose>Unspecified</pose>
		<truncated>0</truncated>
		<difficult>0</difficult>
		<occluded>0</occluded>
		<bndbox>
			<xmin>103</xmin>
			<xmax>158</xmax>
			<ymin>154</ymin>
			<ymax>277</ymax>
		</bndbox>
		<polygon>
			<x1>101.945514</x1>
			<y1>239.943931</y1>
			<x2>104.449525</x2>
			<y2>254.197142</y2>
			<x3>109.457546</x3>
			<y3>276.289619</y3>
			<x4>121.262168</x4>
			<y4>274.151637</y4>
			<x5>130.562779</x5>
			<y5>267.025032</y5>
			<x6>137.001663</x6>
			<y6>244.219894</y6>
			<x7>145.229127</x7>
			<y7>218.564114</y7>
			<x8>157.033749</x8>
			<y8>165.827234</y8>
			<x9>153.814307</x9>
			<y9>152.999344</y9>
			<x10>144.513695</x10>
			<y10>154.424665</y10>
			<x11>132.026122</x11>
			<y11>173.705665</y11>
			<x12>121.262168</x12>
			<y12>192.195674</y12>
			<x13>114.465568</x13>
			<y13>210.724848</y13>
			<x14>106.59582</x14>
			<y14>219.276775</y14>
			<x15>104.091809</x15>
			<y15>228.541362</y15>
			<x16>101.945514</x16>
			<y16>239.943931</y16>
		</polygon>
	</object>
	<object>
		<name>RMD</name>
		<pose>Unspecified</pose>
		<truncated>0</truncated>
		<difficult>0</difficult>
		<occluded>0</occluded>
		<bndbox>
			<xmin>109</xmin>
			<xmax>148</xmax>
			<ymin>296</ymin>
			<ymax>425</ymax>
		</bndbox>
		<polygon>
			<x1>125.815201</x1>
			<y1>401.224786</y1>
			<x2>127.794157</x2>
			<y2>424.317052</y2>
			<x3>133.731025</x3>
			<y3>400.661561</y3>
			<x4>137.406229</x4>
			<y4>364.615098</y4>
			<x5>143.625805</x5>
			<y5>346.02864</y5>
			<x6>147.301009</x6>
			<y6>316.177662</y6>
			<x7>138.537061</x7>
			<y7>301.533787</y7>
			<x8>131.469361</x8>
			<y8>302.097013</y8>
			<x9>119.030209</x9>
			<y9>294.775075</y9>
			<x10>113.658757</x10>
			<y10>298.154431</y10>
			<x11>108.875764</x11>
			<y11>307.207177</y11>
			<x12>107.721889</x12>
			<y12>331.384764</y12>
			<x13>109.983553</x13>
			<y13>404.604142</y13>
			<x14>118.747501</x14>
			<y14>404.040916</y14>
			<x15>124.684369</x15>
			<y15>370.810583</y15>
			<x16>125.815201</x16>
			<y16>401.224786</y16>
		</polygon>
	</object>
	<object>
		<name>RMD</name>
		<pose>Unspecified</pose>
		<truncated>0</truncated>
		<difficult>0</difficult>
		<occluded>0</occluded>
		<bndbox>
			<xmin>131</xmin>
			<xmax>186</xmax>
			<ymin>308</ymin>
			<ymax>438</ymax>
		</bndbox>
		<polygon>
			<x1>180.943261</x1>
			<y1>322.936374</y1>
			<x2>175.571809</x2>
			<y2>320.120244</y2>
			<x3>167.938693</x3>
			<y3>318.430566</y3>
			<x4>159.740161</x4>
			<y4>306.602821</y4>
			<x5>153.520585</x5>
			<y5>306.602821</y5>
			<x6>148.461451</x6>
			<y6>314.533677</y6>
			<x7>144.756637</x7>
			<y7>322.936374</y7>
			<x8>142.777681</x8>
			<y8>342.086058</y8>
			<x9>135.992689</x9>
			<y9>370.810583</y9>
			<x10>133.448317</x10>
			<y10>396.718979</y10>
			<x11>130.055821</x11>
			<y11>418.121566</y11>
			<x12>132.317485</x12>
			<y12>432.202216</y12>
			<x13>138.254353</x13>
			<y13>425.443504</y13>
			<x14>149.279965</x14>
			<y14>391.649944</y14>
			<x15>150.976213</x15>
			<y15>389.960267</y15>
			<x16>147.018301</x16>
			<y16>406.29382</y16>
			<x17>142.212265</x17>
			<y17>417.55834</y17>
			<x18>139.950601</x18>
			<y18>428.822859</y18>
			<x19>142.212265</x19>
			<y19>437.271249</y19>
			<x20>150.410797</x20>
			<y20>429.949312</y20>
			<x21>156.064957</x21>
			<y21>420.937696</y21>
			<x22>164.263489</x22>
			<y22>407.420273</y22>
			<x23>171.613897</x23>
			<y23>374.189939</y23>
			<x24>180.660553</x24>
			<y24>351.097674</y24>
			<x25>184.618465</x25>
			<y25>331.384764</y25>
			<x26>180.943261</x26>
			<y26>322.936374</y26>
		</polygon>
	</object>
	<object>
		<name>RMD</name>
		<pose>Unspecified</pose>
		<truncated>0</truncated>
		<difficult>0</difficult>
		<occluded>0</occluded>
		<bndbox>
			<xmin>162</xmin>
			<xmax>223</xmax>
			<ymin>329</ymin>
			<ymax>470</ymax>
		</bndbox>
		<polygon>
			<x1>203.842609</x1>
			<y1>344.338962</y1>
			<x2>190.555333</x2>
			<y2>328.005408</y2>
			<x3>186.597421</x3>
			<y3>331.94799</y3>
			<x4>180.130001</x4>
			<y4>337.640331</y4>
			<x5>178.398889</x5>
			<y5>352.224126</y5>
			<x6>176.702641</x6>
			<y6>370.247357</y6>
			<x7>169.917649</x7>
			<y7>390.523492</y7>
			<x8>163.132657</x8>
			<y8>418.684792</y8>
			<x9>161.436409</x9>
			<y9>435.581571</y9>
			<x10>163.980781</x10>
			<y10>444.593187</y10>
			<x11>169.352233</x11>
			<y11>439.524153</y11>
			<x12>177.833473</x12>
			<y12>419.248018</y12>
			<x13>185.183881</x13>
			<y13>407.420273</y13>
			<x14>178.398889</x14>
			<y14>440.650606</y14>
			<x15>176.137225</x15>
			<y15>462.053193</y15>
			<x16>180.095137</x16>
			<y16>468.811904</y16>
			<x17>185.749297</x17>
			<y17>459.237063</y17>
			<x18>200.450113</x18>
			<y18>425.443504</y18>
			<x19>206.386981</x19>
			<y19>397.845431</y19>
			<x20>215.433637</x20>
			<y20>374.753165</y20>
			<x21>221.935921</x21>
			<y21>354.477029</y21>
			<x22>219.674257</x22>
			<y22>341.522832</y22>
			<x23>209.214061</x23>
			<y23>338.706702</y23>
			<x24>203.842609</x24>
			<y24>344.338962</y24>
		</polygon>
	</object>
	<object>
		<name>RPMD</name>
		<pose>Unspecified</pose>
		<truncated>0</truncated>
		<difficult>0</difficult>
		<occluded>0</occluded>
		<bndbox>
			<xmin>200</xmin>
			<xmax>243</xmax>
			<ymin>352</ymin>
			<ymax>489</ymax>
		</bndbox>
		<polygon>
			<x1>202.64981</x1>
			<y1>488.397614</y1>
			<x2>209.536375</x2>
			<y2>486.286878</y2>
			<x3>215.363468</x3>
			<y3>472.918885</y3>
			<x4>228.783441</x4>
			<y4>428.241646</y4>
			<x5>235.14027</x5>
			<y5>396.932399</y5>
			<x6>240.790784</x6>
			<y6>376.880409</y6>
			<x7>242.203413</x7>
			<y7>364.919574</y7>
			<x8>241.850256</x8>
			<y8>353.310527</y8>
			<x9>233.021326</x9>
			<y9>354.717684</y9>
			<x10>228.253705</x10>
			<y10>350.848002</y10>
			<x11>223.83924</x11>
			<y11>354.365895</y11>
			<x12>217.129254</x12>
			<y12>352.958737</y12>
			<x13>216.069783</x13>
			<y13>360.698102</y13>
			<x14>213.95084</x14>
			<y14>379.694724</y14>
			<x15>199.824553</x15>
			<y15>468.697414</y15>
			<x16>199.294817</x16>
			<y16>479.251092</y16>
			<x17>202.64981</x17>
			<y17>488.397614</y17>
		</polygon>
	</object>
	<object>
		<name>RPMD</name>
		<pose>Unspecified</pose>
		<truncated>0</truncated>
		<difficult>0</difficult>
		<occluded>0</occluded>
		<bndbox>
			<xmin>223</xmin>
			<xmax>264</xmax>
			<ymin>362</ymin>
			<ymax>492</ymax>
		</bndbox>
		<polygon>
			<x1>245.734984</x1>
			<y1>463.068785</y1>
			<x2>254.563914</x2>
			<y2>414.521863</y2>
			<x3>263.039685</x3>
			<y3>380.398302</y3>
			<x4>252.974707</x4>
			<y4>361.75347</y4>
			<x5>248.407989</x5>
			<y5>361.455209</y5>
			<x6>236.37632</x6>
			<y6>369.492834</y6>
			<x7>235.316848</x7>
			<y7>389.193034</y7>
			<x8>232.668169</x8>
			<y8>437.739956</y8>
			<x9>224.368976</x9>
			<y9>475.029621</y9>
			<x10>222.073455</x10>
			<y10>483.472564</y10>
			<x11>225.605026</x11>
			<y11>490.508349</y11>
			<x12>235.846584</x12>
			<y12>487.342246</y12>
			<x13>245.734984</x13>
			<y13>463.068785</y13>
		</polygon>
	</object>
	<object>
		<name>RCD</name>
		<pose>Unspecified</pose>
		<truncated>0</truncated>
		<difficult>0</difficult>
		<occluded>0</occluded>
		<bndbox>
			<xmin>245</xmin>
			<xmax>284</xmax>
			<ymin>370</ymin>
			<ymax>508</ymax>
		</bndbox>
		<polygon>
			<x1>251.032342</x1>
			<y1>506.71433</y1>
			<x2>259.331535</x2>
			<y2>503.196438</y2>
			<x3>267.630729</x3>
			<y3>479.274766</y3>
			<x4>283.169644</x4>
			<y4>396.252494</y4>
			<x5>274.899171</x5>
			<y5>369.199395</y5>
			<x6>257.742328</x6>
			<y6>378.991145</y6>
			<x7>244.498934</x7>
			<y7>494.026243</y7>
			<x8>245.02867</x8>
			<y8>501.085702</y8>
			<x9>251.032342</x9>
			<y9>506.71433</y9>
		</polygon>
	</object>
	<object>
		<name>RID</name>
		<pose>Unspecified</pose>
		<truncated>0</truncated>
		<difficult>0</difficult>
		<occluded>0</occluded>
		<bndbox>
			<xmin>277</xmin>
			<xmax>302</xmax>
			<ymin>386</ymin>
			<ymax>516</ymax>
		</bndbox>
		<polygon>
			<x1>298.708559</x1>
			<y1>384.643447</y1>
			<x2>296.268725</x2>
			<y2>386.095802</y2>
			<x3>275.929922</x3>
			<y3>397.659651</y3>
			<x4>277.519129</x4>
			<y4>419.470587</y4>
			<x5>289.526473</x5>
			<y5>505.307173</y5>
			<x6>300.650924</x6>
			<y6>515.157273</y6>
			<x7>298.708559</x7>
			<y7>426.858162</y7>
			<x8>298.708559</x8>
			<y8>384.643447</y8>
		</polygon>
	</object>
	<object>
		<name>RID</name>
		<pose>Unspecified</pose>
		<truncated>0</truncated>
		<difficult>0</difficult>
		<occluded>0</occluded>
		<bndbox>
			<xmin>299</xmin>
			<xmax>319</xmax>
			<ymin>387</ymin>
			<ymax>504</ymax>
		</bndbox>
		<polygon>
			<x1>310.383725</x1>
			<y1>502.506011</y1>
			<x2>315.327925</x2>
			<y2>502.506011</y2>
			<x3>317.800025</x3>
			<y3>421.946263</y3>
			<x4>318.329761</x4>
			<y4>396.969224</y4>
			<x5>317.093711</x5>
			<y5>388.174492</y5>
			<x6>298.388019</x6>
			<y6>386.447811</y6>
			<x7>299.435853</x7>
			<y7>420.187317</y7>
			<x8>302.967424</x8>
			<y8>451.848353</y8>
			<x9>310.383725</x9>
			<y9>502.506011</y9>
		</polygon>
	</object>
	<object>
		<name>LID</name>
		<pose>Unspecified</pose>
		<truncated>0</truncated>
		<difficult>0</difficult>
		<occluded>0</occluded>
		<bndbox>
			<xmin>318</xmin>
			<xmax>340</xmax>
			<ymin>388</ymin>
			<ymax>502</ymax>
		</bndbox>
		<polygon>
			<x1>317.27029</x1>
			<y1>388.526281</y1>
			<x2>318.50634</x2>
			<y2>422.298052</y2>
			<x3>323.097383</x3>
			<y3>449.034039</y3>
			<x4>334.751569</x4>
			<y4>500.747064</y4>
			<x5>338.636298</x5>
			<y5>498.284539</y5>
			<x6>335.634462</x6>
			<y6>426.519524</y6>
			<x7>336.870512</x7>
			<y7>392.395963</y7>
			<x8>335.104726</x8>
			<y8>387.119124</y8>
			<x9>319.22775</x9>
			<y9>387.151828</y9>
			<x10>317.27029</x10>
			<y10>388.526281</y10>
		</polygon>
	</object>
	<object>
		<name>LID</name>
		<pose>Unspecified</pose>
		<truncated>0</truncated>
		<difficult>0</difficult>
		<occluded>0</occluded>
		<bndbox>
			<xmin>335</xmin>
			<xmax>358</xmax>
			<ymin>392</ymin>
			<ymax>502</ymax>
		</bndbox>
		<polygon>
			<x1>337.576826</x1>
			<y1>433.203521</y1>
			<x2>347.641806</x2>
			<y2>488.08265</y2>
			<x3>354.881528</x3>
			<y3>500.395275</y3>
			<x4>357.353628</x4>
			<y4>500.747064</y4>
			<x5>355.411263</x5>
			<y5>450.441196</y5>
			<x6>355.234685</x6>
			<y6>427.223102</y6>
			<x7>357.177049</x7>
			<y7>395.913856</y7>
			<x8>343.246422</x8>
			<y8>391.023921</y8>
			<x9>333.692098</x9>
			<y9>401.190696</y9>
			<x10>337.576826</x10>
			<y10>433.203521</y10>
		</polygon>
	</object>
	<object>
		<name>LCD</name>
		<pose>Unspecified</pose>
		<truncated>0</truncated>
		<difficult>0</difficult>
		<occluded>0</occluded>
		<bndbox>
			<xmin>354</xmin>
			<xmax>393</xmax>
			<ymin>380</ymin>
			<ymax>518</ymax>
		</bndbox>
		<polygon>
			<x1>386.135937</x1>
			<y1>474.362867</y1>
			<x2>379.072793</x2>
			<y2>429.685628</y2>
			<x3>378.543058</x3>
			<y3>390.988806</y3>
			<x4>362.297828</x4>
			<y4>379.379759</y4>
			<x5>352.762585</x5>
			<y5>391.692385</y5>
			<x6>354.704949</x6>
			<y6>406.819324</y6>
			<x7>357.883364</x7>
			<y7>433.55531</y7>
			<x8>364.416771</x8>
			<y8>467.678871</y8>
			<x9>373.069122</x9>
			<y9>494.414857</y9>
			<x10>381.721472</x10>
			<y10>509.541796</y10>
			<x11>391.786451</x11>
			<y11>516.929371</y11>
			<x12>386.135937</x12>
			<y12>474.362867</y12>
		</polygon>
	</object>
	<object>
		<name>LPMD</name>
		<pose>Unspecified</pose>
		<truncated>0</truncated>
		<difficult>0</difficult>
		<occluded>0</occluded>
		<bndbox>
			<xmin>376</xmin>
			<xmax>411</xmax>
			<ymin>373</ymin>
			<ymax>502</ymax>
		</bndbox>
		<polygon>
			<x1>398.496437</x1>
			<y1>490.193386</y1>
			<x2>406.265895</x2>
			<y2>501.098853</y2>
			<x3>410.327202</x3>
			<y3>495.118436</y3>
			<x4>408.20826</x4>
			<y4>482.102232</y4>
			<x5>400.438802</x5>
			<y5>442.350042</y5>
			<x6>398.496437</x6>
			<y6>382.897652</y6>
			<x7>382.806588</x7>
			<y7>372.015463</y7>
			<x8>374.658329</x8>
			<y8>388.174492</y8>
			<x9>374.658329</x9>
			<y9>393.803121</y9>
			<x10>376.070958</x10>
			<y10>403.653221</y10>
			<x11>381.721472</x11>
			<y11>424.408789</y11>
			<x12>386.489094</x12>
			<y12>451.144774</y12>
			<x13>392.139608</x13>
			<y13>472.95571</y13>
			<x14>398.496437</x14>
			<y14>490.193386</y14>
		</polygon>
	</object>
	<object>
		<name>LPMD</name>
		<pose>Unspecified</pose>
		<truncated>0</truncated>
		<difficult>0</difficult>
		<occluded>0</occluded>
		<bndbox>
			<xmin>394</xmin>
			<xmax>435</xmax>
			<ymin>362</ymin>
			<ymax>496</ymax>
		</bndbox>
		<polygon>
			<x1>425.182541</x1>
			<y1>494.735082</y1>
			<x2>430.126741</x2>
			<y2>494.031503</y2>
			<x3>433.834891</x3>
			<y3>489.810032</y3>
			<x4>433.481734</x4>
			<y4>467.999096</y4>
			<x5>427.478062</x5>
			<y5>433.523746</y5>
			<x6>421.650969</x6>
			<y6>395.178713</y6>
			<x7>420.061762</x7>
			<y7>377.941038</y7>
			<x8>418.119397</x8>
			<y8>365.980202</y8>
			<x9>414.05809</x9>
			<y9>360.703363</y9>
			<x10>401.167853</x10>
			<y10>363.165888</y10>
			<x11>393.928132</x11>
			<y11>364.573045</y11>
			<x12>392.86866</x12>
			<y12>374.774934</y12>
			<x13>393.574974</x13>
			<y13>388.494717</y13>
			<x14>398.519175</x14>
			<y14>398.344817</y14>
			<x15>420.414919</x15>
			<y15>479.608142</y15>
			<x16>425.182541</x16>
			<y16>494.735082</y16>
		</polygon>
	</object>
	<object>
		<name>LMD</name>
		<pose>Unspecified</pose>
		<truncated>0</truncated>
		<difficult>0</difficult>
		<occluded>0</occluded>
		<bndbox>
			<xmin>413</xmin>
			<xmax>475</xmax>
			<ymin>333</ymin>
			<ymax>470</ymax>
		</bndbox>
		<polygon>
			<x1>467.031665</x1>
			<y1>417.693227</y1>
			<x2>456.790107</x2>
			<y2>386.032192</y2>
			<x3>452.022485</x3>
			<y3>362.814099</y3>
			<x4>452.728799</x4>
			<y4>350.501474</y4>
			<x5>449.197228</x5>
			<y5>337.837059</y5>
			<x6>443.89987</x6>
			<y6>336.429902</y6>
			<x7>436.130413</x7>
			<y7>331.856641</y7>
			<x8>431.53937</x8>
			<y8>336.781691</y8>
			<x9>426.771748</x9>
			<y9>344.872845</y9>
			<x10>425.005962</x10>
			<y10>348.742527</y10>
			<x11>417.942819</x11>
			<y11>344.872845</y11>
			<x12>412.115726</x12>
			<y12>349.797895</y12>
			<x13>411.939147</x13>
			<y13>358.592627</y13>
			<x14>413.528354</x14>
			<y14>371.257041</y14>
			<x15>416.353611</x15>
			<y15>380.755353</y15>
			<x16>425.005962</x16>
			<y16>395.530502</y16>
			<x17>430.833055</x17>
			<y17>424.025435</y17>
			<x18>438.249356</x18>
			<y18>449.002474</y18>
			<x19>446.37197</x19>
			<y19>463.074046</y19>
			<x20>450.963014</x20>
			<y20>468.702674</y20>
			<x21>456.260371</x21>
			<y21>468.350885</y21>
			<x22>459.085628</x22>
			<y22>466.591939</y22>
			<x23>457.673</x23>
			<y23>456.03826</y23>
			<x24>452.375642</x24>
			<y24>440.207742</y24>
			<x25>446.37197</x25>
			<y25>424.729013</y25>
			<x26>444.253028</x26>
			<y26>411.361021</y26>
			<x27>446.195392</x27>
			<y27>411.71281</y27>
			<x28>459.791943</x28>
			<y28>440.559531</y28>
			<x29>467.5614</x29>
			<y29>454.279314</y29>
			<x30>473.211915</x30>
			<y30>452.168578</y30>
			<x31>474.447965</x31>
			<y31>442.670267</y31>
			<x32>467.031665</x32>
			<y32>417.693227</y32>
		</polygon>
	</object>
	<object>
		<name>LMD</name>
		<pose>Unspecified</pose>
		<truncated>0</truncated>
		<difficult>0</difficult>
		<occluded>0</occluded>
		<bndbox>
			<xmin>449</xmin>
			<xmax>504</xmax>
			<ymin>313</ymin>
			<ymax>437</ymax>
		</bndbox>
		<polygon>
			<x1>491.929245</x1>
			<y1>372.664199</y1>
			<x2>488.044516</x2>
			<y2>351.908631</y2>
			<x3>485.219259</x3>
			<y3>332.56022</y3>
			<x4>482.217423</x4>
			<y4>319.192227</y4>
			<x5>477.802958</x5>
			<y5>312.860019</y5>
			<x6>470.386658</x6>
			<y6>311.804652</y6>
			<x7>465.795615</x7>
			<y7>320.247594</y7>
			<x8>459.791943</x8>
			<y8>323.765488</y8>
			<x9>452.375642</x9>
			<y9>327.986959</y9>
			<x10>448.667492</x10>
			<y10>329.745906</y10>
			<x11>447.798288</x11>
			<y11>336.462606</y11>
			<x12>448.137756</x12>
			<y12>350.853263</y12>
			<x13>458.026157</x13>
			<y13>372.664199</y13>
			<x14>461.734307</x14>
			<y14>381.107142</y14>
			<x15>466.501929</x15>
			<y15>399.751974</y15>
			<x16>477.096644</x16>
			<y16>425.432592</y16>
			<x17>484.689523</x17>
			<y17>436.33806</y17>
			<x18>489.810302</x18>
			<y18>434.930903</y18>
			<x19>492.282402</x19>
			<y19>424.025435</y19>
			<x20>490.163459</x20>
			<y20>418.045017</y20>
			<x21>485.925573</x21>
			<y21>408.898496</y21>
			<x22>482.040844</x22>
			<y22>396.937659</y22>
			<x23>478.86243</x23>
			<y23>388.494717</y23>
			<x24>486.631887</x24>
			<y24>403.621656</y24>
			<x25>492.635559</x25>
			<y25>420.859331</y25>
			<x26>500.051859</x26>
			<y26>429.302274</y26>
			<x27>502.700538</x27>
			<y27>421.56291</y27>
			<x28>501.641067</x28>
			<y28>405.380603</y28>
			<x29>497.756338</x29>
			<y29>389.198295</y29>
			<x30>491.929245</x30>
			<y30>372.664199</y30>
		</polygon>
	</object>
	<object>
		<name>LMD</name>
		<pose>Unspecified</pose>
		<truncated>0</truncated>
		<difficult>0</difficult>
		<occluded>0</occluded>
		<bndbox>
			<xmin>482</xmin>
			<xmax>525</xmax>
			<ymin>291</ymin>
			<ymax>412</ymax>
		</bndbox>
		<polygon>
			<x1>484.873895</x1>
			<y1>303.664618</y1>
			<x2>481.353786</x2>
			<y2>315.342097</y2>
			<x3>487.875731</x3>
			<y3>348.341857</y3>
			<x4>493.349667</x4>
			<y4>377.188579</y4>
			<x5>501.295704</x5>
			<y5>395.833411</y5>
			<x6>510.124633</x6>
			<y6>410.608561</y6>
			<x7>516.304883</x7>
			<y7>411.312139</y7>
			<x8>514.892254</x8>
			<y8>402.869197</y8>
			<x9>506.063325</x9>
			<y9>364.172375</y9>
			<x10>516.304883</x10>
			<y10>406.738879</y10>
			<x11>518.070669</x11>
			<y11>409.201404</y11>
			<x12>522.131976</x12>
			<y12>398.295936</y12>
			<x13>523.544605</x13>
			<y13>384.576154</y13>
			<x14>522.661712</x14>
			<y14>362.413428</y14>
			<x15>518.776983</x15>
			<y15>330.048814</y15>
			<x16>519.836455</x16>
			<y16>309.996824</y16>
			<x17>515.951726</x17>
			<y17>297.684199</y17>
			<x18>509.24174</x18>
			<y18>290.296624</y18>
			<x19>501.295704</x19>
			<y19>301.553881</y19>
			<x20>490.877567</x20>
			<y20>296.277042</y20>
			<x21>484.873895</x21>
			<y21>303.664618</y21>
		</polygon>
	</object>
	<object>
		<name>LIU</name>
		<pose>Unspecified</pose>
		<truncated>0</truncated>
		<difficult>0</difficult>
		<occluded>0</occluded>
		<bndbox>
			<xmin>320</xmin>
			<xmax>351</xmax>
			<ymin>212</ymin>
			<ymax>376</ymax>
		</bndbox>
		<polygon>
			<x1>330.527484</x1>
			<y1>374.707641</y1>
			<x2>339.532992</x2>
			<y2>374.707641</y2>
			<x3>345.360085</x3>
			<y3>371.189748</y3>
			<x4>348.891656</x4>
			<y4>367.671855</y4>
			<x5>350.127706</x5>
			<y5>352.544916</y5>
			<x6>348.891656</x6>
			<y6>314.551672</y6>
			<x7>347.655606</x7>
			<y7>228.363297</y7>
			<x8>340.94562</x8>
			<y8>210.773832</y8>
			<x9>328.411359</x9>
			<y9>224.875916</y9>
			<x10>323.46434</x10>
			<y10>309.626622</y10>
			<x11>320.285926</x11>
			<y11>338.473344</y11>
			<x12>318.52014</x12>
			<y12>360.987859</y12>
			<x13>319.226454</x13>
			<y13>366.616488</y13>
			<x14>323.994076</x14>
			<y14>372.245116</y14>
			<x15>330.527484</x15>
			<y15>374.707641</y15>
		</polygon>
	</object>
	<object>
		<name>LIU</name>
		<pose>Unspecified</pose>
		<truncated>0</truncated>
		<difficult>0</difficult>
		<occluded>0</occluded>
		<bndbox>
			<xmin>351</xmin>
			<xmax>374</xmax>
			<ymin>227</ymin>
			<ymax>373</ymax>
		</bndbox>
		<polygon>
			<x1>350.127706</x1>
			<y1>364.505752</y1>
			<x2>352.776385</x2>
			<y2>370.13438</y2>
			<x3>358.603478</x3>
			<y3>372.245116</y3>
			<x4>364.253993</x4>
			<y4>371.541538</y4>
			<x5>369.198193</x5>
			<y5>368.375434</y5>
			<x6>371.317136</x6>
			<y6>360.636069</y6>
			<x7>372.729765</x7>
			<y7>350.082391</y7>
			<x8>372.023451</x8>
			<y8>331.085769</y8>
			<x9>370.434243</x9>
			<y9>313.144516</y9>
			<x10>368.138722</x10>
			<y10>262.135069</y10>
			<x11>362.311629</x11>
			<y11>225.548982</y11>
			<x12>357.19085</x12>
			<y12>225.548982</y12>
			<x13>350.487345</x13>
			<y13>237.548222</y13>
			<x14>352.776385</x14>
			<y14>312.792726</y14>
			<x15>350.480864</x15>
			<y15>340.935869</y15>
			<x16>349.597971</x16>
			<y16>351.841338</y16>
			<x17>350.127706</x17>
			<y17>364.505752</y17>
		</polygon>
	</object>
	<object>
		<name>LCU</name>
		<pose>Unspecified</pose>
		<truncated>0</truncated>
		<difficult>0</difficult>
		<occluded>0</occluded>
		<bndbox>
			<xmin>371</xmin>
			<xmax>401</xmax>
			<ymin>198</ymin>
			<ymax>372</ymax>
		</bndbox>
		<polygon>
			<x1>391.451255</x1>
			<y1>369.441323</y1>
			<x2>396.925191</x2>
			<y2>356.07333</y2>
			<x3>399.927027</x3>
			<y3>335.317762</y3>
			<x4>396.218877</x4>
			<y4>312.803247</y4>
			<x5>392.334148</x5>
			<y5>207.61825</y5>
			<x6>387.919684</x6>
			<y6>196.712783</y6>
			<x7>379.451038</x7>
			<y7>204.811433</y7>
			<x8>373.969976</x8>
			<y8>293.454837</y8>
			<x9>373.969976</x9>
			<y9>311.044301</y9>
			<x10>370.085247</x10>
			<y10>335.317762</y10>
			<x11>371.497876</x11>
			<y11>347.630387</y11>
			<x12>378.38444</x12>
			<y12>363.109116</y12>
			<x13>387.743105</x13>
			<y13>371.200269</y13>
			<x14>391.451255</x14>
			<y14>369.441323</y14>
		</polygon>
	</object>
	<object>
		<name>LPMU</name>
		<pose>Unspecified</pose>
		<truncated>0</truncated>
		<difficult>0</difficult>
		<occluded>0</occluded>
		<bndbox>
			<xmin>393</xmin>
			<xmax>423</xmax>
			<ymin>210</ymin>
			<ymax>362</ymax>
		</bndbox>
		<polygon>
			<x1>417.938043</x1>
			<y1>356.425119</y1>
			<x2>421.646193</x2>
			<y2>345.167863</y2>
			<x3>422.175929</x3>
			<y3>333.558816</y3>
			<x4>417.05515</x4>
			<y4>310.340722</y4>
			<x5>415.112785</x5>
			<y5>220.634454</y5>
			<x6>406.990171</x6>
			<y6>209.025407</y6>
			<x7>399.407728</x7>
			<y7>220.651814</y7>
			<x8>394.099934</x8>
			<y8>305.415672</y8>
			<x9>391.804412</x9>
			<y9>331.096291</y9>
			<x10>394.099934</x10>
			<y10>347.982176</y10>
			<x11>398.690977</x11>
			<y11>355.017962</y11>
			<x12>405.047806</x12>
			<y12>353.259016</y12>
			<x13>412.817264</x13>
			<y13>361.350169</y13>
			<x14>417.938043</x14>
			<y14>356.425119</y14>
		</polygon>
	</object>
	<object>
		<name>LPMU</name>
		<pose>Unspecified</pose>
		<truncated>0</truncated>
		<difficult>0</difficult>
		<occluded>0</occluded>
		<bndbox>
			<xmin>416</xmin>
			<xmax>443</xmax>
			<ymin>204</ymin>
			<ymax>344</ymax>
		</bndbox>
		<polygon>
			<x1>439.833787</x1>
			<y1>340.219139</y1>
			<x2>442.305887</x2>
			<y2>332.479774</y2>
			<x3>442.482466</x3>
			<y3>323.333253</y3>
			<x4>437.00853</x4>
			<y4>280.766749</y4>
			<x5>428.1796</x5>
			<y5>204.428474</y5>
			<x6>422.529086</x6>
			<y6>203.021316</y6>
			<x7>418.304772</x7>
			<y7>212.907628</y7>
			<x8>416.172257</x8>
			<y8>306.447367</y8>
			<x9>414.759628</x9>
			<y9>321.926096</y9>
			<x10>415.642521</x10>
			<y10>332.479774</y10>
			<x11>422.529086</x11>
			<y11>342.681664</y11>
			<x12>426.766972</x12>
			<y12>340.922717</y12>
			<x13>432.947222</x13>
			<y13>339.867349</y13>
			<x14>439.833787</x14>
			<y14>340.219139</y14>
		</polygon>
	</object>
	<object>
		<name>LMU</name>
		<pose>Unspecified</pose>
		<truncated>0</truncated>
		<difficult>0</difficult>
		<occluded>0</occluded>
		<bndbox>
			<xmin>437</xmin>
			<xmax>471</xmax>
			<ymin>189</ymin>
			<ymax>332</ymax>
		</bndbox>
		<polygon>
			<x1>464.907946</x1>
			<y1>322.981464</y1>
			<x2>470.381882</x2>
			<y2>311.020628</y2>
			<x3>469.498989</x3>
			<y3>287.098956</y3>
			<x4>462.259267</x4>
			<y4>256.493288</y4>
			<x5>458.551117</x5>
			<y5>192.819427</y5>
			<x6>447.779823</x6>
			<y6>188.246166</y6>
			<x7>438.084855</x7>
			<y7>206.571475</y7>
			<x8>438.774315</x8>
			<y8>273.379174</y8>
			<x9>436.655373</x9>
			<y9>293.079374</y9>
			<x10>436.125637</x10>
			<y10>312.427785</y10>
			<x11>440.363523</x11>
			<y11>326.147567</y11>
			<x12>447.073509</x12>
			<y12>330.720828</y12>
			<x13>459.610588</x13>
			<y13>326.851146</y13>
			<x14>464.907946</x14>
			<y14>322.981464</y14>
		</polygon>
	</object>
	<object>
		<name>LMU</name>
		<pose>Unspecified</pose>
		<truncated>0</truncated>
		<difficult>0</difficult>
		<occluded>0</occluded>
		<bndbox>
			<xmin>465</xmin>
			<xmax>503</xmax>
			<ymin>171</ymin>
			<ymax>310</ymax>
		</bndbox>
		<polygon>
			<x1>498.104719</x1>
			<y1>292.375796</y1>
			<x2>501.812869</x2>
			<y2>269.157703</y2>
			<x3>497.751562</x3>
			<y3>254.734342</y3>
			<x4>489.805526</x4>
			<y4>233.978774</y4>
			<x5>477.091868</x5>
			<y5>174.526384</y5>
			<x6>468.439517</x6>
			<y6>170.304913</y6>
			<x7>463.869606</x7>
			<y7>187.563017</y7>
			<x8>467.909782</x8>
			<y8>259.307603</y8>
			<x9>467.909782</x9>
			<y9>277.248856</y9>
			<x10>469.32241</x10>
			<y10>295.893689</y10>
			<x11>475.855818</x11>
			<y11>307.150946</y11>
			<x12>483.801854</x12>
			<y12>309.261681</y12>
			<x13>489.27579</x13>
			<y13>297.652635</y13>
			<x14>498.104719</x14>
			<y14>292.375796</y14>
		</polygon>
	</object>
	<object>
		<name>LMU</name>
		<pose>Unspecified</pose>
		<truncated>0</truncated>
		<difficult>0</difficult>
		<occluded>0</occluded>
		<bndbox>
			<xmin>488</xmin>
			<xmax>530</xmax>
			<ymin>169</ymin>
			<ymax>278</ymax>
		</bndbox>
		<polygon>
			<x1>526.180714</x1>
			<y1>225.535831</y1>
			<x2>509.405749</x2>
			<y2>194.578373</y2>
			<x3>498.987612</x3>
			<y3>170.656702</y3>
			<x4>490.864997</x4>
			<y4>167.842387</y4>
			<x5>487.333426</x5>
			<y5>179.803223</y5>
			<x6>491.394733</x6>
			<y6>236.793088</y6>
			<x7>498.104719</x7>
			<y7>259.307603</y7>
			<x8>502.872341</x8>
			<y8>273.379174</y8>
			<x9>518.234678</x9>
			<y9>276.545277</y9>
			<x10>524.944664</x10>
			<y10>267.750546</y10>
			<x11>528.652814</x11>
			<y11>241.014559</y11>
			<x12>529.18255</x12>
			<y12>229.757303</y12>
			<x13>526.180714</x13>
			<y13>225.535831</y13>
		</polygon>
	</object>
	<metadata>
		<tags>
			<tag>teeth</tag>
		</tags>
	</metadata>
</annotation>
