<annotation>
	<folder></folder>
	<filename>14_jpg.rf.5b882a5fc7d23633012334764c2ae68f.jpg</filename>
	<path>14_jpg.rf.5b882a5fc7d23633012334764c2ae68f.jpg</path>
	<source>
		<database>roboflow.com</database>
	</source>
	<size>
		<width>640</width>
		<height>640</height>
		<depth>3</depth>
	</size>
	<segmented>0</segmented>
	<object>
		<name>RCU</name>
		<pose>Unspecified</pose>
		<truncated>0</truncated>
		<difficult>0</difficult>
		<occluded>0</occluded>
		<bndbox>
			<xmin>242</xmin>
			<xmax>269</xmax>
			<ymin>277</ymin>
			<ymax>394</ymax>
		</bndbox>
		<polygon>
			<x1>267.546436</x1>
			<y1>308.9375</y1>
			<x2>267.546436</x2>
			<y2>276.125</y2>
			<x3>253.723542</x3>
			<y3>302.6875</y3>
			<x4>246.812095</x4>
			<y4>332.375</y4>
			<x5>242.492441</x5>
			<y5>357.375</y5>
			<x6>240.764579</x6>
			<y6>377.6875</y6>
			<x7>258.043197</x7>
			<y7>393.3125</y7>
			<x8>261.49892</x8>
			<y8>379.25</y8>
			<x9>264.090713</x9>
			<y9>343.3125</y9>
			<x10>267.546436</x10>
			<y10>308.9375</y10>
		</polygon>
	</object>
	<object>
		<name>RIU</name>
		<pose>Unspecified</pose>
		<truncated>0</truncated>
		<difficult>0</difficult>
		<occluded>0</occluded>
		<bndbox>
			<xmin>264</xmin>
			<xmax>297</xmax>
			<ymin>249</ymin>
			<ymax>396</ymax>
		</bndbox>
		<polygon>
			<x1>268.410367</x1>
			<y1>390.1875</y1>
			<x2>285.688985</x2>
			<y2>394.875</y2>
			<x3>290.87257</x3>
			<y3>363.625</y3>
			<x4>291.736501</x4>
			<y4>319.875</y4>
			<x5>296.056156</x5>
			<y5>279.25</y5>
			<x6>296.056156</x6>
			<y6>252.6875</y6>
			<x7>278.777538</x7>
			<y7>248</y7>
			<x8>271.00216</x8>
			<y8>287.0625</y8>
			<x9>266.682505</x9>
			<y9>318.3125</y9>
			<x10>264.090713</x10>
			<y10>349.5625</y10>
			<x11>263.226782</x11>
			<y11>366.75</y11>
			<x12>268.410367</x12>
			<y12>390.1875</y12>
		</polygon>
	</object>
	<object>
		<name>RIU</name>
		<pose>Unspecified</pose>
		<truncated>0</truncated>
		<difficult>0</difficult>
		<occluded>0</occluded>
		<bndbox>
			<xmin>288</xmin>
			<xmax>318</xmax>
			<ymin>226</ymin>
			<ymax>415</ymax>
		</bndbox>
		<polygon>
			<x1>290.87257</x1>
			<y1>344.875</y1>
			<x2>287.416847</x2>
			<y2>388.625</y2>
			<x3>296.056156</x3>
			<y3>404.25</y3>
			<x4>313.334773</x4>
			<y4>413.625</y4>
			<x5>315.926566</x5>
			<y5>390.1875</y5>
			<x6>316.790497</x6>
			<y6>351.125</y6>
			<x7>316.790497</x7>
			<y7>319.875</y7>
			<x8>315.926566</x8>
			<y8>283.9375</y8>
			<x9>315.926566</x9>
			<y9>244.875</y9>
			<x10>315.062635</x10>
			<y10>224.5625</y10>
			<x11>297.784017</x11>
			<y11>232.375</y11>
			<x12>296.056156</x12>
			<y12>283.9375</y12>
			<x13>293.464363</x13>
			<y13>307.375</y13>
			<x14>290.87257</x14>
			<y14>344.875</y14>
		</polygon>
	</object>
	<object>
		<name>RCD</name>
		<pose>Unspecified</pose>
		<truncated>0</truncated>
		<difficult>0</difficult>
		<occluded>0</occluded>
		<bndbox>
			<xmin>253</xmin>
			<xmax>285</xmax>
			<ymin>405</ymin>
			<ymax>501</ymax>
		</bndbox>
		<polygon>
			<x1>251.99568</x1>
			<y1>488.625</y1>
			<x2>263.226782</x2>
			<y2>499.5625</y2>
			<x3>271.866091</x3>
			<y3>480.8125</y3>
			<x4>278.777538</x4>
			<y4>449.5625</y4>
			<x5>283.961123</x5>
			<y5>410.5</y5>
			<x6>264.090713</x6>
			<y6>404.25</y6>
			<x7>258.043197</x7>
			<y7>457.375</y7>
			<x8>251.99568</x8>
			<y8>488.625</y8>
		</polygon>
	</object>
	<object>
		<name>RID</name>
		<pose>Unspecified</pose>
		<truncated>0</truncated>
		<difficult>0</difficult>
		<occluded>0</occluded>
		<bndbox>
			<xmin>275</xmin>
			<xmax>298</xmax>
			<ymin>416</ymin>
			<ymax>519</ymax>
		</bndbox>
		<polygon>
			<x1>283.961123</x1>
			<y1>415.1875</y1>
			<x2>276.185745</x2>
			<y2>457.375</y2>
			<x3>275.321814</x3>
			<y3>480.8125</y3>
			<x4>274.457883</x4>
			<y4>496.4375</y4>
			<x5>281.36933</x5>
			<y5>518.3125</y5>
			<x6>290.87257</x6>
			<y6>494.875</y6>
			<x7>295.192225</x7>
			<y7>457.375</y7>
			<x8>296.920086</x8>
			<y8>421.4375</y8>
			<x9>283.961123</x9>
			<y9>415.1875</y9>
		</polygon>
	</object>
	<object>
		<name>RID</name>
		<pose>Unspecified</pose>
		<truncated>0</truncated>
		<difficult>0</difficult>
		<occluded>0</occluded>
		<bndbox>
			<xmin>290</xmin>
			<xmax>317</xmax>
			<ymin>418</ymin>
			<ymax>527</ymax>
		</bndbox>
		<polygon>
			<x1>310.742981</x1>
			<y1>488.625</y1>
			<x2>313.334773</x2>
			<y2>457.375</y2>
			<x3>315.926566</x3>
			<y3>419.875</y3>
			<x4>297.784017</x4>
			<y4>416.75</y4>
			<x5>295.192225</x5>
			<y5>466.75</y5>
			<x6>292.600432</x6>
			<y6>494.875</y6>
			<x7>289.144708</x7>
			<y7>516.75</y7>
			<x8>302.967603</x8>
			<y8>526.125</y8>
			<x9>307.287257</x9>
			<y9>515.1875</y9>
			<x10>310.742981</x10>
			<y10>488.625</y10>
		</polygon>
	</object>
	<object>
		<name>RPMD</name>
		<pose>Unspecified</pose>
		<truncated>0</truncated>
		<difficult>0</difficult>
		<occluded>0</occluded>
		<bndbox>
			<xmin>214</xmin>
			<xmax>264</xmax>
			<ymin>401</ymin>
			<ymax>538</ymax>
		</bndbox>
		<polygon>
			<x1>263.226782</x1>
			<y1>416.75</y1>
			<x2>262.362851</x2>
			<y2>399.5625</y2>
			<x3>245.084233</x3>
			<y3>401.125</y3>
			<x4>232.12527</x4>
			<y4>438.625</y4>
			<x5>226.077754</x5>
			<y5>473</y5>
			<x6>213.11879</x6>
			<y6>537.0625</y6>
			<x7>232.12527</x7>
			<y7>537.0625</y7>
			<x8>251.99568</x8>
			<y8>491.75</y8>
			<x9>258.043197</x9>
			<y9>451.125</y9>
			<x10>263.226782</x10>
			<y10>416.75</y10>
		</polygon>
	</object>
	<object>
		<name>RPMD</name>
		<pose>Unspecified</pose>
		<truncated>0</truncated>
		<difficult>0</difficult>
		<occluded>0</occluded>
		<bndbox>
			<xmin>178</xmin>
			<xmax>244</xmax>
			<ymin>383</ymin>
			<ymax>527</ymax>
		</bndbox>
		<polygon>
			<x1>213.11879</x1>
			<y1>510.5</y1>
			<x2>223.485961</x2>
			<y2>485.5</y2>
			<x3>232.12527</x3>
			<y3>437.0625</y3>
			<x4>243.356371</x4>
			<y4>390.1875</y4>
			<x5>230.397408</x5>
			<y5>383.9375</y5>
			<x6>213.11879</x6>
			<y6>382.375</y6>
			<x7>204.479482</x7>
			<y7>402.6875</y7>
			<x8>186.336933</x8>
			<y8>460.5</y8>
			<x9>176.833693</x9>
			<y9>501.125</y9>
			<x10>188.064795</x10>
			<y10>526.125</y10>
			<x11>213.11879</x11>
			<y11>510.5</y11>
		</polygon>
	</object>
	<object>
		<name>RMD</name>
		<pose>Unspecified</pose>
		<truncated>0</truncated>
		<difficult>0</difficult>
		<occluded>0</occluded>
		<bndbox>
			<xmin>148</xmin>
			<xmax>218</xmax>
			<ymin>351</ymin>
			<ymax>487</ymax>
		</bndbox>
		<polygon>
			<x1>152.643629</x1>
			<y1>480.8125</y1>
			<x2>175.969762</x2>
			<y2>485.5</y2>
			<x3>188.928726</x3>
			<y3>457.375</y3>
			<x4>200.159827</x4>
			<y4>415.1875</y4>
			<x5>209.663067</x5>
			<y5>391.75</y5>
			<x6>216.574514</x6>
			<y6>376.125</y6>
			<x7>202.75162</x7>
			<y7>368.3125</y7>
			<x8>169.058315</x8>
			<y8>349.5625</y8>
			<x9>168.194384</x9>
			<y9>385.5</y9>
			<x10>163.010799</x10>
			<y10>410.5</y10>
			<x11>147.460043</x11>
			<y11>451.125</y11>
			<x12>152.643629</x12>
			<y12>480.8125</y12>
		</polygon>
	</object>
	<object>
		<name>LIU</name>
		<pose>Unspecified</pose>
		<truncated>0</truncated>
		<difficult>0</difficult>
		<occluded>0</occluded>
		<bndbox>
			<xmin>321</xmin>
			<xmax>355</xmax>
			<ymin>246</ymin>
			<ymax>405</ymax>
		</bndbox>
		<polygon>
			<x1>347.892009</x1>
			<y1>276.125</y1>
			<x2>340.980562</x2>
			<y2>244.875</y2>
			<x3>325.429806</x3>
			<y3>265.1875</y3>
			<x4>320.24622</x4>
			<y4>340.1875</y4>
			<x5>321.110151</x5>
			<y5>385.5</y5>
			<x6>328.021598</x6>
			<y6>402.6875</y6>
			<x7>352.211663</x7>
			<y7>404.25</y7>
			<x8>353.939525</x8>
			<y8>371.4375</y8>
			<x9>353.939525</x9>
			<y9>323</y9>
			<x10>347.892009</x10>
			<y10>276.125</y10>
		</polygon>
	</object>
	<object>
		<name>RMU</name>
		<pose>Unspecified</pose>
		<truncated>0</truncated>
		<difficult>0</difficult>
		<occluded>0</occluded>
		<bndbox>
			<xmin>195</xmin>
			<xmax>237</xmax>
			<ymin>244</ymin>
			<ymax>369</ymax>
		</bndbox>
		<polygon>
			<x1>236.444924</x1>
			<y1>243.3125</y1>
			<x2>212.25486</x2>
			<y2>243.3125</y2>
			<x3>216.574514</x3>
			<y3>252.6875</y3>
			<x4>200.159827</x4>
			<y4>310.5</y4>
			<x5>194.112311</x5>
			<y5>351.125</y5>
			<x6>216.574514</x6>
			<y6>368.3125</y6>
			<x7>227.805616</x7>
			<y7>337.0625</y7>
			<x8>232.12527</x8>
			<y8>294.875</y8>
			<x9>236.444924</x9>
			<y9>263.625</y9>
			<x10>236.444924</x10>
			<y10>243.3125</y10>
		</polygon>
	</object>
	<object>
		<name>RMU</name>
		<pose>Unspecified</pose>
		<truncated>0</truncated>
		<difficult>0</difficult>
		<occluded>0</occluded>
		<bndbox>
			<xmin>162</xmin>
			<xmax>207</xmax>
			<ymin>219</ymin>
			<ymax>357</ymax>
		</bndbox>
		<polygon>
			<x1>203.615551</x1>
			<y1>251.125</y1>
			<x2>206.207343</x2>
			<y2>218.3125</y2>
			<x3>193.24838</x3>
			<y3>226.125</y3>
			<x4>176.833693</x4>
			<y4>274.5625</y4>
			<x5>167.330454</x5>
			<y5>299.5625</y5>
			<x6>161.282937</x6>
			<y6>330.8125</y6>
			<x7>180.289417</x7>
			<y7>348</y7>
			<x8>193.24838</x8>
			<y8>355.8125</y8>
			<x9>201.023758</x9>
			<y9>304.25</y9>
			<x10>203.615551</x10>
			<y10>251.125</y10>
		</polygon>
	</object>
	<object>
		<name>RMU</name>
		<pose>Unspecified</pose>
		<truncated>0</truncated>
		<difficult>0</difficult>
		<occluded>0</occluded>
		<bndbox>
			<xmin>157</xmin>
			<xmax>194</xmax>
			<ymin>193</ymin>
			<ymax>277</ymax>
		</bndbox>
		<polygon>
			<x1>183.74514</x1>
			<y1>255.8125</y1>
			<x2>193.24838</x2>
			<y2>210.5</y2>
			<x3>182.88121</x3>
			<y3>191.75</y3>
			<x4>156.963283</x4>
			<y4>205.8125</y4>
			<x5>156.099352</x5>
			<y5>246.4375</y5>
			<x6>174.241901</x6>
			<y6>276.125</y6>
			<x7>183.74514</x7>
			<y7>255.8125</y7>
		</polygon>
	</object>
	<object>
		<name>LID</name>
		<pose>Unspecified</pose>
		<truncated>0</truncated>
		<difficult>0</difficult>
		<occluded>0</occluded>
		<bndbox>
			<xmin>309</xmin>
			<xmax>335</xmax>
			<ymin>427</ymin>
			<ymax>532</ymax>
		</bndbox>
		<polygon>
			<x1>332.341253</x1>
			<y1>452.6875</y1>
			<x2>334.069114</x2>
			<y2>426.125</y2>
			<x3>318.518359</x3>
			<y3>426.125</y3>
			<x4>314.198704</x4>
			<y4>468.3125</y4>
			<x5>310.742981</x5>
			<y5>501.125</y5>
			<x6>308.151188</x6>
			<y6>524.5625</y6>
			<x7>315.062635</x7>
			<y7>530.8125</y7>
			<x8>321.974082</x8>
			<y8>499.5625</y8>
			<x9>328.021598</x9>
			<y9>468.3125</y9>
			<x10>332.341253</x10>
			<y10>452.6875</y10>
		</polygon>
	</object>
	<object>
		<name>LID</name>
		<pose>Unspecified</pose>
		<truncated>0</truncated>
		<difficult>0</difficult>
		<occluded>0</occluded>
		<bndbox>
			<xmin>327</xmin>
			<xmax>355</xmax>
			<ymin>416</ymin>
			<ymax>530</ymax>
		</bndbox>
		<polygon>
			<x1>349.61987</x1>
			<y1>480.8125</y1>
			<x2>353.939525</x2>
			<y2>430.8125</y2>
			<x3>348.75594</x3>
			<y3>415.1875</y3>
			<x4>337.524838</x4>
			<y4>419.875</y4>
			<x5>331.477322</x5>
			<y5>455.8125</y5>
			<x6>326.293737</x6>
			<y6>490.1875</y6>
			<x7>328.021598</x7>
			<y7>526.125</y7>
			<x8>340.980562</x8>
			<y8>529.25</y8>
			<x9>349.61987</x9>
			<y9>508.9375</y9>
			<x10>349.61987</x10>
			<y10>480.8125</y10>
		</polygon>
	</object>
	<object>
		<name>LCD</name>
		<pose>Unspecified</pose>
		<truncated>0</truncated>
		<difficult>0</difficult>
		<occluded>0</occluded>
		<bndbox>
			<xmin>351</xmin>
			<xmax>374</xmax>
			<ymin>416</ymin>
			<ymax>512</ymax>
		</bndbox>
		<polygon>
			<x1>355.667387</x1>
			<y1>421.4375</y1>
			<x2>349.61987</x2>
			<y2>491.75</y2>
			<x3>351.347732</x3>
			<y3>510.5</y3>
			<x4>366.034557</x4>
			<y4>510.5</y4>
			<x5>370.354212</x5>
			<y5>482.375</y5>
			<x6>372.946004</x6>
			<y6>460.5</y6>
			<x7>372.082073</x7>
			<y7>433.9375</y7>
			<x8>366.898488</x8>
			<y8>415.1875</y8>
			<x9>355.667387</x9>
			<y9>421.4375</y9>
		</polygon>
	</object>
	<object>
		<name>LPMD</name>
		<pose>Unspecified</pose>
		<truncated>0</truncated>
		<difficult>0</difficult>
		<occluded>0</occluded>
		<bndbox>
			<xmin>371</xmin>
			<xmax>408</xmax>
			<ymin>401</ymin>
			<ymax>512</ymax>
		</bndbox>
		<polygon>
			<x1>393.680346</x1>
			<y1>410.5</y1>
			<x2>385.904968</x2>
			<y2>399.5625</y2>
			<x3>370.354212</x3>
			<y3>413.625</y3>
			<x4>373.809935</x4>
			<y4>465.1875</y4>
			<x5>378.12959</x5>
			<y5>479.25</y5>
			<x6>384.177106</x6>
			<y6>502.6875</y6>
			<x7>405.775378</x7>
			<y7>510.5</y7>
			<x8>406.639309</x8>
			<y8>476.125</y8>
			<x9>401.455724</x9>
			<y9>440.1875</y9>
			<x10>393.680346</x10>
			<y10>410.5</y10>
		</polygon>
	</object>
	<object>
		<name>LPMD</name>
		<pose>Unspecified</pose>
		<truncated>0</truncated>
		<difficult>0</difficult>
		<occluded>0</occluded>
		<bndbox>
			<xmin>391</xmin>
			<xmax>451</xmax>
			<ymin>383</ymin>
			<ymax>526</ymax>
		</bndbox>
		<polygon>
			<x1>410.095032</x1>
			<y1>482.375</y1>
			<x2>416.142549</x2>
			<y2>512.0625</y2>
			<x3>420.462203</x3>
			<y3>521.4375</y3>
			<x4>429.965443</x4>
			<y4>524.5625</y4>
			<x5>448.107991</x5>
			<y5>518.3125</y5>
			<x6>449.835853</x6>
			<y6>496.4375</y6>
			<x7>443.788337</x7>
			<y7>460.5</y7>
			<x8>432.557235</x8>
			<y8>423</y8>
			<x9>424.781857</x9>
			<y9>393.3125</y9>
			<x10>413.550756</x10>
			<y10>382.375</y10>
			<x11>390.224622</x11>
			<y11>401.125</y11>
			<x12>394.544276</x12>
			<y12>437.0625</y12>
			<x13>404.911447</x13>
			<y13>462.0625</y13>
			<x14>410.095032</x14>
			<y14>482.375</y14>
		</polygon>
	</object>
	<object>
		<name>LMD</name>
		<pose>Unspecified</pose>
		<truncated>0</truncated>
		<difficult>0</difficult>
		<occluded>0</occluded>
		<bndbox>
			<xmin>425</xmin>
			<xmax>491</xmax>
			<ymin>369</ymin>
			<ymax>501</ymax>
		</bndbox>
		<polygon>
			<x1>472.298056</x1>
			<y1>419.875</y1>
			<x2>467.114471</x2>
			<y2>368.3125</y2>
			<x3>457.611231</x3>
			<y3>371.4375</y3>
			<x4>423.917927</x4>
			<y4>387.0625</y4>
			<x5>438.604752</x5>
			<y5>430.8125</y5>
			<x6>447.24406</x6>
			<y6>477.6875</y6>
			<x7>458.475162</x7>
			<y7>499.5625</y7>
			<x8>483.529158</x8>
			<y8>487.0625</y8>
			<x9>489.576674</x9>
			<y9>465.1875</y9>
			<x10>472.298056</x10>
			<y10>419.875</y10>
		</polygon>
	</object>
	<object>
		<name>LMD</name>
		<pose>Unspecified</pose>
		<truncated>0</truncated>
		<difficult>0</difficult>
		<occluded>0</occluded>
		<bndbox>
			<xmin>475</xmin>
			<xmax>527</xmax>
			<ymin>380</ymin>
			<ymax>477</ymax>
		</bndbox>
		<polygon>
			<x1>474.025918</x1>
			<y1>424.5625</y1>
			<x2>486.984881</x2>
			<y2>458.9375</y2>
			<x3>502.535637</x3>
			<y3>476.125</y3>
			<x4>525.861771</x4>
			<y4>443.3125</y4>
			<x5>520.678186</x5>
			<y5>418.3125</y5>
			<x6>510.311015</x6>
			<y6>379.25</y6>
			<x7>477.481641</x7>
			<y7>394.875</y7>
			<x8>474.025918</x8>
			<y8>424.5625</y8>
		</polygon>
	</object>
	<object>
		<name>LIU</name>
		<pose>Unspecified</pose>
		<truncated>0</truncated>
		<difficult>0</difficult>
		<occluded>0</occluded>
		<bndbox>
			<xmin>357</xmin>
			<xmax>381</xmax>
			<ymin>260</ymin>
			<ymax>407</ymax>
		</bndbox>
		<polygon>
			<x1>358.259179</x1>
			<y1>266.75</y1>
			<x2>355.667387</x2>
			<y2>329.25</y2>
			<x3>355.667387</x3>
			<y3>368.3125</y3>
			<x4>358.259179</x4>
			<y4>399.5625</y4>
			<x5>374.673866</x5>
			<y5>405.8125</y5>
			<x6>376.401728</x6>
			<y6>369.875</y6>
			<x7>378.993521</x7>
			<y7>318.3125</y7>
			<x8>379.857451</x8>
			<y8>258.9375</y8>
			<x9>358.259179</x9>
			<y9>266.75</y9>
		</polygon>
	</object>
	<object>
		<name>LCU</name>
		<pose>Unspecified</pose>
		<truncated>0</truncated>
		<difficult>0</difficult>
		<occluded>0</occluded>
		<bndbox>
			<xmin>378</xmin>
			<xmax>409</xmax>
			<ymin>285</ymin>
			<ymax>393</ymax>
		</bndbox>
		<polygon>
			<x1>377.265659</x1>
			<y1>377.6875</y1>
			<x2>384.177106</x2>
			<y2>391.75</y2>
			<x3>407.50324</x3>
			<y3>380.8125</y3>
			<x4>398</x4>
			<y4>335.5</y4>
			<x5>391.088553</x5>
			<y5>294.875</y5>
			<x6>384.177106</x6>
			<y6>283.9375</y6>
			<x7>378.12959</x7>
			<y7>344.875</y7>
			<x8>377.265659</x8>
			<y8>377.6875</y8>
		</polygon>
	</object>
	<object>
		<name>LPMU</name>
		<pose>Unspecified</pose>
		<truncated>0</truncated>
		<difficult>0</difficult>
		<occluded>0</occluded>
		<bndbox>
			<xmin>399</xmin>
			<xmax>438</xmax>
			<ymin>254</ymin>
			<ymax>387</ymax>
		</bndbox>
		<polygon>
			<x1>423.053996</x1>
			<y1>294.875</y1>
			<x2>420.462203</x2>
			<y2>252.6875</y2>
			<x3>402.319654</x3>
			<y3>265.1875</y3>
			<x4>398</x4>
			<y4>304.25</y4>
			<x5>402.319654</x5>
			<y5>291.75</y5>
			<x6>398.863931</x6>
			<y6>351.125</y6>
			<x7>402.319654</x7>
			<y7>380.8125</y7>
			<x8>424.781857</x8>
			<y8>385.5</y8>
			<x9>436.87689</x9>
			<y9>379.25</y9>
			<x10>427.37365</x10>
			<y10>343.3125</y10>
			<x11>423.053996</x11>
			<y11>294.875</y11>
		</polygon>
	</object>
	<object>
		<name>LMU</name>
		<pose>Unspecified</pose>
		<truncated>0</truncated>
		<difficult>0</difficult>
		<occluded>0</occluded>
		<bndbox>
			<xmin>426</xmin>
			<xmax>470</xmax>
			<ymin>229</ymin>
			<ymax>377</ymax>
		</bndbox>
		<polygon>
			<x1>459.339093</x1>
			<y1>302.6875</y1>
			<x2>446.38013</x2>
			<y2>249.5625</y2>
			<x3>439.468683</x3>
			<y3>227.6875</y3>
			<x4>424.781857</x4>
			<y4>249.5625</y4>
			<x5>429.101512</x5>
			<y5>251.125</y5>
			<x6>427.37365</x6>
			<y6>302.6875</y6>
			<x7>425.645788</x7>
			<y7>335.5</y7>
			<x8>432.557235</x8>
			<y8>376.125</y8>
			<x9>460.203024</x9>
			<y9>371.4375</y9>
			<x10>468.842333</x10>
			<y10>343.3125</y10>
			<x11>459.339093</x11>
			<y11>302.6875</y11>
		</polygon>
	</object>
	<object>
		<name>LMU</name>
		<pose>Unspecified</pose>
		<truncated>0</truncated>
		<difficult>0</difficult>
		<occluded>0</occluded>
		<bndbox>
			<xmin>445</xmin>
			<xmax>491</xmax>
			<ymin>205</ymin>
			<ymax>307</ymax>
		</bndbox>
		<polygon>
			<x1>462.794816</x1>
			<y1>305.8125</y1>
			<x2>478.345572</x2>
			<y2>290.1875</y2>
			<x3>489.576674</x3>
			<y3>260.5</y3>
			<x4>474.025918</x4>
			<y4>226.125</y4>
			<x5>461.066955</x5>
			<y5>204.25</y5>
			<x6>443.788337</x6>
			<y6>226.125</y6>
			<x7>455.019438</x7>
			<y7>283.9375</y7>
			<x8>462.794816</x8>
			<y8>305.8125</y8>
		</polygon>
	</object>
	<object>
		<name>RMD</name>
		<pose>Unspecified</pose>
		<truncated>0</truncated>
		<difficult>0</difficult>
		<occluded>0</occluded>
		<bndbox>
			<xmin>120</xmin>
			<xmax>167</xmax>
			<ymin>347</ymin>
			<ymax>451</ymax>
		</bndbox>
		<polygon>
			<x1>118.950324</x1>
			<y1>421.4375</y1>
			<x2>138.820734</x2>
			<y2>449.5625</y2>
			<x3>156.099352</x3>
			<y3>424.5625</y3>
			<x4>165.602592</x4>
			<y4>399.5625</y4>
			<x5>156.099352</x5>
			<y5>379.25</y5>
			<x6>137.092873</x6>
			<y6>346.4375</y6>
			<x7>121.542117</x7>
			<y7>399.5625</y7>
			<x8>118.950324</x8>
			<y8>421.4375</y8>
		</polygon>
	</object>
</annotation>
