<annotation>
	<folder></folder>
	<filename>157_jpg.rf.997f89b91fd15693afa0a640cae5e8bf.jpg</filename>
	<path>157_jpg.rf.997f89b91fd15693afa0a640cae5e8bf.jpg</path>
	<source>
		<database>roboflow.com</database>
	</source>
	<size>
		<width>640</width>
		<height>640</height>
		<depth>3</depth>
	</size>
	<segmented>0</segmented>
	<object>
		<name>RIU</name>
		<pose>Unspecified</pose>
		<truncated>0</truncated>
		<difficult>0</difficult>
		<occluded>0</occluded>
		<bndbox>
			<xmin>288</xmin>
			<xmax>313</xmax>
			<ymin>250</ymin>
			<ymax>401</ymax>
		</bndbox>
		<polygon>
			<x1>288.016095</x1>
			<y1>260.704427</y1>
			<x2>288.34418</x2>
			<y2>340.441946</y2>
			<x3>286.555601</x3>
			<y3>360.396441</y3>
			<x4>287.986464</x4>
			<y4>378.212955</y4>
			<x5>289.417327</x5>
			<y5>392.466166</y5>
			<x6>296.929359</x6>
			<y6>400.305432</y6>
			<x7>311.595707</x7>
			<y7>394.604148</y7>
			<x8>311.595707</x8>
			<y8>358.971121</y8>
			<x9>299.075654</x9>
			<y9>259.198643</y9>
			<x10>293.709917</x10>
			<y10>249.221396</y10>
			<x11>288.016095</x11>
			<y11>260.704427</y11>
		</polygon>
	</object>
	<object>
		<name>LIU</name>
		<pose>Unspecified</pose>
		<truncated>0</truncated>
		<difficult>0</difficult>
		<occluded>0</occluded>
		<bndbox>
			<xmin>310</xmin>
			<xmax>334</xmax>
			<ymin>254</ymin>
			<ymax>398</ymax>
		</bndbox>
		<polygon>
			<x1>312.702581</x1>
			<y1>262.130636</y1>
			<x2>311.953423</x2>
			<y2>336.878643</y2>
			<x3>309.449412</x3>
			<y3>358.25846</y3>
			<x4>311.237991</x4>
			<y4>391.753506</y4>
			<x5>320.180886</x5>
			<y5>397.45479</y5>
			<x6>333.058656</x6>
			<y6>391.040845</y6>
			<x7>333.416371</x7>
			<y7>346.855891</y7>
			<x8>330.912361</x8>
			<y8>340.441946</y8>
			<x9>324.11576</x9>
			<y9>258.485982</y9>
			<x10>318.750023</x10>
			<y10>253.497359</y10>
			<x11>312.702581</x11>
			<y11>262.130636</y11>
		</polygon>
	</object>
	<object>
		<name>LIU</name>
		<pose>Unspecified</pose>
		<truncated>0</truncated>
		<difficult>0</difficult>
		<occluded>0</occluded>
		<bndbox>
			<xmin>333</xmin>
			<xmax>357</xmax>
			<ymin>250</ymin>
			<ymax>398</ymax>
		</bndbox>
		<polygon>
			<x1>331.627792</x1>
			<y1>359.683781</y1>
			<x2>333.774087</x2>
			<y2>391.753506</y2>
			<x3>342.001551</x3>
			<y3>396.742129</y3>
			<x4>348.08272</x4>
			<y4>393.891488</y4>
			<x5>355.952467</x5>
			<y5>386.052221</y5>
			<x6>354.521604</x6>
			<y6>359.683781</y6>
			<x7>341.286119</x7>
			<y7>249.221396</y7>
			<x8>332.343224</x8>
			<y8>262.761946</y8>
			<x9>333.774087</x9>
			<y9>337.591304</y9>
			<x10>331.627792</x10>
			<y10>359.683781</y10>
		</polygon>
	</object>
	<object>
		<name>LCU</name>
		<pose>Unspecified</pose>
		<truncated>0</truncated>
		<difficult>0</difficult>
		<occluded>0</occluded>
		<bndbox>
			<xmin>353</xmin>
			<xmax>380</xmax>
			<ymin>239</ymin>
			<ymax>394</ymax>
		</bndbox>
		<polygon>
			<x1>356.310183</x1>
			<y1>252.072038</y1>
			<x2>353.806173</x2>
			<y2>311.935524</y2>
			<x3>353.448457</x3>
			<y3>336.878643</y3>
			<x4>351.659877</x4>
			<y4>357.545799</y4>
			<x5>353.090741</x5>
			<y5>367.523047</y5>
			<x6>363.822215</x6>
			<y6>393.178827</y6>
			<x7>369.903384</x7>
			<y7>391.753506</y7>
			<x8>379.203995</x8>
			<y8>363.959744</y8>
			<x9>365.96851</x9>
			<y9>248.508735</y9>
			<x10>359.529625</x10>
			<y10>237.818827</y10>
			<x11>356.310183</x11>
			<y11>252.072038</y11>
		</polygon>
	</object>
	<object>
		<name>LPMU</name>
		<pose>Unspecified</pose>
		<truncated>0</truncated>
		<difficult>0</difficult>
		<occluded>0</occluded>
		<bndbox>
			<xmin>373</xmin>
			<xmax>402</xmax>
			<ymin>239</ymin>
			<ymax>379</ymax>
		</bndbox>
		<polygon>
			<x1>379.248762</x1>
			<y1>246.442334</y1>
			<x2>377.773132</x2>
			<y2>314.786166</y2>
			<x3>372.407395</x3>
			<y3>336.878643</y3>
			<x4>372.76511</x4>
			<y4>351.844515</y4>
			<x5>374.911405</x5>
			<y5>366.810386</y5>
			<x6>390.293185</x6>
			<y6>377.500295</y6>
			<x7>401.024659</x7>
			<y7>360.396441</y7>
			<x8>397.089785</x8>
			<y8>328.326717</y8>
			<x9>388.14689</x9>
			<y9>246.370753</y9>
			<x10>384.569732</x10>
			<y10>237.818827</y10>
			<x11>379.248762</x11>
			<y11>246.442334</y11>
		</polygon>
	</object>
	<object>
		<name>LPMU</name>
		<pose>Unspecified</pose>
		<truncated>0</truncated>
		<difficult>0</difficult>
		<occluded>0</occluded>
		<bndbox>
			<xmin>391</xmin>
			<xmax>422</xmax>
			<ymin>241</ymin>
			<ymax>368</ymax>
		</bndbox>
		<polygon>
			<x1>390.293185</x1>
			<y1>337.591304</y1>
			<x2>393.870343</x2>
			<y2>358.971121</y2>
			<x3>406.03268</x3>
			<y3>366.810386</y3>
			<x4>419.625881</x4>
			<y4>354.695157</y4>
			<x5>420.699029</x5>
			<y5>345.43057</y5>
			<x6>413.902428</x6>
			<y6>297.682313</y6>
			<x7>406.03268</x7>
			<y7>243.520111</y7>
			<x8>399.284171</x8>
			<y8>240.024393</y8>
			<x9>394.585775</x9>
			<y9>292.693689</y9>
			<x10>390.293185</x10>
			<y10>337.591304</y10>
		</polygon>
	</object>
	<object>
		<name>LMU</name>
		<pose>Unspecified</pose>
		<truncated>0</truncated>
		<difficult>0</difficult>
		<occluded>0</occluded>
		<bndbox>
			<xmin>412</xmin>
			<xmax>451</xmax>
			<ymin>236</ymin>
			<ymax>350</ymax>
		</bndbox>
		<polygon>
			<x1>416.764155</x1>
			<y1>236.393506</y1>
			<x2>411.756133</x2>
			<y2>306.234239</y2>
			<x3>411.040702</x3>
			<y3>329.039378</y3>
			<x4>418.91045</x4>
			<y4>348.993873</y4>
			<x5>428.568777</x5>
			<y5>348.993873</y5>
			<x6>437.511672</x6>
			<y6>342.579927</y6>
			<x7>444.308272</x7>
			<y7>340.441946</y7>
			<x8>449.674009</x8>
			<y8>323.338093</y8>
			<x9>442.877409</x9>
			<y9>296.256992</y9>
			<x10>428.211061</x10>
			<y10>234.968184</y10>
			<x11>416.764155</x11>
			<y11>236.393506</y11>
		</polygon>
	</object>
	<object>
		<name>LMU</name>
		<pose>Unspecified</pose>
		<truncated>0</truncated>
		<difficult>0</difficult>
		<occluded>0</occluded>
		<bndbox>
			<xmin>441</xmin>
			<xmax>477</xmax>
			<ymin>214</ymin>
			<ymax>325</ymax>
		</bndbox>
		<polygon>
			<x1>452.535736</x1>
			<y1>217.864331</y1>
			<x2>445.739135</x2>
			<y2>212.875707</y2>
			<x3>440.07054</x3>
			<y3>225.049196</y3>
			<x4>442.161977</x4>
			<y4>257.060662</y4>
			<x5>440.373398</x5>
			<y5>291.981029</y5>
			<x6>442.519693</x6>
			<y6>311.935524</y6>
			<x7>448.243146</x7>
			<y7>324.050753</y7>
			<x8>459.690052</x8>
			<y8>324.050753</y8>
			<x9>471.494673</x9>
			<y9>309.797543</y9>
			<x10>475.787263</x10>
			<y10>288.417726</y10>
			<x11>466.486652</x11>
			<y11>261.336625</y11>
			<x12>452.535736</x12>
			<y12>217.864331</y12>
		</polygon>
	</object>
	<object>
		<name>LMU</name>
		<pose>Unspecified</pose>
		<truncated>0</truncated>
		<difficult>0</difficult>
		<occluded>0</occluded>
		<bndbox>
			<xmin>465</xmin>
			<xmax>501</xmax>
			<ymin>203</ymin>
			<ymax>300</ymax>
		</bndbox>
		<polygon>
			<x1>464.041476</x1>
			<y1>213.639522</y1>
			<x2>468.275231</x2>
			<y2>266.325249</y2>
			<x3>469.348379</x3>
			<y3>283.429102</y3>
			<x4>475.429547</x4>
			<y4>296.256992</y4>
			<x5>484.014727</x5>
			<y5>299.107634</y5>
			<x6>492.599906</x6>
			<y6>276.302496</y6>
			<x7>499.754222</x7>
			<y7>269.888551</y7>
			<x8>498.323359</x8>
			<y8>256.348001</y8>
			<x9>482.941579</x9>
			<y9>220.002313</y9>
			<x10>467.917516</x10>
			<y10>202.185799</y10>
			<x11>464.041476</x11>
			<y11>213.639522</y11>
		</polygon>
	</object>
	<object>
		<name>LMD</name>
		<pose>Unspecified</pose>
		<truncated>0</truncated>
		<difficult>0</difficult>
		<occluded>0</occluded>
		<bndbox>
			<xmin>413</xmin>
			<xmax>475</xmax>
			<ymin>342</ymin>
			<ymax>469</ymax>
		</bndbox>
		<polygon>
			<x1>429.641924</x1>
			<y1>408.857359</y1>
			<x2>443.592841</x2>
			<y2>457.318276</y2>
			<x3>455.397462</x3>
			<y3>468.008185</y3>
			<x4>459.690052</x4>
			<y4>457.318276</y4>
			<x5>451.820304</x5>
			<y5>434.513139</y5>
			<x6>449.674009</x6>
			<y6>415.983964</y6>
			<x7>458.97462</x7>
			<y7>437.363781</y7>
			<x8>468.990663</x8>
			<y8>450.904331</y8>
			<x9>473.998684</x9>
			<y9>445.915707</y9>
			<x10>471.136958</x10>
			<y10>426.673873</y10>
			<x11>459.690052</x11>
			<y11>393.178827</y11>
			<x12>449.674009</x12>
			<y12>341.154607</y12>
			<x13>438.227103</x13>
			<y13>343.292588</y13>
			<x14>428.926492</x14>
			<y14>356.120478</y14>
			<x15>416.815155</x15>
			<y15>366.243908</y15>
			<x16>412.471565</x16>
			<y16>378.212955</y16>
			<x17>417.12187</x17>
			<y17>386.764882</y17>
			<x18>429.641924</x18>
			<y18>408.857359</y18>
		</polygon>
	</object>
	<object>
		<name>LMD</name>
		<pose>Unspecified</pose>
		<truncated>0</truncated>
		<difficult>0</difficult>
		<occluded>0</occluded>
		<bndbox>
			<xmin>479</xmin>
			<xmax>534</xmax>
			<ymin>268</ymin>
			<ymax>370</ymax>
		</bndbox>
		<polygon>
			<x1>481.542651</x1>
			<y1>334.730004</y1>
			<x2>490.485546</x2>
			<y2>343.281931</y2>
			<x3>497.639862</x3>
			<y3>351.833857</y3>
			<x4>508.729052</x4>
			<y4>368.937711</y4>
			<x5>515.883368</x5>
			<y5>368.937711</y5>
			<x6>521.249105</x6>
			<y6>367.51239</y6>
			<x7>524.826263</x7>
			<y7>358.960463</y7>
			<x8>515.167936</x8>
			<y8>346.132573</y8>
			<x9>513.021642</x9>
			<y9>339.718628</y9>
			<x10>530.549716</x10>
			<y10>359.673124</y10>
			<x11>533.411443</x11>
			<y11>348.983216</y11>
			<x12>530.192</x12>
			<y12>334.017344</y12>
			<x13>521.606821</x13>
			<y13>303.37294</y13>
			<x14>510.159915</x14>
			<y14>271.303216</y14>
			<x15>503.363315</x15>
			<y15>267.027252</y15>
			<x16>483.688945</x16>
			<y16>299.809638</y16>
			<x17>478.323208</x17>
			<y17>301.234959</y17>
			<x18>477.994708</x18>
			<y18>320.605213</y18>
			<x19>481.542651</x19>
			<y19>334.730004</y19>
		</polygon>
	</object>
	<object>
		<name>LMD</name>
		<pose>Unspecified</pose>
		<truncated>0</truncated>
		<difficult>0</difficult>
		<occluded>0</occluded>
		<bndbox>
			<xmin>449</xmin>
			<xmax>504</xmax>
			<ymin>309</ymin>
			<ymax>428</ymax>
		</bndbox>
		<polygon>
			<x1>447.559649</x1>
			<y1>353.259179</y1>
			<x2>452.925386</x2>
			<y2>368.937711</y2>
			<x3>461.868281</x3>
			<y3>383.190922</y3>
			<x4>473.315187</x4>
			<y4>408.846702</y4>
			<x5>488.696967</x5>
			<y5>427.375876</y5>
			<x6>495.493567</x6>
			<y6>413.122665</y6>
			<x7>485.477524</x7>
			<y7>397.444133</y7>
			<x8>482.258082</x8>
			<y8>382.478261</y8>
			<x9>490.12783</x9>
			<y9>398.869454</y9>
			<x10>499.070725</x10>
			<y10>411.697344</y10>
			<x11>503.363315</x11>
			<y11>405.996059</y11>
			<x12>503.363315</x12>
			<y12>388.892206</y12>
			<x13>489.412398</x13>
			<y13>351.833857</y13>
			<x14>476.534629</x14>
			<y14>308.361564</y14>
			<x15>470.095744</x15>
			<y15>311.924867</y15>
			<x16>464.730007</x16>
			<y16>323.327436</y16>
			<x17>456.170423</x17>
			<y17>334.867306</y17>
			<x18>447.917364</x18>
			<y18>338.293307</y18>
			<x19>447.559649</x19>
			<y19>353.259179</y19>
		</polygon>
	</object>
	<object>
		<name>LPMD</name>
		<pose>Unspecified</pose>
		<truncated>0</truncated>
		<difficult>0</difficult>
		<occluded>0</occluded>
		<bndbox>
			<xmin>396</xmin>
			<xmax>435</xmax>
			<ymin>367</ymin>
			<ymax>485</ymax>
		</bndbox>
		<polygon>
			<x1>422.877258</x1>
			<y1>400.294775</y1>
			<x2>418.584668</x2>
			<y2>366.087069</y2>
			<x3>404.991467</x3>
			<y3>371.075693</y3>
			<x4>394.617709</x4>
			<y4>389.604867</y4>
			<x5>402.504148</x5>
			<y5>414.735021</y5>
			<x6>427.527563</x6>
			<y6>483.676059</y6>
			<x7>434.324164</x7>
			<y7>480.112757</y7>
			<x8>428.242995</x8>
			<y8>428.088537</y8>
			<x9>422.877258</x9>
			<y9>400.294775</y9>
		</polygon>
	</object>
	<object>
		<name>LPMD</name>
		<pose>Unspecified</pose>
		<truncated>0</truncated>
		<difficult>0</difficult>
		<occluded>0</occluded>
		<bndbox>
			<xmin>376</xmin>
			<xmax>422</xmax>
			<ymin>384</ymin>
			<ymax>493</ymax>
		</bndbox>
		<polygon>
			<x1>385.685673</x1>
			<y1>388.681644</y1>
			<x2>375.553164</x2>
			<y2>403.251151</y2>
			<x3>374.635833</x3>
			<y3>412.388929</y3>
			<x4>380.445595</x4>
			<y4>428.83693</y4>
			<x5>392.370897</x5>
			<y5>456.250266</y5>
			<x6>404.296199</x6>
			<y6>481.226859</y6>
			<x7>412.857954</x7>
			<y7>491.583009</y7>
			<x8>420.502379</x8>
			<y8>492.192194</y8>
			<x9>405.825084</x9>
			<y9>442.239005</y9>
			<x10>394.817113</x10>
			<y10>383.148038</y10>
			<x11>385.685673</x11>
			<y11>388.681644</y11>
		</polygon>
	</object>
	<object>
		<name>LCD</name>
		<pose>Unspecified</pose>
		<truncated>0</truncated>
		<difficult>0</difficult>
		<occluded>0</occluded>
		<bndbox>
			<xmin>356</xmin>
			<xmax>393</xmax>
			<ymin>399</ymin>
			<ymax>510</ymax>
		</bndbox>
		<polygon>
			<x1>381.362926</x1>
			<y1>414.216485</y1>
			<x2>371.578063</x2>
			<y2>398.377669</y2>
			<x3>365.462524</x3>
			<y3>397.768484</y3>
			<x4>354.76033</x4>
			<y4>416.044041</y4>
			<x5>357.512322</x5>
			<y5>436.756338</y5>
			<x6>362.710531</x6>
			<y6>453.813524</y6>
			<x7>366.379855</x7>
			<y7>475.744192</y7>
			<x8>374.94161</x8>
			<y8>497.674861</y8>
			<x9>383.809142</x9>
			<y9>508.640195</y9>
			<x10>392.370897</x10>
			<y10>506.203454</y10>
			<x11>381.362926</x11>
			<y11>442.239005</y11>
			<x12>381.362926</x12>
			<y12>414.216485</y12>
		</polygon>
	</object>
	<object>
		<name>LID</name>
		<pose>Unspecified</pose>
		<truncated>0</truncated>
		<difficult>0</difficult>
		<occluded>0</occluded>
		<bndbox>
			<xmin>336</xmin>
			<xmax>366</xmax>
			<ymin>411</ymin>
			<ymax>504</ymax>
		</bndbox>
		<polygon>
			<x1>341.917697</x1>
			<y1>409.952188</y1>
			<x2>334.918274</x2>
			<y2>417.331191</y2>
			<x3>334.884826</x3>
			<y3>433.101227</y3>
			<x4>339.777258</x4>
			<y4>448.940043</y4>
			<x5>352.619891</x5>
			<y5>491.583009</y5>
			<x6>361.181646</x6>
			<y6>502.548342</y6>
			<x7>365.156747</x7>
			<y7>494.019749</y7>
			<x8>357.206545</x8>
			<y8>446.503302</y8>
			<x9>357.206545</x9>
			<y9>427.009374</y9>
			<x10>355.371883</x10>
			<y10>412.388929</y10>
			<x11>341.917697</x11>
			<y11>409.952188</y11>
		</polygon>
	</object>
	<object>
		<name>LID</name>
		<pose>Unspecified</pose>
		<truncated>0</truncated>
		<difficult>0</difficult>
		<occluded>0</occluded>
		<bndbox>
			<xmin>319</xmin>
			<xmax>341</xmax>
			<ymin>419</ymin>
			<ymax>514</ymax>
		</bndbox>
		<polygon>
			<x1>335.49638</x1>
			<y1>417.871596</y1>
			<x2>317.791922</x2>
			<y2>420.379014</y2>
			<x3>317.761316</x3>
			<y3>441.62982</y3>
			<x4>322.959524</x4>
			<y4>469.043155</y4>
			<x5>334.884826</x5>
			<y5>512.904491</y5>
			<x6>340.083035</x6>
			<y6>512.295306</y6>
			<x7>336.107934</x7>
			<y7>454.42271</y7>
			<x8>335.49638</x8>
			<y8>417.871596</y8>
		</polygon>
	</object>
	<object>
		<name>RID</name>
		<pose>Unspecified</pose>
		<truncated>0</truncated>
		<difficult>0</difficult>
		<occluded>0</occluded>
		<bndbox>
			<xmin>300</xmin>
			<xmax>318</xmax>
			<ymin>420</ymin>
			<ymax>511</ymax>
		</bndbox>
		<polygon>
			<x1>316.843985</x1>
			<y1>419.089967</y1>
			<x2>299.136431</x2>
			<y2>420.988579</y2>
			<x3>299.414698</x3>
			<y3>446.503302</y3>
			<x4>301.249359</x4>
			<y4>469.043155</y4>
			<x5>307.059122</x5>
			<y5>507.421824</y5>
			<x6>314.091992</x6>
			<y6>509.858565</y6>
			<x7>317.149762</x7>
			<y7>452.595154</y7>
			<x8>316.843985</x8>
			<y8>419.089967</y8>
		</polygon>
	</object>
	<object>
		<name>RID</name>
		<pose>Unspecified</pose>
		<truncated>0</truncated>
		<difficult>0</difficult>
		<occluded>0</occluded>
		<bndbox>
			<xmin>275</xmin>
			<xmax>302</xmax>
			<ymin>418</ymin>
			<ymax>506</ymax>
		</bndbox>
		<polygon>
			<x1>277.728491</x1>
			<y1>422.207709</y1>
			<x2>276.175648</x2>
			<y2>443.457376</y2>
			<x3>277.704533</x3>
			<y3>458.687006</y3>
			<x4>273.729432</x4>
			<y4>501.329972</y4>
			<x5>276.175648</x5>
			<y5>504.985084</y5>
			<x6>284.737403</x6>
			<y6>498.893231</y6>
			<x7>294.522266</x7>
			<y7>455.031895</y7>
			<x8>300.943582</x8>
			<y8>420.308337</y8>
			<x9>293.604935</x9>
			<y9>417.262411</y9>
			<x10>284.125849</x10>
			<y10>417.262411</y10>
			<x11>277.728491</x11>
			<y11>422.207709</y11>
		</polygon>
	</object>
	<object>
		<name>RCD</name>
		<pose>Unspecified</pose>
		<truncated>0</truncated>
		<difficult>0</difficult>
		<occluded>0</occluded>
		<bndbox>
			<xmin>253</xmin>
			<xmax>278</xmax>
			<ymin>409</ymin>
			<ymax>517</ymax>
		</bndbox>
		<polygon>
			<x1>271.283216</x1>
			<y1>409.952188</y1>
			<x2>260.907967</x2>
			<y2>407.578154</y2>
			<x3>254.159706</x3>
			<y3>427.009374</y3>
			<x4>251.71349</x4>
			<y4>467.215599</y4>
			<x5>252.019267</x5>
			<y5>500.111602</y5>
			<x6>254.77126</x6>
			<y6>515.950417</y6>
			<x7>267.002338</x7>
			<y7>497.065676</y7>
			<x8>273.117878</x8>
			<y8>462.951303</y8>
			<x9>276.787202</x9>
			<y9>439.193079</y9>
			<x10>276.787202</x10>
			<y10>424.572634</y10>
			<x11>271.283216</x11>
			<y11>409.952188</y11>
		</polygon>
	</object>
	<object>
		<name>RPMD</name>
		<pose>Unspecified</pose>
		<truncated>0</truncated>
		<difficult>0</difficult>
		<occluded>0</occluded>
		<bndbox>
			<xmin>223</xmin>
			<xmax>262</xmax>
			<ymin>396</ymin>
			<ymax>497</ymax>
		</bndbox>
		<polygon>
			<x1>234.589979</x1>
			<y1>483.054416</y1>
			<x2>245.59795</x2>
			<y2>458.687006</y2>
			<x3>252.936598</x3>
			<y3>431.882856</y3>
			<x4>260.886799</x4>
			<y4>408.733817</y4>
			<x5>255.097241</x5>
			<y5>395.386857</y5>
			<x6>237.953526</x6>
			<y6>395.331743</y6>
			<x7>233.672649</x7>
			<y7>401.423595</y7>
			<x8>232.755318</x8>
			<y8>414.216485</y8>
			<x9>232.449541</x9>
			<y9>427.61856</y9>
			<x10>231.837987</x10>
			<y10>446.503302</y10>
			<x11>222.3589</x11>
			<y11>490.364638</y11>
			<x12>224.805116</x12>
			<y12>496.45649</y12>
			<x13>234.589979</x13>
			<y13>483.054416</y13>
		</polygon>
	</object>
	<object>
		<name>RPMD</name>
		<pose>Unspecified</pose>
		<truncated>0</truncated>
		<difficult>0</difficult>
		<occluded>0</occluded>
		<bndbox>
			<xmin>204</xmin>
			<xmax>240</xmax>
			<ymin>382</ymin>
			<ymax>499</ymax>
		</bndbox>
		<polygon>
			<x1>210.739376</x1>
			<y1>395.940928</y1>
			<x2>212.574037</x2>
			<y2>418.480781</y2>
			<x3>202.789174</x3>
			<y3>490.973823</y3>
			<x4>207.375829</x4>
			<y4>497.674861</y4>
			<x5>229.697548</x5>
			<y5>434.319598</y5>
			<x6>237.341972</x6>
			<y6>409.343003</y6>
			<x7>238.56508</x7>
			<y7>397.159299</y7>
			<x8>225.41667</x8>
			<y8>380.711298</y8>
			<x9>215.020253</x9>
			<y9>388.02152</y9>
			<x10>210.739376</x10>
			<y10>395.940928</y10>
		</polygon>
	</object>
	<object>
		<name>RMD</name>
		<pose>Unspecified</pose>
		<truncated>0</truncated>
		<difficult>0</difficult>
		<occluded>0</occluded>
		<bndbox>
			<xmin>103</xmin>
			<xmax>153</xmax>
			<ymin>295</ymin>
			<ymax>384</ymax>
		</bndbox>
		<polygon>
			<x1>105.524444</x1>
			<y1>383.080473</y1>
			<x2>114.0862</x2>
			<y2>383.080473</y2>
			<x3>127.234609</x3>
			<y3>382.471288</y3>
			<x4>136.713696</x4>
			<y4>366.632473</y4>
			<x5>152.002544</x5>
			<y5>342.874249</y5>
			<x6>152.308321</x6>
			<y6>321.552766</y6>
			<x7>144.052343</x7>
			<y7>309.978246</y7>
			<x8>134.26748</x8>
			<y8>294.139431</y8>
			<x9>129.096224</x9>
			<y9>296.027794</y9>
			<x10>123.565286</x10>
			<y10>301.449653</y10>
			<x11>118.367077</x11>
			<y11>318.506839</y11>
			<x12>103.99556</x12>
			<y12>350.184471</y12>
			<x13>102.160898</x13>
			<y13>373.942695</y13>
			<x14>117.449746</x14>
			<y14>359.931435</y14>
			<x15>105.524444</x15>
			<y15>383.080473</y15>
		</polygon>
	</object>
	<object>
		<name>RMD</name>
		<pose>Unspecified</pose>
		<truncated>0</truncated>
		<difficult>0</difficult>
		<occluded>0</occluded>
		<bndbox>
			<xmin>131</xmin>
			<xmax>184</xmax>
			<ymin>328</ymin>
			<ymax>438</ymax>
		</bndbox>
		<polygon>
			<x1>135.184811</x1>
			<y1>437.297959</y1>
			<x2>140.383019</x2>
			<y2>436.688773</y2>
			<x3>153.225652</x3>
			<y3>425.723439</y3>
			<x4>170.043385</x4>
			<y4>395.873363</y4>
			<x5>179.216695</x5>
			<y5>387.953955</y5>
			<x6>183.497572</x6>
			<y6>356.885509</y6>
			<x7>170.65494</x7>
			<y7>346.52936</y7>
			<x8>162.093184</x8>
			<y8>327.035433</y8>
			<x9>154.479924</x9>
			<y9>328.334729</y9>
			<x10>147.415889</x10>
			<y10>357.494694</y10>
			<x11>141.30035</x11>
			<y11>383.080473</y11>
			<x12>130.903933</x12>
			<y12>413.539735</y12>
			<x13>130.292379</x13>
			<y13>427.550995</y13>
			<x14>148.944775</x14>
			<y14>400.13766</y14>
			<x15>135.184811</x15>
			<y15>437.297959</y15>
		</polygon>
	</object>
	<object>
		<name>RMD</name>
		<pose>Unspecified</pose>
		<truncated>0</truncated>
		<difficult>0</difficult>
		<occluded>0</occluded>
		<bndbox>
			<xmin>162</xmin>
			<xmax>221</xmax>
			<ymin>359</ymin>
			<ymax>474</ymax>
		</bndbox>
		<polygon>
			<x1>186.555342</x1>
			<y1>432.424477</y1>
			<x2>176.158925</x2>
			<y2>468.97559</y2>
			<x3>179.216695</x3>
			<y3>473.239887</y3>
			<x4>191.141996</x4>
			<y4>464.102109</y4>
			<x5>203.678852</x5>
			<y5>426.332624</y5>
			<x6>220.190809</x6>
			<y6>396.482548</y6>
			<x7>217.133039</x7>
			<y7>374.55188</y7>
			<x8>202.455745</x8>
			<y8>367.241658</y8>
			<x9>194.849182</x9>
			<y9>357.593839</y9>
			<x10>182.886018</x10>
			<y10>359.931435</y10>
			<x11>179.216695</x11>
			<y11>384.908029</y11>
			<x12>161.48163</x12>
			<y12>454.96433</y12>
			<x13>169.431831</x13>
			<y13>461.056182</y13>
			<x14>184.109126</x14>
			<y14>428.769366</y14>
			<x15>186.555342</x15>
			<y15>432.424477</y15>
		</polygon>
	</object>
	<object>
		<name>RMU</name>
		<pose>Unspecified</pose>
		<truncated>0</truncated>
		<difficult>0</difficult>
		<occluded>0</occluded>
		<bndbox>
			<xmin>126</xmin>
			<xmax>160</xmax>
			<ymin>209</ymin>
			<ymax>312</ymax>
		</bndbox>
		<polygon>
			<x1>140.077242</x1>
			<y1>301.449653</y1>
			<x2>148.638998</x2>
			<y2>310.587431</y2>
			<x3>155.977645</x3>
			<y3>294.139431</y3>
			<x4>159.341191</x4>
			<y4>211.899425</y4>
			<x5>145.305092</x5>
			<y5>208.250462</y5>
			<x6>131.515487</x6>
			<y6>253.933206</y6>
			<x7>125.399947</x7>
			<y7>272.817948</y7>
			<x8>127.540386</x8>
			<y8>289.265949</y8>
			<x9>140.077242</x9>
			<y9>301.449653</y9>
		</polygon>
	</object>
	<object>
		<name>RMU</name>
		<pose>Unspecified</pose>
		<truncated>0</truncated>
		<difficult>0</difficult>
		<occluded>0</occluded>
		<bndbox>
			<xmin>152</xmin>
			<xmax>188</xmax>
			<ymin>228</ymin>
			<ymax>337</ymax>
		</bndbox>
		<polygon>
			<x1>169.159654</x1>
			<y1>226.537407</y1>
			<x2>161.48163</x2>
			<y2>264.289354</y2>
			<x3>152.002544</x3>
			<y3>300.840468</y3>
			<x4>151.39099</x4>
			<y4>318.506839</y4>
			<x5>159.341191</x5>
			<y5>327.644618</y5>
			<x6>167.59717</x6>
			<y6>336.173211</y6>
			<x7>173.406932</x7>
			<y7>335.564026</y7>
			<x8>181.66291</x8>
			<y8>327.644618</y8>
			<x9>187.166896</x9>
			<y9>296.576171</y9>
			<x10>185.943788</x10>
			<y10>235.657649</y10>
			<x11>169.159654</x11>
			<y11>226.537407</y11>
		</polygon>
	</object>
	<object>
		<name>RMU</name>
		<pose>Unspecified</pose>
		<truncated>0</truncated>
		<difficult>0</difficult>
		<occluded>0</occluded>
		<bndbox>
			<xmin>180</xmin>
			<xmax>214</xmax>
			<ymin>235</ymin>
			<ymax>363</ymax>
		</bndbox>
		<polygon>
			<x1>189.918889</x1>
			<y1>355.667138</y1>
			<x2>195.117097</x2>
			<y2>361.149805</y2>
			<x3>200.009529</x3>
			<y3>362.368176</y3>
			<x4>208.571284</x4>
			<y4>353.230397</y4>
			<x5>213.463715</x5>
			<y5>326.426248</y5>
			<x6>208.877061</x6>
			<y6>304.495579</y6>
			<x7>207.348176</x7>
			<y7>233.830093</y7>
			<x8>200.315306</x8>
			<y8>233.830093</y8>
			<x9>194.505543</x9>
			<y9>247.232168</y9>
			<x10>186.249565</x10>
			<y10>296.576171</y10>
			<x11>179.216695</x11>
			<y11>324.598692</y11>
			<x12>178.910918</x12>
			<y12>342.874249</y12>
			<x13>181.66291</x13>
			<y13>353.230397</y13>
			<x14>182.886018</x14>
			<y14>358.103879</y14>
			<x15>189.918889</x15>
			<y15>355.667138</y15>
		</polygon>
	</object>
	<object>
		<name>RPMU</name>
		<pose>Unspecified</pose>
		<truncated>0</truncated>
		<difficult>0</difficult>
		<occluded>0</occluded>
		<bndbox>
			<xmin>207</xmin>
			<xmax>233</xmax>
			<ymin>257</ymin>
			<ymax>378</ymax>
		</bndbox>
		<polygon>
			<x1>227.223679</x1>
			<y1>372.115139</y1>
			<x2>230.587226</x2>
			<y2>362.977361</y2>
			<x3>231.810334</x3>
			<y3>342.874249</y3>
			<x4>229.364118</x4>
			<y4>259.415872</y4>
			<x5>218.092088</x5>
			<y5>256.406082</y5>
			<x6>210.100169</x6>
			<y6>325.207877</y6>
			<x7>206.430845</x7>
			<y7>351.402842</y7>
			<x8>205.819291</x8>
			<y8>359.931435</y8>
			<x9>208.265507</x9>
			<y9>369.678399</y9>
			<x10>214.381046</x10>
			<y10>374.55188</y10>
			<x11>219.579255</x11>
			<y11>376.988621</y11>
			<x12>222.331248</x12>
			<y12>376.379436</y12>
			<x13>227.223679</x13>
			<y13>372.115139</y13>
		</polygon>
	</object>
	<object>
		<name>RPMU</name>
		<pose>Unspecified</pose>
		<truncated>0</truncated>
		<difficult>0</difficult>
		<occluded>0</occluded>
		<bndbox>
			<xmin>227</xmin>
			<xmax>253</xmax>
			<ymin>256</ymin>
			<ymax>387</ymax>
		</bndbox>
		<polygon>
			<x1>246.793406</x1>
			<y1>324.598692</y1>
			<x2>237.620097</x2>
			<y2>255.760761</y2>
			<x3>231.854335</x3>
			<y3>255.186952</y3>
			<x4>229.058341</x4>
			<y4>291.093504</y4>
			<x5>226.306348</x5>
			<y5>347.747731</y5>
			<x6>226.000571</x6>
			<y6>367.241658</y6>
			<x7>229.364118</x7>
			<y7>381.252918</y7>
			<x8>236.702765</x8>
			<y8>385.517214</y8>
			<x9>244.041413</x9>
			<y9>381.862103</y9>
			<x10>250.462729</x10>
			<y10>370.287584</y10>
			<x11>252.297391</x11>
			<y11>350.184471</y11>
			<x12>246.793406</x12>
			<y12>324.598692</y12>
		</polygon>
	</object>
	<object>
		<name>RCU</name>
		<pose>Unspecified</pose>
		<truncated>0</truncated>
		<difficult>0</difficult>
		<occluded>0</occluded>
		<bndbox>
			<xmin>245</xmin>
			<xmax>270</xmax>
			<ymin>254</ymin>
			<ymax>393</ymax>
		</bndbox>
		<polygon>
			<x1>252.344791</x1>
			<y1>258.234777</y1>
			<x2>244.958744</x2>
			<y2>341.655878</y2>
			<x3>243.735636</x3>
			<y3>355.667138</y3>
			<x4>244.041413</x4>
			<y4>369.678399</y4>
			<x5>248.32229</x5>
			<y5>387.953955</y5>
			<x6>259.330261</x6>
			<y6>391.609067</y6>
			<x7>268.503571</x7>
			<y7>367.850842</y7>
			<x8>266.057355</x8>
			<y8>335.564026</y8>
			<x9>263.611139</x9>
			<y9>257.588317</y9>
			<x10>258.718707</x10>
			<y10>252.714835</y10>
			<x11>252.344791</x11>
			<y11>258.234777</y11>
		</polygon>
	</object>
	<object>
		<name>RIU</name>
		<pose>Unspecified</pose>
		<truncated>0</truncated>
		<difficult>0</difficult>
		<occluded>0</occluded>
		<bndbox>
			<xmin>268</xmin>
			<xmax>290</xmax>
			<ymin>262</ymin>
			<ymax>399</ymax>
		</bndbox>
		<polygon>
			<x1>277.065326</x1>
			<y1>398.310104</y1>
			<x2>289.296405</x2>
			<y2>384.908029</y2>
			<x3>288.073297</x3>
			<y3>355.057953</y3>
			<x4>278.594211</x4>
			<y4>262.461799</y4>
			<x5>270.694454</x5>
			<y5>261.282601</y5>
			<x6>268.503571</x6>
			<y6>344.092619</y6>
			<x7>266.668909</x7>
			<y7>366.023287</y7>
			<x8>267.58624</x8>
			<y8>387.34477</y8>
			<x9>277.065326</x9>
			<y9>398.310104</y9>
		</polygon>
	</object>
	<metadata>
		<tags>
			<tag>teeth</tag>
		</tags>
	</metadata>
</annotation>
