<annotation>
	<folder></folder>
	<filename>159_jpg.rf.f2e66dcebf8c919d9da0bfb4de27992c.jpg</filename>
	<path>159_jpg.rf.f2e66dcebf8c919d9da0bfb4de27992c.jpg</path>
	<source>
		<database>roboflow.com</database>
	</source>
	<size>
		<width>640</width>
		<height>640</height>
		<depth>3</depth>
	</size>
	<segmented>0</segmented>
	<object>
		<name>RIU</name>
		<pose>Unspecified</pose>
		<truncated>0</truncated>
		<difficult>0</difficult>
		<occluded>0</occluded>
		<bndbox>
			<xmin>298</xmin>
			<xmax>323</xmax>
			<ymin>233</ymin>
			<ymax>384</ymax>
		</bndbox>
		<polygon>
			<x1>301.441583</x1>
			<y1>233.302171</y1>
			<x2>299.246931</x2>
			<y2>291.390768</y2>
			<x3>297.052302</x3>
			<y3>358.848467</y3>
			<x4>298.933416</x4>
			<y4>383.20818</y4>
			<x5>321.820365</x5>
			<y5>378.211318</y5>
			<x6>318.371629</x6>
			<y6>305.756756</y6>
			<x7>319.665353</x7>
			<y7>232.312501</y7>
			<x8>301.441583</x8>
			<y8>233.302171</y8>
		</polygon>
	</object>
	<object>
		<name>RIU</name>
		<pose>Unspecified</pose>
		<truncated>0</truncated>
		<difficult>0</difficult>
		<occluded>0</occluded>
		<bndbox>
			<xmin>278</xmin>
			<xmax>302</xmax>
			<ymin>232</ymin>
			<ymax>387</ymax>
		</bndbox>
		<polygon>
			<x1>301.128044</x1>
			<y1>235.176015</y1>
			<x2>282.6304</x2>
			<y2>230.803751</y2>
			<x3>283.604598</x3>
			<y3>242.468751</y3>
			<x4>282.003346</x4>
			<y4>287.643104</y4>
			<x5>282.003346</x5>
			<y5>336.987175</y5>
			<x6>277.30055</x6>
			<y6>366.968419</y6>
			<x7>291.095423</x7>
			<y7>385.706671</y7>
			<x8>297.679332</x8>
			<y8>372.589857</y8>
			<x9>298.306386</x9>
			<y9>316.375103</y9>
			<x10>301.128044</x10>
			<y10>235.176015</y10>
		</polygon>
	</object>
	<object>
		<name>RCU</name>
		<pose>Unspecified</pose>
		<truncated>0</truncated>
		<difficult>0</difficult>
		<occluded>0</occluded>
		<bndbox>
			<xmin>258</xmin>
			<xmax>282</xmax>
			<ymin>231</ymin>
			<ymax>369</ymax>
		</bndbox>
		<polygon>
			<x1>277.614065</x1>
			<y1>360.722336</y1>
			<x2>280.749262</x2>
			<y2>334.488732</y2>
			<x3>278.554634</x3>
			<y3>290.141547</y3>
			<x4>275.373339</x4>
			<y4>233.875001</y4>
			<x5>260.684019</x5>
			<y5>229.55453</y5>
			<x6>260.056965</x6>
			<y6>302.009092</y6>
			<x7>256.608253</x7>
			<y7>350.728564</y7>
			<x8>257.235283</x8>
			<y8>366.343773</y8>
			<x9>268.835527</x9>
			<y9>368.217593</y9>
			<x10>277.614065</x10>
			<y10>360.722336</y10>
		</polygon>
	</object>
	<object>
		<name>RPMU</name>
		<pose>Unspecified</pose>
		<truncated>0</truncated>
		<difficult>0</difficult>
		<occluded>0</occluded>
		<bndbox>
			<xmin>233</xmin>
			<xmax>264</xmax>
			<ymin>229</ymin>
			<ymax>363</ymax>
		</bndbox>
		<polygon>
			<x1>243.232232</x1>
			<y1>228.406251</y1>
			<x2>239.991698</x2>
			<y2>286.393883</y2>
			<x3>232.467244</x3>
			<y3>338.861042</y3>
			<x4>239.364668</x4>
			<y4>361.971509</y4>
			<x5>255.040655</x5>
			<y5>351.35321</y5>
			<x6>262.565133</x6>
			<y6>341.359438</y6>
			<x7>262.565133</x7>
			<y7>300.759894</y7>
			<x8>260.056965</x8>
			<y8>233.302171</y8>
			<x9>243.232232</x9>
			<y9>228.406251</y9>
		</polygon>
	</object>
	<object>
		<name>RMU</name>
		<pose>Unspecified</pose>
		<truncated>0</truncated>
		<difficult>0</difficult>
		<occluded>0</occluded>
		<bndbox>
			<xmin>171</xmin>
			<xmax>210</xmax>
			<ymin>204</ymin>
			<ymax>312</ymax>
		</bndbox>
		<polygon>
			<x1>170.076814</x1>
			<y1>205.194806</y1>
			<x2>173.212012</x2>
			<y2>300.759894</y2>
			<x3>187.947429</x3>
			<y3>304.507534</y3>
			<x4>197.039506</x4>
			<y4>311.378218</y4>
			<x5>208.953265</x5>
			<y5>292.015368</y5>
			<x6>200.801733</x6>
			<y6>258.911128</y6>
			<x7>189.533065</x7>
			<y7>202.625001</y7>
			<x8>170.076814</x8>
			<y8>205.194806</y8>
		</polygon>
	</object>
	<object>
		<name>RID</name>
		<pose>Unspecified</pose>
		<truncated>0</truncated>
		<difficult>0</difficult>
		<occluded>0</occluded>
		<bndbox>
			<xmin>307</xmin>
			<xmax>324</xmax>
			<ymin>390</ymin>
			<ymax>478</ymax>
		</bndbox>
		<polygon>
			<x1>309.593091</x1>
			<y1>475.650214</y1>
			<x2>323.387964</x2>
			<y2>476.899459</y2>
			<x3>321.820365</x3>
			<y3>448.792083</y3>
			<x4>322.409106</x4>
			<y4>394.812501</y4>
			<x5>307.084924</x5>
			<y5>389.454264</y5>
			<x6>305.83084</x6>
			<y6>441.296754</y6>
			<x7>309.593091</x7>
			<y7>475.650214</y7>
		</polygon>
	</object>
	<object>
		<name>RID</name>
		<pose>Unspecified</pose>
		<truncated>0</truncated>
		<difficult>0</difficult>
		<occluded>0</occluded>
		<bndbox>
			<xmin>289</xmin>
			<xmax>307</xmax>
			<ymin>390</ymin>
			<ymax>472</ymax>
		</bndbox>
		<polygon>
			<x1>305.517325</x1>
			<y1>419.435484</y1>
			<x2>305.517325</x2>
			<y2>389.454264</y2>
			<x3>288.308175</x3>
			<y3>390.906251</y3>
			<x4>290.468393</x4>
			<y4>433.801472</y4>
			<x5>288.27374</x5>
			<y5>470.653376</y5>
			<x6>305.83084</x6>
			<y6>470.028777</y6>
			<x7>305.517325</x7>
			<y7>419.435484</y7>
		</polygon>
	</object>
	<object>
		<name>RCD</name>
		<pose>Unspecified</pose>
		<truncated>0</truncated>
		<difficult>0</difficult>
		<occluded>0</occluded>
		<bndbox>
			<xmin>269</xmin>
			<xmax>291</xmax>
			<ymin>389</ymin>
			<ymax>472</ymax>
		</bndbox>
		<polygon>
			<x1>267.581443</x1>
			<y1>470.653376</y1>
			<x2>285.765597</x2>
			<y2>468.779532</y2>
			<x3>289.841339</x3>
			<y3>413.189401</y3>
			<x4>287.524246</x4>
			<y4>387.781251</y4>
			<x5>271.970724</x5>
			<y5>390.078886</y5>
			<x6>267.894958</x6>
			<y6>423.183149</y6>
			<x7>267.581443</x7>
			<y7>470.653376</y7>
		</polygon>
	</object>
	<object>
		<name>RPMD</name>
		<pose>Unspecified</pose>
		<truncated>0</truncated>
		<difficult>0</difficult>
		<occluded>0</occluded>
		<bndbox>
			<xmin>245</xmin>
			<xmax>274</xmax>
			<ymin>382</ymin>
			<ymax>471</ymax>
		</bndbox>
		<polygon>
			<x1>266.640875</x1>
			<y1>470.028777</y1>
			<x2>266.954414</x2>
			<y2>415.68782</y2>
			<x3>273.224808</x3>
			<y3>396.949569</y3>
			<x4>268.522012</x4>
			<y4>380.709761</y4>
			<x5>250.024344</x5>
			<y5>380.709761</y5>
			<x6>247.516176</x6>
			<y6>419.435484</y6>
			<x7>243.624197</x7>
			<y7>458.093751</y7>
			<x8>266.640875</x8>
			<y8>470.028777</y8>
		</polygon>
	</object>
	<object>
		<name>RMD</name>
		<pose>Unspecified</pose>
		<truncated>0</truncated>
		<difficult>0</difficult>
		<occluded>0</occluded>
		<bndbox>
			<xmin>140</xmin>
			<xmax>206</xmax>
			<ymin>302</ymin>
			<ymax>414</ymax>
		</bndbox>
		<polygon>
			<x1>142.800596</x1>
			<y1>413.189401</y1>
			<x2>160.671223</x2>
			<y2>409.441736</y2>
			<x3>192.023195</x3>
			<y3>378.835941</y3>
			<x4>205.191014</x4>
			<y4>345.107126</y4>
			<x5>170.703844</x5>
			<y5>301.384493</y5>
			<x6>157.84954</x6>
			<y6>341.984084</y6>
			<x7>138.969616</x7>
			<y7>350.281251</y7>
			<x8>142.800596</x8>
			<y8>413.189401</y8>
		</polygon>
	</object>
	<object>
		<name>LIU</name>
		<pose>Unspecified</pose>
		<truncated>0</truncated>
		<difficult>0</difficult>
		<occluded>0</occluded>
		<bndbox>
			<xmin>322</xmin>
			<xmax>347</xmax>
			<ymin>237</ymin>
			<ymax>382</ymax>
		</bndbox>
		<polygon>
			<x1>322.13388</x1>
			<y1>235.800614</y1>
			<x2>321.193311</x2>
			<y2>267.031032</y2>
			<x3>323.701479</x3>
			<y3>345.107126</y3>
			<x4>324.642023</x4>
			<y4>381.334359</y4>
			<x5>345.647859</x5>
			<y5>376.337545</y5>
			<x6>345.647859</x6>
			<y6>330.741091</y6>
			<x7>343.575201</x7>
			<y7>240.906251</y7>
			<x8>322.13388</x8>
			<y8>235.800614</y8>
		</polygon>
	</object>
	<object>
		<name>LIU</name>
		<pose>Unspecified</pose>
		<truncated>0</truncated>
		<difficult>0</difficult>
		<occluded>0</occluded>
		<bndbox>
			<xmin>345</xmin>
			<xmax>366</xmax>
			<ymin>242</ymin>
			<ymax>381</ymax>
		</bndbox>
		<polygon>
			<x1>361.010306</x1>
			<y1>309.504397</y1>
			<x2>361.997543</x2>
			<y2>251.843751</y2>
			<x3>360.383277</x3>
			<y3>241.422099</y3>
			<x4>343.766746</x4>
			<y4>243.295919</y4>
			<x5>344.393775</x5>
			<y5>331.990313</y5>
			<x6>345.961374</x6>
			<y6>369.466815</y6>
			<x7>349.096571</x7>
			<y7>380.085138</y7>
			<x8>364.772581</x8>
			<y8>361.346887</y8>
			<x9>361.010306</x9>
			<y9>309.504397</y9>
		</polygon>
	</object>
	<object>
		<name>LCU</name>
		<pose>Unspecified</pose>
		<truncated>0</truncated>
		<difficult>0</difficult>
		<occluded>0</occluded>
		<bndbox>
			<xmin>362</xmin>
			<xmax>387</xmax>
			<ymin>244</ymin>
			<ymax>368</ymax>
		</bndbox>
		<polygon>
			<x1>382.956687</x1>
			<y1>312.627439</y1>
			<x2>385.515426</x2>
			<y2>244.031251</y2>
			<x3>363.204983</x3>
			<y3>243.295919</y3>
			<x4>363.832013</x4>
			<y4>288.892326</y4>
			<x5>361.323845</x5>
			<y5>332.614959</y5>
			<x6>363.832013</x6>
			<y6>351.977761</y6>
			<x7>371.042976</x7>
			<y7>366.968419</y7>
			<x8>382.016166</x8>
			<y8>356.974648</y8>
			<x9>382.956687</x9>
			<y9>312.627439</y9>
		</polygon>
	</object>
	<object>
		<name>LPMU</name>
		<pose>Unspecified</pose>
		<truncated>0</truncated>
		<difficult>0</difficult>
		<occluded>0</occluded>
		<bndbox>
			<xmin>399</xmin>
			<xmax>424</xmax>
			<ymin>224</ymin>
			<ymax>344</ymax>
		</bndbox>
		<polygon>
			<x1>398.319182</x1>
			<y1>222.683859</y1>
			<x2>397.692152</x2>
			<y2>297.636852</y2>
			<x3>398.005644</x3>
			<y3>338.236396</y3>
			<x4>416.503336</x4>
			<y4>342.608659</y4>
			<x5>423.40076</x5>
			<y5>321.996564</y5>
			<x6>418.070934</x6>
			<y6>292.015368</y6>
			<x7>417.656534</x7>
			<y7>224.500001</y7>
			<x8>398.319182</x8>
			<y8>222.683859</y8>
		</polygon>
	</object>
	<object>
		<name>LMU</name>
		<pose>Unspecified</pose>
		<truncated>0</truncated>
		<difficult>0</difficult>
		<occluded>0</occluded>
		<bndbox>
			<xmin>435</xmin>
			<xmax>468</xmax>
			<ymin>212</ymin>
			<ymax>325</ymax>
		</bndbox>
		<polygon>
			<x1>464.158324</x1>
			<y1>278.273978</y1>
			<x2>464.6923</x2>
			<y2>221.375001</y2>
			<x3>445.347141</x3>
			<y3>211.440889</y3>
			<x4>434.060412</x4>
			<y4>303.882936</y4>
			<x5>439.076746</x5>
			<y5>323.870384</y5>
			<x6>448.795829</x6>
			<y6>316.375103</y6>
			<x7>455.379762</x7>
			<y7>322.621187</y7>
			<x8>467.293521</x8>
			<y8>305.756756</y8>
			<x9>464.158324</x9>
			<y9>278.273978</y9>
		</polygon>
	</object>
	<object>
		<name>LID</name>
		<pose>Unspecified</pose>
		<truncated>0</truncated>
		<difficult>0</difficult>
		<occluded>0</occluded>
		<bndbox>
			<xmin>322</xmin>
			<xmax>351</xmax>
			<ymin>393</ymin>
			<ymax>487</ymax>
		</bndbox>
		<polygon>
			<x1>337.809866</x1>
			<y1>420.684683</y1>
			<x2>335.343942</x2>
			<y2>395.593751</y2>
			<x3>320.879796</x3>
			<y3>391.952754</y3>
			<x4>328.404274</x4>
			<y4>446.918239</y4>
			<x5>335.615214</x5>
			<y5>478.773256</y5>
			<x6>345.647859</x6>
			<y6>486.268585</y6>
			<x7>350.350655</x7>
			<y7>471.902574</y7>
			<x8>346.274889</x8>
			<y8>458.161209</y8>
			<x9>337.809866</x9>
			<y9>420.684683</y9>
		</polygon>
	</object>
	<object>
		<name>LID</name>
		<pose>Unspecified</pose>
		<truncated>0</truncated>
		<difficult>0</difficult>
		<occluded>0</occluded>
		<bndbox>
			<xmin>336</xmin>
			<xmax>367</xmax>
			<ymin>392</ymin>
			<ymax>484</ymax>
		</bndbox>
		<polygon>
			<x1>355.36699</x1>
			<y1>421.309305</y1>
			<x2>352.59039</x2>
			<y2>390.906251</y2>
			<x3>334.674669</x3>
			<y3>393.201928</y3>
			<x4>340.004495</x4>
			<y4>424.432347</y4>
			<x5>348.469542</x5>
			<y5>465.031891</y5>
			<x6>353.485852</x6>
			<y6>481.896298</y6>
			<x7>366.34018</x7>
			<y7>483.145543</y7>
			<x8>365.399611</x8>
			<y8>465.65649</y8>
			<x9>355.36699</x9>
			<y9>421.309305</y9>
		</polygon>
	</object>
	<object>
		<name>LCD</name>
		<pose>Unspecified</pose>
		<truncated>0</truncated>
		<difficult>0</difficult>
		<occluded>0</occluded>
		<bndbox>
			<xmin>354</xmin>
			<xmax>391</xmax>
			<ymin>388</ymin>
			<ymax>509</ymax>
		</bndbox>
		<polygon>
			<x1>371.321631</x1>
			<y1>387.059952</y1>
			<x2>352.858822</x2>
			<y2>392.577306</y2>
			<x3>355.99402</x3>
			<y3>422.558526</y3>
			<x4>362.891444</x4>
			<y4>453.788921</y4>
			<x5>372.297036</x5>
			<y5>481.896298</y5>
			<x6>382.956687</x6>
			<y6>508.129878</y6>
			<x7>389.854159</x7>
			<y7>500.009951</y7>
			<x8>387.345992</x8>
			<y8>478.148658</y8>
			<x9>376.059263</x9>
			<y9>424.432347</y9>
			<x10>371.321631</x10>
			<y10>387.059952</y10>
		</polygon>
	</object>
	<object>
		<name>LPMD</name>
		<pose>Unspecified</pose>
		<truncated>0</truncated>
		<difficult>0</difficult>
		<occluded>0</occluded>
		<bndbox>
			<xmin>370</xmin>
			<xmax>403</xmax>
			<ymin>368</ymin>
			<ymax>489</ymax>
		</bndbox>
		<polygon>
			<x1>401.76787</x1>
			<y1>487.517783</y1>
			<x2>398.632673</x2>
			<y2>458.785808</y2>
			<x3>393.616386</x3>
			<y3>393.201928</y3>
			<x4>387.47525</x4>
			<y4>366.687501</y4>
			<x5>376.999832</x5>
			<y5>366.968419</y5>
			<x6>368.8483</x6>
			<y6>391.952754</y6>
			<x7>378.253891</x7>
			<y7>422.558526</y7>
			<x8>384.524286</x8>
			<y8>461.908849</y8>
			<x9>392.048788</x9>
			<y9>488.142382</y9>
			<x10>401.76787</x10>
			<y10>487.517783</y10>
		</polygon>
	</object>
	<object>
		<name>LPMD</name>
		<pose>Unspecified</pose>
		<truncated>0</truncated>
		<difficult>0</difficult>
		<occluded>0</occluded>
		<bndbox>
			<xmin>392</xmin>
			<xmax>431</xmax>
			<ymin>358</ymin>
			<ymax>492</ymax>
		</bndbox>
		<polygon>
			<x1>398.319182</x1>
			<y1>416.312442</y1>
			<x2>407.724774</x2>
			<y2>439.422957</y2>
			<x3>412.114031</x3>
			<y3>469.404131</y3>
			<x4>420.265563</x4>
			<y4>490.640825</y4>
			<x5>430.298184</x5>
			<y5>486.268585</y5>
			<x6>424.02779</x6>
			<y6>443.795197</y6>
			<x7>413.0546</x7>
			<y7>393.826527</y7>
			<x8>409.817239</x8>
			<y8>361.218751</y8>
			<x9>398.005644</x9>
			<y9>356.974648</y9>
			<x10>390.79468</x10>
			<y10>366.343773</y10>
			<x11>390.79468</x11>
			<y11>382.583629</y11>
			<x12>398.319182</x12>
			<y12>416.312442</y12>
		</polygon>
	</object>
	<object>
		<name>LMD</name>
		<pose>Unspecified</pose>
		<truncated>0</truncated>
		<difficult>0</difficult>
		<occluded>0</occluded>
		<bndbox>
			<xmin>441</xmin>
			<xmax>510</xmax>
			<ymin>322</ymin>
			<ymax>425</ymax>
		</bndbox>
		<polygon>
			<x1>483.910076</x1>
			<y1>348.854719</y1>
			<x2>469.787842</x2>
			<y2>321.375001</y2>
			<x3>443.779542</x3>
			<y3>347.605522</y3>
			<x4>440.017315</x4>
			<y4>373.214503</y4>
			<x5>458.51496</x5>
			<y5>394.45115</y5>
			<x6>476.385574</x6>
			<y6>424.432347</y6>
			<x7>498.645494</x7>
			<y7>420.060131</y7>
			<x8>508.678115</x8>
			<y8>358.848467</y8>
			<x9>483.910076</x9>
			<y9>348.854719</y9>
		</polygon>
	</object>
</annotation>
