<annotation>
	<folder></folder>
	<filename>167_jpg.rf.16903aca23cc94296da14a21b136c46a.jpg</filename>
	<path>167_jpg.rf.16903aca23cc94296da14a21b136c46a.jpg</path>
	<source>
		<database>roboflow.com</database>
	</source>
	<size>
		<width>640</width>
		<height>640</height>
		<depth>3</depth>
	</size>
	<segmented>0</segmented>
	<object>
		<name>RIU</name>
		<pose>Unspecified</pose>
		<truncated>0</truncated>
		<difficult>0</difficult>
		<occluded>0</occluded>
		<bndbox>
			<xmin>291</xmin>
			<xmax>320</xmax>
			<ymin>221</ymin>
			<ymax>361</ymax>
		</bndbox>
		<polygon>
			<x1>301.032891</x1>
			<y1>220.096255</y1>
			<x2>293.508396</x2>
			<y2>298.61845</y2>
			<x3>290.283644</x3>
			<y3>343.590248</y3>
			<x4>295.299937</x4>
			<y4>360.008574</y4>
			<x5>318.948304</x5>
			<y5>358.580838</y5>
			<x6>318.231671</x6>
			<y6>295.763087</y6>
			<x7>318.724637</x7>
			<y7>223.071429</y7>
			<x8>301.032891</x8>
			<y8>220.096255</y8>
		</polygon>
	</object>
	<object>
		<name>RIU</name>
		<pose>Unspecified</pose>
		<truncated>0</truncated>
		<difficult>0</difficult>
		<occluded>0</occluded>
		<bndbox>
			<xmin>270</xmin>
			<xmax>302</xmax>
			<ymin>203</ymin>
			<ymax>352</ymax>
		</bndbox>
		<polygon>
			<x1>288.133772</x1>
			<y1>350.014774</y1>
			<x2>292.791791</x2>
			<y2>304.32915</y2>
			<x3>296.733176</x3>
			<y3>263.640371</y3>
			<x4>300.806249</x4>
			<y4>208.785715</y4>
			<x5>285.267323</x5>
			<y5>201.536447</y5>
			<x6>282.042543</x6>
			<y6>234.373018</y6>
			<x7>271.651598</x7>
			<y7>296.476914</y7>
			<x8>268.785148</x8>
			<y8>335.738039</y8>
			<x9>273.084837</x9>
			<y9>350.728629</y9>
			<x10>288.133772</x10>
			<y10>350.014774</y10>
		</polygon>
	</object>
	<object>
		<name>RCU</name>
		<pose>Unspecified</pose>
		<truncated>0</truncated>
		<difficult>0</difficult>
		<occluded>0</occluded>
		<bndbox>
			<xmin>243</xmin>
			<xmax>277</xmax>
			<ymin>192</ymin>
			<ymax>347</ymax>
		</bndbox>
		<polygon>
			<x1>270.21836</x1>
			<y1>286.483196</y1>
			<x2>276.309616</x2>
			<y2>194.398066</y2>
			<x3>259.145999</x3>
			<y3>190.928572</y3>
			<x4>254.811121</x4>
			<y4>252.932798</y4>
			<x5>248.719864</x5>
			<y5>296.476914</y5>
			<x6>242.270332</x6>
			<y6>323.602785</y6>
			<x7>255.169424</x7>
			<y7>345.731811</y7>
			<x8>269.501754</x8>
			<y8>334.310357</y8>
			<x9>273.801442</x9>
			<y9>320.033594</y9>
			<x10>270.21836</x10>
			<y10>286.483196</y10>
		</polygon>
	</object>
	<object>
		<name>RPMU</name>
		<pose>Unspecified</pose>
		<truncated>0</truncated>
		<difficult>0</difficult>
		<occluded>0</occluded>
		<bndbox>
			<xmin>226</xmin>
			<xmax>258</xmax>
			<ymin>198</ymin>
			<ymax>339</ymax>
		</bndbox>
		<polygon>
			<x1>224.713222</x1>
			<y1>311.467531</y1>
			<x2>230.087846</x2>
			<y2>337.879548</y2>
			<x3>249.7948</x3>
			<y3>324.316613</y3>
			<x4>256.960965</x4>
			<y4>302.901468</y4>
			<x5>257.319268</x5>
			<y5>196.539588</y5>
			<x6>235.404135</x6>
			<y6>198.071429</y6>
			<x7>231.521084</x7>
			<y7>272.920261</y7>
			<x8>224.713222</x8>
			<y8>311.467531</y8>
		</polygon>
	</object>
	<object>
		<name>RPMU</name>
		<pose>Unspecified</pose>
		<truncated>0</truncated>
		<difficult>0</difficult>
		<occluded>0</occluded>
		<bndbox>
			<xmin>214</xmin>
			<xmax>234</xmax>
			<ymin>194</ymin>
			<ymax>295</ymax>
		</bndbox>
		<polygon>
			<x1>213.247369</x1>
			<y1>268.637243</y1>
			<x2>226.146461</x2>
			<y2>293.621578</y2>
			<x3>233.312626</x3>
			<y3>267.209561</y3>
			<x4>231.879387</x4>
			<y4>192.970397</y4>
			<x5>214.35003</x5>
			<y5>196.285715</y5>
			<x6>213.247369</x6>
			<y6>268.637243</y6>
		</polygon>
	</object>
	<object>
		<name>RMU</name>
		<pose>Unspecified</pose>
		<truncated>0</truncated>
		<difficult>0</difficult>
		<occluded>0</occluded>
		<bndbox>
			<xmin>171</xmin>
			<xmax>211</xmax>
			<ymin>194</ymin>
			<ymax>304</ymax>
		</bndbox>
		<polygon>
			<x1>169.892048</x1>
			<y1>192.970397</y1>
			<x2>173.116828</x2>
			<y2>273.634116</y2>
			<x3>177.774846</x3>
			<y3>302.901468</y3>
			<x4>199.989947</x4>
			<y4>298.61845</y4>
			<x5>210.022589</x5>
			<y5>281.486324</y5>
			<x6>202.856424</x6>
			<y6>237.228354</y6>
			<x7>197.327562</x7>
			<y7>198.071429</y7>
			<x8>169.892048</x8>
			<y8>192.970397</y8>
		</polygon>
	</object>
	<object>
		<name>RMU</name>
		<pose>Unspecified</pose>
		<truncated>0</truncated>
		<difficult>0</difficult>
		<occluded>0</occluded>
		<bndbox>
			<xmin>138</xmin>
			<xmax>174</xmax>
			<ymin>180</ymin>
			<ymax>297</ymax>
		</bndbox>
		<polygon>
			<x1>149.843836</x1>
			<y1>196.285715</y1>
			<x2>144.093865</x2>
			<y2>239.369863</y2>
			<x3>136.9277</x3>
			<y3>267.923389</y3>
			<x4>155.559718</x4>
			<y4>295.763087</y4>
			<x5>172.400222</x5>
			<y5>287.197024</y5>
			<x6>173.475131</x6>
			<y6>249.363608</y6>
			<x7>170.608681</x7>
			<y7>184.404361</y7>
			<x8>151.976635</x8>
			<y8>179.407462</y8>
			<x9>149.843836</x9>
			<y9>196.285715</y9>
		</polygon>
	</object>
	<object>
		<name>LIU</name>
		<pose>Unspecified</pose>
		<truncated>0</truncated>
		<difficult>0</difficult>
		<occluded>0</occluded>
		<bndbox>
			<xmin>320</xmin>
			<xmax>349</xmax>
			<ymin>222</ymin>
			<ymax>367</ymax>
		</bndbox>
		<polygon>
			<x1>321.814754</x1>
			<y1>220.810082</y1>
			<x2>319.306607</x2>
			<y2>290.052387</y2>
			<x3>319.66491</x3>
			<y3>352.156311</y3>
			<x4>323.606295</x4>
			<y4>366.433074</y4>
			<x5>347.971267</x5>
			<y5>356.439383</y5>
			<x6>344.746488</x6>
			<y6>283.627833</y6>
			<x7>343.362419</x7>
			<y7>225.750001</y7>
			<x8>321.814754</x8>
			<y8>220.810082</y8>
		</polygon>
	</object>
	<object>
		<name>LIU</name>
		<pose>Unspecified</pose>
		<truncated>0</truncated>
		<difficult>0</difficult>
		<occluded>0</occluded>
		<bndbox>
			<xmin>344</xmin>
			<xmax>369</xmax>
			<ymin>219</ymin>
			<ymax>356</ymax>
		</bndbox>
		<polygon>
			<x1>362.661928</x1>
			<y1>269.35107</y1>
			<x2>357.249169</x2>
			<y2>217.714286</y2>
			<x3>342.954946</x3>
			<y3>217.954719</y3>
			<x4>345.10479</x4>
			<y4>268.637243</y4>
			<x5>346.538029</x5>
			<y5>327.171976</y5>
			<x6>351.912653</x6>
			<y6>355.011647</y6>
			<x7>368.036551</x7>
			<y7>349.301002</y7>
			<x8>367.678221</x8>
			<y8>322.888931</y8>
			<x9>362.661928</x9>
			<y9>269.35107</y9>
		</polygon>
	</object>
	<object>
		<name>LCU</name>
		<pose>Unspecified</pose>
		<truncated>0</truncated>
		<difficult>0</difficult>
		<occluded>0</occluded>
		<bndbox>
			<xmin>365</xmin>
			<xmax>393</xmax>
			<ymin>192</ymin>
			<ymax>347</ymax>
		</bndbox>
		<polygon>
			<x1>364.453469</x1>
			<y1>198.681124</y1>
			<x2>365.52835</x2>
			<y2>302.187641</y2>
			<x3>367.678221</x3>
			<y3>332.168848</y3>
			<x4>383.085487</x4>
			<y4>345.731811</y4>
			<x5>392.401469</x5>
			<y5>321.461249</y5>
			<x6>385.593634</x6>
			<y6>272.920261</y6>
			<x7>386.366549</x7>
			<y7>190.928572</y7>
			<x8>364.453469</x8>
			<y8>198.681124</y8>
		</polygon>
	</object>
	<object>
		<name>LPMU</name>
		<pose>Unspecified</pose>
		<truncated>0</truncated>
		<difficult>0</difficult>
		<occluded>0</occluded>
		<bndbox>
			<xmin>383</xmin>
			<xmax>413</xmax>
			<ymin>183</ymin>
			<ymax>330</ymax>
		</bndbox>
		<polygon>
			<x1>412.466753</x1>
			<y1>312.181359</y1>
			<x2>407.092129</x2>
			<y2>279.344815</y2>
			<x3>407.092129</x3>
			<y3>240.083717</y3>
			<x4>407.868614</x4>
			<y4>183.785715</y4>
			<x5>386.66857</x5>
			<y5>182.262826</y5>
			<x6>382.368882</x6>
			<y6>291.480069</y6>
			<x7>385.593634</x7>
			<y7>320.033594</y7>
			<x8>395.626276</x8>
			<y8>320.747422</y8>
			<x9>406.733799</x9>
			<y9>328.599631</y9>
			<x10>412.466753</x10>
			<y10>312.181359</y10>
		</polygon>
	</object>
	<object>
		<name>LPMU</name>
		<pose>Unspecified</pose>
		<truncated>0</truncated>
		<difficult>0</difficult>
		<occluded>0</occluded>
		<bndbox>
			<xmin>405</xmin>
			<xmax>433</xmax>
			<ymin>182</ymin>
			<ymax>316</ymax>
		</bndbox>
		<polygon>
			<x1>426.082478</x1>
			<y1>259.357352</y1>
			<x2>425.339041</x2>
			<y2>182.892858</y2>
			<x3>407.808735</x3>
			<y3>180.835171</y3>
			<x4>407.092129</x4>
			<y4>259.357352</y4>
			<x5>403.509047</x5>
			<y5>291.480069</y5>
			<x6>413.541689</x6>
			<y6>312.895213</y6>
			<x7>426.440753</x7>
			<y7>315.036722</y7>
			<x8>431.815377</x8>
			<y8>294.335405</y8>
			<x9>426.082478</x9>
			<y9>259.357352</y9>
		</polygon>
	</object>
	<object>
		<name>LMU</name>
		<pose>Unspecified</pose>
		<truncated>0</truncated>
		<difficult>0</difficult>
		<occluded>0</occluded>
		<bndbox>
			<xmin>430</xmin>
			<xmax>466</xmax>
			<ymin>182</ymin>
			<ymax>306</ymax>
		</bndbox>
		<polygon>
			<x1>457.255285</x1>
			<y1>236.514527</y1>
			<x2>454.456421</x2>
			<y2>187.357144</y2>
			<x3>431.815377</x3>
			<y3>180.835171</y3>
			<x4>430.740496</x4>
			<y4>231.517654</y4>
			<x5>429.30723</x5>
			<y5>282.914006</y5>
			<x6>435.040184</x6>
			<y6>305.042977</y6>
			<x7>453.672203</x7>
			<y7>302.187641</y7>
			<x8>465.496386</x8>
			<y8>279.344815</y8>
			<x9>457.255285</x9>
			<y9>236.514527</y9>
		</polygon>
	</object>
	<object>
		<name>LMU</name>
		<pose>Unspecified</pose>
		<truncated>0</truncated>
		<difficult>0</difficult>
		<occluded>0</occluded>
		<bndbox>
			<xmin>454</xmin>
			<xmax>498</xmax>
			<ymin>160</ymin>
			<ymax>285</ymax>
		</bndbox>
		<polygon>
			<x1>452.597267</x1>
			<y1>178.693634</y1>
			<x2>459.763432</x2>
			<y2>246.508244</y2>
			<x3>465.496386</x3>
			<y3>282.200151</y3>
			<x4>483.411798</x4>
			<y4>284.341687</y4>
			<x5>497.027523</x5>
			<y5>250.077435</y5>
			<x6>478.39545</x6>
			<y6>202.964129</y6>
			<x7>474.166647</x7>
			<y7>158.785715</y7>
			<x8>452.597267</x8>
			<y8>178.693634</y8>
		</polygon>
	</object>
	<object>
		<name>LMU</name>
		<pose>Unspecified</pose>
		<truncated>0</truncated>
		<difficult>0</difficult>
		<occluded>0</occluded>
		<bndbox>
			<xmin>470</xmin>
			<xmax>512</xmax>
			<ymin>121</ymin>
			<ymax>223</ymax>
		</bndbox>
		<polygon>
			<x1>510.643193</x1>
			<y1>186.545843</y1>
			<x2>497.46055</x2>
			<y2>140.928572</y2>
			<x3>492.011175</x3>
			<y3>120.158929</y3>
			<x4>469.437744</x4>
			<y4>142.287887</y4>
			<x5>480.545322</x5>
			<y5>205.819506</y5>
			<x6>493.086111</x6>
			<y6>221.523909</y6>
			<x7>497.027523</x7>
			<y7>205.819506</y7>
			<x8>507.418441</x8>
			<y8>207.24716</y8>
			<x9>510.643193</x9>
			<y9>186.545843</y9>
		</polygon>
	</object>
	<object>
		<name>RID</name>
		<pose>Unspecified</pose>
		<truncated>0</truncated>
		<difficult>0</difficult>
		<occluded>0</occluded>
		<bndbox>
			<xmin>306</xmin>
			<xmax>328</xmax>
			<ymin>375</ymin>
			<ymax>480</ymax>
		</bndbox>
		<polygon>
			<x1>304.615974</x1>
			<y1>469.151927</y1>
			<x2>327.189378</x2>
			<y2>479.145644</y2>
			<x3>324.322928</x3>
			<y3>424.893956</y3>
			<x4>324.100153</x4>
			<y4>373.964286</y4>
			<x5>309.632268</x5>
			<y5>378.494478</y5>
			<x6>308.557359</x6>
			<y6>403.478813</y6>
			<x7>304.615974</x7>
			<y7>469.151927</y7>
		</polygon>
	</object>
	<object>
		<name>RID</name>
		<pose>Unspecified</pose>
		<truncated>0</truncated>
		<difficult>0</difficult>
		<occluded>0</occluded>
		<bndbox>
			<xmin>284</xmin>
			<xmax>311</xmax>
			<ymin>369</ymin>
			<ymax>477</ymax>
		</bndbox>
		<polygon>
			<x1>307.482424</x1>
			<y1>437.743038</y1>
			<x2>309.632268</x2>
			<y2>367.786892</y2>
			<x3>290.503177</x3>
			<y3>381.107144</y3>
			<x4>288.850405</x4>
			<y4>424.893956</y4>
			<x5>283.117479</x5>
			<y5>474.862626</y5>
			<x6>303.899341</x6>
			<y6>476.290308</y6>
			<x7>307.482424</x7>
			<y7>437.743038</y7>
		</polygon>
	</object>
	<object>
		<name>RCD</name>
		<pose>Unspecified</pose>
		<truncated>0</truncated>
		<difficult>0</difficult>
		<occluded>0</occluded>
		<bndbox>
			<xmin>252</xmin>
			<xmax>294</xmax>
			<ymin>369</ymin>
			<ymax>498</ymax>
		</bndbox>
		<polygon>
			<x1>268.553152</x1>
			<y1>372.178572</y1>
			<x2>267.35191</x2>
			<y2>407.048003</y2>
			<x3>250.869736</x3>
			<y3>468.438072</y3>
			<x4>256.960965</x4>
			<y4>496.991597</y4>
			<x5>272.368231</x5>
			<y5>479.145644</y5>
			<x6>285.625626</x6>
			<y6>419.897084</y6>
			<x7>292.791791</x7>
			<y7>384.919004</y7>
			<x8>283.475782</x8>
			<y8>367.786892</y8>
			<x9>268.553152</x9>
			<y9>372.178572</y9>
		</polygon>
	</object>
	<object>
		<name>RPMD</name>
		<pose>Unspecified</pose>
		<truncated>0</truncated>
		<difficult>0</difficult>
		<occluded>0</occluded>
		<bndbox>
			<xmin>227</xmin>
			<xmax>268</xmax>
			<ymin>365</ymin>
			<ymax>502</ymax>
		</bndbox>
		<polygon>
			<x1>247.947007</x1>
			<y1>364.142858</y1>
			<x2>239.045552</x2>
			<y2>407.048003</y2>
			<x3>225.788158</x3>
			<y3>469.865754</y3>
			<x4>231.879387</x4>
			<y4>500.560789</y4>
			<x5>242.270332</x5>
			<y5>499.133134</y5>
			<x6>256.244359</x6>
			<y6>431.318484</y6>
			<x7>266.635277</x7>
			<y7>397.768112</y7>
			<x8>262.693892</x8>
			<y8>369.928414</y8>
			<x9>247.947007</x9>
			<y9>364.142858</y9>
		</polygon>
	</object>
	<object>
		<name>RPMD</name>
		<pose>Unspecified</pose>
		<truncated>0</truncated>
		<difficult>0</difficult>
		<occluded>0</occluded>
		<bndbox>
			<xmin>206</xmin>
			<xmax>253</xmax>
			<ymin>351</ymin>
			<ymax>479</ymax>
		</bndbox>
		<polygon>
			<x1>204.647965</x1>
			<y1>452.733628</y1>
			<x2>209.305956</x2>
			<y2>475.576454</y2>
			<x3>223.638286</x3>
			<y3>477.717962</y3>
			<x4>236.895708</x4>
			<y4>419.897084</y4>
			<x5>251.944644</x5>
			<y5>363.503874</y5>
			<x6>226.892901</x6>
			<y6>349.857144</y6>
			<x7>215.03891</x7>
			<y7>408.475685</y7>
			<x8>204.647965</x8>
			<y8>452.733628</y8>
		</polygon>
	</object>
	<object>
		<name>RMD</name>
		<pose>Unspecified</pose>
		<truncated>0</truncated>
		<difficult>0</difficult>
		<occluded>0</occluded>
		<bndbox>
			<xmin>167</xmin>
			<xmax>229</xmax>
			<ymin>327</ymin>
			<ymax>469</ymax>
		</bndbox>
		<polygon>
			<x1>227.938002</x1>
			<y1>344.944079</y1>
			<x2>191.390544</x2>
			<y2>326.384313</y2>
			<x3>179.208085</x3>
			<y3>384.205177</y3>
			<x4>165.970385</x4>
			<y4>442.714286</y4>
			<x5>192.107176</x5>
			<y5>468.438072</y5>
			<x6>217.547057</x6>
			<y6>387.774368</y6>
			<x7>227.938002</x7>
			<y7>344.944079</y7>
		</polygon>
	</object>
	<object>
		<name>RMD</name>
		<pose>Unspecified</pose>
		<truncated>0</truncated>
		<difficult>0</difficult>
		<occluded>0</occluded>
		<bndbox>
			<xmin>140</xmin>
			<xmax>190</xmax>
			<ymin>312</ymin>
			<ymax>456</ymax>
		</bndbox>
		<polygon>
			<x1>149.826791</x1>
			<y1>380.635986</y1>
			<x2>139.077544</x2>
			<y2>434.173847</y2>
			<x3>158.426195</x3>
			<y3>454.875164</y3>
			<x4>168.100507</x4>
			<y4>442.73991</y4>
			<x5>182.074534</x5>
			<y5>382.063668</y5>
			<x6>188.816328</x6>
			<y6>330.214286</y6>
			<x7>183.14947</x7>
			<y7>313.535204</y7>
			<x8>167.742204</x8>
			<y8>319.959744</y8>
			<x9>158.067892</x9>
			<y9>310.679854</y9>
			<x10>148.393553</x10>
			<y10>326.384313</y10>
			<x11>149.826791</x11>
			<y11>380.635986</y11>
		</polygon>
	</object>
	<object>
		<name>RMD</name>
		<pose>Unspecified</pose>
		<truncated>0</truncated>
		<difficult>0</difficult>
		<occluded>0</occluded>
		<bndbox>
			<xmin>110</xmin>
			<xmax>153</xmax>
			<ymin>306</ymin>
			<ymax>386</ymax>
		</bndbox>
		<polygon>
			<x1>136.569397</x1>
			<y1>307.824491</y1>
			<x2>110.423384</x2>
			<y2>307.892858</y2>
			<x3>108.979659</x3>
			<y3>366.359224</y3>
			<x4>135.852764</x4>
			<y4>380.635986</y4>
			<x5>149.110186</x5>
			<y5>384.919004</y5>
			<x6>149.826791</x6>
			<y6>369.928414</y6>
			<x7>148.751883</x7>
			<y7>330.667317</y7>
			<x8>152.334966</x8>
			<y8>304.969168</y8>
			<x9>136.569397</x9>
			<y9>307.824491</y9>
		</polygon>
	</object>
	<object>
		<name>LIU</name>
		<pose>Unspecified</pose>
		<truncated>0</truncated>
		<difficult>0</difficult>
		<occluded>0</occluded>
		<bndbox>
			<xmin>324</xmin>
			<xmax>356</xmax>
			<ymin>377</ymin>
			<ymax>484</ymax>
		</bndbox>
		<polygon>
			<x1>333.841723</x1>
			<y1>483.428689</y1>
			<x2>354.981915</x2>
			<y2>479.145644</y2>
			<x3>346.382512</x3>
			<y3>434.173847</y3>
			<x4>338.882822</x4>
			<y4>377.535715</y4>
			<x5>323.450805</x5>
			<y5>376.352982</y5>
			<x6>328.825429</x6>
			<y6>433.460019</y6>
			<x7>333.841723</x7>
			<y7>483.428689</y7>
		</polygon>
	</object>
	<object>
		<name>LIU</name>
		<pose>Unspecified</pose>
		<truncated>0</truncated>
		<difficult>0</difficult>
		<occluded>0</occluded>
		<bndbox>
			<xmin>338</xmin>
			<xmax>378</xmax>
			<ymin>368</ymin>
			<ymax>506</ymax>
		</bndbox>
		<polygon>
			<x1>336.7082</x1>
			<y1>372.783791</y1>
			<x2>341.724521</x2>
			<y2>397.054258</y2>
			<x3>359.281631</x3>
			<y3>478.431817</y3>
			<x4>377.197043</x4>
			<y4>504.843834</y4>
			<x5>377.197043</x5>
			<y5>475.576454</y5>
			<x6>359.998236</x6>
			<y6>414.186384</y6>
			<x7>356.80121</x7>
			<y7>366.821429</y7>
			<x8>336.7082</x8>
			<y8>372.783791</y8>
		</polygon>
	</object>
	<object>
		<name>LCD</name>
		<pose>Unspecified</pose>
		<truncated>0</truncated>
		<difficult>0</difficult>
		<occluded>0</occluded>
		<bndbox>
			<xmin>358</xmin>
			<xmax>393</xmax>
			<ymin>364</ymin>
			<ymax>489</ymax>
		</bndbox>
		<polygon>
			<x1>389.737833</x1>
			<y1>487.711707</y1>
			<x2>391.529374</x2>
			<y2>463.4412</y2>
			<x3>378.630255</x3>
			<y3>410.617194</y3>
			<x4>376.959396</x4>
			<y4>368.607144</y4>
			<x5>366.447796</x5>
			<y5>362.790033</y5>
			<x6>357.131759</x6>
			<y6>372.783791</y6>
			<x7>361.073172</x7>
			<y7>409.903339</y7>
			<x8>366.447796</x8>
			<y8>437.743038</y8>
			<x9>378.630255</x9>
			<y9>480.573326</y9>
			<x10>389.737833</x10>
			<y10>487.711707</y10>
		</polygon>
	</object>
	<object>
		<name>LPMD</name>
		<pose>Unspecified</pose>
		<truncated>0</truncated>
		<difficult>0</difficult>
		<occluded>0</occluded>
		<bndbox>
			<xmin>377</xmin>
			<xmax>421</xmax>
			<ymin>349</ymin>
			<ymax>487</ymax>
		</bndbox>
		<polygon>
			<x1>413.386172</x1>
			<y1>486.284026</y1>
			<x2>420.194034</x2>
			<y2>469.865754</y2>
			<x3>402.995227</x3>
			<y3>386.346686</y3>
			<x4>396.669621</x4>
			<y4>348.964286</y4>
			<x5>382.92997</x5>
			<y5>347.799456</y5>
			<x6>379.346888</x6>
			<y6>364.931542</y6>
			<x7>376.122108</x7>
			<y7>387.774368</y7>
			<x8>392.962585</x8>
			<y8>423.466275</y8>
			<x9>402.636924</x9>
			<y9>468.438072</y9>
			<x10>413.386172</x10>
			<y10>486.284026</y10>
		</polygon>
	</object>
	<object>
		<name>LPMD</name>
		<pose>Unspecified</pose>
		<truncated>0</truncated>
		<difficult>0</difficult>
		<occluded>0</occluded>
		<bndbox>
			<xmin>399</xmin>
			<xmax>442</xmax>
			<ymin>337</ymin>
			<ymax>476</ymax>
		</bndbox>
		<polygon>
			<x1>440.617594</x1>
			<y1>474.862626</y1>
			<x2>440.259291</x2>
			<y2>444.881419</y2>
			<x3>426.643566</x3>
			<y3>377.066796</y3>
			<x4>423.099243</x4>
			<y4>335.571429</y4>
			<x5>398.337209</x5>
			<y5>347.085589</y5>
			<x6>400.12875</x6>
			<y6>374.925273</y6>
			<x7>410.519695</x7>
			<y7>396.340431</y7>
			<x8>419.835704</x8>
			<y8>435.601529</y8>
			<x9>427.360199</x9>
			<y9>464.155054</y9>
			<x10>440.617594</x10>
			<y10>474.862626</y10>
		</polygon>
	</object>
	<object>
		<name>LMD</name>
		<pose>Unspecified</pose>
		<truncated>0</truncated>
		<difficult>0</difficult>
		<occluded>0</occluded>
		<bndbox>
			<xmin>420</xmin>
			<xmax>485</xmax>
			<ymin>321</ymin>
			<ymax>469</ymax>
		</bndbox>
		<polygon>
			<x1>420.91064</x1>
			<y1>333.522694</y1>
			<x2>419.119098</x2>
			<y2>362.076219</y2>
			<x3>437.034511</x3>
			<y3>408.475685</y3>
			<x4>458.174704</x4>
			<y4>468.438072</y4>
			<x5>483.614584</x5>
			<y5>443.453737</y5>
			<x6>462.832695</x6>
			<y6>366.359224</y6>
			<x7>457.592139</x7>
			<y7>319.500001</y7>
			<x8>420.91064</x8>
			<y8>333.522694</y8>
		</polygon>
	</object>
	<object>
		<name>LMD</name>
		<pose>Unspecified</pose>
		<truncated>0</truncated>
		<difficult>0</difficult>
		<occluded>0</occluded>
		<bndbox>
			<xmin>457</xmin>
			<xmax>509</xmax>
			<ymin>296</ymin>
			<ymax>432</ymax>
		</bndbox>
		<polygon>
			<x1>480.748107</x1>
			<y1>400.623449</y1>
			<x2>498.66352</x2>
			<y2>431.318484</y2>
			<x3>507.979529</x3>
			<y3>400.623449</y3>
			<x4>496.871979</x4>
			<y4>352.082461</y4>
			<x5>497.588612</x5>
			<y5>323.528935</y5>
			<x6>491.189115</x6>
			<y6>294.500001</y6>
			<x7>475.731814</x7>
			<y7>305.682982</y7>
			<x8>463.191025</x8>
			<y8>297.116919</y8>
			<x9>456.02486</x9>
			<y9>330.667317</y9>
			<x10>468.565649</x10>
			<y10>362.076219</y10>
			<x11>480.748107</x11>
			<y11>400.623449</y11>
		</polygon>
	</object>
	<object>
		<name>LMD</name>
		<pose>Unspecified</pose>
		<truncated>0</truncated>
		<difficult>0</difficult>
		<occluded>0</occluded>
		<bndbox>
			<xmin>492</xmin>
			<xmax>538</xmax>
			<ymin>272</ymin>
			<ymax>369</ymax>
		</bndbox>
		<polygon>
			<x1>534.641204</x1>
			<y1>278.428572</y1>
			<x2>490.780749</x2>
			<y2>283.554024</y2>
			<x3>495.080437</x3>
			<y3>319.959744</y3>
			<x4>495.797071</x4>
			<y4>353.510129</y4>
			<x5>505.113107</x5>
			<y5>367.786892</y5>
			<x6>518.012171</x6>
			<y6>354.937838</y6>
			<x7>537.36085</x7>
			<y7>322.815122</y7>
			<x8>535.210979</x8>
			<y8>270.704916</y8>
			<x9>534.641204</x9>
			<y9>278.428572</y9>
		</polygon>
	</object>
</annotation>
