<annotation>
	<folder></folder>
	<filename>168_jpg.rf.0f07e9366a54c42f5d76e05bc4d6e4b8.jpg</filename>
	<path>168_jpg.rf.0f07e9366a54c42f5d76e05bc4d6e4b8.jpg</path>
	<source>
		<database>roboflow.com</database>
	</source>
	<size>
		<width>640</width>
		<height>640</height>
		<depth>3</depth>
	</size>
	<segmented>0</segmented>
	<object>
		<name>RIU</name>
		<pose>Unspecified</pose>
		<truncated>0</truncated>
		<difficult>0</difficult>
		<occluded>0</occluded>
		<bndbox>
			<xmin>292</xmin>
			<xmax>317</xmax>
			<ymin>183</ymin>
			<ymax>325</ymax>
		</bndbox>
		<polygon>
			<x1>309.279576</x1>
			<y1>248.292781</y1>
			<x2>307.514446</x2>
			<y2>181.531251</y2>
			<x3>291.095423</x3>
			<y3>183.333513</y3>
			<x4>291.408938</x4>
			<y4>238.299057</y4>
			<x5>293.60359</x5>
			<y5>286.393883</y5>
			<x6>292.976536</x6>
			<y6>323.870384</y6>
			<x7>309.279576</x7>
			<y7>322.621187</y7>
			<x8>315.863485</x8>
			<y8>312.00284</y8>
			<x9>309.279576</x9>
			<y9>248.292781</y9>
		</polygon>
	</object>
	<object>
		<name>LIU</name>
		<pose>Unspecified</pose>
		<truncated>0</truncated>
		<difficult>0</difficult>
		<occluded>0</occluded>
		<bndbox>
			<xmin>309</xmin>
			<xmax>338</xmax>
			<ymin>185</ymin>
			<ymax>320</ymax>
		</bndbox>
		<polygon>
			<x1>331.539472</x1>
			<y1>262.03417</y1>
			<x2>324.36893</x2>
			<y2>184.656251</y2>
			<x3>308.025493</x3>
			<y3>183.958112</y3>
			<x4>309.593091</x4>
			<y4>241.422099</y4>
			<x5>310.847175</x5>
			<y5>275.775559</y5>
			<x6>314.609402</x6>
			<y6>319.498145</y6>
			<x7>333.420585</x7>
			<y7>315.750481</y7>
			<x8>337.182812</x8>
			<y8>303.258313</y8>
			<x9>331.539472</x9>
			<y9>262.03417</y9>
		</polygon>
	</object>
	<object>
		<name>LIU</name>
		<pose>Unspecified</pose>
		<truncated>0</truncated>
		<difficult>0</difficult>
		<occluded>0</occluded>
		<bndbox>
			<xmin>324</xmin>
			<xmax>357</xmax>
			<ymin>172</ymin>
			<ymax>312</ymax>
		</bndbox>
		<polygon>
			<x1>348.156027</x1>
			<y1>237.674434</y1>
			<x2>343.81055</x2>
			<y2>171.375001</y2>
			<x3>323.387964</x3>
			<y3>172.715189</y3>
			<x4>327.46373</x4>
			<y4>223.933045</y4>
			<x5>331.853011</x5>
			<y5>265.781811</y5>
			<x6>338.123405</x6>
			<y6>310.753618</y6>
			<x7>348.783057</x7>
			<y7>308.255176</y7>
			<x8>355.994044</x8>
			<y8>293.889187</y8>
			<x9>348.156027</x9>
			<y9>237.674434</y9>
		</polygon>
	</object>
	<object>
		<name>LCU</name>
		<pose>Unspecified</pose>
		<truncated>0</truncated>
		<difficult>0</difficult>
		<occluded>0</occluded>
		<bndbox>
			<xmin>346</xmin>
			<xmax>379</xmax>
			<ymin>170</ymin>
			<ymax>304</ymax>
		</bndbox>
		<polygon>
			<x1>363.832013</x1>
			<y1>302.633714</y1>
			<x2>374.805203</x2>
			<y2>295.763008</y2>
			<x3>377.9404</x3>
			<y3>283.895463</y3>
			<x4>373.237604</x4>
			<y4>243.920518</y4>
			<x5>367.280701</x5>
			<y5>197.07489</y5>
			<x6>356.902002</x6>
			<y6>169.031251</y6>
			<x7>344.70729</x7>
			<y7>182.084315</y7>
			<x8>349.723601</x8>
			<y8>225.806889</y8>
			<x9>353.172313</x9>
			<y9>260.16035</y9>
			<x10>357.875109</x10>
			<y10>294.51381</y10>
			<x11>363.832013</x11>
			<y11>302.633714</y11>
		</polygon>
	</object>
	<object>
		<name>LMU</name>
		<pose>Unspecified</pose>
		<truncated>0</truncated>
		<difficult>0</difficult>
		<occluded>0</occluded>
		<bndbox>
			<xmin>437</xmin>
			<xmax>484</xmax>
			<ymin>162</ymin>
			<ymax>277</ymax>
		</bndbox>
		<polygon>
			<x1>463.844785</x1>
			<y1>160.847609</y1>
			<x2>448.168799</x2>
			<y2>207.06865</y2>
			<x3>435.62801</x3>
			<y3>245.794338</y3>
			<x4>445.347141</x4>
			<y4>275.775559</y4>
			<x5>464.785354</x5>
			<y5>270.778673</y5>
			<x6>467.920551</x6>
			<y6>236.425212</y6>
			<x7>482.722678</x7>
			<y7>171.375001</y7>
			<x8>463.844785</x8>
			<y8>160.847609</y8>
		</polygon>
	</object>
	<object>
		<name>RID</name>
		<pose>Unspecified</pose>
		<truncated>0</truncated>
		<difficult>0</difficult>
		<occluded>0</occluded>
		<bndbox>
			<xmin>295</xmin>
			<xmax>313</xmax>
			<ymin>330</ymin>
			<ymax>429</ymax>
		</bndbox>
		<polygon>
			<x1>293.60359</x1>
			<y1>426.306191</y1>
			<x2>311.16069</x2>
			<y2>428.179987</y2>
			<x3>311.78772</x3>
			<y3>366.968419</y3>
			<x4>311.826058</x4>
			<y4>329.968751</y4>
			<x5>301.128044</x5>
			<y5>328.867271</y5>
			<x6>294.85765</x6>
			<y6>385.082024</y6>
			<x7>293.60359</x7>
			<y7>426.306191</y7>
		</polygon>
	</object>
	<object>
		<name>RID</name>
		<pose>Unspecified</pose>
		<truncated>0</truncated>
		<difficult>0</difficult>
		<occluded>0</occluded>
		<bndbox>
			<xmin>276</xmin>
			<xmax>302</xmax>
			<ymin>321</ymin>
			<ymax>427</ymax>
		</bndbox>
		<polygon>
			<x1>293.60359</x1>
			<y1>381.958983</y1>
			<x2>301.441583</x2>
			<y2>327.618049</y2>
			<x3>283.604598</x3>
			<y3>319.812501</y3>
			<x4>280.435747</x4>
			<y4>364.469929</y4>
			<x5>274.792407</x5>
			<y5>419.435484</y5>
			<x6>290.468393</x6>
			<y6>425.681544</y6>
			<x7>293.60359</x7>
			<y7>381.958983</y7>
		</polygon>
	</object>
	<object>
		<name>RCD</name>
		<pose>Unspecified</pose>
		<truncated>0</truncated>
		<difficult>0</difficult>
		<occluded>0</occluded>
		<bndbox>
			<xmin>252</xmin>
			<xmax>286</xmax>
			<ymin>301</ymin>
			<ymax>435</ymax>
		</bndbox>
		<polygon>
			<x1>285.138543</x1>
			<y1>313.87666</y1>
			<x2>274.792407</x2>
			<y2>299.510672</y2>
			<x3>264.790292</x3>
			<y3>304.187501</y3>
			<x4>262.251618</x4>
			<y4>342.608659</y4>
			<x5>259.74345</x5>
			<y5>371.965234</y5>
			<x6>250.964888</x6>
			<y6>410.066359</y6>
			<x7>257.548822</x7>
			<y7>434.426071</y7>
			<x8>271.030156</x8>
			<y8>420.684683</y8>
			<x9>277.614065</x9>
			<y9>370.716012</y9>
			<x10>285.138543</x10>
			<y10>313.87666</y10>
		</polygon>
	</object>
	<object>
		<name>RPMD</name>
		<pose>Unspecified</pose>
		<truncated>0</truncated>
		<difficult>0</difficult>
		<occluded>0</occluded>
		<bndbox>
			<xmin>237</xmin>
			<xmax>264</xmax>
			<ymin>296</ymin>
			<ymax>407</ymax>
		</bndbox>
		<polygon>
			<x1>242.186351</x1>
			<y1>345.731677</y1>
			<x2>236.176867</x2>
			<y2>381.531251</y2>
			<x3>247.202661</x3>
			<y3>406.318694</y3>
			<x4>254.72714</x4>
			<y4>390.078886</y4>
			<x5>256.608253</x5>
			<y5>354.476252</y5>
			<x6>262.878648</x6>
			<y6>310.753618</y6>
			<x7>253.786571</x7>
			<y7>295.138409</y7>
			<x8>242.813381</x8>
			<y8>298.88605</y8>
			<x9>242.186351</x9>
			<y9>345.731677</y9>
		</polygon>
	</object>
	<object>
		<name>RMU</name>
		<pose>Unspecified</pose>
		<truncated>0</truncated>
		<difficult>0</difficult>
		<occluded>0</occluded>
		<bndbox>
			<xmin>147</xmin>
			<xmax>180</xmax>
			<ymin>197</ymin>
			<ymax>319</ymax>
		</bndbox>
		<polygon>
			<x1>167.882162</x1>
			<y1>317.624301</y1>
			<x2>178.855352</x2>
			<y2>302.633714</y2>
			<x3>173.212012</x3>
			<y3>265.157212</y3>
			<x4>172.286617</x4>
			<y4>212.000001</y4>
			<x5>172.271443</x5>
			<y5>196.450279</y5>
			<x6>148.130422</x6>
			<y6>197.699524</y6>
			<x7>150.011547</x7>
			<y7>258.911128</y7>
			<x8>145.935793</x8>
			<y8>283.270841</y8>
			<x9>149.07099</x9>
			<y9>312.627439</y9>
			<x10>167.882162</x10>
			<y10>317.624301</y10>
		</polygon>
	</object>
	<object>
		<name>LID</name>
		<pose>Unspecified</pose>
		<truncated>0</truncated>
		<difficult>0</difficult>
		<occluded>0</occluded>
		<bndbox>
			<xmin>312</xmin>
			<xmax>331</xmax>
			<ymin>328</ymin>
			<ymax>431</ymax>
		</bndbox>
		<polygon>
			<x1>311.78772</x1>
			<y1>333.239534</y1>
			<x2>312.101235</x2>
			<y2>374.463677</y2>
			<x3>311.474205</x3>
			<y3>400.697234</y3>
			<x4>313.668833</x4>
			<y4>430.053832</y4>
			<x5>330.285388</x5>
			<y5>426.306191</y5>
			<x6>327.463706</x6>
			<y6>377.586719</y6>
			<x7>326.328753</x7>
			<y7>326.843751</y7>
			<x8>311.78772</x8>
			<y8>333.239534</y8>
		</polygon>
	</object>
	<object>
		<name>LID</name>
		<pose>Unspecified</pose>
		<truncated>0</truncated>
		<difficult>0</difficult>
		<occluded>0</occluded>
		<bndbox>
			<xmin>326</xmin>
			<xmax>345</xmax>
			<ymin>319</ymin>
			<ymax>429</ymax>
		</bndbox>
		<polygon>
			<x1>325.582592</x1>
			<y1>319.498145</y1>
			<x2>324.955562</x2>
			<y2>348.854719</y2>
			<x3>329.971873</x3>
			<y3>381.958983</y3>
			<x4>330.285388</x4>
			<y4>428.179987</y4>
			<x5>344.080261</x5>
			<y5>421.933904</y5>
			<x6>342.512662</x6>
			<y6>352.602384</y6>
			<x7>338.087695</x7>
			<y7>318.250001</y7>
			<x8>325.582592</x8>
			<y8>319.498145</y8>
		</polygon>
	</object>
	<object>
		<name>LCD</name>
		<pose>Unspecified</pose>
		<truncated>0</truncated>
		<difficult>0</difficult>
		<occluded>0</occluded>
		<bndbox>
			<xmin>339</xmin>
			<xmax>366</xmax>
			<ymin>309</ymin>
			<ymax>425</ymax>
		</bndbox>
		<polygon>
			<x1>344.70729</x1>
			<y1>307.630576</y1>
			<x2>338.436896</x2>
			<y2>326.368828</y2>
			<x3>342.826177</x3>
			<y3>370.716012</y3>
			<x4>345.020805</x4>
			<y4>423.807748</y4>
			<x5>364.772581</x5>
			<y5>413.814048</y5>
			<x6>361.323845</x6>
			<y6>330.741091</y6>
			<x7>356.902002</x7>
			<y7>311.218751</y7>
			<x8>344.70729</x8>
			<y8>307.630576</y8>
		</polygon>
	</object>
	<object>
		<name>LPMD</name>
		<pose>Unspecified</pose>
		<truncated>0</truncated>
		<difficult>0</difficult>
		<occluded>0</occluded>
		<bndbox>
			<xmin>357</xmin>
			<xmax>403</xmax>
			<ymin>297</ymin>
			<ymax>412</ymax>
		</bndbox>
		<polygon>
			<x1>361.637384</x1>
			<y1>300.759894</y1>
			<x2>356.307511</x2>
			<y2>320.122744</y2>
			<x3>369.161838</x3>
			<y3>350.103941</y3>
			<x4>379.507999</x4>
			<y4>410.691006</y4>
			<x5>402.394948</x5>
			<y5>386.955844</y5>
			<x6>383.583765</x6>
			<y6>330.741091</y6>
			<x7>378.068097</x7>
			<y7>295.593751</y7>
			<x8>361.637384</x8>
			<y8>300.759894</y8>
		</polygon>
	</object>
	<object>
		<name>LPMD</name>
		<pose>Unspecified</pose>
		<truncated>0</truncated>
		<difficult>0</difficult>
		<occluded>0</occluded>
		<bndbox>
			<xmin>377</xmin>
			<xmax>428</xmax>
			<ymin>271</ymin>
			<ymax>382</ymax>
		</bndbox>
		<polygon>
			<x1>411.487001</x1>
			<y1>328.242648</y1>
			<x2>404.329733</x2>
			<y2>272.156251</y2>
			<x3>382.956687</x3>
			<y3>269.529476</y3>
			<x4>376.372802</x4>
			<y4>288.267726</y4>
			<x5>383.583765</x5>
			<y5>316.375103</y5>
			<x6>392.362279</x6>
			<y6>346.356301</y6>
			<x7>409.292372</x7>
			<y7>380.709761</y7>
			<x8>427.476526</x8>
			<y8>353.851606</y8>
			<x9>411.487001</x9>
			<y9>328.242648</y9>
		</polygon>
	</object>
</annotation>
