<annotation>
	<folder></folder>
	<filename>171_jpg.rf.ee5f383e6557cf83b2209a3c1545b477.jpg</filename>
	<path>171_jpg.rf.ee5f383e6557cf83b2209a3c1545b477.jpg</path>
	<source>
		<database>roboflow.com</database>
	</source>
	<size>
		<width>640</width>
		<height>640</height>
		<depth>3</depth>
	</size>
	<segmented>0</segmented>
	<object>
		<name>RIU</name>
		<pose>Unspecified</pose>
		<truncated>0</truncated>
		<difficult>0</difficult>
		<occluded>0</occluded>
		<bndbox>
			<xmin>279</xmin>
			<xmax>308</xmax>
			<ymin>235</ymin>
			<ymax>364</ymax>
		</bndbox>
		<polygon>
			<x1>303.988915</x1>
			<y1>308.532735</y1>
			<x2>306.460498</x2>
			<y2>249.916668</y2>
			<x3>307.333138</x3>
			<y3>236.910966</y3>
			<x4>282.530241</x4>
			<y4>234.134929</y4>
			<x5>281.4155</x5>
			<y5>252.456791</y5>
			<x6>277.513917</x6>
			<y6>321.857722</y6>
			<x7>279.464719</x7>
			<y7>361.832641</y7>
			<x8>302.038134</x8>
			<y8>362.94306</y8>
			<x9>303.988915</x9>
			<y9>308.532735</y9>
		</polygon>
	</object>
	<object>
		<name>RIU</name>
		<pose>Unspecified</pose>
		<truncated>0</truncated>
		<difficult>0</difficult>
		<occluded>0</occluded>
		<bndbox>
			<xmin>257</xmin>
			<xmax>281</xmax>
			<ymin>228</ymin>
			<ymax>364</ymax>
		</bndbox>
		<polygon>
			<x1>256.055242</x1>
			<y1>354.614948</y1>
			<x2>270.268132</x2>
			<y2>362.94306</y2>
			<x3>277.792596</x3>
			<y3>362.387861</y3>
			<x4>280.022078</x4>
			<y4>311.863971</y4>
			<x5>278.349978</x5>
			<y5>230.803693</y5>
			<x6>263.257275</x6>
			<y6>227.000001</y6>
			<x7>259.399443</x7>
			<y7>301.870241</y7>
			<x8>256.055242</x8>
			<y8>354.614948</y8>
		</polygon>
	</object>
	<object>
		<name>RCU</name>
		<pose>Unspecified</pose>
		<truncated>0</truncated>
		<difficult>0</difficult>
		<occluded>0</occluded>
		<bndbox>
			<xmin>234</xmin>
			<xmax>261</xmax>
			<ymin>232</ymin>
			<ymax>366</ymax>
		</bndbox>
		<polygon>
			<x1>257.448663</x1>
			<y1>288.545275</y1>
			<x2>256.333921</x2>
			<y2>230.803693</y2>
			<x3>241.655664</x3>
			<y3>233.250001</y3>
			<x4>238.776809</x4>
			<y4>287.990055</y4>
			<x5>236.826028</x5>
			<y5>335.182688</y5>
			<x6>232.645765</x6>
			<y6>347.397298</y6>
			<x7>244.350493</x7>
			<y7>365.163898</y7>
			<x8>255.776562</x8>
			<y8>350.728492</y8>
			<x9>260.235504</x9>
			<y9>337.403526</y9>
			<x10>257.448663</x10>
			<y10>288.545275</y10>
		</polygon>
	</object>
	<object>
		<name>RPMU</name>
		<pose>Unspecified</pose>
		<truncated>0</truncated>
		<difficult>0</difficult>
		<occluded>0</occluded>
		<bndbox>
			<xmin>216</xmin>
			<xmax>239</xmax>
			<ymin>238</ymin>
			<ymax>361</ymax>
		</bndbox>
		<polygon>
			<x1>236.268668</x1>
			<y1>300.204623</y1>
			<x2>232.088405</x2>
			<y2>237.466186</y2>
			<x3>219.008813</x3>
			<y3>238.805556</y3>
			<x4>219.268915</x4>
			<y4>275.775487</y4>
			<x5>216.482073</x5>
			<y5>315.195228</y5>
			<x6>215.088652</x6>
			<y6>334.07229</y6>
			<x7>223.727879</x7>
			<y7>359.611824</y7>
			<x8>230.137603</x8>
			<y8>354.059749</y8>
			<x9>238.498129</x9>
			<y9>329.630613</y9>
			<x10>236.268668</x10>
			<y10>300.204623</y10>
		</polygon>
	</object>
	<object>
		<name>RPMU</name>
		<pose>Unspecified</pose>
		<truncated>0</truncated>
		<difficult>0</difficult>
		<occluded>0</occluded>
		<bndbox>
			<xmin>190</xmin>
			<xmax>221</xmax>
			<ymin>227</ymin>
			<ymax>357</ymax>
		</bndbox>
		<polygon>
			<x1>216.203393</x1>
			<y1>344.621261</y1>
			<x2>217.596814</x2>
			<y2>296.873387</y2>
			<x3>220.104976</x3>
			<y3>231.358902</y3>
			<x4>197.25288</x4>
			<y4>225.806828</y4>
			<x5>196.710375</x5>
			<y5>238.805556</y5>
			<x6>192.793916</x6>
			<y6>280.772362</y6>
			<x7>189.449714</x7>
			<y7>323.52334</y7>
			<x8>192.236556</x8>
			<y8>347.397298</y8>
			<x9>201.433143</x9>
			<y9>344.621261</y9>
			<x10>207.006827</x10>
			<y10>356.280566</y10>
			<x11>216.203393</x11>
			<y11>344.621261</y11>
		</polygon>
	</object>
	<object>
		<name>RMU</name>
		<pose>Unspecified</pose>
		<truncated>0</truncated>
		<difficult>0</difficult>
		<occluded>0</occluded>
		<bndbox>
			<xmin>149</xmin>
			<xmax>182</xmax>
			<ymin>230</ymin>
			<ymax>312</ymax>
		</bndbox>
		<polygon>
			<x1>147.647084</x1>
			<y1>240.242224</y1>
			<x2>148.204455</x2>
			<y2>287.434856</y2>
			<x3>153.778139</x3>
			<y3>310.198352</y3>
			<x4>164.925507</x4>
			<y4>311.308772</y4>
			<x5>179.695767</x5>
			<y5>309.087934</y5>
			<x6>180.531828</x6>
			<y6>277.996326</y6>
			<x7>178.941308</x7>
			<y7>229.083334</y7>
			<x8>147.647084</x8>
			<y8>240.242224</y8>
		</polygon>
	</object>
	<object>
		<name>LIU</name>
		<pose>Unspecified</pose>
		<truncated>0</truncated>
		<difficult>0</difficult>
		<occluded>0</occluded>
		<bndbox>
			<xmin>303</xmin>
			<xmax>330</xmax>
			<ymin>247</ymin>
			<ymax>362</ymax>
		</bndbox>
		<polygon>
			<x1>304.267595</x1>
			<y1>361.474126</y1>
			<x2>329.070493</x2>
			<y2>357.587669</y2>
			<x3>326.562331</x3>
			<y3>310.950236</y3>
			<x4>325.623218</x4>
			<y4>245.750001</y4>
			<x5>302.874174</x5>
			<y5>249.322218</y5>
			<x6>302.316814</x6>
			<y6>320.388767</y6>
			<x7>304.267595</x7>
			<y7>361.474126</y7>
		</polygon>
	</object>
	<object>
		<name>LIU</name>
		<pose>Unspecified</pose>
		<truncated>0</truncated>
		<difficult>0</difficult>
		<occluded>0</occluded>
		<bndbox>
			<xmin>326</xmin>
			<xmax>353</xmax>
			<ymin>235</ymin>
			<ymax>361</ymax>
		</bndbox>
		<polygon>
			<x1>348.021027</x1>
			<y1>300.401318</y1>
			<x2>345.831177</x2>
			<y2>245.750001</y2>
			<x3>345.791545</x3>
			<y3>233.776404</y3>
			<x4>324.61155</x4>
			<y4>239.883688</y4>
			<x5>327.119712</x5>
			<y5>307.618989</y5>
			<x6>327.955752</x6>
			<y6>359.253288</y6>
			<x7>347.463646</x7>
			<y7>359.808487</y7>
			<x8>351.64393</x8>
			<y8>346.483521</y8>
			<x9>348.021027</x9>
			<y9>300.401318</y9>
		</polygon>
	</object>
	<object>
		<name>LCU</name>
		<pose>Unspecified</pose>
		<truncated>0</truncated>
		<difficult>0</difficult>
		<occluded>0</occluded>
		<bndbox>
			<xmin>351</xmin>
			<xmax>379</xmax>
			<ymin>194</ymin>
			<ymax>355</ymax>
		</bndbox>
		<polygon>
			<x1>375.889447</x1>
			<y1>349.259558</y1>
			<x2>377.561569</x2>
			<y2>322.054385</y2>
			<x3>367.528921</x3>
			<y3>277.637789</y3>
			<x4>368.129614</x4>
			<y4>202.694445</y4>
			<x5>367.807622</x5>
			<y5>193.24627</y5>
			<x6>350.250509</x6>
			<y6>194.911883</y6>
			<x7>350.529168</x7>
			<y7>266.533641</y7>
			<x8>350.250509</x8>
			<y8>333.713754</y8>
			<x9>355.824193</x9>
			<y9>354.256413</y9>
			<x10>375.889447</x10>
			<y10>349.259558</y10>
		</polygon>
	</object>
	<object>
		<name>LPMU</name>
		<pose>Unspecified</pose>
		<truncated>0</truncated>
		<difficult>0</difficult>
		<occluded>0</occluded>
		<bndbox>
			<xmin>380</xmin>
			<xmax>398</xmax>
			<ymin>236</ymin>
			<ymax>346</ymax>
		</bndbox>
		<polygon>
			<x1>381.18443</x1>
			<y1>344.817903</y1>
			<x2>393.725218</x2>
			<y2>345.373102</y2>
			<x3>396.512061</x3>
			<y3>307.618989</y3>
			<x4>397.0479</x4>
			<y4>238.805556</y4>
			<x5>379.233649</x5>
			<y5>235.442027</y5>
			<x6>378.676289</x6>
			<y6>312.615864</y6>
			<x7>381.18443</x7>
			<y7>344.817903</y7>
		</polygon>
	</object>
	<object>
		<name>LPMU</name>
		<pose>Unspecified</pose>
		<truncated>0</truncated>
		<difficult>0</difficult>
		<occluded>0</occluded>
		<bndbox>
			<xmin>398</xmin>
			<xmax>425</xmax>
			<ymin>230</ymin>
			<ymax>357</ymax>
		</bndbox>
		<polygon>
			<x1>398.741543</x1>
			<y1>356.477251</y1>
			<x2>423.544462</x2>
			<y2>349.814757</y2>
			<x3>422.429699</x3>
			<y3>295.404432</y3>
			<x4>417.25586</x4>
			<y4>233.944445</y4>
			<x5>396.512061</x5>
			<y5>228.779534</y5>
			<x6>396.790762</x6>
			<y6>319.833578</y6>
			<x7>398.741543</x7>
			<y7>356.477251</y7>
		</polygon>
	</object>
	<object>
		<name>LMU</name>
		<pose>Unspecified</pose>
		<truncated>0</truncated>
		<difficult>0</difficult>
		<occluded>0</occluded>
		<bndbox>
			<xmin>419</xmin>
			<xmax>457</xmax>
			<ymin>219</ymin>
			<ymax>355</ymax>
		</bndbox>
		<polygon>
			<x1>439.429453</x1>
			<y1>340.376226</y1>
			<x2>456.150505</x2>
			<y2>333.158534</y2>
			<x3>446.396557</x3>
			<y3>271.530516</y3>
			<x4>446.174146</x4>
			<y4>236.027778</y4>
			<x5>446.675216</x5>
			<y5>217.67539</y5>
			<x6>418.249436</x6>
			<y6>221.561841</y6>
			<x7>422.429699</x7>
			<y7>287.63153</y7>
			<x8>421.31498</x8>
			<y8>337.04499</y8>
			<x9>428.839445</x9>
			<y9>353.701213</y9>
			<x10>439.429453</x10>
			<y10>340.376226</y10>
		</polygon>
	</object>
	<object>
		<name>RID</name>
		<pose>Unspecified</pose>
		<truncated>0</truncated>
		<difficult>0</difficult>
		<occluded>0</occluded>
		<bndbox>
			<xmin>293</xmin>
			<xmax>313</xmax>
			<ymin>373</ymin>
			<ymax>464</ymax>
		</bndbox>
		<polygon>
			<x1>292.284187</x1>
			<y1>462.434856</y1>
			<x2>308.447858</x2>
			<y2>462.990055</y2>
			<x3>311.513401</x3>
			<y3>405.803693</y3>
			<x4>310.989868</x4>
			<y4>372.833334</y4>
			<x5>296.18577</x5>
			<y5>371.936058</y5>
			<x6>293.677609</x6>
			<y6>416.352643</y6>
			<x7>292.284187</x7>
			<y7>462.434856</y7>
		</polygon>
	</object>
	<object>
		<name>RID</name>
		<pose>Unspecified</pose>
		<truncated>0</truncated>
		<difficult>0</difficult>
		<occluded>0</occluded>
		<bndbox>
			<xmin>275</xmin>
			<xmax>298</xmax>
			<ymin>368</ymin>
			<ymax>475</ymax>
		</bndbox>
		<polygon>
			<x1>293.956288</x1>
			<y1>425.791152</y1>
			<x2>297.30049</x2>
			<y2>367.494381</y2>
			<x3>278.239038</x3>
			<y3>367.972223</y3>
			<x4>278.349978</x4>
			<y4>410.245348</y4>
			<x5>274.448395</x5>
			<y5>473.539005</y5>
			<x6>292.562867</x6>
			<y6>472.428586</y6>
			<x7>293.956288</x7>
			<y7>425.791152</y7>
		</polygon>
	</object>
	<object>
		<name>RID</name>
		<pose>Unspecified</pose>
		<truncated>0</truncated>
		<difficult>0</difficult>
		<occluded>0</occluded>
		<bndbox>
			<xmin>251</xmin>
			<xmax>281</xmax>
			<ymin>366</ymin>
			<ymax>516</ymax>
		</bndbox>
		<polygon>
			<x1>280.300758</x1>
			<y1>384.150605</y1>
			<x2>274.727074</x2>
			<y2>365.273554</y2>
			<x3>259.424731</x3>
			<y3>367.972223</y3>
			<x4>257.169983</x4>
			<y4>411.910966</y4>
			<x5>251.874979</x5>
			<y5>467.986931</y5>
			<x6>250.202878</x6>
			<y6>497.96812</y6>
			<x7>257.727343</x7>
			<y7>514.624364</y7>
			<x8>267.20261</x8>
			<y8>491.860846</y8>
			<x9>272.776294</x9>
			<y9>438.560941</y9>
			<x10>280.300758</x10>
			<y10>384.150605</y10>
		</polygon>
	</object>
	<object>
		<name>RPMD</name>
		<pose>Unspecified</pose>
		<truncated>0</truncated>
		<difficult>0</difficult>
		<occluded>0</occluded>
		<bndbox>
			<xmin>234</xmin>
			<xmax>258</xmax>
			<ymin>362</ymin>
			<ymax>498</ymax>
		</bndbox>
		<polygon>
			<x1>257.448663</x1>
			<y1>371.936058</y1>
			<x2>244.350493</x2>
			<y2>361.387097</y2>
			<x3>234.338989</x3>
			<y3>364.500001</y3>
			<x4>233.203125</x4>
			<y4>393.589125</y4>
			<x5>235.989966</x5>
			<y5>429.677609</y5>
			<x6>237.940769</x6>
			<y6>481.311896</y6>
			<x7>245.186554</x7>
			<y7>496.857722</y7>
			<x8>250.481558</x8>
			<y8>473.539005</y8>
			<x9>253.54708</x9>
			<y9>413.576606</y9>
			<x10>257.448663</x10>
			<y10>371.936058</y10>
		</polygon>
	</object>
	<object>
		<name>RPMD</name>
		<pose>Unspecified</pose>
		<truncated>0</truncated>
		<difficult>0</difficult>
		<occluded>0</occluded>
		<bndbox>
			<xmin>209</xmin>
			<xmax>235</xmax>
			<ymin>362</ymin>
			<ymax>486</ymax>
		</bndbox>
		<polygon>
			<x1>208.121547</x1>
			<y1>479.646278</y1>
			<x2>223.727879</x2>
			<y2>484.643154</y2>
			<x3>230.973664</x3>
			<y3>436.895301</y3>
			<x4>233.760506</x4>
			<y4>376.377692</y4>
			<x5>223.449178</x5>
			<y5>360.831909</y5>
			<x6>208.904833</x6>
			<y6>364.500001</y6>
			<x7>208.121547</x7>
			<y7>403.582865</y7>
			<x8>208.121547</x8>
			<y8>479.646278</y8>
		</polygon>
	</object>
	<object>
		<name>RMD</name>
		<pose>Unspecified</pose>
		<truncated>0</truncated>
		<difficult>0</difficult>
		<occluded>0</occluded>
		<bndbox>
			<xmin>150</xmin>
			<xmax>214</xmax>
			<ymin>339</ymin>
			<ymax>465</ymax>
		</bndbox>
		<polygon>
			<x1>172.171302</x1>
			<y1>464.100474</y1>
			<x2>203.941284</x2>
			<y2>406.914101</y2>
			<x3>213.137871</x3>
			<y3>368.049591</y3>
			<x4>202.269183</x4>
			<y4>353.614196</y4>
			<x5>184.15471</x5>
			<y5>337.513182</y5>
			<x6>173.007342</x6>
			<y6>373.046456</y6>
			<x7>148.629369</x7>
			<y7>420.055556</y7>
			<x8>172.171302</x8>
			<y8>464.100474</y8>
		</polygon>
	</object>
	<object>
		<name>RMD</name>
		<pose>Unspecified</pose>
		<truncated>0</truncated>
		<difficult>0</difficult>
		<occluded>0</occluded>
		<bndbox>
			<xmin>121</xmin>
			<xmax>183</xmax>
			<ymin>307</ymin>
			<ymax>425</ymax>
		</bndbox>
		<polygon>
			<x1>181.646548</x1>
			<y1>335.292344</y1>
			<x2>168.269709</x2>
			<y2>313.639256</y2>
			<x3>147.925764</x3>
			<y3>306.421568</y3>
			<x4>119.711083</x4>
			<y4>383.250001</y4>
			<x5>143.466821</x5>
			<y5>424.125534</y5>
			<x6>174.122083</x6>
			<y6>371.380828</y6>
			<x7>181.646548</x7>
			<y7>335.292344</y7>
		</polygon>
	</object>
	<object>
		<name>LID</name>
		<pose>Unspecified</pose>
		<truncated>0</truncated>
		<difficult>0</difficult>
		<occluded>0</occluded>
		<bndbox>
			<xmin>313</xmin>
			<xmax>331</xmax>
			<ymin>360</ymin>
			<ymax>472</ymax>
		</bndbox>
		<polygon>
			<x1>327.398392</x1>
			<y1>422.459916</y1>
			<x2>329.627874</x2>
			<y2>359.16627</y2>
			<x3>312.38352</x3>
			<y3>371.444445</y3>
			<x4>312.070761</x4>
			<y4>418.57346</y4>
			<x5>313.185502</x5>
			<y5>468.542129</y5>
			<x6>326.283651</x6>
			<y6>470.762968</y6>
			<x7>327.398392</x7>
			<y7>422.459916</y7>
		</polygon>
	</object>
	<object>
		<name>LID</name>
		<pose>Unspecified</pose>
		<truncated>0</truncated>
		<difficult>0</difficult>
		<occluded>0</occluded>
		<bndbox>
			<xmin>329</xmin>
			<xmax>350</xmax>
			<ymin>363</ymin>
			<ymax>468</ymax>
		</bndbox>
		<polygon>
			<x1>329.627874</x1>
			<y1>466.321312</y1>
			<x2>343.562084</x2>
			<y2>466.876511</y2>
			<x3>346.906286</x3>
			<y3>401.362027</y3>
			<x4>349.315307</x4>
			<y4>363.111112</y4>
			<x5>328.234453</x5>
			<y5>361.942307</y5>
			<x6>330.463914</x6>
			<y6>408.024542</y6>
			<x7>329.627874</x7>
			<y7>466.321312</y7>
		</polygon>
	</object>
	<object>
		<name>LCD</name>
		<pose>Unspecified</pose>
		<truncated>0</truncated>
		<difficult>0</difficult>
		<occluded>0</occluded>
		<bndbox>
			<xmin>351</xmin>
			<xmax>373</xmax>
			<ymin>359</ymin>
			<ymax>508</ymax>
		</bndbox>
		<polygon>
			<x1>368.922342</x1>
			<y1>411.355768</y1>
			<x2>370.916919</x2>
			<y2>358.250001</y2>
			<x3>349.693149</x3>
			<y3>363.607946</y3>
			<x4>349.971808</x4>
			<y4>402.472467</y4>
			<x5>353.037351</x5>
			<y5>447.444251</y5>
			<x6>356.938913</x6>
			<y6>500.744157</y6>
			<x7>367.807622</x7>
			<y7>507.406651</y7>
			<x8>372.266544</x8>
			<y8>496.302502</y8>
			<x9>368.922342</x9>
			<y9>411.355768</y9>
		</polygon>
	</object>
	<object>
		<name>LPMD</name>
		<pose>Unspecified</pose>
		<truncated>0</truncated>
		<difficult>0</difficult>
		<occluded>0</occluded>
		<bndbox>
			<xmin>368</xmin>
			<xmax>403</xmax>
			<ymin>372</ymin>
			<ymax>501</ymax>
		</bndbox>
		<polygon>
			<x1>381.463131</x1>
			<y1>500.188958</y1>
			<x2>402.085744</x2>
			<y2>496.302502</y2>
			<x3>390.659718</x3>
			<y3>424.680754</y3>
			<x4>394.609009</x4>
			<y4>371.444445</y4>
			<x5>367.25022</x5>
			<y5>380.819358</y5>
			<x6>374.217325</x6>
			<y6>450.775487</y6>
			<x7>381.463131</x7>
			<y7>500.188958</y7>
		</polygon>
	</object>
	<object>
		<name>LPMD</name>
		<pose>Unspecified</pose>
		<truncated>0</truncated>
		<difficult>0</difficult>
		<occluded>0</occluded>
		<bndbox>
			<xmin>394</xmin>
			<xmax>422</xmax>
			<ymin>373</ymin>
			<ymax>498</ymax>
		</bndbox>
		<polygon>
			<x1>407.38077</x1>
			<y1>497.412921</y1>
			<x2>421.036278</x2>
			<y2>490.750428</y2>
			<x3>418.806797</x3>
			<y3>423.015115</y3>
			<x4>420.391577</x4>
			<y4>376.305556</y4>
			<x5>393.44656</x5>
			<y5>371.936058</y5>
			<x6>399.020244</x6>
			<y6>458.5484</y6>
			<x7>407.38077</x7>
			<y7>497.412921</y7>
		</polygon>
	</object>
	<object>
		<name>LMD</name>
		<pose>Unspecified</pose>
		<truncated>0</truncated>
		<difficult>0</difficult>
		<occluded>0</occluded>
		<bndbox>
			<xmin>440</xmin>
			<xmax>496</xmax>
			<ymin>325</ymin>
			<ymax>425</ymax>
		</bndbox>
		<polygon>
			<x1>442.162294</x1>
			<y1>407.469311</y1>
			<x2>476.161779</x2>
			<y2>424.125534</y2>
			<x3>495.300391</x3>
			<y3>360.333334</y3>
			<x4>465.014411</x4>
			<y4>323.632985</y4>
			<x5>448.850719</x5>
			<y5>337.513182</y5>
			<x6>439.096751</x6>
			<y6>374.156864</y6>
			<x7>442.162294</x7>
			<y7>407.469311</y7>
		</polygon>
	</object>
</annotation>
