<annotation>
	<folder></folder>
	<filename>179_jpg.rf.bf601485b8f0f4af60e8577387b4e522.jpg</filename>
	<path>179_jpg.rf.bf601485b8f0f4af60e8577387b4e522.jpg</path>
	<source>
		<database>roboflow.com</database>
	</source>
	<size>
		<width>640</width>
		<height>640</height>
		<depth>3</depth>
	</size>
	<segmented>0</segmented>
	<object>
		<name>RIU</name>
		<pose>Unspecified</pose>
		<truncated>0</truncated>
		<difficult>0</difficult>
		<occluded>0</occluded>
		<bndbox>
			<xmin>289</xmin>
			<xmax>317</xmax>
			<ymin>209</ymin>
			<ymax>348</ymax>
		</bndbox>
		<polygon>
			<x1>294.941635</x1>
			<y1>207.960987</y1>
			<x2>290.283644</x2>
			<y2>298.61845</y2>
			<x3>287.77547</x3>
			<y3>345.017929</y3>
			<x4>308.199056</x4>
			<y4>347.159438</y4>
			<x5>314.648589</x5>
			<y5>339.307229</y5>
			<x6>312.857047</x6>
			<y6>280.058643</y6>
			<x7>316.036878</x7>
			<y7>211.464286</y7>
			<x8>294.941635</x8>
			<y8>207.960987</y8>
		</polygon>
	</object>
	<object>
		<name>RIU</name>
		<pose>Unspecified</pose>
		<truncated>0</truncated>
		<difficult>0</difficult>
		<occluded>0</occluded>
		<bndbox>
			<xmin>267</xmin>
			<xmax>292</xmax>
			<ymin>200</ymin>
			<ymax>346</ymax>
		</bndbox>
		<polygon>
			<x1>269.001112</x1>
			<y1>204.321429</y1>
			<x2>269.143451</x2>
			<y2>269.35107</y2>
			<x3>265.560369</x3>
			<y3>326.458121</y3>
			<x4>266.276974</x4>
			<y4>342.162621</y4>
			<x5>285.983928</x5>
			<y5>345.017929</y5>
			<x6>290.641946</x6>
			<y6>313.60904</y6>
			<x7>286.342231</x7>
			<y7>255.788162</y7>
			<x8>285.625626</x8>
			<y8>199.394938</y8>
			<x9>269.001112</x9>
			<y9>204.321429</y9>
		</polygon>
	</object>
	<object>
		<name>RCU</name>
		<pose>Unspecified</pose>
		<truncated>0</truncated>
		<difficult>0</difficult>
		<occluded>0</occluded>
		<bndbox>
			<xmin>238</xmin>
			<xmax>270</xmax>
			<ymin>178</ymin>
			<ymax>342</ymax>
		</bndbox>
		<polygon>
			<x1>260.544048</x1>
			<y1>230.089973</y1>
			<x2>257.35416</x2>
			<y2>185.571429</y2>
			<x3>236.537405</x3>
			<y3>177.26598</y3>
			<x4>242.628635</x4>
			<y4>277.203306</y4>
			<x5>244.061873</x5>
			<y5>322.888931</y5>
			<x6>254.094488</x6>
			<y6>340.734884</y6>
			<x7>262.335589</x7>
			<y7>336.451866</y7>
			<x8>269.143451</x8>
			<y8>296.476914</y8>
			<x9>260.544048</x9>
			<y9>230.089973</y9>
		</polygon>
	</object>
	<object>
		<name>RPMU</name>
		<pose>Unspecified</pose>
		<truncated>0</truncated>
		<difficult>0</difficult>
		<occluded>0</occluded>
		<bndbox>
			<xmin>220</xmin>
			<xmax>246</xmax>
			<ymin>178</ymin>
			<ymax>331</ymax>
		</bndbox>
		<polygon>
			<x1>219.338598</x1>
			<y1>312.181359</y1>
			<x2>225.071525</x2>
			<y2>330.027312</y2>
			<x3>240.837094</x3>
			<y3>322.175103</y3>
			<x4>245.136782</x4>
			<y4>307.898341</y4>
			<x5>236.537405</x5>
			<y5>177.26598</y5>
			<x6>226.892901</x6>
			<y6>182.000001</y6>
			<x7>220.771837</x7>
			<y7>275.06177</y7>
			<x8>219.338598</x8>
			<y8>312.181359</y8>
		</polygon>
	</object>
	<object>
		<name>RPMU</name>
		<pose>Unspecified</pose>
		<truncated>0</truncated>
		<difficult>0</difficult>
		<occluded>0</occluded>
		<bndbox>
			<xmin>190</xmin>
			<xmax>230</xmax>
			<ymin>186</ymin>
			<ymax>322</ymax>
		</bndbox>
		<polygon>
			<x1>210.318393</x1>
			<y1>184.678572</y1>
			<x2>195.690259</x2>
			<y2>262.212689</y2>
			<x3>188.524094</x3>
			<y3>302.901468</y3>
			<x4>212.530736</x4>
			<y4>321.461249</y4>
			<x5>220.413534</x5>
			<y5>317.892058</y5>
			<x6>228.296305</x6>
			<y6>307.184486</y6>
			<x7>228.654608</x7>
			<y7>246.508244</y7>
			<x8>229.01291</x8>
			<y8>191.542743</y8>
			<x9>210.318393</x9>
			<y9>184.678572</y9>
		</polygon>
	</object>
	<object>
		<name>RMU</name>
		<pose>Unspecified</pose>
		<truncated>0</truncated>
		<difficult>0</difficult>
		<occluded>0</occluded>
		<bndbox>
			<xmin>166</xmin>
			<xmax>199</xmax>
			<ymin>158</ymin>
			<ymax>299</ymax>
		</bndbox>
		<polygon>
			<x1>183.14947</x1>
			<y1>156.564649</y1>
			<x2>165.950663</x2>
			<y2>246.508244</y2>
			<x3>164.517424</x3>
			<y3>277.917133</y3>
			<x4>177.774846</x4>
			<y4>297.190769</y4>
			<x5>190.673938</x5>
			<y5>297.904596</y5>
			<x6>197.123497</x6>
			<y6>242.225226</y6>
			<x7>197.775522</x7>
			<y7>159.678572</y7>
			<x8>183.14947</x8>
			<y8>156.564649</y8>
		</polygon>
	</object>
	<object>
		<name>RMU</name>
		<pose>Unspecified</pose>
		<truncated>0</truncated>
		<difficult>0</difficult>
		<occluded>0</occluded>
		<bndbox>
			<xmin>144</xmin>
			<xmax>185</xmax>
			<ymin>140</ymin>
			<ymax>271</ymax>
		</bndbox>
		<polygon>
			<x1>143.735562</x1>
			<y1>257.929671</y1>
			<x2>157.709589</x2>
			<y2>270.064924</y2>
			<x3>167.383901</x3>
			<y3>261.498861</y3>
			<x4>184.224378</x4>
			<y4>154.423141</y4>
			<x5>156.634654</x5>
			<y5>138.718696</y5>
			<x6>153.427513</x6>
			<y6>165.928572</y6>
			<x7>143.018929</x7>
			<y7>214.385528</y7>
			<x8>143.735562</x8>
			<y8>257.929671</y8>
		</polygon>
	</object>
	<object>
		<name>LIU</name>
		<pose>Unspecified</pose>
		<truncated>0</truncated>
		<difficult>0</difficult>
		<occluded>0</occluded>
		<bndbox>
			<xmin>315</xmin>
			<xmax>343</xmax>
			<ymin>203</ymin>
			<ymax>350</ymax>
		</bndbox>
		<polygon>
			<x1>341.880011</x1>
			<y1>305.042977</y1>
			<x2>337.938625</x2>
			<y2>269.35107</y2>
			<x3>339.013561</x3>
			<y3>201.536447</y3>
			<x4>316.44013</x4>
			<y4>202.250315</y4>
			<x5>316.081827</x5>
			<y5>287.910878</y5>
			<x6>313.931983</x6>
			<y6>340.021057</y6>
			<x7>323.964598</x7>
			<y7>348.58712</y7>
			<x8>340.088469</x8>
			<y8>344.304075</y8>
			<x9>341.880011</x9>
			<y9>305.042977</y9>
		</polygon>
	</object>
	<object>
		<name>LIU</name>
		<pose>Unspecified</pose>
		<truncated>0</truncated>
		<difficult>0</difficult>
		<occluded>0</occluded>
		<bndbox>
			<xmin>341</xmin>
			<xmax>366</xmax>
			<ymin>203</ymin>
			<ymax>344</ymax>
		</bndbox>
		<polygon>
			<x1>344.029882</x1>
			<y1>201.536447</y1>
			<x2>344.029882</x2>
			<y2>266.495734</y2>
			<x3>339.730167</x3>
			<y3>326.458121</y3>
			<x4>346.896332</x4>
			<y4>342.876421</y4>
			<x5>364.095139</x5>
			<y5>337.165694</y5>
			<x6>361.586992</x6>
			<y6>275.775624</y6>
			<x7>364.864484</x7>
			<y7>205.214286</y7>
			<x8>344.029882</x8>
			<y8>201.536447</y8>
		</polygon>
	</object>
	<object>
		<name>LPMU</name>
		<pose>Unspecified</pose>
		<truncated>0</truncated>
		<difficult>0</difficult>
		<occluded>0</occluded>
		<bndbox>
			<xmin>364</xmin>
			<xmax>391</xmax>
			<ymin>179</ymin>
			<ymax>339</ymax>
		</bndbox>
		<polygon>
			<x1>363.378533</x1>
			<y1>305.042977</y1>
			<x2>374.844386</x2>
			<y2>337.879548</y2>
			<x3>389.535047</x3>
			<y3>322.888931</y3>
			<x4>388.460111</x4>
			<y4>280.772497</y4>
			<x5>390.251652</x5>
			<y5>184.404361</y5>
			<x6>376.959396</x6>
			<y6>178.428572</y6>
			<x7>369.111432</x7>
			<y7>257.929671</y7>
			<x8>363.378533</x8>
			<y8>305.042977</y8>
		</polygon>
	</object>
	<object>
		<name>LCU</name>
		<pose>Unspecified</pose>
		<truncated>0</truncated>
		<difficult>0</difficult>
		<occluded>0</occluded>
		<bndbox>
			<xmin>390</xmin>
			<xmax>413</xmax>
			<ymin>190</ymin>
			<ymax>328</ymax>
		</bndbox>
		<polygon>
			<x1>390.968258</x1>
			<y1>189.401207</y1>
			<x2>389.893322</x2>
			<y2>271.492579</y2>
			<x3>389.176717</x3>
			<y3>315.750549</y3>
			<x4>399.567634</x4>
			<y4>327.171976</y4>
			<x5>412.466753</x5>
			<y5>312.181359</y5>
			<x6>407.450459</x6>
			<y6>258.643498</y6>
			<x7>402.493097</x7>
			<y7>193.607144</y7>
			<x8>390.968258</x8>
			<y8>189.401207</y8>
		</polygon>
	</object>
	<object>
		<name>LPMU</name>
		<pose>Unspecified</pose>
		<truncated>0</truncated>
		<difficult>0</difficult>
		<occluded>0</occluded>
		<bndbox>
			<xmin>402</xmin>
			<xmax>443</xmax>
			<ymin>185</ymin>
			<ymax>310</ymax>
		</bndbox>
		<polygon>
			<x1>422.857671</x1>
			<y1>183.690494</y1>
			<x2>401.359175</x2>
			<y2>189.401207</y2>
			<x3>407.450459</x3>
			<y3>298.61845</y3>
			<x4>421.78279</x4>
			<y4>308.612168</y4>
			<x5>442.206349</x5>
			<y5>290.052387</y5>
			<x6>437.190001</x6>
			<y6>260.07118</y6>
			<x7>422.203324</x7>
			<y7>195.392858</y7>
			<x8>422.857671</x8>
			<y8>183.690494</y8>
		</polygon>
	</object>
	<object>
		<name>LPMU</name>
		<pose>Unspecified</pose>
		<truncated>0</truncated>
		<difficult>0</difficult>
		<occluded>0</occluded>
		<bndbox>
			<xmin>439</xmin>
			<xmax>472</xmax>
			<ymin>158</ymin>
			<ymax>297</ymax>
		</bndbox>
		<polygon>
			<x1>439.225791</x1>
			<y1>166.821429</y1>
			<x2>438.623267</x2>
			<y2>235.800672</y2>
			<x3>437.906661</x3>
			<y3>269.35107</y3>
			<x4>443.281285</x4>
			<y4>296.476914</y4>
			<x5>470.512679</x5>
			<y5>271.492579</y5>
			<x6>462.629909</x6>
			<y6>221.523909</y6>
			<x7>457.971891</x7>
			<y7>157.278491</y7>
			<x8>438.264937</x8>
			<y8>167.272222</y8>
			<x9>439.225791</x9>
			<y9>166.821429</y9>
		</polygon>
	</object>
	<object>
		<name>LMU</name>
		<pose>Unspecified</pose>
		<truncated>0</truncated>
		<difficult>0</difficult>
		<occluded>0</occluded>
		<bndbox>
			<xmin>458</xmin>
			<xmax>492</xmax>
			<ymin>153</ymin>
			<ymax>265</ymax>
		</bndbox>
		<polygon>
			<x1>482.336863</x1>
			<y1>192.256556</y1>
			<x2>475.958485</x2>
			<y2>151.642858</y2>
			<x3>456.896955</x3>
			<y3>157.278491</y3>
			<x4>457.971891</x4>
			<y4>184.404361</y4>
			<x5>465.138056</x5>
			<y5>237.942208</y5>
			<x6>470.154404</x6>
			<y6>260.785007</y6>
			<x7>481.978533</x7>
			<y7>264.354197</y7>
			<x8>491.294569</x8>
			<y8>233.659163</y8>
			<x9>482.336863</x9>
			<y9>192.256556</y9>
		</polygon>
	</object>
	<object>
		<name>LID</name>
		<pose>Unspecified</pose>
		<truncated>0</truncated>
		<difficult>0</difficult>
		<occluded>0</occluded>
		<bndbox>
			<xmin>306</xmin>
			<xmax>327</xmax>
			<ymin>354</ymin>
			<ymax>487</ymax>
		</bndbox>
		<polygon>
			<x1>323.247992</x1>
			<y1>356.877924</y1>
			<x2>305.33258</x2>
			<y2>353.308734</y2>
			<x3>309.632268</x3>
			<y3>421.837212</y3>
			<x4>313.57368</x4>
			<y4>486.082644</y4>
			<x5>326.114469</x5>
			<y5>484.654963</y5>
			<x6>323.247992</x6>
			<y6>423.264866</y6>
			<x7>322.756274</x7>
			<y7>359.678572</y7>
			<x8>323.247992</x8>
			<y8>356.877924</y8>
		</polygon>
	</object>
	<object>
		<name>LID</name>
		<pose>Unspecified</pose>
		<truncated>0</truncated>
		<difficult>0</difficult>
		<occluded>0</occluded>
		<bndbox>
			<xmin>322</xmin>
			<xmax>342</xmax>
			<ymin>357</ymin>
			<ymax>486</ymax>
		</bndbox>
		<polygon>
			<x1>328.264313</x1>
			<y1>485.36879</y1>
			<x2>340.805102</x2>
			<y2>485.36879</y2>
			<x3>337.938625</x3>
			<y3>416.126485</y3>
			<x4>338.882822</x4>
			<y4>356.107144</y4>
			<x5>321.456451</x5>
			<y5>359.019434</y5>
			<x6>324.322928</x6>
			<y6>441.11082</y6>
			<x7>328.264313</x7>
			<y7>485.36879</y7>
		</polygon>
	</object>
	<object>
		<name>LCD</name>
		<pose>Unspecified</pose>
		<truncated>0</truncated>
		<difficult>0</difficult>
		<occluded>0</occluded>
		<bndbox>
			<xmin>339</xmin>
			<xmax>359</xmax>
			<ymin>356</ymin>
			<ymax>488</ymax>
		</bndbox>
		<polygon>
			<x1>337.580322</x1>
			<y1>355.450243</y1>
			<x2>339.371864</x2>
			<y2>391.14215</y2>
			<x3>340.446799</x3>
			<y3>451.818392</y3>
			<x4>346.896332</x4>
			<y4>484.654963</y4>
			<x5>355.854038</x5>
			<y5>486.796526</y5>
			<x6>358.362185</x6>
			<y6>401.849722</y6>
			<x7>357.697129</x7>
			<y7>356.107144</y7>
			<x8>337.580322</x8>
			<y8>355.450243</y8>
		</polygon>
	</object>
	<object>
		<name>LPMD</name>
		<pose>Unspecified</pose>
		<truncated>0</truncated>
		<difficult>0</difficult>
		<occluded>0</occluded>
		<bndbox>
			<xmin>356</xmin>
			<xmax>387</xmax>
			<ymin>351</ymin>
			<ymax>516</ymax>
		</bndbox>
		<polygon>
			<x1>386.31024</x1>
			<y1>512.494634</y1>
			<x2>385.235304</x2>
			<y2>471.092027</y2>
			<x3>379.502405</x3>
			<y3>381.148432</y3>
			<x4>372.927758</x4>
			<y4>353.428572</y4>
			<x5>356.570671</x5>
			<y5>350.453397</y5>
			<x6>355.495735</x6>
			<y6>380.434578</y6>
			<x7>361.586992</x7>
			<y7>421.837212</y7>
			<x8>366.24501</x8>
			<y8>477.516581</y8>
			<x9>374.127781</x9>
			<y9>514.63617</y9>
			<x10>386.31024</x10>
			<y10>512.494634</y10>
		</polygon>
	</object>
	<object>
		<name>LPMD</name>
		<pose>Unspecified</pose>
		<truncated>0</truncated>
		<difficult>0</difficult>
		<occluded>0</occluded>
		<bndbox>
			<xmin>375</xmin>
			<xmax>410</xmax>
			<ymin>337</ymin>
			<ymax>493</ymax>
		</bndbox>
		<polygon>
			<x1>409.242001</x1>
			<y1>486.796526</y1>
			<x2>402.075836</x2>
			<y2>406.846594</y2>
			<x3>400.284294</x3>
			<y3>372.582369</y3>
			<x4>397.117581</x4>
			<y4>339.142858</y4>
			<x5>382.727157</x5>
			<y5>336.176649</y5>
			<x6>373.769451</x6>
			<y6>362.588624</y6>
			<x7>382.010552</x7>
			<y7>394.711341</y7>
			<x8>387.385175</x8>
			<y8>457.529119</y8>
			<x9>397.417817</x9>
			<y9>491.793344</y9>
			<x10>409.242001</x10>
			<y10>486.796526</y10>
		</polygon>
	</object>
	<object>
		<name>LMD</name>
		<pose>Unspecified</pose>
		<truncated>0</truncated>
		<difficult>0</difficult>
		<occluded>0</occluded>
		<bndbox>
			<xmin>398</xmin>
			<xmax>429</xmax>
			<ymin>334</ymin>
			<ymax>486</ymax>
		</bndbox>
		<polygon>
			<x1>420.707854</x1>
			<y1>359.733288</y1>
			<x2>412.34821</x2>
			<y2>332.892858</y2>
			<x3>399.925964</x3>
			<y3>334.748939</y3>
			<x4>396.701212</x4>
			<y4>358.305606</y4>
			<x5>406.375524</x5>
			<y5>395.425195</y5>
			<x6>415.691505</x6>
			<y6>468.236691</y6>
			<x7>422.857671</x7>
			<y7>484.654963</y7>
			<x8>427.874019</x8>
			<y8>463.953646</y8>
			<x9>420.707854</x9>
			<y9>359.733288</y9>
		</polygon>
	</object>
	<object>
		<name>LMD</name>
		<pose>Unspecified</pose>
		<truncated>0</truncated>
		<difficult>0</difficult>
		<occluded>0</occluded>
		<bndbox>
			<xmin>415</xmin>
			<xmax>472</xmax>
			<ymin>306</ymin>
			<ymax>460</ymax>
		</bndbox>
		<polygon>
			<x1>430.023836</x1>
			<y1>407.560449</y1>
			<x2>443.99789</x2>
			<y2>458.956773</y2>
			<x3>470.87101</x3>
			<y3>416.840339</y3>
			<x4>452.238991</x4>
			<y4>358.305606</y4>
			<x5>455.463744</x5>
			<y5>331.179749</y5>
			<x6>448.184985</x6>
			<y6>307.000001</y6>
			<x7>447.580973</x7>
			<y7>305.481587</y7>
			<x8>419.632918</x8>
			<y8>311.906128</y8>
			<x9>413.541689</x9>
			<y9>354.022589</y9>
			<x10>424.649212</x10>
			<y10>359.733288</y10>
			<x11>430.023836</x11>
			<y11>407.560449</y11>
		</polygon>
	</object>
	<object>
		<name>LMD</name>
		<pose>Unspecified</pose>
		<truncated>0</truncated>
		<difficult>0</difficult>
		<occluded>0</occluded>
		<bndbox>
			<xmin>450</xmin>
			<xmax>497</xmax>
			<ymin>289</ymin>
			<ymax>415</ymax>
		</bndbox>
		<polygon>
			<x1>475.170698</x1>
			<y1>413.984976</y1>
			<x2>495.594257</x2>
			<y2>402.563576</y2>
			<x3>486.994881</x3>
			<y3>344.742671</y3>
			<x4>481.978533</x4>
			<y4>287.635633</y4>
			<x5>456.896955</x5>
			<y5>288.349474</y5>
			<x6>449.080905</x6>
			<y6>300.750001</y6>
			<x7>455.822074</x7>
			<y7>341.17348</y7>
			<x8>475.170698</x8>
			<y8>413.984976</y8>
		</polygon>
	</object>
	<object>
		<name>LMD</name>
		<pose>Unspecified</pose>
		<truncated>0</truncated>
		<difficult>0</difficult>
		<occluded>0</occluded>
		<bndbox>
			<xmin>482</xmin>
			<xmax>522</xmax>
			<ymin>269</ymin>
			<ymax>396</ymax>
		</bndbox>
		<polygon>
			<x1>492.011175</x1>
			<y1>268.362026</y1>
			<x2>480.903652</x2>
			<y2>289.777169</y2>
			<x3>489.144698</x3>
			<y3>357.591779</y3>
			<x4>501.327211</x4>
			<y4>395.425195</y4>
			<x5>521.034165</x5>
			<y5>379.720751</y5>
			<x6>520.31756</x6>
			<y6>292.632492</y6>
			<x7>510.003422</x7>
			<y7>271.285715</y7>
			<x8>492.011175</x8>
			<y8>268.362026</y8>
		</polygon>
	</object>
	<object>
		<name>RID</name>
		<pose>Unspecified</pose>
		<truncated>0</truncated>
		<difficult>0</difficult>
		<occluded>0</occluded>
		<bndbox>
			<xmin>289</xmin>
			<xmax>315</xmax>
			<ymin>351</ymin>
			<ymax>487</ymax>
		</bndbox>
		<polygon>
			<x1>308.906766</x1>
			<y1>415.412657</y1>
			<x2>304.965353</x2>
			<y2>350.453397</y2>
			<x3>288.263378</x3>
			<y3>357.000001</y3>
			<x4>289.91639</x4>
			<y4>413.271149</y4>
			<x5>294.216105</x5>
			<y5>483.227335</y5>
			<x6>314.281389</x6>
			<y6>486.082644</y6>
			<x7>308.906766</x7>
			<y7>415.412657</y7>
		</polygon>
	</object>
	<object>
		<name>RID</name>
		<pose>Unspecified</pose>
		<truncated>0</truncated>
		<difficult>0</difficult>
		<occluded>0</occluded>
		<bndbox>
			<xmin>266</xmin>
			<xmax>288</xmax>
			<ymin>353</ymin>
			<ymax>502</ymax>
		</bndbox>
		<polygon>
			<x1>273.928668</x1>
			<y1>351.642858</y1>
			<x2>267.342986</x2>
			<y2>371.154688</y2>
			<x3>265.909748</x3>
			<y3>413.984976</y3>
			<x4>264.834812</x4>
			<y4>488.937981</y4>
			<x5>276.300693</x5>
			<y5>501.073289</y5>
			<x6>283.466858</x6>
			<y6>482.513454</y6>
			<x7>287.408243</x7>
			<y7>407.560449</y7>
			<x8>286.333307</x8>
			<y8>355.450243</y8>
			<x9>273.928668</x9>
			<y9>351.642858</y9>
		</polygon>
	</object>
	<object>
		<name>RCD</name>
		<pose>Unspecified</pose>
		<truncated>0</truncated>
		<difficult>0</difficult>
		<occluded>0</occluded>
		<bndbox>
			<xmin>245</xmin>
			<xmax>272</xmax>
			<ymin>354</ymin>
			<ymax>486</ymax>
		</bndbox>
		<polygon>
			<x1>243.694647</x1>
			<y1>473.233563</y1>
			<x2>248.71094</x2>
			<y2>485.36879</y2>
			<x3>256.235436</x3>
			<y3>468.950572</y3>
			<x4>261.968362</x4>
			<y4>411.843467</y4>
			<x5>270.567766</x5>
			<y5>359.019434</y5>
			<x6>249.290885</x6>
			<y6>353.428572</y6>
			<x7>244.05295</x7>
			<y7>381.862259</y7>
			<x8>243.694647</x8>
			<y8>473.233563</y8>
		</polygon>
	</object>
	<object>
		<name>RPMD</name>
		<pose>Unspecified</pose>
		<truncated>0</truncated>
		<difficult>0</difficult>
		<occluded>0</occluded>
		<bndbox>
			<xmin>217</xmin>
			<xmax>251</xmax>
			<ymin>332</ymin>
			<ymax>497</ymax>
		</bndbox>
		<polygon>
			<x1>217.538133</x1>
			<y1>496.076362</y1>
			<x2>235.811849</x2>
			<y2>473.947391</y2>
			<x3>233.612297</x3>
			<y3>474.857144</y3>
			<x4>239.036629</x4>
			<y4>408.274276</y4>
			<x5>249.785876</x5>
			<y5>356.164098</y5>
			<x6>234.73694</x6>
			<y6>331.179749</y6>
			<x7>221.837821</x7>
			<y7>354.022589</y7>
			<x8>222.912757</x8>
			<y8>392.569832</y8>
			<x9>216.463197</x9>
			<y9>470.3782</y9>
			<x10>217.538133</x10>
			<y10>496.076362</y10>
		</polygon>
	</object>
	<object>
		<name>RPMD</name>
		<pose>Unspecified</pose>
		<truncated>0</truncated>
		<difficult>0</difficult>
		<occluded>0</occluded>
		<bndbox>
			<xmin>173</xmin>
			<xmax>232</xmax>
			<ymin>325</ymin>
			<ymax>476</ymax>
		</bndbox>
		<polygon>
			<x1>202.489198</x1>
			<y1>474.661218</y1>
			<x2>220.04628</x2>
			<y2>382.576114</y2>
			<x3>230.795528</x3>
			<y3>328.324399</y3>
			<x4>217.896436</x4>
			<y4>327.610558</y4>
			<x5>190.665014</x5>
			<y5>324.041368</y5>
			<x6>185.29039</x6>
			<y6>380.434578</y6>
			<x7>171.79386</x7>
			<y7>439.142858</y7>
			<x8>202.489198</x8>
			<y8>474.661218</y8>
		</polygon>
	</object>
	<object>
		<name>RMD</name>
		<pose>Unspecified</pose>
		<truncated>0</truncated>
		<difficult>0</difficult>
		<occluded>0</occluded>
		<bndbox>
			<xmin>141</xmin>
			<xmax>194</xmax>
			<ymin>294</ymin>
			<ymax>434</ymax>
		</bndbox>
		<polygon>
			<x1>192.814858</x1>
			<y1>309.764605</y1>
			<x2>159.133877</x2>
			<y2>293.34636</y2>
			<x3>152.326042</x3>
			<y3>337.604303</y3>
			<x4>140.436682</x4>
			<y4>389.142858</y4>
			<x5>164.150198</x5>
			<y5>433.258611</y5>
			<x6>178.482528</x6>
			<y6>381.862259</y6>
			<x7>192.814858</x7>
			<y7>309.764605</y7>
		</polygon>
	</object>
	<object>
		<name>RMD</name>
		<pose>Unspecified</pose>
		<truncated>0</truncated>
		<difficult>0</difficult>
		<occluded>0</occluded>
		<bndbox>
			<xmin>111</xmin>
			<xmax>160</xmax>
			<ymin>279</ymin>
			<ymax>410</ymax>
		</bndbox>
		<polygon>
			<x1>109.687354</x1>
			<y1>393.283686</y1>
			<x2>135.485537</x2>
			<y2>408.988103</y2>
			<x3>149.101262</x3>
			<y3>361.874797</y3>
			<x4>159.492207</x4>
			<y4>285.494111</y4>
			<x5>146.234785</x5>
			<y5>277.641902</y5>
			<x6>117.211822</x6>
			<y6>286.207979</y6>
			<x7>112.215222</x7>
			<y7>371.285715</y7>
			<x8>109.687354</x8>
			<y8>393.283686</y8>
		</polygon>
	</object>
</annotation>
