<annotation>
	<folder></folder>
	<filename>182_jpg.rf.fc95c5d0053192de753224ad27bac892.jpg</filename>
	<path>182_jpg.rf.fc95c5d0053192de753224ad27bac892.jpg</path>
	<source>
		<database>roboflow.com</database>
	</source>
	<size>
		<width>640</width>
		<height>640</height>
		<depth>3</depth>
	</size>
	<segmented>0</segmented>
	<object>
		<name>RIU</name>
		<pose>Unspecified</pose>
		<truncated>0</truncated>
		<difficult>0</difficult>
		<occluded>0</occluded>
		<bndbox>
			<xmin>298</xmin>
			<xmax>325</xmax>
			<ymin>268</ymin>
			<ymax>411</ymax>
		</bndbox>
		<polygon>
			<x1>298.88302</x1>
			<y1>409.977244</y1>
			<x2>324.322928</x2>
			<y2>408.549508</y2>
			<x3>322.173057</x3>
			<y3>353.583965</y3>
			<x4>321.412395</x4>
			<y4>272.178572</y4>
			<x5>302.824433</x5>
			<y5>267.209561</y5>
			<x6>296.733176</x6>
			<y6>382.851345</y6>
			<x7>298.88302</x7>
			<y7>409.977244</y7>
		</polygon>
	</object>
	<object>
		<name>RIU</name>
		<pose>Unspecified</pose>
		<truncated>0</truncated>
		<difficult>0</difficult>
		<occluded>0</occluded>
		<bndbox>
			<xmin>277</xmin>
			<xmax>303</xmax>
			<ymin>268</ymin>
			<ymax>408</ymax>
		</bndbox>
		<polygon>
			<x1>276.309616</x1>
			<y1>392.13129</y1>
			<x2>285.625626</x2>
			<y2>407.121826</y2>
			<x3>296.733176</x3>
			<y3>404.980317</y3>
			<x4>299.599653</x4>
			<y4>352.156311</y4>
			<x5>302.466102</x5>
			<y5>267.209561</y5>
			<x6>284.231741</x6>
			<y6>267.714286</y6>
			<x7>280.609304</x7>
			<y7>330.027312</y7>
			<x8>276.309616</x8>
			<y8>392.13129</y8>
		</polygon>
	</object>
	<object>
		<name>RCU</name>
		<pose>Unspecified</pose>
		<truncated>0</truncated>
		<difficult>0</difficult>
		<occluded>0</occluded>
		<bndbox>
			<xmin>254</xmin>
			<xmax>281</xmax>
			<ymin>261</ymin>
			<ymax>403</ymax>
		</bndbox>
		<polygon>
			<x1>262.729676</x1>
			<y1>269.500001</y1>
			<x2>259.469112</x2>
			<y2>327.885803</y2>
			<x3>253.01958</x3>
			<y3>382.851345</y3>
			<x4>268.068516</x4>
			<y4>402.124981</y4>
			<x5>277.742855</x5>
			<y5>387.848218</y5>
			<x6>280.251002</x6>
			<y6>347.159438</y6>
			<x7>279.534396</x7>
			<y7>260.785007</y7>
			<x8>263.052194</x8>
			<y8>260.07118</y8>
			<x9>262.729676</x9>
			<y9>269.500001</y9>
		</polygon>
	</object>
	<object>
		<name>RPMU</name>
		<pose>Unspecified</pose>
		<truncated>0</truncated>
		<difficult>0</difficult>
		<occluded>0</occluded>
		<bndbox>
			<xmin>233</xmin>
			<xmax>268</xmax>
			<ymin>270</ymin>
			<ymax>393</ymax>
		</bndbox>
		<polygon>
			<x1>231.879387</x1>
			<y1>368.574582</y1>
			<x2>241.195396</x2>
			<y2>392.13129</y2>
			<x3>257.319268</x3>
			<y3>378.5683</y3>
			<x4>266.993607</x4>
			<y4>356.439383</y4>
			<x5>266.993607</x5>
			<y5>269.35107</y5>
			<x6>243.01945</x6>
			<y6>269.500001</y6>
			<x7>240.478791</x7>
			<y7>331.455048</y7>
			<x8>231.879387</x8>
			<y8>368.574582</y8>
		</polygon>
	</object>
	<object>
		<name>RMU</name>
		<pose>Unspecified</pose>
		<truncated>0</truncated>
		<difficult>0</difficult>
		<occluded>0</occluded>
		<bndbox>
			<xmin>178</xmin>
			<xmax>214</xmax>
			<ymin>235</ymin>
			<ymax>357</ymax>
		</bndbox>
		<polygon>
			<x1>199.273341</x1>
			<y1>233.659163</y1>
			<x2>182.791167</x2>
			<y2>235.086845</y2>
			<x3>177.058213</x3>
			<y3>345.017929</y3>
			<x4>191.748874</x4>
			<y4>355.725501</y4>
			<x5>212.889039</x5>
			<y5>340.021057</y5>
			<x6>206.439506</x6>
			<y6>299.332278</y6>
			<x7>200.01532</x7>
			<y7>243.607144</y7>
			<x8>199.273341</x8>
			<y8>233.659163</y8>
		</polygon>
	</object>
	<object>
		<name>RMU</name>
		<pose>Unspecified</pose>
		<truncated>0</truncated>
		<difficult>0</difficult>
		<occluded>0</occluded>
		<bndbox>
			<xmin>148</xmin>
			<xmax>182</xmax>
			<ymin>224</ymin>
			<ymax>337</ymax>
		</bndbox>
		<polygon>
			<x1>149.826791</x1>
			<y1>317.892058</y1>
			<x2>167.025598</x2>
			<y2>335.738039</y2>
			<x3>177.416543</x3>
			<y3>320.033594</y3>
			<x4>180.282993</x4>
			<y4>253.646626</y4>
			<x5>180.999626</x5>
			<y5>225.806954</y5>
			<x6>163.282626</x6>
			<y6>223.071429</y6>
			<x7>147.318644</x7>
			<y7>296.476914</y7>
			<x8>149.826791</x8>
			<y8>317.892058</y8>
		</polygon>
	</object>
	<object>
		<name>LIU</name>
		<pose>Unspecified</pose>
		<truncated>0</truncated>
		<difficult>0</difficult>
		<occluded>0</occluded>
		<bndbox>
			<xmin>325</xmin>
			<xmax>350</xmax>
			<ymin>276</ymin>
			<ymax>417</ymax>
		</bndbox>
		<polygon>
			<x1>346.82006</x1>
			<y1>365.074766</y1>
			<x2>343.595308</x2>
			<y2>279.414176</y2>
			<x3>324.996072</x3>
			<y3>274.857144</y3>
			<x4>323.888354</x4>
			<y4>383.634547</y4>
			<x5>323.530024</x5>
			<y5>415.757263</y5>
			<x6>348.969932</x6>
			<y6>412.901927</y6>
			<x7>346.82006</x7>
			<y7>365.074766</y7>
		</polygon>
	</object>
	<object>
		<name>LIU</name>
		<pose>Unspecified</pose>
		<truncated>0</truncated>
		<difficult>0</difficult>
		<occluded>0</occluded>
		<bndbox>
			<xmin>346</xmin>
			<xmax>372</xmax>
			<ymin>278</ymin>
			<ymax>410</ymax>
		</bndbox>
		<polygon>
			<x1>351.119776</x1>
			<y1>409.332736</y1>
			<x2>371.185033</x2>
			<y2>400.766673</y2>
			<x3>365.810409</x3>
			<y3>354.367194</y3>
			<x4>361.728766</x4>
			<y4>280.214286</y4>
			<x5>345.386849</x5>
			<y5>277.272694</y5>
			<x6>347.536693</x6>
			<y6>378.637674</y6>
			<x7>351.119776</x7>
			<y7>409.332736</y7>
		</polygon>
	</object>
	<object>
		<name>LCU</name>
		<pose>Unspecified</pose>
		<truncated>0</truncated>
		<difficult>0</difficult>
		<occluded>0</occluded>
		<bndbox>
			<xmin>366</xmin>
			<xmax>394</xmax>
			<ymin>265</ymin>
			<ymax>402</ymax>
		</bndbox>
		<polygon>
			<x1>379.067803</x1>
			<y1>400.766673</y1>
			<x2>392.683528</x2>
			<y2>383.634547</y2>
			<x3>384.800757</x3>
			<y3>337.235068</y3>
			<x4>380.991032</x4>
			<y4>265.928572</y4>
			<x5>365.093803</x5>
			<y5>263.709744</y5>
			<x6>365.810409</x6>
			<y6>366.502448</y6>
			<x7>379.067803</x7>
			<y7>400.766673</y7>
		</polygon>
	</object>
	<object>
		<name>LPMU</name>
		<pose>Unspecified</pose>
		<truncated>0</truncated>
		<difficult>0</difficult>
		<occluded>0</occluded>
		<bndbox>
			<xmin>384</xmin>
			<xmax>409</xmax>
			<ymin>262</ymin>
			<ymax>382</ymax>
		</bndbox>
		<polygon>
			<x1>383.725821</x1>
			<y1>261.568236</y1>
			<x2>383.367519</x2>
			<y2>361.505575</y2>
			<x3>387.308904</x3>
			<y3>375.782338</y3>
			<x4>405.940922</x4>
			<y4>380.779211</y4>
			<x5>408.449097</x5>
			<y5>365.788593</y5>
			<x6>399.133087</x6>
			<y6>322.958305</y6>
			<x7>394.877783</x7>
			<y7>260.571429</y7>
			<x8>383.725821</x8>
			<y8>261.568236</y8>
		</polygon>
	</object>
	<object>
		<name>LMU</name>
		<pose>Unspecified</pose>
		<truncated>0</truncated>
		<difficult>0</difficult>
		<occluded>0</occluded>
		<bndbox>
			<xmin>439</xmin>
			<xmax>472</xmax>
			<ymin>225</ymin>
			<ymax>337</ymax>
		</bndbox>
		<polygon>
			<x1>453.595959</x1>
			<y1>224.448647</y1>
			<x2>437.830363</x2>
			<y2>293.690938</y2>
			<x3>440.696839</x3>
			<y3>334.379731</y3>
			<x4>457.537317</x4>
			<y4>335.807386</y4>
			<x5>468.286564</x5>
			<y5>317.961446</y5>
			<x6>465.420087</x6>
			<y6>282.983366</y6>
			<x7>470.582969</x7>
			<y7>241.821429</y7>
			<x8>453.595959</x8>
			<y8>224.448647</y8>
		</polygon>
	</object>
	<object>
		<name>RID</name>
		<pose>Unspecified</pose>
		<truncated>0</truncated>
		<difficult>0</difficult>
		<occluded>0</occluded>
		<bndbox>
			<xmin>299</xmin>
			<xmax>317</xmax>
			<ymin>416</ymin>
			<ymax>526</ymax>
		</bndbox>
		<polygon>
			<x1>316.005556</x1>
			<y1>419.583796</y1>
			<x2>300.239987</x2>
			<y2>414.586937</y2>
			<x3>298.090143</x3>
			<y3>450.278844</y3>
			<x4>298.090143</x4>
			<y4>517.379639</y4>
			<x5>314.572318</x5>
			<y5>525.231848</y5>
			<x6>315.28895</x6>
			<y6>473.835497</y6>
			<x7>315.588919</x7>
			<y7>423.964286</y7>
			<x8>316.005556</x8>
			<y8>419.583796</y8>
		</polygon>
	</object>
	<object>
		<name>RID</name>
		<pose>Unspecified</pose>
		<truncated>0</truncated>
		<difficult>0</difficult>
		<occluded>0</occluded>
		<bndbox>
			<xmin>279</xmin>
			<xmax>302</xmax>
			<ymin>417</ymin>
			<ymax>524</ymax>
		</bndbox>
		<polygon>
			<x1>295.581996</x1>
			<y1>475.977006</y1>
			<x2>300.95662</x2>
			<y2>418.869968</y2>
			<x3>278.408265</x3>
			<y3>415.928572</y3>
			<x4>279.099822</x4>
			<y4>455.989543</y4>
			<x5>278.024886</x5>
			<y5>523.090339</y5>
			<x6>291.998914</x6>
			<y6>522.376485</y6>
			<x7>295.581996</x7>
			<y7>475.977006</y7>
		</polygon>
	</object>
	<object>
		<name>RCD</name>
		<pose>Unspecified</pose>
		<truncated>0</truncated>
		<difficult>0</difficult>
		<occluded>0</occluded>
		<bndbox>
			<xmin>253</xmin>
			<xmax>278</xmax>
			<ymin>405</ymin>
			<ymax>540</ymax>
		</bndbox>
		<polygon>
			<x1>251.51007</x1>
			<y1>525.231848</y1>
			<x2>259.392868</x2>
			<y2>538.794784</y2>
			<x3>264.409162</x3>
			<y3>515.951958</y3>
			<x4>274.800107</x4>
			<y4>460.272589</y4>
			<x5>276.949951</x5>
			<y5>412.445414</y5>
			<x6>257.35416</x6>
			<y6>404.321429</y6>
			<x7>252.943308</x7>
			<y7>445.281971</y7>
			<x8>251.51007</x8>
			<y8>525.231848</y8>
		</polygon>
	</object>
	<object>
		<name>RPMD</name>
		<pose>Unspecified</pose>
		<truncated>0</truncated>
		<difficult>0</difficult>
		<occluded>0</occluded>
		<bndbox>
			<xmin>230</xmin>
			<xmax>260</xmax>
			<ymin>396</ymin>
			<ymax>516</ymax>
		</bndbox>
		<polygon>
			<x1>241.227611</x1>
			<y1>394.500001</y1>
			<x2>232.161419</x2>
			<y2>416.014605</y2>
			<x3>228.578336</x3>
			<y3>500.247513</y3>
			<x4>236.819437</x4>
			<y4>514.524276</y4>
			<x5>248.64362</x5>
			<y5>485.970751</y5>
			<x6>251.151767</x6>
			<y6>438.857458</y6>
			<x7>259.392868</x7>
			<y7>421.725318</y7>
			<x8>248.28529</x8>
			<y8>396.740983</y8>
			<x9>241.227611</x9>
			<y9>394.500001</y9>
		</polygon>
	</object>
	<object>
		<name>RPMD</name>
		<pose>Unspecified</pose>
		<truncated>0</truncated>
		<difficult>0</difficult>
		<occluded>0</occluded>
		<bndbox>
			<xmin>203</xmin>
			<xmax>243</xmax>
			<ymin>380</ymin>
			<ymax>513</ymax>
		</bndbox>
		<polygon>
			<x1>214.35003</x1>
			<y1>390.928572</y1>
			<x2>208.871382</x2>
			<y2>449.565016</y2>
			<x3>201.705231</x3>
			<y3>485.970751</y3>
			<x4>201.705231</x4>
			<y4>511.668913</y4>
			<x5>218.545722</x5>
			<y5>499.533686</y5>
			<x6>232.519749</x6>
			<y6>431.719076</y6>
			<x7>241.835758</x7>
			<y7>391.030284</y7>
			<x8>221.770501</x8>
			<y8>378.895029</y8>
			<x9>214.35003</x9>
			<y9>390.928572</y9>
		</polygon>
	</object>
	<object>
		<name>RMD</name>
		<pose>Unspecified</pose>
		<truncated>0</truncated>
		<difficult>0</difficult>
		<occluded>0</occluded>
		<bndbox>
			<xmin>151</xmin>
			<xmax>217</xmax>
			<ymin>368</ymin>
			<ymax>481</ymax>
		</bndbox>
		<polygon>
			<x1>169.815791</x1>
			<y1>419.583796</y1>
			<x2>156.115271</x2>
			<y2>448.964286</y2>
			<x3>149.750534</x3>
			<y3>461.700243</y3>
			<x4>161.216387</x4>
			<y4>480.260051</y4>
			<x5>213.171098</x5>
			<y5>423.866827</y5>
			<x6>216.037547</x6>
			<y6>398.882492</y6>
			<x7>207.079855</x7>
			<y7>378.895029</y7>
			<x8>187.014584</x8>
			<y8>367.473644</y8>
			<x9>169.815791</x9>
			<y9>419.583796</y9>
		</polygon>
	</object>
	<object>
		<name>RMD</name>
		<pose>Unspecified</pose>
		<truncated>0</truncated>
		<difficult>0</difficult>
		<occluded>0</occluded>
		<bndbox>
			<xmin>125</xmin>
			<xmax>184</xmax>
			<ymin>331</ymin>
			<ymax>438</ymax>
		</bndbox>
		<polygon>
			<x1>147.600676</x1>
			<y1>361.049076</y1>
			<x2>133.269327</x2>
			<y2>393.607144</y2>
			<x3>123.748631</x3>
			<y3>423.152986</y3>
			<x4>141.15113</x4>
			<y4>436.715922</y4>
			<x5>176.623653</x5>
			<y5>400.310174</y5>
			<x6>183.431502</x6>
			<y6>373.898158</y6>
			<x7>179.848419</x7>
			<y7>355.338376</y7>
			<x8>156.558382</x8>
			<y8>330.354035</y8>
			<x9>147.600676</x9>
			<y9>361.049076</y9>
		</polygon>
	</object>
	<object>
		<name>LID</name>
		<pose>Unspecified</pose>
		<truncated>0</truncated>
		<difficult>0</difficult>
		<occluded>0</occluded>
		<bndbox>
			<xmin>316</xmin>
			<xmax>337</xmax>
			<ymin>424</ymin>
			<ymax>515</ymax>
		</bndbox>
		<polygon>
			<x1>331.715467</x1>
			<y1>423.964286</y1>
			<x2>314.572615</x2>
			<y2>423.152986</y2>
			<x3>316.005853</x3>
			<y3>463.841779</y3>
			<x4>320.663872</x4>
			<y4>513.810449</y4>
			<x5>335.712807</x5>
			<y5>513.096594</y5>
			<x6>331.715467</x6>
			<y6>423.964286</y6>
		</polygon>
	</object>
	<object>
		<name>LID</name>
		<pose>Unspecified</pose>
		<truncated>0</truncated>
		<difficult>0</difficult>
		<occluded>0</occluded>
		<bndbox>
			<xmin>330</xmin>
			<xmax>353</xmax>
			<ymin>423</ymin>
			<ymax>513</ymax>
		</bndbox>
		<polygon>
			<x1>338.220982</x1>
			<y1>510.241258</y1>
			<x2>351.836679</x2>
			<y2>511.668913</y2>
			<x3>349.328532</x3>
			<y3>483.115387</y3>
			<x4>347.394056</x4>
			<y4>423.964286</y4>
			<x5>329.263275</x5>
			<y5>421.725318</y5>
			<x6>334.279569</x6>
			<y6>472.407815</y6>
			<x7>338.220982</x7>
			<y7>510.241258</y7>
		</polygon>
	</object>
	<object>
		<name>LCD</name>
		<pose>Unspecified</pose>
		<truncated>0</truncated>
		<difficult>0</difficult>
		<occluded>0</occluded>
		<bndbox>
			<xmin>349</xmin>
			<xmax>383</xmax>
			<ymin>414</ymin>
			<ymax>548</ymax>
		</bndbox>
		<polygon>
			<x1>347.536991</x1>
			<y1>424.580695</y1>
			<x2>352.911614</x2>
			<y2>460.986416</y2>
			<x3>362.944229</x3>
			<y3>518.807294</y3>
			<x4>375.843348</x4>
			<y4>547.36082</y4>
			<x5>381.934578</x5>
			<y5>525.945676</y5>
			<x6>372.976871</x6>
			<y6>465.269434</y6>
			<x7>370.68796</x7>
			<y7>413.250001</y7>
			<x8>347.536991</x8>
			<y8>424.580695</y8>
		</polygon>
	</object>
	<object>
		<name>LPMD</name>
		<pose>Unspecified</pose>
		<truncated>0</truncated>
		<difficult>0</difficult>
		<occluded>0</occluded>
		<bndbox>
			<xmin>373</xmin>
			<xmax>402</xmax>
			<ymin>398</ymin>
			<ymax>541</ymax>
		</bndbox>
		<polygon>
			<x1>387.667504</x1>
			<y1>397.454824</y1>
			<x2>371.901936</x2>
			<y2>412.445414</y2>
			<x3>379.068101</x3>
			<y3>463.841779</y3>
			<x4>388.384137</x4>
			<y4>526.65953</y4>
			<x5>400.924926</x5>
			<y5>539.508611</y5>
			<x6>396.266908</x6>
			<y6>480.260051</y6>
			<x7>396.669621</x7>
			<y7>427.535715</y7>
			<x8>387.667504</x8>
			<y8>397.454824</y8>
		</polygon>
	</object>
	<object>
		<name>LPMD</name>
		<pose>Unspecified</pose>
		<truncated>0</truncated>
		<difficult>0</difficult>
		<occluded>0</occluded>
		<bndbox>
			<xmin>389</xmin>
			<xmax>431</xmax>
			<ymin>387</ymin>
			<ymax>518</ymax>
		</bndbox>
		<polygon>
			<x1>412.390779</x1>
			<y1>500.961341</y1>
			<x2>426.364807</x2>
			<y2>516.665785</y2>
			<x3>429.947889</x3>
			<y3>502.389023</y3>
			<x4>422.781724</x4>
			<y4>466.697116</y4>
			<x5>416.690468</x5>
			<y5>419.583796</y5>
			<x6>408.764533</x6>
			<y6>386.464286</y6>
			<x7>396.625211</x7>
			<y7>396.027169</y7>
			<x8>392.683825</x8>
			<y8>389.602602</y8>
			<x9>388.025807</x9>
			<y9>416.014605</y9>
			<x10>400.208293</x10>
			<y10>439.571271</y10>
			<x11>412.390779</x11>
			<y11>500.961341</y11>
		</polygon>
	</object>
	<object>
		<name>LMD</name>
		<pose>Unspecified</pose>
		<truncated>0</truncated>
		<difficult>0</difficult>
		<occluded>0</occluded>
		<bndbox>
			<xmin>408</xmin>
			<xmax>463</xmax>
			<ymin>362</ymin>
			<ymax>480</ymax>
		</bndbox>
		<polygon>
			<x1>407.374458</x1>
			<y1>389.602602</y1>
			<x2>416.690468</x2>
			<y2>416.014605</y2>
			<x3>447.146696</x3>
			<y3>470.980161</y3>
			<x4>460.404091</x4>
			<y4>478.832369</y4>
			<x5>462.195632</x5>
			<y5>458.131052</y5>
			<x6>448.221632</x6>
			<y6>407.448555</y6>
			<x7>437.433953</x7>
			<y7>361.464286</y7>
			<x8>407.374458</x8>
			<y8>389.602602</y8>
		</polygon>
	</object>
	<object>
		<name>LMD</name>
		<pose>Unspecified</pose>
		<truncated>0</truncated>
		<difficult>0</difficult>
		<occluded>0</occluded>
		<bndbox>
			<xmin>440</xmin>
			<xmax>488</xmax>
			<ymin>336</ymin>
			<ymax>441</ymax>
		</bndbox>
		<polygon>
			<x1>447.863302</x1>
			<y1>351.769186</y1>
			<x2>438.547293</x2>
			<y2>376.03968</y2>
			<x3>447.146696</x3>
			<y3>398.168665</y3>
			<x4>474.019816</x4>
			<y4>440.285112</y4>
			<x5>486.91888</x5>
			<y5>429.57754</y5>
			<x6>478.677834</x6>
			<y6>390.316442</y6>
			<x7>469.68705</x7>
			<y7>334.678572</y7>
			<x8>447.863302</x8>
			<y8>351.769186</y8>
		</polygon>
	</object>
</annotation>
