<annotation>
	<folder></folder>
	<filename>183_jpg.rf.9fabba5e2403be63d55d4fa2a268dee5.jpg</filename>
	<path>183_jpg.rf.9fabba5e2403be63d55d4fa2a268dee5.jpg</path>
	<source>
		<database>roboflow.com</database>
	</source>
	<size>
		<width>640</width>
		<height>640</height>
		<depth>3</depth>
	</size>
	<segmented>0</segmented>
	<object>
		<name>RMU</name>
		<pose>Unspecified</pose>
		<truncated>0</truncated>
		<difficult>0</difficult>
		<occluded>0</occluded>
		<bndbox>
			<xmin>160</xmin>
			<xmax>196</xmax>
			<ymin>239</ymin>
			<ymax>362</ymax>
		</bndbox>
		<polygon>
			<x1>158.626946</x1>
			<y1>341.856321</y1>
			<x2>163.079058</x2>
			<y2>351.35961</y2>
			<x3>166.259139</x3>
			<y3>351.35961</y3>
			<x4>172.6193</x4>
			<y4>358.962241</y4>
			<x5>177.707429</x5>
			<y5>361.496452</y5>
			<x6>191.699783</x6>
			<y6>353.893821</y6>
			<x7>194.879863</x7>
			<y7>240.487899</y7>
			<x8>188.201695</x8>
			<y8>237.953688</y8>
			<x9>181.538892</x9>
			<y9>243.098377</y9>
			<x10>176.435396</x10>
			<y10>261.395136</y10>
			<x11>169.757228</x11>
			<y11>297.507636</y11>
			<x12>161.17101</x12>
			<y12>322.849741</y12>
			<x13>158.626946</x13>
			<y13>341.856321</y13>
		</polygon>
	</object>
	<object>
		<name>RMU</name>
		<pose>Unspecified</pose>
		<truncated>0</truncated>
		<difficult>0</difficult>
		<occluded>0</occluded>
		<bndbox>
			<xmin>189</xmin>
			<xmax>226</xmax>
			<ymin>245</ymin>
			<ymax>376</ymax>
		</bndbox>
		<polygon>
			<x1>198.377952</x1>
			<y1>300.675399</y1>
			<x2>192.971815</x2>
			<y2>322.849741</y2>
			<x3>189.155718</x3>
			<y3>342.489873</y3>
			<x4>187.883686</x4>
			<y4>360.229347</y4>
			<x5>192.971815</x5>
			<y5>370.366189</y5>
			<x6>197.423928</x6>
			<y6>372.900399</y6>
			<x7>204.420105</x7>
			<y7>367.831978</y7>
			<x8>211.098274</x8>
			<y8>374.801057</y8>
			<x9>215.868395</x9>
			<y9>374.801057</y9>
			<x10>222.228556</x10>
			<y10>367.831978</y10>
			<x11>224.77262</x11>
			<y11>355.794478</y11>
			<x12>224.454612</x12>
			<y12>339.32211</y12>
			<x13>216.504411</x13>
			<y13>255.059609</y13>
			<x14>208.872218</x14>
			<y14>244.289214</y14>
			<x15>204.102097</x15>
			<y15>250.624741</y15>
			<x16>198.377952</x16>
			<y16>300.675399</y16>
		</polygon>
	</object>
	<object>
		<name>RPMU</name>
		<pose>Unspecified</pose>
		<truncated>0</truncated>
		<difficult>0</difficult>
		<occluded>0</occluded>
		<bndbox>
			<xmin>214</xmin>
			<xmax>249</xmax>
			<ymin>243</ymin>
			<ymax>383</ymax>
		</bndbox>
		<polygon>
			<x1>222.864572</x1>
			<y1>380.503031</y1>
			<x2>231.132781</x2>
			<y2>381.770136</y2>
			<x3>235.902902</x3>
			<y3>378.602373</y3>
			<x4>241.309039</x4>
			<y4>377.968821</y4>
			<x5>247.6692</x5>
			<y5>364.030663</y5>
			<x6>240.355015</x6>
			<y6>242.388557</y6>
			<x7>232.110562</x7>
			<y7>243.098377</y7>
			<x8>221.59254</x8>
			<y8>327.28461</y8>
			<x9>217.458435</x9>
			<y9>344.390531</y9>
			<x10>213.32433</x10>
			<y10>358.328689</y10>
			<x11>215.868395</x11>
			<y11>370.999741</y11>
			<x12>222.864572</x12>
			<y12>380.503031</y12>
		</polygon>
	</object>
	<object>
		<name>RPMU</name>
		<pose>Unspecified</pose>
		<truncated>0</truncated>
		<difficult>0</difficult>
		<occluded>0</occluded>
		<bndbox>
			<xmin>235</xmin>
			<xmax>269</xmax>
			<ymin>245</ymin>
			<ymax>388</ymax>
		</bndbox>
		<polygon>
			<x1>243.853103</x1>
			<y1>384.937899</y1>
			<x2>247.6692</x2>
			<y2>386.838557</y2>
			<x3>257.52745</x3>
			<y3>381.770136</y3>
			<x4>263.251595</x4>
			<y4>383.670794</y4>
			<x5>267.067691</x5>
			<y5>374.801057</y5>
			<x6>268.021715</x6>
			<y6>349.458952</y6>
			<x7>261.661554</x7>
			<y7>260.128031</y7>
			<x8>254.347369</x8>
			<y8>244.289214</y8>
			<x9>247.6692</x9>
			<y9>259.494478</y9>
			<x10>234.948878</x10>
			<y10>354.527373</y10>
			<x11>233.676846</x11>
			<y11>370.999741</y11>
			<x12>238.764975</x12>
			<y12>376.068162</y12>
			<x13>243.853103</x13>
			<y13>384.937899</y13>
		</polygon>
	</object>
	<object>
		<name>RCU</name>
		<pose>Unspecified</pose>
		<truncated>0</truncated>
		<difficult>0</difficult>
		<occluded>0</occluded>
		<bndbox>
			<xmin>258</xmin>
			<xmax>284</xmax>
			<ymin>250</ymin>
			<ymax>395</ymax>
		</bndbox>
		<polygon>
			<x1>260.70753</x1>
			<y1>380.503031</y1>
			<x2>265.477651</x2>
			<y2>388.739216</y2>
			<x3>270.56578</x3>
			<y3>394.441189</y3>
			<x4>276.607933</x4>
			<y4>390.006321</y4>
			<x5>283.286102</x5>
			<y5>379.869479</y5>
			<x6>282.968094</x6>
			<y6>351.35961</y6>
			<x7>278.515981</x7>
			<y7>253.158951</y7>
			<x8>274.381876</x8>
			<y8>248.724083</y8>
			<x9>267.415313</x9>
			<y9>255.777325</y9>
			<x10>261.979562</x10>
			<y10>326.651057</y10>
			<x11>257.52745</x11>
			<y11>358.962241</y11>
			<x12>257.209441</x12>
			<y12>369.732636</y12>
			<x13>260.70753</x13>
			<y13>380.503031</y13>
		</polygon>
	</object>
	<object>
		<name>RIU</name>
		<pose>Unspecified</pose>
		<truncated>0</truncated>
		<difficult>0</difficult>
		<occluded>0</occluded>
		<bndbox>
			<xmin>282</xmin>
			<xmax>302</xmax>
			<ymin>259</ymin>
			<ymax>393</ymax>
		</bndbox>
		<polygon>
			<x1>280.742037</x1>
			<y1>377.968821</y1>
			<x2>285.512158</x2>
			<y2>387.47211</y2>
			<x3>290.918295</x3>
			<y3>391.906979</y3>
			<x4>297.278456</x4>
			<y4>391.273426</y4>
			<x5>300.458536</x5>
			<y5>383.670794</y5>
			<x6>301.094553</x6>
			<y6>372.900399</y6>
			<x7>301.094553</x7>
			<y7>359.595794</y7>
			<x8>299.82252</x8>
			<y8>341.856321</y8>
			<x9>301.094553</x9>
			<y9>268.997768</y9>
			<x10>293.780368</x10>
			<y10>258.227373</y10>
			<x11>286.78419</x11>
			<y11>267.730662</y11>
			<x12>282.968094</x12>
			<y12>334.253689</y12>
			<x13>280.742037</x13>
			<y13>360.229347</y13>
			<x14>280.742037</x14>
			<y14>377.968821</y14>
		</polygon>
	</object>
	<object>
		<name>RIU</name>
		<pose>Unspecified</pose>
		<truncated>0</truncated>
		<difficult>0</difficult>
		<occluded>0</occluded>
		<bndbox>
			<xmin>301</xmin>
			<xmax>327</xmax>
			<ymin>259</ymin>
			<ymax>398</ymax>
		</bndbox>
		<polygon>
			<x1>300.776545</x1>
			<y1>386.838557</y1>
			<x2>305.546665</x2>
			<y2>394.441189</y2>
			<x3>313.496867</x3>
			<y3>396.975399</y3>
			<x4>320.493044</x4>
			<y4>395.708294</y4>
			<x5>324.945157</x5>
			<y5>388.105662</y5>
			<x6>325.581173</x6>
			<y6>372.266847</y6>
			<x7>325.263164</x7>
			<y7>307.644478</y7>
			<x8>322.7191</x8>
			<y8>272.165531</y8>
			<x9>318.903003</x9>
			<y9>257.59382</y9>
			<x10>309.998778</x10>
			<y10>259.494478</y10>
			<x11>306.854855</x11>
			<y11>265.920483</y11>
			<x12>302.684593</x12>
			<y12>334.253689</y12>
			<x13>299.504513</x13>
			<y13>354.527373</y13>
			<x14>300.776545</x14>
			<y14>386.838557</y14>
		</polygon>
	</object>
	<object>
		<name>RMD</name>
		<pose>Unspecified</pose>
		<truncated>0</truncated>
		<difficult>0</difficult>
		<occluded>0</occluded>
		<bndbox>
			<xmin>121</xmin>
			<xmax>162</xmax>
			<ymin>348</ymin>
			<ymax>439</ymax>
		</bndbox>
		<polygon>
			<x1>134.458334</x1>
			<y1>437.522768</y1>
			<x2>141.781289</x2>
			<y2>433.282596</y2>
			<x3>156.400889</x3>
			<y3>414.714873</y3>
			<x4>160.853002</x4>
			<y4>405.211584</y4>
			<x5>160.853002</x5>
			<y5>393.807636</y5>
			<x6>158.308938</x6>
			<y6>388.105662</y6>
			<x7>155.128857</x7>
			<y7>365.931321</y7>
			<x8>147.178656</x8>
			<y8>362.130004</y8>
			<x9>143.362559</x9>
			<y9>346.924741</y9>
			<x10>130.006221</x10>
			<y10>350.726057</y10>
			<x11>126.82614</x11>
			<y11>370.999741</y11>
			<x12>122.692036</x12>
			<y12>394.441189</y12>
			<x13>120.465979</x13>
			<y13>403.310926</y13>
			<x14>126.508133</x14>
			<y14>411.54711</y14>
			<x15>137.956422</x15>
			<y15>399.50961</y15>
			<x16>128.734189</x16>
			<y16>420.416847</y16>
			<x17>127.144149</x17>
			<y17>435.62211</y17>
			<x18>134.458334</x18>
			<y18>437.522768</y18>
		</polygon>
	</object>
	<object>
		<name>RMD</name>
		<pose>Unspecified</pose>
		<truncated>0</truncated>
		<difficult>0</difficult>
		<occluded>0</occluded>
		<bndbox>
			<xmin>152</xmin>
			<xmax>198</xmax>
			<ymin>353</ymin>
			<ymax>467</ymax>
		</bndbox>
		<polygon>
			<x1>181.205517</x1>
			<y1>441.324084</y1>
			<x2>186.611654</x2>
			<y2>408.379347</y2>
			<x3>197.423928</x3>
			<y3>386.838557</y3>
			<x4>195.51588</x4>
			<y4>379.869479</y4>
			<x5>189.791735</x5>
			<y5>365.931321</y5>
			<x6>183.749582</x6>
			<y6>360.862899</y6>
			<x7>180.251493</x7>
			<y7>360.229347</y7>
			<x8>165.941131</x8>
			<y8>351.993162</y8>
			<x9>161.807026</x9>
			<y9>359.595794</y9>
			<x10>160.216986</x10>
			<y10>367.198426</y10>
			<x11>160.216986</x11>
			<y11>377.335268</y11>
			<x12>160.853002</x12>
			<y12>390.639873</y12>
			<x13>158.308938</x13>
			<y13>408.379347</y13>
			<x14>153.538817</x14>
			<y14>430.553689</y14>
			<x15>150.994752</x15>
			<y15>447.026057</y15>
			<x16>152.902801</x16>
			<y16>460.964216</y16>
			<x17>158.944954</x17>
			<y17>457.796452</y17>
			<x18>166.577147</x18>
			<y18>431.820794</y18>
			<x19>166.259139</x19>
			<y19>441.957637</y19>
			<x20>164.987107</x20>
			<y20>445.758952</y20>
			<x21>160.853002</x21>
			<y21>457.796452</y21>
			<x22>164.987107</x22>
			<y22>466.032637</y22>
			<x23>173.891332</x23>
			<y23>453.995137</y23>
			<x24>181.205517</x24>
			<y24>441.324084</y24>
		</polygon>
	</object>
	<object>
		<name>RMD</name>
		<pose>Unspecified</pose>
		<truncated>0</truncated>
		<difficult>0</difficult>
		<occluded>0</occluded>
		<bndbox>
			<xmin>180</xmin>
			<xmax>237</xmax>
			<ymin>371</ymin>
			<ymax>493</ymax>
		</bndbox>
		<polygon>
			<x1>235.584894</x1>
			<y1>390.006321</y1>
			<x2>228.270709</x2>
			<y2>376.068162</y2>
			<x3>222.228556</x3>
			<y3>376.068162</y3>
			<x4>213.32433</x4>
			<y4>377.968821</y4>
			<x5>207.600185</x5>
			<y5>369.732636</y5>
			<x6>196.787912</x6>
			<y6>369.732636</y6>
			<x7>192.335799</x7>
			<y7>375.43461</y7>
			<x8>191.699783</x8>
			<y8>386.838557</y8>
			<x9>192.989081</x9>
			<y9>406.022858</y9>
			<x10>190.427751</x10>
			<y10>425.485268</y10>
			<x11>183.113566</x11>
			<y11>448.293163</y11>
			<x12>179.297469</x12>
			<y12>471.101058</y12>
			<x13>181.523525</x13>
			<y13>483.772111</y13>
			<x14>188.519702</x14>
			<y14>475.535926</y14>
			<x15>198.059944</x15>
			<y15>451.460926</y15>
			<x16>203.148073</x16>
			<y16>445.758952</y16>
			<x17>196.151896</x17>
			<y17>466.032637</y17>
			<x18>192.335799</x18>
			<y18>479.970795</y18>
			<x19>192.017791</x19>
			<y19>492.008295</y19>
			<x20>200.604008</x20>
			<y20>491.374742</y20>
			<x21>208.55421</x21>
			<y21>479.970795</y21>
			<x22>215.868395</x22>
			<y22>458.430005</y22>
			<x23>222.228556</x23>
			<y23>429.286584</y23>
			<x24>224.77262</x24>
			<y24>420.416847</y24>
			<x25>235.584894</x25>
			<y25>390.006321</y25>
		</polygon>
	</object>
	<object>
		<name>RPMD</name>
		<pose>Unspecified</pose>
		<truncated>0</truncated>
		<difficult>0</difficult>
		<occluded>0</occluded>
		<bndbox>
			<xmin>218</xmin>
			<xmax>256</xmax>
			<ymin>384</ymin>
			<ymax>503</ymax>
		</bndbox>
		<polygon>
			<x1>229.860749</x1>
			<y1>384.937899</y1>
			<x2>225.726645</x2>
			<y2>392.540531</y2>
			<x3>226.998677</x3>
			<y3>409.646453</y3>
			<x4>223.500588</x4>
			<y4>429.920137</y4>
			<x5>220.956524</x5>
			<y5>455.895794</y5>
			<x6>218.412459</x6>
			<y6>478.703689</y6>
			<x7>216.822419</x7>
			<y7>498.977374</y7>
			<x8>219.684491</x8>
			<y8>501.511584</y8>
			<x9>228.906725</x9>
			<y9>487.573426</y9>
			<x10>240.037007</x10>
			<y10>457.1629</y10>
			<x11>246.715176</x11>
			<y11>426.118821</y11>
			<x12>254.029361</x12>
			<y12>410.280005</y12>
			<x13>255.301393</x13>
			<y13>400.143162</y13>
			<x14>250.84928</x14>
			<y14>387.47211</y14>
			<x15>240.062082</x15>
			<y15>382.566804</y15>
			<x16>229.860749</x16>
			<y16>384.937899</y16>
		</polygon>
	</object>
	<object>
		<name>RPMD</name>
		<pose>Unspecified</pose>
		<truncated>0</truncated>
		<difficult>0</difficult>
		<occluded>0</occluded>
		<bndbox>
			<xmin>241</xmin>
			<xmax>274</xmax>
			<ymin>392</ymin>
			<ymax>520</ymax>
		</bndbox>
		<polygon>
			<x1>240.037007</x1>
			<y1>511.648426</y1>
			<x2>247.033184</x2>
			<y2>518.617506</y2>
			<x3>255.301393</x3>
			<y3>511.648426</y3>
			<x4>268.021715</x4>
			<y4>440.056979</y4>
			<x5>273.427852</x5>
			<y5>405.211584</y5>
			<x6>269.611756</x6>
			<y6>397.608952</y6>
			<x7>261.690218</x7>
			<y7>391.442068</y7>
			<x8>255.937409</x8>
			<y8>391.273426</y8>
			<x9>249.25924</x9>
			<y9>396.975399</y9>
			<x10>244.489119</x10>
			<y10>410.280005</y10>
			<x11>243.217087</x11>
			<y11>435.62211</y11>
			<x12>240.037007</x12>
			<y12>511.648426</y12>
		</polygon>
	</object>
	<object>
		<name>RCD</name>
		<pose>Unspecified</pose>
		<truncated>0</truncated>
		<difficult>0</difficult>
		<occluded>0</occluded>
		<bndbox>
			<xmin>265</xmin>
			<xmax>291</xmax>
			<ymin>398</ymin>
			<ymax>511</ymax>
		</bndbox>
		<polygon>
			<x1>263.887611</x1>
			<y1>509.747769</y1>
			<x2>273.74586</x2>
			<y2>498.977374</y2>
			<x3>280.742037</x3>
			<y3>475.535926</y3>
			<x4>290.282279</x4>
			<y4>422.951058</y4>
			<x5>287.135084</x5>
			<y5>400.317331</y5>
			<x6>281.378053</x6>
			<y6>396.975399</y6>
			<x7>273.74586</x7>
			<y7>400.143162</y7>
			<x8>270.56578</x8>
			<y8>415.348426</y8>
			<x9>266.749683</x9>
			<y9>443.224742</y9>
			<x10>263.887611</x10>
			<y10>486.306321</y10>
			<x11>263.887611</x11>
			<y11>509.747769</y11>
		</polygon>
	</object>
	<object>
		<name>RID</name>
		<pose>Unspecified</pose>
		<truncated>0</truncated>
		<difficult>0</difficult>
		<occluded>0</occluded>
		<bndbox>
			<xmin>289</xmin>
			<xmax>308</xmax>
			<ymin>402</ymin>
			<ymax>514</ymax>
		</bndbox>
		<polygon>
			<x1>307.454714</x1>
			<y1>407.112242</y1>
			<x2>296.006424</x2>
			<y2>401.410268</y2>
			<x3>287.738214</x3>
			<y3>403.310926</y3>
			<x4>288.056223</x4>
			<y4>430.553689</y4>
			<x5>293.144352</x5>
			<y5>499.610926</y5>
			<x6>296.960448</x6>
			<y6>512.915532</y6>
			<x7>304.592641</x7>
			<y7>509.747769</y7>
			<x8>305.228657</x8>
			<y8>448.293163</y8>
			<x9>307.454714</x9>
			<y9>407.112242</y9>
		</polygon>
	</object>
	<object>
		<name>RID</name>
		<pose>Unspecified</pose>
		<truncated>0</truncated>
		<difficult>0</difficult>
		<occluded>0</occluded>
		<bndbox>
			<xmin>307</xmin>
			<xmax>325</xmax>
			<ymin>401</ymin>
			<ymax>515</ymax>
		</bndbox>
		<polygon>
			<x1>323.712078</x1>
			<y1>400.317331</y1>
			<x2>313.814875</x2>
			<y2>399.50961</y2>
			<x3>307.772722</x3>
			<y3>405.211584</y3>
			<x4>306.182681</x4>
			<y4>419.783294</y4>
			<x5>309.68077</x5>
			<y5>466.032637</y5>
			<x6>309.68077</x6>
			<y6>502.145137</y6>
			<x7>316.994955</x7>
			<y7>514.182637</y7>
			<x8>320.493044</x8>
			<y8>485.672769</y8>
			<x9>323.712078</x9>
			<y9>400.317331</y9>
		</polygon>
	</object>
	<object>
		<name>LID</name>
		<pose>Unspecified</pose>
		<truncated>0</truncated>
		<difficult>0</difficult>
		<occluded>0</occluded>
		<bndbox>
			<xmin>324</xmin>
			<xmax>342</xmax>
			<ymin>400</ymin>
			<ymax>523</ymax>
		</bndbox>
		<polygon>
			<x1>323.037108</x1>
			<y1>438.789874</y1>
			<x2>325.263164</x2>
			<y2>483.772111</y2>
			<x3>329.079261</x3>
			<y3>509.747769</y3>
			<x4>336.393447</x4>
			<y4>521.785269</y4>
			<x5>341.163567</x5>
			<y5>407.112242</y5>
			<x6>336.11645</x6>
			<y6>402.853121</y6>
			<x7>323.037108</x7>
			<y7>398.876058</y7>
			<x8>323.037108</x8>
			<y8>438.789874</y8>
		</polygon>
	</object>
	<object>
		<name>LID</name>
		<pose>Unspecified</pose>
		<truncated>0</truncated>
		<difficult>0</difficult>
		<occluded>0</occluded>
		<bndbox>
			<xmin>336</xmin>
			<xmax>357</xmax>
			<ymin>399</ymin>
			<ymax>530</ymax>
		</bndbox>
		<polygon>
			<x1>343.737129</x1>
			<y1>529.413954</y1>
			<x2>353.595379</x2>
			<y2>519.277112</y2>
			<x3>356.154282</x3>
			<y3>400.317331</y3>
			<x4>350.415298</x4>
			<y4>398.902112</y4>
			<x5>345.32717</x5>
			<y5>397.635006</y5>
			<x6>338.012984</x6>
			<y6>402.703428</y6>
			<x7>335.150912</x7>
			<y7>410.939612</y7>
			<x8>336.422944</x8>
			<y8>427.41198</y8>
			<x9>340.239041</x9>
			<y9>479.996849</y9>
			<x10>343.737129</x10>
			<y10>529.413954</y10>
		</polygon>
	</object>
	<object>
		<name>LID</name>
		<pose>Unspecified</pose>
		<truncated>0</truncated>
		<difficult>0</difficult>
		<occluded>0</occluded>
		<bndbox>
			<xmin>352</xmin>
			<xmax>388</xmax>
			<ymin>399</ymin>
			<ymax>526</ymax>
		</bndbox>
		<polygon>
			<x1>387.304232</x1>
			<y1>493.935007</y1>
			<x2>383.488136</x2>
			<y2>452.120533</y2>
			<x3>359.652951</x3>
			<y3>397.781542</y3>
			<x4>352.641354</x4>
			<y4>419.175796</y4>
			<x5>351.369322</x5>
			<y5>434.381059</y5>
			<x6>354.231395</x6>
			<y6>459.723164</y6>
			<x7>367.905741</x7>
			<y7>510.407376</y7>
			<x8>380.944071</x8>
			<y8>524.979086</y8>
			<x9>386.986224</x9>
			<y9>519.910665</y9>
			<x10>387.304232</x10>
			<y10>493.935007</y10>
		</polygon>
	</object>
	<object>
		<name>LPMD</name>
		<pose>Unspecified</pose>
		<truncated>0</truncated>
		<difficult>0</difficult>
		<occluded>0</occluded>
		<bndbox>
			<xmin>370</xmin>
			<xmax>406</xmax>
			<ymin>385</ymin>
			<ymax>523</ymax>
		</bndbox>
		<polygon>
			<x1>390.484313</x1>
			<y1>396.367901</y1>
			<x2>384.760168</x2>
			<y2>383.696849</y2>
			<x3>375.874052</x3>
			<y3>391.442068</y3>
			<x4>372.357854</x4>
			<y4>400.169217</y4>
			<x5>368.541757</x5>
			<y5>410.306059</y5>
			<x6>375.537934</x6>
			<y6>438.815927</y6>
			<x7>394.936426</x7>
			<y7>516.109349</y7>
			<x8>400.024554</x8>
			<y8>521.811323</y8>
			<x9>405.112683</x9>
			<y9>513.575139</y9>
			<x10>390.484313</x10>
			<y10>396.367901</y10>
		</polygon>
	</object>
	<object>
		<name>LPMD</name>
		<pose>Unspecified</pose>
		<truncated>0</truncated>
		<difficult>0</difficult>
		<occluded>0</occluded>
		<bndbox>
			<xmin>386</xmin>
			<xmax>427</xmax>
			<ymin>385</ymin>
			<ymax>514</ymax>
		</bndbox>
		<polygon>
			<x1>409.882804</x1>
			<y1>498.455144</y1>
			<x2>419.741054</x2>
			<y2>513.026854</y2>
			<x3>426.419222</x3>
			<y3>507.324881</y3>
			<x4>410.200812</x4>
			<y4>386.94988</y4>
			<x5>389.868729</x5>
			<y5>383.834699</y5>
			<x6>385.396184</x6>
			<y6>402.788696</y6>
			<x7>386.0322</x7>
			<y7>417.360406</y7>
			<x8>393.982401</x8>
			<y8>426.230143</y8>
			<x9>401.296587</x9>
			<y9>464.243301</y9>
			<x10>405.748699</x10>
			<y10>486.417644</y10>
			<x11>409.882804</x11>
			<y11>498.455144</y11>
		</polygon>
	</object>
	<object>
		<name>LMD</name>
		<pose>Unspecified</pose>
		<truncated>0</truncated>
		<difficult>0</difficult>
		<occluded>0</occluded>
		<bndbox>
			<xmin>406</xmin>
			<xmax>460</xmax>
			<ymin>366</ymin>
			<ymax>487</ymax>
		</bndbox>
		<polygon>
			<x1>445.181698</x1>
			<y1>369.843959</y1>
			<x2>436.277472</x2>
			<y2>365.409091</y2>
			<x3>427.691255</x3>
			<y3>367.943301</y3>
			<x4>425.465198</x4>
			<y4>374.91238</y4>
			<x5>423.239142</x5>
			<y5>377.446591</y5>
			<x6>413.380893</x6>
			<y6>376.179485</y6>
			<x7>406.702723</x7>
			<y7>383.782117</y7>
			<x8>405.112683</x8>
			<y8>398.98738</y8>
			<x9>410.51882</x9>
			<y9>415.459749</y9>
			<x10>420.059061</x10>
			<y10>433.199223</y10>
			<x11>422.285118</x11>
			<y11>458.541328</y11>
			<x12>429.599303</x12>
			<y12>475.013696</y12>
			<x13>437.867512</x13>
			<y13>485.784091</y13>
			<x14>447.407754</x14>
			<y14>486.417644</y14>
			<x15>443.273649</x15>
			<y15>466.143959</y15>
			<x16>438.821537</x16>
			<y16>439.534749</y16>
			<x17>450.269826</x17>
			<y17>475.013696</y17>
			<x18>459.174052</x18>
			<y18>483.249881</y18>
			<x19>459.49206</x19>
			<y19>464.876854</y19>
			<x20>449.315802</x20>
			<y20>419.261064</y20>
			<x21>445.181698</x21>
			<y21>369.843959</y21>
		</polygon>
	</object>
	<object>
		<name>LMD</name>
		<pose>Unspecified</pose>
		<truncated>0</truncated>
		<difficult>0</difficult>
		<occluded>0</occluded>
		<bndbox>
			<xmin>443</xmin>
			<xmax>486</xmax>
			<ymin>350</ymin>
			<ymax>470</ymax>
		</bndbox>
		<polygon>
			<x1>463.944172</x1>
			<y1>351.470933</y1>
			<x2>457.615683</x2>
			<y2>361.012593</y2>
			<x3>446.45373</x3>
			<y3>360.974222</y3>
			<x4>444.227673</x4>
			<y4>373.645274</y4>
			<x5>442.319625</x5>
			<y5>385.682775</y5>
			<x6>448.997794</x6>
			<y6>404.055801</y6>
			<x7>454.721939</x7>
			<y7>427.497249</y7>
			<x8>463.308156</x8>
			<y8>449.671591</y8>
			<x9>472.848398</x9>
			<y9>467.411064</y9>
			<x10>479.526567</x10>
			<y10>469.311722</y10>
			<x11>473.166406</x11>
			<y11>443.336064</y11>
			<x12>471.894374</x12>
			<y12>437.000538</y12>
			<x13>482.070632</x13>
			<y13>461.709091</y13>
			<x14>484.932704</x14>
			<y14>455.373564</y14>
			<x15>484.296688</x15>
			<y15>435.733433</y15>
			<x16>476.346487</x16>
			<y16>356.539354</y16>
			<x17>471.258358</x17>
			<y17>348.936722</y17>
			<x18>463.944172</x18>
			<y18>351.470933</y18>
		</polygon>
	</object>
	<object>
		<name>LMD</name>
		<pose>Unspecified</pose>
		<truncated>0</truncated>
		<difficult>0</difficult>
		<occluded>0</occluded>
		<bndbox>
			<xmin>474</xmin>
			<xmax>521</xmax>
			<ymin>339</ymin>
			<ymax>442</ymax>
		</bndbox>
		<polygon>
			<x1>497.971034</x1>
			<y1>338.166327</y1>
			<x2>486.559218</x2>
			<y2>355.941014</y2>
			<x3>483.97868</x3>
			<y3>365.409091</y3>
			<x4>476.028478</x4>
			<y4>369.843959</y4>
			<x5>472.53039</x5>
			<y5>388.216985</y5>
			<x6>473.802422</x6>
			<y6>404.055801</y6>
			<x7>483.342664</x7>
			<y7>416.093301</y7>
			<x8>494.472945</x8>
			<y8>426.863696</y8>
			<x9>504.967211</x9>
			<y9>441.435407</y9>
			<x10>511.963388</x10>
			<y10>439.534749</y10>
			<x11>507.511276</x11>
			<y11>416.726854</y11>
			<x12>512.917412</x12>
			<y12>418.627512</y12>
			<x13>516.415501</x13>
			<y13>424.329486</y13>
			<x14>519.595582</x14>
			<y14>412.925538</y14>
			<x15>517.687533</x15>
			<y15>388.850538</y15>
			<x16>508.783308</x16>
			<y16>365.409091</y16>
			<x17>505.603227</x17>
			<y17>352.104485</y17>
			<x18>497.971034</x18>
			<y18>338.166327</y18>
		</polygon>
	</object>
	<object>
		<name>LMU</name>
		<pose>Unspecified</pose>
		<truncated>0</truncated>
		<difficult>0</difficult>
		<occluded>0</occluded>
		<bndbox>
			<xmin>449</xmin>
			<xmax>481</xmax>
			<ymin>236</ymin>
			<ymax>358</ymax>
		</bndbox>
		<polygon>
			<x1>448.073859</x1>
			<y1>250.071799</y1>
			<x2>447.725762</x2>
			<y2>274.006974</y2>
			<x3>448.997794</x3>
			<y3>301.249737</y3>
			<x4>449.63381</x4>
			<y4>318.989211</y4>
			<x5>449.63381</x5>
			<y5>337.995791</y5>
			<x6>449.63381</x6>
			<y6>348.132632</y6>
			<x7>453.449907</x7>
			<y7>355.101711</y7>
			<x8>460.764092</x8>
			<y8>357.002369</y8>
			<x9>468.078277</x9>
			<y9>353.201054</y9>
			<x10>473.484414</x10>
			<y10>350.033291</y10>
			<x11>477.618519</x11>
			<y11>340.530001</y11>
			<x12>480.162583</x12>
			<y12>330.393159</y12>
			<x13>480.162583</x13>
			<y13>320.256317</y13>
			<x14>477.300511</x14>
			<y14>306.318159</y14>
			<x15>465.216205</x15>
			<y15>239.161579</y15>
			<x16>459.49206</x16>
			<y16>235.360264</y16>
			<x17>448.073859</x17>
			<y17>250.071799</y17>
		</polygon>
	</object>
	<object>
		<name>LMU</name>
		<pose>Unspecified</pose>
		<truncated>0</truncated>
		<difficult>0</difficult>
		<occluded>0</occluded>
		<bndbox>
			<xmin>419</xmin>
			<xmax>454</xmax>
			<ymin>238</ymin>
			<ymax>372</ymax>
		</bndbox>
		<polygon>
			<x1>432.779383</x1>
			<y1>370.940528</y1>
			<x2>440.093569</x2>
			<y2>368.406317</y2>
			<x3>448.997794</x3>
			<y3>362.704343</y3>
			<x4>452.813891</x4>
			<y4>355.735264</y4>
			<x5>449.63381</x5>
			<y5>325.958291</y5>
			<x6>433.4154</x6>
			<y6>236.627369</y6>
			<x7>422.603126</x7>
			<y7>253.73329</y7>
			<x8>420.695077</x8>
			<y8>325.958291</y8>
			<x9>417.833005</x9>
			<y9>358.269475</y9>
			<x10>419.105037</x10>
			<y10>364.605001</y10>
			<x11>427.373247</x11>
			<y11>370.940528</y11>
			<x12>432.779383</x12>
			<y12>370.940528</y12>
		</polygon>
	</object>
	<object>
		<name>LPMU</name>
		<pose>Unspecified</pose>
		<truncated>0</truncated>
		<difficult>0</difficult>
		<occluded>0</occluded>
		<bndbox>
			<xmin>399</xmin>
			<xmax>425</xmax>
			<ymin>241</ymin>
			<ymax>380</ymax>
		</bndbox>
		<polygon>
			<x1>412.744876</x1>
			<y1>378.543159</y1>
			<x2>417.833005</x2>
			<y2>376.008949</y2>
			<x3>423.875158</x3>
			<y3>365.872106</y3>
			<x4>424.193166</x4>
			<y4>348.132632</y4>
			<x5>412.10886</x5>
			<y5>249.931974</y5>
			<x6>407.656748</x6>
			<y6>239.795132</y6>
			<x7>397.820249</x7>
			<y7>246.268114</y7>
			<x8>402.25061</x8>
			<y8>324.691185</y8>
			<x9>400.024554</x9>
			<y9>348.766185</y9>
			<x10>400.66057</x10>
			<y10>367.139212</y10>
			<x11>405.112683</x11>
			<y11>376.008949</y11>
			<x12>412.744876</x12>
			<y12>378.543159</y12>
		</polygon>
	</object>
	<object>
		<name>LPMU</name>
		<pose>Unspecified</pose>
		<truncated>0</truncated>
		<difficult>0</difficult>
		<occluded>0</occluded>
		<bndbox>
			<xmin>380</xmin>
			<xmax>407</xmax>
			<ymin>246</ymin>
			<ymax>392</ymax>
		</bndbox>
		<polygon>
			<x1>402.886627</x1>
			<y1>384.245133</y1>
			<x2>406.384715</x2>
			<y2>370.940528</y2>
			<x3>400.342562</x3>
			<y3>253.099738</y3>
			<x4>394.618417</x4>
			<y4>245.497106</y4>
			<x5>388.576264</x5>
			<y5>254.366843</y5>
			<x6>380.944071</x6>
			<y6>346.231974</y6>
			<x7>379.354031</x7>
			<y7>368.406317</y7>
			<x8>380.308055</x8>
			<y8>381.077369</y8>
			<x9>389.848297</x9>
			<y9>383.61158</y9>
			<x10>394.936426</x10>
			<y10>390.580659</y10>
			<x11>402.886627</x11>
			<y11>384.245133</y11>
		</polygon>
	</object>
	<object>
		<name>LCU</name>
		<pose>Unspecified</pose>
		<truncated>0</truncated>
		<difficult>0</difficult>
		<occluded>0</occluded>
		<bndbox>
			<xmin>366</xmin>
			<xmax>393</xmax>
			<ymin>251</ymin>
			<ymax>389</ymax>
		</bndbox>
		<polygon>
			<x1>378.718015</x1>
			<y1>388.046449</y1>
			<x2>391.756345</x2>
			<y2>365.238554</y2>
			<x3>382.534111</x3>
			<y3>272.106316</y3>
			<x4>380.308055</x4>
			<y4>253.73329</y4>
			<x5>371.421201</x5>
			<y5>250.071799</y5>
			<x6>366.951717</x6>
			<y6>277.80829</y6>
			<x7>367.905741</x7>
			<y7>319.622764</y7>
			<x8>365.361677</x8>
			<y8>346.231974</y8>
			<x9>365.679685</x9>
			<y9>369.673422</y9>
			<x10>371.721838</x10>
			<y10>386.145791</y10>
			<x11>378.718015</x11>
			<y11>388.046449</y11>
		</polygon>
	</object>
	<object>
		<name>LIU</name>
		<pose>Unspecified</pose>
		<truncated>0</truncated>
		<difficult>0</difficult>
		<occluded>0</occluded>
		<bndbox>
			<xmin>349</xmin>
			<xmax>369</xmax>
			<ymin>258</ymin>
			<ymax>397</ymax>
		</bndbox>
		<polygon>
			<x1>350.747248</x1>
			<y1>258.313114</y1>
			<x2>349.461274</x2>
			<y2>322.790527</y2>
			<x3>347.553226</x3>
			<y3>352.567501</y3>
			<x4>347.871234</x4>
			<y4>390.580659</y4>
			<x5>360.273548</x5>
			<y5>395.64908</y5>
			<x6>367.269725</x6>
			<y6>381.710922</y6>
			<x7>368.223749</x7>
			<y7>353.201054</y7>
			<x8>362.181596</x8>
			<y8>256.901053</y8>
			<x9>350.747248</x9>
			<y9>258.313114</y9>
		</polygon>
	</object>
	<object>
		<name>LIU</name>
		<pose>Unspecified</pose>
		<truncated>0</truncated>
		<difficult>0</difficult>
		<occluded>0</occluded>
		<bndbox>
			<xmin>325</xmin>
			<xmax>351</xmax>
			<ymin>253</ymin>
			<ymax>402</ymax>
		</bndbox>
		<polygon>
			<x1>345.315349</x1>
			<y1>260.100003</y1>
			<x2>340.545228</x2>
			<y2>252.497371</y2>
			<x3>330.391355</x3>
			<y3>260.214957</y3>
			<x4>326.234866</x4>
			<y4>344.996056</y4>
			<x5>324.326818</x5>
			<y5>391.878951</y5>
			<x6>333.231043</x6>
			<y6>400.748687</y6>
			<x7>345.951365</x7>
			<y7>397.580924</y7>
			<x8>350.403478</x8>
			<y8>387.444082</y8>
			<x9>350.403478</x9>
			<y9>351.331582</y9>
			<x10>345.315349</x10>
			<y10>260.100003</y10>
		</polygon>
	</object>
	<metadata>
		<tags>
			<tag>teeth</tag>
		</tags>
	</metadata>
</annotation>
