<annotation>
	<folder></folder>
	<filename>186_jpg.rf.a1ff5666ce5274feff70f031e71943b8.jpg</filename>
	<path>186_jpg.rf.a1ff5666ce5274feff70f031e71943b8.jpg</path>
	<source>
		<database>roboflow.com</database>
	</source>
	<size>
		<width>640</width>
		<height>640</height>
		<depth>3</depth>
	</size>
	<segmented>0</segmented>
	<object>
		<name>RID</name>
		<pose>Unspecified</pose>
		<truncated>0</truncated>
		<difficult>0</difficult>
		<occluded>0</occluded>
		<bndbox>
			<xmin>279</xmin>
			<xmax>300</xmax>
			<ymin>432</ymin>
			<ymax>554</ymax>
		</bndbox>
		<polygon>
			<x1>297.052302</x1>
			<y1>492.577306</y1>
			<x2>298.107293</x2>
			<y2>444.031251</y2>
			<x3>299.246931</x3>
			<y3>434.488732</y3>
			<x4>278.241119</x4>
			<y4>430.741091</y4>
			<x5>278.241119</x5>
			<y5>455.100803</y5>
			<x6>282.316861</x6>
			<y6>493.201928</y6>
			<x7>280.122232</x7>
			<y7>548.792083</y7>
			<x8>295.171189</x8>
			<y8>553.164323</y8>
			<x9>297.052302</x9>
			<y9>492.577306</y9>
		</polygon>
	</object>
	<object>
		<name>RID</name>
		<pose>Unspecified</pose>
		<truncated>0</truncated>
		<difficult>0</difficult>
		<occluded>0</occluded>
		<bndbox>
			<xmin>254</xmin>
			<xmax>285</xmax>
			<ymin>442</ymin>
			<ymax>580</ymax>
		</bndbox>
		<polygon>
			<x1>269.493868</x1>
			<y1>440.906251</y1>
			<x2>263.819216</x2>
			<y2>482.583629</y2>
			<x3>252.846026</x3>
			<y3>554.413567</y3>
			<x4>255.667684</x4>
			<y4>579.397902</y4>
			<x5>268.835527</x5>
			<y5>568.154933</y5>
			<x6>276.046466</x6>
			<y6>529.429233</y6>
			<x7>284.197998</x7>
			<y7>475.712899</y7>
			<x8>282.316861</x8>
			<y8>440.734816</y8>
			<x9>269.493868</x9>
			<y9>440.906251</y9>
		</polygon>
	</object>
	<object>
		<name>RCD</name>
		<pose>Unspecified</pose>
		<truncated>0</truncated>
		<difficult>0</difficult>
		<occluded>0</occluded>
		<bndbox>
			<xmin>236</xmin>
			<xmax>271</xmax>
			<ymin>434</ymin>
			<ymax>585</ymax>
		</bndbox>
		<polygon>
			<x1>247.543844</x1>
			<y1>447.156251</y1>
			<x2>244.380979</x2>
			<y2>495.075796</y2>
			<x3>234.975387</x3>
			<y3>567.530334</y3>
			<x4>240.932267</x4>
			<y4>583.770143</y4>
			<x5>250.024344</x5>
			<y5>561.284251</y5>
			<x6>259.429935</x6>
			<y6>513.814048</y6>
			<x7>269.776072</x7>
			<y7>450.728564</y7>
			<x8>258.802882</x8>
			<y8>433.239534</y8>
			<x9>247.543844</x9>
			<y9>447.156251</y9>
		</polygon>
	</object>
	<object>
		<name>RPMD</name>
		<pose>Unspecified</pose>
		<truncated>0</truncated>
		<difficult>0</difficult>
		<occluded>0</occluded>
		<bndbox>
			<xmin>216</xmin>
			<xmax>251</xmax>
			<ymin>442</ymin>
			<ymax>569</ymax>
		</bndbox>
		<polygon>
			<x1>240.305237</x1>
			<y1>520.684683</y1>
			<x2>250.024344</x2>
			<y2>441.359438</y2>
			<x3>224.417925</x3>
			<y3>440.906251</y3>
			<x4>224.942766</x4>
			<y4>490.078886</y4>
			<x5>214.91012</x5>
			<y5>562.533448</y5>
			<x6>231.84019</x6>
			<y6>567.530334</y6>
			<x7>240.305237</x7>
			<y7>520.684683</y7>
		</polygon>
	</object>
	<object>
		<name>RIU</name>
		<pose>Unspecified</pose>
		<truncated>0</truncated>
		<difficult>0</difficult>
		<occluded>0</occluded>
		<bndbox>
			<xmin>244</xmin>
			<xmax>282</xmax>
			<ymin>284</ymin>
			<ymax>408</ymax>
		</bndbox>
		<polygon>
			<x1>266.013845</x1>
			<y1>407.005977</y1>
			<x2>281.376316</x2>
			<y2>387.643104</y2>
			<x3>273.224808</x3>
			<y3>342.671296</y3>
			<x4>263.222433</x4>
			<y4>292.468751</y4>
			<x5>243.126896</x5>
			<y5>282.708902</y5>
			<x6>250.964888</x6>
			<y6>390.141547</y6>
			<x7>266.013845</x7>
			<y7>407.005977</y7>
		</polygon>
	</object>
	<object>
		<name>RMU</name>
		<pose>Unspecified</pose>
		<truncated>0</truncated>
		<difficult>0</difficult>
		<occluded>0</occluded>
		<bndbox>
			<xmin>135</xmin>
			<xmax>172</xmax>
			<ymin>282</ymin>
			<ymax>411</ymax>
		</bndbox>
		<polygon>
			<x1>161.298253</x1>
			<y1>340.797476</y1>
			<x2>156.216063</x2>
			<y2>287.781251</y2>
			<x3>158.790109</x3>
			<y3>285.831944</y3>
			<x4>136.530202</x4>
			<y4>281.459681</y4>
			<x5>134.022034</x5>
			<y5>380.772421</y5>
			<x6>139.038357</x6>
			<y6>407.005977</y6>
			<x7>158.47657</x7>
			<y7>409.504397</y7>
			<x8>170.703844</x8>
			<y8>365.781811</y8>
			<x9>161.298253</x9>
			<y9>340.797476</y9>
		</polygon>
	</object>
	<object>
		<name>LID</name>
		<pose>Unspecified</pose>
		<truncated>0</truncated>
		<difficult>0</difficult>
		<occluded>0</occluded>
		<bndbox>
			<xmin>307</xmin>
			<xmax>329</xmax>
			<ymin>439</ymin>
			<ymax>556</ymax>
		</bndbox>
		<polygon>
			<x1>324.642023</x1>
			<y1>478.863354</y1>
			<x2>319.939228</x2>
			<y2>438.26381</y2>
			<x3>307.906411</x3>
			<y3>439.343751</y3>
			<x4>308.025493</x4>
			<y4>503.223067</y4>
			<x5>306.457894</x5>
			<y5>555.065557</y5>
			<x6>328.404274</x6>
			<y6>552.567137</y6>
			<x7>324.642023</x7>
			<y7>478.863354</y7>
		</polygon>
	</object>
	<object>
		<name>LID</name>
		<pose>Unspecified</pose>
		<truncated>0</truncated>
		<difficult>0</difficult>
		<occluded>0</occluded>
		<bndbox>
			<xmin>326</xmin>
			<xmax>345</xmax>
			<ymin>441</ymin>
			<ymax>560</ymax>
		</bndbox>
		<polygon>
			<x1>326.209622</x1>
			<y1>556.314778</y1>
			<x2>344.393775</x2>
			<y2>559.43782</y2>
			<x3>340.631548</x3>
			<y3>493.853941</y3>
			<x4>341.615377</x4>
			<y4>447.156251</y4>
			<x5>326.523161</x5>
			<y5>440.137631</y5>
			<x6>324.955562</x6>
			<y6>485.109438</y6>
			<x7>326.209622</x7>
			<y7>556.314778</y7>
		</polygon>
	</object>
	<object>
		<name>LCD</name>
		<pose>Unspecified</pose>
		<truncated>0</truncated>
		<difficult>0</difficult>
		<occluded>0</occluded>
		<bndbox>
			<xmin>341</xmin>
			<xmax>363</xmax>
			<ymin>444</ymin>
			<ymax>579</ymax>
		</bndbox>
		<polygon>
			<x1>347.528973</x1>
			<y1>571.929987</y1>
			<x2>361.637384</x2>
			<y2>578.176071</y2>
			<x3>360.383277</x3>
			<y3>492.604719</y3>
			<x4>360.037719</x4>
			<y4>443.250001</y4>
			<x5>340.004495</x5>
			<y5>449.506756</y5>
			<x6>343.139692</x6>
			<y6>502.598467</y6>
			<x7>347.528973</x7>
			<y7>571.929987</y7>
		</polygon>
	</object>
	<object>
		<name>LPMD</name>
		<pose>Unspecified</pose>
		<truncated>0</truncated>
		<difficult>0</difficult>
		<occluded>0</occluded>
		<bndbox>
			<xmin>360</xmin>
			<xmax>385</xmax>
			<ymin>439</ymin>
			<ymax>585</ymax>
		</bndbox>
		<polygon>
			<x1>379.507999</x1>
			<y1>584.422155</y1>
			<x2>383.583765</x2>
			<y2>571.929987</y2>
			<x3>377.9404</x3>
			<y3>483.235617</y3>
			<x4>380.81185</x4>
			<y4>437.781251</y4>
			<x5>361.010306</x5>
			<y5>442.011451</y5>
			<x6>358.815678</x6>
			<y6>463.248145</y6>
			<x7>363.832013</x7>
			<y7>488.23248</y7>
			<x8>361.950875</x8>
			<y8>540.07497</y8>
			<x9>369.475377</x9>
			<y9>577.551472</y9>
			<x10>379.507999</x10>
			<y10>584.422155</y10>
		</polygon>
	</object>
	<object>
		<name>LPMD</name>
		<pose>Unspecified</pose>
		<truncated>0</truncated>
		<difficult>0</difficult>
		<occluded>0</occluded>
		<bndbox>
			<xmin>381</xmin>
			<xmax>410</xmax>
			<ymin>446</ymin>
			<ymax>577</ymax>
		</bndbox>
		<polygon>
			<x1>406.157176</x1>
			<y1>576.302275</y1>
			<x2>408.978834</x2>
			<y2>559.43782</y2>
			<x3>398.946212</x3>
			<y3>505.721509</y3>
			<x4>401.194015</x4>
			<y4>454.187501</y4>
			<x5>382.016166</x5>
			<y5>444.509894</y5>
			<x6>379.507999</x6>
			<y6>483.860217</y6>
			<x7>386.718962</x7>
			<y7>488.857126</y7>
			<x8>385.151364</x8>
			<y8>528.832024</y8>
			<x9>395.497476</x9>
			<y9>571.305389</y9>
			<x10>406.157176</x10>
			<y10>576.302275</y10>
		</polygon>
	</object>
	<object>
		<name>LIU</name>
		<pose>Unspecified</pose>
		<truncated>0</truncated>
		<difficult>0</difficult>
		<occluded>0</occluded>
		<bndbox>
			<xmin>318</xmin>
			<xmax>353</xmax>
			<ymin>302</ymin>
			<ymax>419</ymax>
		</bndbox>
		<polygon>
			<x1>316.80403</x1>
			<y1>402.661128</y1>
			<x2>318.685168</x2>
			<y2>411.405631</y2>
			<x3>338.436896</x3>
			<y3>418.276338</y3>
			<x4>344.393775</x4>
			<y4>373.30453</y4>
			<x5>351.918254</x5>
			<y5>305.22222</y5>
			<x6>329.658358</x6>
			<y6>300.84998</y6>
			<x7>323.387964</x7>
			<y7>355.190889</y7>
			<x8>316.80403</x8>
			<y8>402.661128</y8>
		</polygon>
	</object>
	<object>
		<name>LIU</name>
		<pose>Unspecified</pose>
		<truncated>0</truncated>
		<difficult>0</difficult>
		<occluded>0</occluded>
		<bndbox>
			<xmin>345</xmin>
			<xmax>370</xmax>
			<ymin>298</ymin>
			<ymax>422</ymax>
		</bndbox>
		<polygon>
			<x1>344.393775</x1>
			<y1>393.916601</y1>
			<x2>353.799391</x2>
			<y2>420.774757</y2>
			<x3>362.577905</x3>
			<y3>401.411907</y3>
			<x4>368.534809</x4>
			<y4>300.84998</y4>
			<x5>356.510037</x5>
			<y5>297.156251</y5>
			<x6>344.393775</x6>
			<y6>393.916601</y6>
		</polygon>
	</object>
	<object>
		<name>LCU</name>
		<pose>Unspecified</pose>
		<truncated>0</truncated>
		<difficult>0</difficult>
		<occluded>0</occluded>
		<bndbox>
			<xmin>367</xmin>
			<xmax>390</xmax>
			<ymin>298</ymin>
			<ymax>419</ymax>
		</bndbox>
		<polygon>
			<x1>387.345992</x1>
			<y1>375.178351</y1>
			<x2>385.907391</x2>
			<y2>301.062501</y2>
			<x3>383.897256</x3>
			<y3>302.099178</y3>
			<x4>371.670006</x4>
			<y4>297.102304</y4>
			<x5>365.713102</x5>
			<y5>371.430709</y5>
			<x6>366.96721</x6>
			<y6>410.156434</y6>
			<x7>380.448568</x7>
			<y7>418.276338</y7>
			<x8>388.913591</x8>
			<y8>407.657991</y8>
			<x9>387.345992</x9>
			<y9>375.178351</y9>
		</polygon>
	</object>
	<object>
		<name>LPMU</name>
		<pose>Unspecified</pose>
		<truncated>0</truncated>
		<difficult>0</difficult>
		<occluded>0</occluded>
		<bndbox>
			<xmin>402</xmin>
			<xmax>428</xmax>
			<ymin>295</ymin>
			<ymax>429</ymax>
		</bndbox>
		<polygon>
			<x1>401.45438</x1>
			<y1>400.162685</y1>
			<x2>416.816827</x2>
			<y2>427.645463</y2>
			<x3>427.162987</x3>
			<y3>411.405631</y3>
			<x4>423.087221</x4>
			<y4>369.556889</y4>
			<x5>417.443857</x5>
			<y5>293.979262</y5>
			<x6>402.761874</x6>
			<y6>296.375001</y6>
			<x7>403.649008</x7>
			<y7>362.061572</y7>
			<x8>401.45438</x8>
			<y8>400.162685</y8>
		</polygon>
	</object>
	<object>
		<name>LMU</name>
		<pose>Unspecified</pose>
		<truncated>0</truncated>
		<difficult>0</difficult>
		<occluded>0</occluded>
		<bndbox>
			<xmin>426</xmin>
			<xmax>463</xmax>
			<ymin>287</ymin>
			<ymax>412</ymax>
		</bndbox>
		<polygon>
			<x1>428.730586</x1>
			<y1>286.483969</y1>
			<x2>424.968359</x2>
			<y2>388.295141</y2>
			<x3>426.535957</x3>
			<y3>408.907212</y3>
			<x4>452.244565</x4>
			<y4>410.781033</y4>
			<x5>461.963696</x5>
			<y5>393.292002</y5>
			<x6>455.066224</x6>
			<y6>347.070974</y6>
			<x7>460.772653</x7>
			<y7>287.781251</y7>
			<x8>428.730586</x8>
			<y8>286.483969</y8>
		</polygon>
	</object>
</annotation>
