<annotation>
	<folder></folder>
	<filename>188_jpg.rf.608cd09fdf0460300040a4e357838ead.jpg</filename>
	<path>188_jpg.rf.608cd09fdf0460300040a4e357838ead.jpg</path>
	<source>
		<database>roboflow.com</database>
	</source>
	<size>
		<width>640</width>
		<height>640</height>
		<depth>3</depth>
	</size>
	<segmented>0</segmented>
	<object>
		<name>RID</name>
		<pose>Unspecified</pose>
		<truncated>0</truncated>
		<difficult>0</difficult>
		<occluded>0</occluded>
		<bndbox>
			<xmin>301</xmin>
			<xmax>321</xmax>
			<ymin>401</ymin>
			<ymax>490</ymax>
		</bndbox>
		<polygon>
			<x1>310.533636</x1>
			<y1>489.391627</y1>
			<x2>319.625713</x2>
			<y2>484.394741</y2>
			<x3>314.922917</x3>
			<y3>436.299916</y3>
			<x4>312.609988</x4>
			<y4>400.281251</y4>
			<x5>300.187499</x5>
			<y5>417.561641</y5>
			<x6>306.771409</x6>
			<y6>451.915125</y6>
			<x7>310.533636</x7>
			<y7>489.391627</y7>
		</polygon>
	</object>
	<object>
		<name>RID</name>
		<pose>Unspecified</pose>
		<truncated>0</truncated>
		<difficult>0</difficult>
		<occluded>0</occluded>
		<bndbox>
			<xmin>282</xmin>
			<xmax>307</xmax>
			<ymin>400</ymin>
			<ymax>500</ymax>
		</bndbox>
		<polygon>
			<x1>281.376316</x1>
			<y1>410.066359</y1>
			<x2>287.019657</x2>
			<y2>432.552275</y2>
			<x3>292.976536</x3>
			<y3>483.770143</y3>
			<x4>301.128044</x4>
			<y4>498.760752</y4>
			<x5>306.144379</x5>
			<y5>483.770143</y5>
			<x6>300.187499</x6>
			<y6>438.798359</y6>
			<x7>301.243011</x7>
			<y7>398.718751</y7>
			<x8>281.376316</x8>
			<y8>410.066359</y8>
		</polygon>
	</object>
	<object>
		<name>RCD</name>
		<pose>Unspecified</pose>
		<truncated>0</truncated>
		<difficult>0</difficult>
		<occluded>0</occluded>
		<bndbox>
			<xmin>270</xmin>
			<xmax>290</xmax>
			<ymin>393</ymin>
			<ymax>510</ymax>
		</bndbox>
		<polygon>
			<x1>286.079112</x1>
			<y1>439.422957</y1>
			<x2>289.092104</x2>
			<y2>394.812501</y2>
			<x3>273.224808</x3>
			<y3>391.952754</y3>
			<x4>268.835527</x4>
			<y4>413.189401</y4>
			<x5>271.343671</x5>
			<y5>421.309305</y5>
			<x6>273.538323</x6>
			<y6>472.527173</y6>
			<x7>276.046466</x7>
			<y7>509.379076</y7>
			<x8>282.6304</x8>
			<y8>496.886909</y8>
			<x9>286.079112</x9>
			<y9>439.422957</y9>
		</polygon>
	</object>
	<object>
		<name>RPMD</name>
		<pose>Unspecified</pose>
		<truncated>0</truncated>
		<difficult>0</difficult>
		<occluded>0</occluded>
		<bndbox>
			<xmin>251</xmin>
			<xmax>276</xmax>
			<ymin>378</ymin>
			<ymax>504</ymax>
		</bndbox>
		<polygon>
			<x1>274.792407</x1>
			<y1>391.328108</y1>
			<x2>257.342962</x2>
			<y2>376.843751</y2>
			<x3>251.905457</x3>
			<y3>402.571054</y3>
			<x4>250.964889</x4>
			<y4>464.407292</y4>
			<x5>250.337859</x5>
			<y5>501.883795</y5>
			<x6>260.684019</x6>
			<y6>502.508393</y6>
			<x7>264.759761</x7>
			<y7>458.161209</y7>
			<x8>269.149042</x8>
			<y8>416.312443</y8>
			<x9>274.792407</x9>
			<y9>391.328108</y9>
		</polygon>
	</object>
	<object>
		<name>RPMD</name>
		<pose>Unspecified</pose>
		<truncated>0</truncated>
		<difficult>0</difficult>
		<occluded>0</occluded>
		<bndbox>
			<xmin>226</xmin>
			<xmax>257</xmax>
			<ymin>366</ymin>
			<ymax>499</ymax>
		</bndbox>
		<polygon>
			<x1>243.126896</x1>
			<y1>463.158047</y1>
			<x2>249.083775</x2>
			<y2>416.312442</y2>
			<x3>256.294738</x3>
			<y3>382.583629</y3>
			<x4>241.559297</x4>
			<y4>365.094551</y4>
			<x5>231.081325</x5>
			<y5>376.062501</y5>
			<x6>231.526675</x6>
			<y6>406.318694</y6>
			<x7>232.467244</x7>
			<y7>437.549113</y7>
			<x8>225.569796</x8>
			<y8>478.148658</y8>
			<x9>225.256281</x9>
			<y9>492.514669</y9>
			<x10>236.229471</x10>
			<y10>497.511507</y10>
			<x11>243.126896</x11>
			<y11>463.158047</y11>
		</polygon>
	</object>
	<object>
		<name>RMD</name>
		<pose>Unspecified</pose>
		<truncated>0</truncated>
		<difficult>0</difficult>
		<occluded>0</occluded>
		<bndbox>
			<xmin>160</xmin>
			<xmax>217</xmax>
			<ymin>334</ymin>
			<ymax>459</ymax>
		</bndbox>
		<polygon>
			<x1>208.012696</x1>
			<y1>385.706671</y1>
			<x2>216.164204</x2>
			<y2>352.602384</y2>
			<x3>199.861188</x3>
			<y3>332.614959</y3>
			<x4>178.855352</x4>
			<y4>335.738001</y4>
			<x5>175.093125</x5>
			<y5>384.457401</y5>
			<x6>166.799111</x6>
			<y6>408.093751</y6>
			<x7>158.790109</x7>
			<y7>424.432347</y7>
			<x8>163.492905</x8>
			<y8>431.927628</y8>
			<x9>178.855352</x9>
			<y9>457.536609</y9>
			<x10>189.201513</x10>
			<y10>438.173712</y10>
			<x11>208.012696</x11>
			<y11>385.706671</y11>
		</polygon>
	</object>
	<object>
		<name>LID</name>
		<pose>Unspecified</pose>
		<truncated>0</truncated>
		<difficult>0</difficult>
		<occluded>0</occluded>
		<bndbox>
			<xmin>314</xmin>
			<xmax>336</xmax>
			<ymin>401</ymin>
			<ymax>499</ymax>
		</bndbox>
		<polygon>
			<x1>324.014994</x1>
			<y1>498.136154</y1>
			<x2>335.301699</x2>
			<y2>489.391627</y2>
			<x3>329.658358</x3>
			<y3>445.669041</y3>
			<x4>328.288577</x4>
			<y4>400.281251</y4>
			<x5>313.355318</x5>
			<y5>403.820276</y5>
			<x6>317.431084</x6>
			<y6>448.792083</y6>
			<x7>324.014994</x7>
			<y7>498.136154</y7>
		</polygon>
	</object>
	<object>
		<name>LID</name>
		<pose>Unspecified</pose>
		<truncated>0</truncated>
		<difficult>0</difficult>
		<occluded>0</occluded>
		<bndbox>
			<xmin>325</xmin>
			<xmax>353</xmax>
			<ymin>397</ymin>
			<ymax>497</ymax>
		</bndbox>
		<polygon>
			<x1>343.453207</x1>
			<y1>430.678431</y1>
			<x2>342.399307</x2>
			<y2>395.593751</y2>
			<x3>324.014994</x3>
			<y3>403.820276</y3>
			<x4>328.404274</x4>
			<y4>425.681544</y4>
			<x5>334.674669</x5>
			<y5>460.035005</y5>
			<x6>340.31801</x6>
			<y6>495.637711</y6>
			<x7>351.604739</x7>
			<y7>490.640825</y7>
			<x8>347.528973</x8>
			<y8>468.779532</y8>
			<x9>343.453207</x9>
			<y9>430.678431</y9>
		</polygon>
	</object>
	<object>
		<name>LCD</name>
		<pose>Unspecified</pose>
		<truncated>0</truncated>
		<difficult>0</difficult>
		<occluded>0</occluded>
		<bndbox>
			<xmin>342</xmin>
			<xmax>374</xmax>
			<ymin>385</ymin>
			<ymax>510</ymax>
		</bndbox>
		<polygon>
			<x1>364.459043</x1>
			<y1>468.779532</y1>
			<x2>361.637384</x2>
			<y2>433.801472</y2>
			<x3>361.010306</x3>
			<y3>408.192515</y3>
			<x4>357.685931</x4>
			<y4>383.875001</y4>
			<x5>340.631548</x5>
			<y5>389.454264</y5>
			<x6>344.70729</x6>
			<y6>423.807748</y6>
			<x7>351.918254</x7>
			<y7>463.158047</y7>
			<x8>366.34018</x8>
			<y8>508.754477</y8>
			<x9>372.610575</x9>
			<y9>496.262309</y9>
			<x10>364.459043</x10>
			<y10>468.779532</y10>
		</polygon>
	</object>
	<object>
		<name>LPMD</name>
		<pose>Unspecified</pose>
		<truncated>0</truncated>
		<difficult>0</difficult>
		<occluded>0</occluded>
		<bndbox>
			<xmin>358</xmin>
			<xmax>390</xmax>
			<ymin>371</ymin>
			<ymax>507</ymax>
		</bndbox>
		<polygon>
			<x1>377.31337</x1>
			<y1>491.265424</y1>
			<x2>386.718962</x2>
			<y2>505.631435</y2>
			<x3>389.227081</x3>
			<y3>490.640825</y3>
			<x4>382.016166</x4>
			<y4>451.290526</y4>
			<x5>379.82149</x5>
			<y5>402.571054</y5>
			<x6>375.716308</x6>
			<y6>369.812501</y6>
			<x7>362.264414</x7>
			<y7>372.589857</y7>
			<x8>357.248079</x8>
			<y8>394.45115</y8>
			<x9>364.772581</x9>
			<y9>411.940179</y9>
			<x10>371.042976</x10>
			<y10>450.041281</y10>
			<x11>377.31337</x11>
			<y11>491.265424</y11>
		</polygon>
	</object>
	<object>
		<name>LPMD</name>
		<pose>Unspecified</pose>
		<truncated>0</truncated>
		<difficult>0</difficult>
		<occluded>0</occluded>
		<bndbox>
			<xmin>373</xmin>
			<xmax>409</xmax>
			<ymin>361</ymin>
			<ymax>484</ymax>
		</bndbox>
		<polygon>
			<x1>408.351804</x1>
			<y1>474.401017</y1>
			<x2>402.081409</x2>
			<y2>448.167484</y2>
			<x3>396.751584</x3>
			<y3>393.201928</y3>
			<x4>398.450262</x4>
			<y4>359.656251</y4>
			<x5>382.329657</x5>
			<y5>364.469929</y5>
			<x6>372.297036</x6>
			<y6>380.709761</y6>
			<x7>378.880969</x7>
			<y7>391.952754</y7>
			<x8>386.718962</x8>
			<y8>425.056946</y8>
			<x9>398.319182</x9>
			<y9>483.145543</y9>
			<x10>408.351804</x10>
			<y10>474.401017</y10>
		</polygon>
	</object>
	<object>
		<name>LMD</name>
		<pose>Unspecified</pose>
		<truncated>0</truncated>
		<difficult>0</difficult>
		<occluded>0</occluded>
		<bndbox>
			<xmin>418</xmin>
			<xmax>485</xmax>
			<ymin>319</ymin>
			<ymax>410</ymax>
		</bndbox>
		<polygon>
			<x1>468.219983</x1>
			<y1>363.562501</y1>
			<x2>445.660632</x2>
			<y2>318.248924</y2>
			<x3>419.324994</x3>
			<y3>349.479343</y3>
			<x4>416.503336</x4>
			<y4>368.217593</y4>
			<x5>430.611723</x5>
			<y5>390.703485</y5>
			<x6>458.51496</x6>
			<y6>404.444922</y6>
			<x7>473.250377</x7>
			<y7>408.817138</y7>
			<x8>483.596537</x8>
			<y8>380.085138</y8>
			<x9>468.219983</x9>
			<y9>363.562501</y9>
		</polygon>
	</object>
</annotation>
