<annotation>
	<folder></folder>
	<filename>190_jpg.rf.de8d40dffc3414b07f261d8f229b8bae.jpg</filename>
	<path>190_jpg.rf.de8d40dffc3414b07f261d8f229b8bae.jpg</path>
	<source>
		<database>roboflow.com</database>
	</source>
	<size>
		<width>640</width>
		<height>640</height>
		<depth>3</depth>
	</size>
	<segmented>0</segmented>
	<object>
		<name>RMD</name>
		<pose>Unspecified</pose>
		<truncated>0</truncated>
		<difficult>0</difficult>
		<occluded>0</occluded>
		<bndbox>
			<xmin>136</xmin>
			<xmax>187</xmax>
			<ymin>342</ymin>
			<ymax>468</ymax>
		</bndbox>
		<polygon>
			<x1>148.847048</x1>
			<y1>367.4854</y1>
			<x2>148.337907</x2>
			<y2>389.80084</y2>
			<x3>134.591096</x3>
			<y3>441.532088</y3>
			<x4>137.645943</x4>
			<y4>447.618116</y4>
			<x5>157.502447</x5>
			<y5>408.058927</y5>
			<x6>160.048153</x6>
			<y6>423.274</y6>
			<x7>150.883612</x7>
			<y7>450.750404</y7>
			<x8>144.264778</x8>
			<y8>456.836433</y8>
			<x9>151.392754</x9>
			<y9>466.979815</y9>
			<x10>168.703552</x10>
			<y10>434.520993</y10>
			<x11>170.740117</x11>
			<y11>411.191215</y11>
			<x12>186.014351</x12>
			<y12>380.76107</y12>
			<x13>184.515331</x13>
			<y13>357.532384</y13>
			<x14>171.758399</x14>
			<y14>354.299004</y14>
			<x15>165.648705</x15>
			<y15>341.112607</y15>
			<x16>155.465883</x16>
			<y16>348.212974</y16>
			<x17>148.847048</x17>
			<y17>367.4854</y17>
		</polygon>
	</object>
	<object>
		<name>RPMD</name>
		<pose>Unspecified</pose>
		<truncated>0</truncated>
		<difficult>0</difficult>
		<occluded>0</occluded>
		<bndbox>
			<xmin>212</xmin>
			<xmax>242</xmax>
			<ymin>363</ymin>
			<ymax>487</ymax>
		</bndbox>
		<polygon>
			<x1>235.910182</x1>
			<y1>407.133862</y1>
			<x2>241.039374</x2>
			<y2>376.962974</y2>
			<x3>224.804457</x3>
			<y3>361.716858</y3>
			<x4>212.267601</x4>
			<y4>370.245451</y4>
			<x5>211.961824</x5>
			<y5>398.267971</y5>
			<x6>211.471407</x6>
			<y6>475.094521</y6>
			<x7>221.65423</x7>
			<y7>486.252241</y7>
			<x8>235.910182</x8>
			<y8>407.133862</y8>
		</polygon>
	</object>
	<object>
		<name>RPMD</name>
		<pose>Unspecified</pose>
		<truncated>0</truncated>
		<difficult>0</difficult>
		<occluded>0</occluded>
		<bndbox>
			<xmin>237</xmin>
			<xmax>262</xmax>
			<ymin>369</ymin>
			<ymax>516</ymax>
		</bndbox>
		<polygon>
			<x1>260.899174</x1>
			<y1>386.097706</y1>
			<x2>249.878168</x2>
			<y2>368.417895</y2>
			<x3>244.565581</x3>
			<y3>370.617688</y3>
			<x4>236.729759</x4>
			<y4>383.647526</y4>
			<x5>236.315892</x5>
			<y5>420.367595</y5>
			<x6>239.87988</x6>
			<y6>500.500311</y6>
			<x7>238.861598</x7>
			<y7>514.701046</y7>
			<x8>253.11755</x8>
			<y8>477.170533</y8>
			<x9>255.663255</x9>
			<y9>424.424948</y9>
			<x10>260.886139</x10>
			<y10>399.486341</y10>
			<x11>260.899174</x11>
			<y11>386.097706</y11>
		</polygon>
	</object>
	<object>
		<name>RCD</name>
		<pose>Unspecified</pose>
		<truncated>0</truncated>
		<difficult>0</difficult>
		<occluded>0</occluded>
		<bndbox>
			<xmin>257</xmin>
			<xmax>280</xmax>
			<ymin>370</ymin>
			<ymax>529</ymax>
		</bndbox>
		<polygon>
			<x1>255.787402</x1>
			<y1>472.882777</y1>
			<x2>269.025072</x2>
			<y2>527.657038</y2>
			<x3>275.643907</x3>
			<y3>460.710718</y3>
			<x4>278.698754</x4>
			<y4>411.008148</y4>
			<x5>270.596866</x5>
			<y5>368.559021</y5>
			<x6>262.406237</x6>
			<y6>373.477635</y6>
			<x7>258.842249</x7>
			<y7>387.678369</y7>
			<x8>256.805685</x8>
			<y8>419.122853</y8>
			<x9>255.787402</x9>
			<y9>472.882777</y9>
		</polygon>
	</object>
	<object>
		<name>RID</name>
		<pose>Unspecified</pose>
		<truncated>0</truncated>
		<difficult>0</difficult>
		<occluded>0</occluded>
		<bndbox>
			<xmin>276</xmin>
			<xmax>294</xmax>
			<ymin>365</ymin>
			<ymax>506</ymax>
		</bndbox>
		<polygon>
			<x1>278.698754</x1>
			<y1>419.122853</y1>
			<x2>283.790165</x2>
			<y2>498.241231</y2>
			<x3>290.409</x3>
			<y3>505.341598</y3>
			<x4>292.954705</x4>
			<y4>457.667704</y4>
			<x5>292.058748</x5>
			<y5>364.136138</y5>
			<x6>274.629461</x6>
			<y6>373.883101</y6>
			<x7>278.698754</x7>
			<y7>419.122853</y7>
		</polygon>
	</object>
	<object>
		<name>RID</name>
		<pose>Unspecified</pose>
		<truncated>0</truncated>
		<difficult>0</difficult>
		<occluded>0</occluded>
		<bndbox>
			<xmin>293</xmin>
			<xmax>309</xmax>
			<ymin>377</ymin>
			<ymax>494</ymax>
		</bndbox>
		<polygon>
			<x1>308.41661</x1>
			<y1>412.201473</y1>
			<x2>305.733434</x2>
			<y2>375.663812</y2>
			<x3>291.936423</x3>
			<y3>377.534987</y3>
			<x4>293.463847</x4>
			<y4>416.079839</y4>
			<x5>299.064399</x5>
			<y5>485.054835</y5>
			<x6>300.805241</x6>
			<y6>493.435989</y6>
			<x7>306.241933</x7>
			<y7>475.564396</y7>
			<x8>308.41661</x8>
			<y8>412.201473</y8>
		</polygon>
	</object>
	<object>
		<name>RMU</name>
		<pose>Unspecified</pose>
		<truncated>0</truncated>
		<difficult>0</difficult>
		<occluded>0</occluded>
		<bndbox>
			<xmin>309</xmin>
			<xmax>325</xmax>
			<ymin>374</ymin>
			<ymax>493</ymax>
		</bndbox>
		<polygon>
			<x1>309.232114</x1>
			<y1>414.909289</y1>
			<x2>318.746326</x2>
			<y2>491.811299</y2>
			<x3>323.911183</x3>
			<y3>455.526548</y3>
			<x4>322.552011</x4>
			<y4>413.284599</y4>
			<x5>322.581925</x5>
			<y5>375.980903</y5>
			<x6>308.41661</x6>
			<y6>373.208904</y6>
			<x7>309.232114</x7>
			<y7>414.909289</y7>
		</polygon>
	</object>
	<object>
		<name>LID</name>
		<pose>Unspecified</pose>
		<truncated>0</truncated>
		<difficult>0</difficult>
		<occluded>0</occluded>
		<bndbox>
			<xmin>325</xmin>
			<xmax>342</xmax>
			<ymin>372</ymin>
			<ymax>512</ymax>
		</bndbox>
		<polygon>
			<x1>325.814026</x1>
			<y1>416.53398</y1>
			<x2>334.512733</x2>
			<y2>509.682893</y2>
			<x3>338.318418</x3>
			<y3>510.76602</y3>
			<x4>341.308599</x4>
			<y4>446.861533</y4>
			<x5>340.493095</x5>
			<y5>370.501087</y5>
			<x6>323.911183</x6>
			<y6>375.375158</y6>
			<x7>325.814026</x7>
			<y7>416.53398</y7>
		</polygon>
	</object>
	<object>
		<name>LID</name>
		<pose>Unspecified</pose>
		<truncated>0</truncated>
		<difficult>0</difficult>
		<occluded>0</occluded>
		<bndbox>
			<xmin>343</xmin>
			<xmax>365</xmax>
			<ymin>368</ymin>
			<ymax>527</ymax>
		</bndbox>
		<polygon>
			<x1>345.386118</x1>
			<y1>374.292031</y1>
			<x2>342.124103</x2>
			<y2>382.415482</y2>
			<x3>344.29878</x3>
			<y3>442.529026</y3>
			<x4>348.648133</x4>
			<y4>450.652477</y4>
			<x5>354.628495</x5>
			<y5>526.47136</y5>
			<x6>363.599037</x6>
			<y6>491.811299</y6>
			<x7>363.599037</x7>
			<y7>424.657431</y7>
			<x8>357.926289</x8>
			<y8>368.936191</y8>
			<x9>352.181983</x9>
			<y9>366.710142</y9>
			<x10>345.386118</x10>
			<y10>374.292031</y10>
		</polygon>
	</object>
	<object>
		<name>LCD</name>
		<pose>Unspecified</pose>
		<truncated>0</truncated>
		<difficult>0</difficult>
		<occluded>0</occluded>
		<bndbox>
			<xmin>360</xmin>
			<xmax>386</xmax>
			<ymin>370</ymin>
			<ymax>514</ymax>
		</bndbox>
		<polygon>
			<x1>380.764186</x1>
			<y1>369.478093</y1>
			<x2>370.123068</x2>
			<y2>368.876396</y2>
			<x3>361.152526</x3>
			<y3>386.74799</y3>
			<x4>358.977849</x4>
			<y4>399.745513</y4>
			<x5>364.95821</x5>
			<y5>417.617107</y5>
			<x6>377.190768</x6>
			<y6>488.561918</y6>
			<x7>385.345806</x7>
			<y7>512.932274</y7>
			<x8>384.530303</x8>
			<y8>471.773451</y8>
			<x9>384.258468</x9>
			<y9>398.662386</y9>
			<x10>383.442964</x10>
			<y10>377.541412</y10>
			<x11>380.764186</x11>
			<y11>369.478093</y11>
		</polygon>
	</object>
	<object>
		<name>LPMD</name>
		<pose>Unspecified</pose>
		<truncated>0</truncated>
		<difficult>0</difficult>
		<occluded>0</occluded>
		<bndbox>
			<xmin>380</xmin>
			<xmax>414</xmax>
			<ymin>361</ymin>
			<ymax>493</ymax>
		</bndbox>
		<polygon>
			<x1>403.058323</x1>
			<y1>362.433381</y1>
			<x2>389.69516</x2>
			<y2>359.669818</y2>
			<x3>379.63728</x3>
			<y3>377.541412</y3>
			<x4>379.09361</x4>
			<y4>388.372681</y4>
			<x5>388.064153</x5>
			<y5>410.035219</y5>
			<x6>406.277072</x6>
			<y6>488.020355</y6>
			<x7>411.713764</x7>
			<y7>492.352863</y7>
			<x8>413.344772</x8>
			<y8>483.146284</y8>
			<x9>406.820741</x9>
			<y9>397.037696</y9>
			<x10>406.548906</x10>
			<y10>369.959523</y10>
			<x11>403.058323</x11>
			<y11>362.433381</y11>
		</polygon>
	</object>
	<object>
		<name>RMD</name>
		<pose>Unspecified</pose>
		<truncated>0</truncated>
		<difficult>0</difficult>
		<occluded>0</occluded>
		<bndbox>
			<xmin>443</xmin>
			<xmax>490</xmax>
			<ymin>332</ymin>
			<ymax>454</ymax>
		</bndbox>
		<polygon>
			<x1>463.112789</x1>
			<y1>451.157597</y1>
			<x2>474.258008</x2>
			<y2>453.323851</y2>
			<x3>474.801678</x3>
			<y3>439.243201</y3>
			<x4>462.840954</x4>
			<y4>405.666267</y4>
			<x5>464.200127</x5>
			<y5>387.794673</y5>
			<x6>480.782039</x6>
			<y6>433.827566</y6>
			<x7>489.480747</x7>
			<y7>440.326328</y7>
			<x8>488.393408</x8>
			<y8>421.371607</y8>
			<x9>479.694701</x9>
			<y9>378.046531</y9>
			<x10>478.063693</x10>
			<y10>353.134613</y10>
			<x11>475.345347</x11>
			<y11>338.512399</y11>
			<x12>465.559301</x12>
			<y12>330.930511</y12>
			<x13>458.793666</x13>
			<y13>342.383048</y13>
			<x14>448.161885</x14>
			<y14>337.429273</y14>
			<x15>442.181524</x15>
			<y15>346.635851</y15>
			<x16>442.725193</x16>
			<y16>367.215262</y16>
			<x17>463.112789</x17>
			<y17>451.157597</y17>
		</polygon>
	</object>
	<object>
		<name>RMD</name>
		<pose>Unspecified</pose>
		<truncated>0</truncated>
		<difficult>0</difficult>
		<occluded>0</occluded>
		<bndbox>
			<xmin>481</xmin>
			<xmax>516</xmax>
			<ymin>324</ymin>
			<ymax>430</ymax>
		</bndbox>
		<polygon>
			<x1>498.451289</x1>
			<y1>332.013638</y1>
			<x2>497.128707</x2>
			<y2>325.042219</y2>
			<x3>490.568085</x3>
			<y3>332.013638</y3>
			<x4>485.131393</x4>
			<y4>329.847384</y4>
			<x5>480.510204</x5>
			<y5>338.512399</y5>
			<x6>479.694701</x6>
			<y6>358.550247</y6>
			<x7>482.956716</x7>
			<y7>375.338714</y7>
			<x8>484.044054</x8>
			<y8>402.416886</y8>
			<x9>489.752581</x9>
			<y9>420.830044</y9>
			<x10>493.830101</x10>
			<y10>429.495059</y10>
			<x11>499.810462</x11>
			<y11>428.411932</y11>
			<x12>497.90762</x12>
			<y12>416.497536</y12>
			<x13>499.266793</x13>
			<y13>404.58314</y13>
			<x14>503.887981</x14>
			<y14>403.500013</y14>
			<x15>509.324674</x15>
			<y15>416.497536</y15>
			<x16>512.586689</x16>
			<y16>420.830044</y16>
			<x17>514.761366</x17>
			<y17>407.832521</y17>
			<x18>511.227516</x18>
			<y18>367.756826</y18>
			<x19>515.305035</x19>
			<y19>349.343669</y19>
			<x20>510.683847</x20>
			<y20>329.847384</y20>
			<x21>505.518989</x21>
			<y21>323.348623</y21>
			<x22>498.451289</x22>
			<y22>332.013638</y22>
		</polygon>
	</object>
	<object>
		<name>LMU</name>
		<pose>Unspecified</pose>
		<truncated>0</truncated>
		<difficult>0</difficult>
		<occluded>0</occluded>
		<bndbox>
			<xmin>466</xmin>
			<xmax>507</xmax>
			<ymin>137</ymin>
			<ymax>241</ymax>
		</bndbox>
		<polygon>
			<x1>502.269395</x1>
			<y1>215.960549</y1>
			<x2>505.787964</x2>
			<y2>209.451373</y2>
			<x3>504.782659</x3>
			<y3>189.923845</y3>
			<x4>498.750825</x4>
			<y4>175.904081</y4>
			<x5>489.954402</x5>
			<y5>167.892788</y5>
			<x6>479.901347</x6>
			<y6>136.348319</y6>
			<x7>473.398272</x7>
			<y7>136.385196</y7>
			<x8>467.586354</x8>
			<y8>146.863142</y8>
			<x9>465.324417</x9>
			<y9>179.409022</y9>
			<x10>473.618187</x10>
			<y10>202.441491</y10>
			<x11>484.927874</x11>
			<y11>235.988784</y11>
			<x12>493.221645</x12>
			<y12>239.99443</y12>
			<x13>500.007457</x13>
			<y13>235.488078</y13>
			<x14>502.269395</x14>
			<y14>215.960549</y14>
		</polygon>
	</object>
	<object>
		<name>LMU</name>
		<pose>Unspecified</pose>
		<truncated>0</truncated>
		<difficult>0</difficult>
		<occluded>0</occluded>
		<bndbox>
			<xmin>457</xmin>
			<xmax>488</xmax>
			<ymin>186</ymin>
			<ymax>308</ymax>
		</bndbox>
		<polygon>
			<x1>472.864208</x1>
			<y1>307.089014</y1>
			<x2>476.382777</x2>
			<y2>296.073486</y2>
			<x3>479.901347</x3>
			<y3>295.072074</y3>
			<x4>484.927874</x4>
			<y4>284.056545</y4>
			<x5>486.687159</x5>
			<y5>268.033958</y5>
			<x6>478.393388</x6>
			<y6>235.988784</y6>
			<x7>477.639409</x7>
			<y7>214.959137</y7>
			<x8>466.832375</x8>
			<y8>184.916787</y8>
			<x9>461.83534</x9>
			<y9>187.489015</y9>
			<x10>456.02534</x10>
			<y10>208.950668</y10>
			<x11>456.77932</x11>
			<y11>244.500783</y11>
			<x12>455.522688</x12>
			<y12>274.543134</y12>
			<x13>456.77932</x13>
			<y13>296.574191</y13>
			<x14>468.089007</x14>
			<y14>306.087603</y14>
			<x15>472.864208</x15>
			<y15>307.089014</y15>
		</polygon>
	</object>
	<object>
		<name>LMU</name>
		<pose>Unspecified</pose>
		<truncated>0</truncated>
		<difficult>0</difficult>
		<occluded>0</occluded>
		<bndbox>
			<xmin>424</xmin>
			<xmax>457</xmax>
			<ymin>199</ymin>
			<ymax>329</ymax>
		</bndbox>
		<polygon>
			<x1>428.379438</x1>
			<y1>321.609484</y1>
			<x2>436.673209</x2>
			<y2>328.11866</y2>
			<x3>443.710347</x3>
			<y3>319.606661</y3>
			<x4>450.49616</x4>
			<y4>324.113013</y4>
			<x5>455.774014</x5>
			<y5>309.592544</y5>
			<x6>456.02534</x6>
			<y6>299.077721</y6>
			<x7>453.009424</x7>
			<y7>289.564309</y7>
			<x8>453.26075</x8>
			<y8>278.048075</y8>
			<x9>435.441691</x9>
			<y9>197.509372</y9>
			<x10>428.128112</x10>
			<y10>207.44855</y10>
			<x11>426.87148</x11>
			<y11>241.997254</y11>
			<x12>427.625459</x12>
			<y12>260.022664</y12>
			<x13>424.10689</x13>
			<y13>281.553016</y13>
			<x14>422.850258</x14>
			<y14>304.585485</y14>
			<x15>428.379438</x15>
			<y15>321.609484</y15>
		</polygon>
	</object>
	<object>
		<name>RMD</name>
		<pose>Unspecified</pose>
		<truncated>0</truncated>
		<difficult>0</difficult>
		<occluded>0</occluded>
		<bndbox>
			<xmin>110</xmin>
			<xmax>155</xmax>
			<ymin>319</ymin>
			<ymax>428</ymax>
		</bndbox>
		<polygon>
			<x1>129.385399</x1>
			<y1>323.320727</y1>
			<x2>125.104521</x2>
			<y2>317.838061</y2>
			<x3>118.392254</x3>
			<y3>322.848646</y3>
			<x4>112.567666</x4>
			<y4>330.63095</y4>
			<x5>110.733004</x5>
			<y5>347.078951</y5>
			<x6>109.509896</x6>
			<y6>366.572879</y6>
			<x7>109.204119</x7>
			<y7>383.630065</y7>
			<x8>115.625435</x8>
			<y8>392.767843</y8>
			<x9>121.129421</x9>
			<y9>392.158658</y9>
			<x10>122.658305</x10>
			<y10>408.606659</y10>
			<x11>121.129421</x11>
			<y11>420.181179</y11>
			<x12>123.881413</x12>
			<y12>427.491401</y12>
			<x13>129.385399</x13>
			<y13>427.491401</y13>
			<x14>133.972054</x14>
			<y14>417.744438</y14>
			<x15>136.418269</x15>
			<y15>405.560733</y15>
			<x16>142.839586</x16>
			<y16>381.193324</y16>
			<x17>149.872456</x17>
			<y17>367.791249</y17>
			<x18>153.54178</x18>
			<y18>348.906507</y18>
			<x19>149.260902</x19>
			<y19>336.722803</y19>
			<x20>143.145363</x20>
			<y20>331.849321</y20>
			<x21>137.641377</x21>
			<y21>327.585024</y21>
			<x22>133.666277</x22>
			<y22>320.274801</y22>
			<x23>129.385399</x23>
			<y23>323.320727</y23>
		</polygon>
	</object>
	<object>
		<name>RMU</name>
		<pose>Unspecified</pose>
		<truncated>0</truncated>
		<difficult>0</difficult>
		<occluded>0</occluded>
		<bndbox>
			<xmin>123</xmin>
			<xmax>165</xmax>
			<ymin>190</ymin>
			<ymax>301</ymax>
		</bndbox>
		<polygon>
			<x1>130.627664</x1>
			<y1>277.254357</y1>
			<x2>139.108904</x2>
			<y2>297.530492</y2>
			<x3>144.480356</x3>
			<y3>300.346622</y3>
			<x4>151.548056</x4>
			<y4>290.771781</y4>
			<x5>155.22326</x5>
			<y5>274.438227</y5>
			<x6>158.898464</x6>
			<y6>251.909188</y6>
			<x7>162.29096</x7>
			<y7>223.184662</y7>
			<x8>164.269916</x8>
			<y8>205.161431</y8>
			<x9>157.202216</x9>
			<y9>193.333685</y9>
			<x10>149.5691</x10>
			<y10>188.827877</y10>
			<x11>137.412656</x11>
			<y11>197.276267</y11>
			<x12>134.02016</x12>
			<y12>220.368532</y12>
			<x13>124.12538</x13>
			<y13>243.460798</y13>
			<x14>122.146424</x14>
			<y14>260.920803</y14>
			<x15>122.994548</x15>
			<y15>276.691131</y15>
			<x16>130.627664</x16>
			<y16>277.254357</y16>
		</polygon>
	</object>
	<object>
		<name>RMU</name>
		<pose>Unspecified</pose>
		<truncated>0</truncated>
		<difficult>0</difficult>
		<occluded>0</occluded>
		<bndbox>
			<xmin>154</xmin>
			<xmax>187</xmax>
			<ymin>188</ymin>
			<ymax>317</ymax>
		</bndbox>
		<polygon>
			<x1>153.244304</x1>
			<y1>298.093718</y1>
			<x2>159.46388</x2>
			<y2>312.737594</y2>
			<x3>163.421792</x3>
			<y3>308.795012</y3>
			<x4>169.075952</x4>
			<y4>315.553724</y4>
			<x5>179.25344</x5>
			<y5>313.30082</y5>
			<x6>185.190308</x6>
			<y6>301.473074</y6>
			<x7>186.038432</x7>
			<y7>276.691131</y7>
			<x8>183.776768</x8>
			<y8>243.460798</y8>
			<x9>183.211352</x9>
			<y9>207.414334</y9>
			<x10>178.122608</x10>
			<y10>187.138199</y10>
			<x11>168.793244</x11>
			<y11>198.402719</y11>
			<x12>162.573668</x12>
			<y12>214.173046</y12>
			<x13>160.594712</x13>
			<y13>234.449182</y13>
			<x14>156.354092</x14>
			<y14>263.736933</y14>
			<x15>152.678888</x15>
			<y15>285.139521</y15>
			<x16>153.244304</x16>
			<y16>298.093718</y16>
		</polygon>
	</object>
	<object>
		<name>RMU</name>
		<pose>Unspecified</pose>
		<truncated>0</truncated>
		<difficult>0</difficult>
		<occluded>0</occluded>
		<bndbox>
			<xmin>185</xmin>
			<xmax>226</xmax>
			<ymin>202</ymin>
			<ymax>329</ymax>
		</bndbox>
		<polygon>
			<x1>200.758153</x1>
			<y1>321.145626</y1>
			<x2>210.652933</x2>
			<y2>326.777885</y2>
			<x3>217.437925</x3>
			<y3>317.203044</y3>
			<x4>224.788333</x4>
			<y4>308.191427</y4>
			<x5>221.113129</x5>
			<y5>276.650773</y5>
			<x6>216.307093</x6>
			<y6>244.546891</y6>
			<x7>214.893553</x7>
			<y7>215.822366</y7>
			<x8>207.543145</x8>
			<y8>201.178491</y8>
			<x9>192.005708</x9>
			<y9>212.526253</y9>
			<x10>188.319001</x10>
			<y10>255.248185</y10>
			<x11>184.361089</x11>
			<y11>282.846258</y11>
			<x12>184.643797</x12>
			<y12>303.122394</y12>
			<x13>186.622753</x13>
			<y13>318.329496</y13>
			<x14>192.559621</x14>
			<y14>327.904337</y14>
			<x15>200.758153</x15>
			<y15>321.145626</y15>
		</polygon>
	</object>
	<object>
		<name>RPMU</name>
		<pose>Unspecified</pose>
		<truncated>0</truncated>
		<difficult>0</difficult>
		<occluded>0</occluded>
		<bndbox>
			<xmin>217</xmin>
			<xmax>250</xmax>
			<ymin>199</ymin>
			<ymax>333</ymax>
		</bndbox>
		<polygon>
			<x1>218.568757</x1>
			<y1>327.904337</y1>
			<x2>221.961253</x2>
			<y2>325.651433</y2>
			<x3>226.201873</x3>
			<y3>331.846919</y3>
			<x4>233.834989</x4>
			<y4>325.651433</y4>
			<x5>238.641025</x5>
			<y5>325.651433</y5>
			<x6>243.447061</x6>
			<y6>316.639818</y6>
			<x7>248.818513</x7>
			<y7>293.547552</y7>
			<x8>245.143309</x8>
			<y8>232.719146</y8>
			<x9>241.468105</x9>
			<y9>205.684298</y9>
			<x10>233.269573</x10>
			<y10>198.362361</y10>
			<x11>223.940209</x11>
			<y11>205.684298</y11>
			<x12>220.547713</x12>
			<y12>244.546891</y12>
			<x13>219.699589</x13>
			<y13>281.156581</y13>
			<x14>216.872509</x14>
			<y14>301.432716</y14>
			<x15>216.307093</x15>
			<y15>318.329496</y15>
			<x16>218.568757</x16>
			<y16>327.904337</y16>
		</polygon>
	</object>
	<object>
		<name>RPMU</name>
		<pose>Unspecified</pose>
		<truncated>0</truncated>
		<difficult>0</difficult>
		<occluded>0</occluded>
		<bndbox>
			<xmin>239</xmin>
			<xmax>272</xmax>
			<ymin>185</ymin>
			<ymax>340</ymax>
		</bndbox>
		<polygon>
			<x1>240.054565</x1>
			<y1>333.536597</y1>
			<x2>246.839557</x2>
			<y2>337.479179</y2>
			<x3>251.080177</x3>
			<y3>338.605631</y3>
			<x4>256.451629</x4>
			<y4>324.524981</y4>
			<x5>259.844125</x5>
			<y5>326.777885</y5>
			<x6>266.063701</x6>
			<y6>329.594015</y6>
			<x7>270.021613</x7>
			<y7>307.064976</y7>
			<x8>271.152445</x8>
			<y8>289.60497</y8>
			<x9>268.890781</x9>
			<y9>271.018513</y9>
			<x10>264.367453</x10>
			<y10>235.535276</y10>
			<x11>261.257665</x11>
			<y11>189.913971</y11>
			<x12>255.886213</x12>
			<y12>183.718485</y12>
			<x13>245.708725</x13>
			<y13>198.925587</y13>
			<x14>244.012477</x14>
			<y14>251.305603</y14>
			<x15>239.206441</x15>
			<y15>298.05336</y15>
			<x16>238.075609</x16>
			<y16>322.272077</y16>
			<x17>240.054565</x17>
			<y17>333.536597</y17>
		</polygon>
	</object>
	<object>
		<name>RCU</name>
		<pose>Unspecified</pose>
		<truncated>0</truncated>
		<difficult>0</difficult>
		<occluded>0</occluded>
		<bndbox>
			<xmin>258</xmin>
			<xmax>282</xmax>
			<ymin>191</ymin>
			<ymax>353</ymax>
		</bndbox>
		<polygon>
			<x1>263.5427</x1>
			<y1>194.491792</y1>
			<x2>257.299753</x2>
			<y2>311.570784</y2>
			<x3>256.734337</x3>
			<y3>327.904337</y3>
			<x4>259.561417</x4>
			<y4>339.732083</y4>
			<x5>264.932869</x5>
			<y5>345.927569</y5>
			<x6>272.000569</x6>
			<y6>351.559829</y6>
			<x7>280.764517</x7>
			<y7>329.594015</y7>
			<x8>281.047225</x8>
			<y8>262.570123</y8>
			<x9>278.502853</x9>
			<y9>213.006236</y9>
			<x10>273.696817</x10>
			<y10>190.477197</y10>
			<x11>263.5427</x11>
			<y11>194.491792</y11>
		</polygon>
	</object>
	<object>
		<name>RIU</name>
		<pose>Unspecified</pose>
		<truncated>0</truncated>
		<difficult>0</difficult>
		<occluded>0</occluded>
		<bndbox>
			<xmin>279</xmin>
			<xmax>298</xmax>
			<ymin>188</ymin>
			<ymax>353</ymax>
		</bndbox>
		<polygon>
			<x1>278.220145</x1>
			<y1>305.938524</y1>
			<x2>279.633685</x2>
			<y2>334.099823</y2>
			<x3>287.549509</x3>
			<y3>351.559829</y3>
			<x4>295.748041</x4>
			<y4>345.927569</y4>
			<x5>297.444289</x5>
			<y5>303.122394</y5>
			<x6>294.334501</x6>
			<y6>224.833982</y6>
			<x7>292.072837</x7>
			<y7>186.534615</y7>
			<x8>284.183809</x8>
			<y8>204.636176</y8>
			<x9>279.350977</x9>
			<y9>247.926247</y9>
			<x10>278.220145</x10>
			<y10>305.938524</y10>
		</polygon>
	</object>
	<object>
		<name>RIU</name>
		<pose>Unspecified</pose>
		<truncated>0</truncated>
		<difficult>0</difficult>
		<occluded>0</occluded>
		<bndbox>
			<xmin>297</xmin>
			<xmax>320</xmax>
			<ymin>198</ymin>
			<ymax>362</ymax>
		</bndbox>
		<polygon>
			<x1>300.271369</x1>
			<y1>202.304943</y1>
			<x2>296.596165</x2>
			<y2>320.019173</y2>
			<x3>295.748041</x3>
			<y3>348.180472</y3>
			<x4>298.575121</x4>
			<y4>358.318541</y4>
			<x5>318.930097</x5>
			<y5>360.571444</y5>
			<x6>319.212805</x6>
			<y6>354.939184</y6>
			<x7>319.212805</x7>
			<y7>314.386914</y7>
			<x8>316.385725</x8>
			<y8>292.4211</y8>
			<x9>311.014273</x9>
			<y9>200.052039</y9>
			<x10>304.229281</x10>
			<y10>196.672683</y10>
			<x11>300.271369</x11>
			<y11>202.304943</y11>
		</polygon>
	</object>
	<object>
		<name>LIU</name>
		<pose>Unspecified</pose>
		<truncated>0</truncated>
		<difficult>0</difficult>
		<occluded>0</occluded>
		<bndbox>
			<xmin>320</xmin>
			<xmax>345</xmax>
			<ymin>196</ymin>
			<ymax>364</ymax>
		</bndbox>
		<polygon>
			<x1>343.242985</x1>
			<y1>304.812072</y1>
			<x2>339.567781</x2>
			<y2>275.524321</y2>
			<x3>337.306117</x3>
			<y3>201.178491</y3>
			<x4>330.803833</x4>
			<y4>194.983004</y4>
			<x5>324.335006</x5>
			<y5>211.399099</y5>
			<x6>320.909053</x6>
			<y6>287.352066</y6>
			<x7>319.495513</x7>
			<y7>344.801117</y7>
			<x8>319.778221</x8>
			<y8>360.008218</y8>
			<x9>327.976753</x9>
			<y9>363.387574</y9>
			<x10>340.698613</x10>
			<y10>361.134671</y10>
			<x11>343.808401</x11>
			<y11>352.123054</y11>
			<x12>344.091109</x12>
			<y12>336.352727</y12>
			<x13>343.242985</x13>
			<y13>304.812072</y13>
		</polygon>
	</object>
	<object>
		<name>LIU</name>
		<pose>Unspecified</pose>
		<truncated>0</truncated>
		<difficult>0</difficult>
		<occluded>0</occluded>
		<bndbox>
			<xmin>343</xmin>
			<xmax>362</xmax>
			<ymin>201</ymin>
			<ymax>346</ymax>
		</bndbox>
		<polygon>
			<x1>359.922757</x1>
			<y1>225.960434</y1>
			<x2>355.116721</x2>
			<y2>200.052039</y2>
			<x3>346.955399</x3>
			<y3>212.526253</y3>
			<x4>344.939233</x4>
			<y4>301.432716</y4>
			<x5>342.112153</x5>
			<y5>319.455947</y5>
			<x6>343.242985</x6>
			<y6>337.479179</y6>
			<x7>346.352773</x7>
			<y7>344.801117</y7>
			<x8>353.703181</x8>
			<y8>344.801117</y8>
			<x9>358.509217</x9>
			<y9>340.858535</y9>
			<x10>360.770881</x10>
			<y10>323.398529</y10>
			<x11>358.791925</x11>
			<y11>298.616586</y11>
			<x12>359.922757</x12>
			<y12>225.960434</y12>
		</polygon>
	</object>
	<object>
		<name>LCU</name>
		<pose>Unspecified</pose>
		<truncated>0</truncated>
		<difficult>0</difficult>
		<occluded>0</occluded>
		<bndbox>
			<xmin>360</xmin>
			<xmax>386</xmax>
			<ymin>180</ymin>
			<ymax>345</ymax>
		</bndbox>
		<polygon>
			<x1>378.298777</x1>
			<y1>343.111439</y1>
			<x2>385.366477</x2>
			<y2>320.582399</y2>
			<x3>383.670229</x3>
			<y3>273.271417</y3>
			<x4>383.104813</x4>
			<y4>209.62688</y4>
			<x5>381.125857</x5>
			<y5>184.844937</y5>
			<x6>378.298777</x6>
			<y6>178.649451</y6>
			<x7>373.53436</x7>
			<y7>184.910984</y7>
			<x8>365.576917</x8>
			<y8>217.512044</y8>
			<x9>364.446085</x9>
			<y9>258.064315</y9>
			<x10>360.205465</x10>
			<y10>295.23723</y10>
			<x11>358.509217</x11>
			<y11>312.134009</y11>
			<x12>362.467129</x12>
			<y12>332.410145</y12>
			<x13>370.665661</x13>
			<y13>344.237891</y13>
			<x14>378.298777</x14>
			<y14>343.111439</y14>
		</polygon>
	</object>
	<object>
		<name>LPMU</name>
		<pose>Unspecified</pose>
		<truncated>0</truncated>
		<difficult>0</difficult>
		<occluded>0</occluded>
		<bndbox>
			<xmin>376</xmin>
			<xmax>407</xmax>
			<ymin>179</ymin>
			<ymax>335</ymax>
		</bndbox>
		<polygon>
			<x1>392.716885</x1>
			<y1>332.410145</y1>
			<x2>396.392089</x2>
			<y2>334.099823</y2>
			<x3>399.501877</x3>
			<y3>331.846919</y3>
			<x4>402.894373</x4>
			<y4>325.651433</y4>
			<x5>406.004161</x5>
			<y5>307.064976</y5>
			<x6>404.873329</x6>
			<y6>277.777224</y6>
			<x7>400.067293</x7>
			<y7>198.925587</y7>
			<x8>397.240213</x8>
			<y8>177.522999</y8>
			<x9>387.106596</x9>
			<y9>184.910984</y9>
			<x10>379.429609</x10>
			<y10>268.765609</y10>
			<x11>374.623573</x11>
			<y11>287.915292</y11>
			<x12>375.754405</x12>
			<y12>318.329496</y12>
			<x13>380.277733</x13>
			<y13>326.777885</y13>
			<x14>386.214601</x14>
			<y14>322.835303</y14>
			<x15>392.716885</x15>
			<y15>332.410145</y15>
		</polygon>
	</object>
	<object>
		<name>LPMU</name>
		<pose>Unspecified</pose>
		<truncated>0</truncated>
		<difficult>0</difficult>
		<occluded>0</occluded>
		<bndbox>
			<xmin>398</xmin>
			<xmax>427</xmax>
			<ymin>184</ymin>
			<ymax>330</ymax>
		</bndbox>
		<polygon>
			<x1>426.359137</x1>
			<y1>295.800456</y1>
			<x2>422.118517</x2>
			<y2>271.018513</y2>
			<x3>420.704977</x3>
			<y3>204.557846</y3>
			<x4>416.464357</x4>
			<y4>182.592033</y4>
			<x5>406.286869</x5>
			<y5>185.971389</y5>
			<x6>400.350001</x6>
			<y6>239.477857</y6>
			<x7>396.674797</x7>
			<y7>285.662388</y7>
			<x8>398.088337</x8>
			<y8>314.950139</y8>
			<x9>403.459789</x9>
			<y9>320.019173</y9>
			<x10>410.527489</x10>
			<y10>329.030789</y10>
			<x11>420.704977</x11>
			<y11>326.777885</y11>
			<x12>425.511013</x12>
			<y12>318.892721</y12>
			<x13>426.359137</x13>
			<y13>295.800456</y13>
		</polygon>
	</object>
	<metadata>
		<tags>
			<tag>teeth</tag>
		</tags>
	</metadata>
</annotation>
