<annotation>
	<folder></folder>
	<filename>193_jpg.rf.578cb495078e6c7a006e5054e6eaceb7.jpg</filename>
	<path>193_jpg.rf.578cb495078e6c7a006e5054e6eaceb7.jpg</path>
	<source>
		<database>roboflow.com</database>
	</source>
	<size>
		<width>640</width>
		<height>640</height>
		<depth>3</depth>
	</size>
	<segmented>0</segmented>
	<object>
		<name>RIU</name>
		<pose>Unspecified</pose>
		<truncated>0</truncated>
		<difficult>0</difficult>
		<occluded>0</occluded>
		<bndbox>
			<xmin>289</xmin>
			<xmax>319</xmax>
			<ymin>304</ymin>
			<ymax>413</ymax>
		</bndbox>
		<polygon>
			<x1>297.506377</x1>
			<y1>411.852418</y1>
			<x2>317.644958</x2>
			<y2>405.427864</y2>
			<x3>311.721844</x3>
			<y3>356.886876</y3>
			<x4>311.569568</x4>
			<y4>302.535715</y4>
			<x5>294.742239</x5>
			<y5>304.062884</y5>
			<x6>287.63452</x6>
			<y6>379.015875</y6>
			<x7>297.506377</x7>
			<y7>411.852418</y7>
		</polygon>
	</object>
	<object>
		<name>RIU</name>
		<pose>Unspecified</pose>
		<truncated>0</truncated>
		<difficult>0</difficult>
		<occluded>0</occluded>
		<bndbox>
			<xmin>254</xmin>
			<xmax>298</xmax>
			<ymin>234</ymin>
			<ymax>356</ymax>
		</bndbox>
		<polygon>
			<x1>288.424256</x1>
			<y1>282.647739</y1>
			<x2>277.367765</x2>
			<y2>232.679043</y2>
			<x3>253.315943</x3>
			<y3>240.928572</y3>
			<x4>262.362561</x4>
			<y4>308.345888</y4>
			<x5>269.470279</x5>
			<y5>355.459194</y5>
			<x6>296.71661</x6>
			<y6>350.462363</y6>
			<x7>288.424256</x7>
			<y7>282.647739</y7>
		</polygon>
	</object>
	<object>
		<name>RCD</name>
		<pose>Unspecified</pose>
		<truncated>0</truncated>
		<difficult>0</difficult>
		<occluded>0</occluded>
		<bndbox>
			<xmin>249</xmin>
			<xmax>276</xmax>
			<ymin>282</ymin>
			<ymax>411</ymax>
		</bndbox>
		<polygon>
			<x1>252.095836</x1>
			<y1>409.710909</y1>
			<x2>275.393393</x2>
			<y2>407.569401</y2>
			<x3>268.285675</x3>
			<y3>340.468604</y3>
			<x4>259.993321</x4>
			<y4>281.220044</y4>
			<x5>247.88552</x5>
			<y5>313.250001</y5>
			<x6>252.095836</x6>
			<y6>409.710909</y6>
		</polygon>
	</object>
	<object>
		<name>RCD</name>
		<pose>Unspecified</pose>
		<truncated>0</truncated>
		<difficult>0</difficult>
		<occluded>0</occluded>
		<bndbox>
			<xmin>223</xmin>
			<xmax>252</xmax>
			<ymin>212</ymin>
			<ymax>311</ymax>
		</bndbox>
		<polygon>
			<x1>224.18913</x1>
			<y1>214.142858</y1>
			<x2>222.085367</x2>
			<y2>266.229441</y2>
			<x3>221.690499</x3>
			<y3>287.644585</y3>
			<x4>235.511098</x4>
			<y4>310.487397</y4>
			<x5>250.911201</x5>
			<y5>290.499934</y5>
			<x6>246.962458</x6>
			<y6>242.672774</y6>
			<x7>246.962458</x7>
			<y7>211.263898</y7>
			<x8>224.059738</x8>
			<y8>214.119248</y8>
			<x9>224.18913</x9>
			<y9>214.142858</y9>
		</polygon>
	</object>
	<object>
		<name>RPMU</name>
		<pose>Unspecified</pose>
		<truncated>0</truncated>
		<difficult>0</difficult>
		<occluded>0</occluded>
		<bndbox>
			<xmin>223</xmin>
			<xmax>249</xmax>
			<ymin>310</ymin>
			<ymax>401</ymax>
		</bndbox>
		<polygon>
			<x1>247.752195</x1>
			<y1>369.735957</y1>
			<x2>246.962458</x2>
			<y2>309.059729</y2>
			<x3>235.54365</x3>
			<y3>321.285715</y3>
			<x4>222.085367</x4>
			<y4>376.160511</y4>
			<x5>223.270002</x5>
			<y5>390.437274</y5>
			<x6>243.408584</x6>
			<y6>399.717164</y6>
			<x7>247.752195</x7>
			<y7>369.735957</y7>
		</polygon>
	</object>
	<object>
		<name>RPMU</name>
		<pose>Unspecified</pose>
		<truncated>0</truncated>
		<difficult>0</difficult>
		<occluded>0</occluded>
		<bndbox>
			<xmin>201</xmin>
			<xmax>233</xmax>
			<ymin>287</ymin>
			<ymax>369</ymax>
		</bndbox>
		<polygon>
			<x1>199.999065</x1>
			<y1>298.964286</y1>
			<x2>201.551917</x2>
			<y2>367.594448</y2>
			<x3>232.352122</x3>
			<y3>355.459194</y3>
			<x4>226.03411</x4>
			<y4>286.21693</y4>
			<x5>199.999065</x5>
			<y5>298.964286</y5>
		</polygon>
	</object>
	<object>
		<name>RPMU</name>
		<pose>Unspecified</pose>
		<truncated>0</truncated>
		<difficult>0</difficult>
		<occluded>0</occluded>
		<bndbox>
			<xmin>169</xmin>
			<xmax>207</xmax>
			<ymin>308</ymin>
			<ymax>379</ymax>
		</bndbox>
		<polygon>
			<x1>178.771049</x1>
			<y1>307.000001</y1>
			<x2>167.987604</x2>
			<y2>351.176176</y2>
			<x3>201.551917</x3>
			<y3>377.588193</y3>
			<x4>205.895528</x4>
			<y4>321.908838</y4>
			<x5>178.771049</x5>
			<y5>307.000001</y5>
		</polygon>
	</object>
	<object>
		<name>RMU</name>
		<pose>Unspecified</pose>
		<truncated>0</truncated>
		<difficult>0</difficult>
		<occluded>0</occluded>
		<bndbox>
			<xmin>135</xmin>
			<xmax>186</xmax>
			<ymin>241</ymin>
			<ymax>358</ymax>
		</bndbox>
		<polygon>
			<x1>176.279957</x1>
			<y1>332.616409</y1>
			<x2>185.362078</x2>
			<y2>246.955832</y2>
			<x3>160.505082</x3>
			<y3>240.035715</y3>
			<x4>133.633554</x4>
			<y4>306.918206</y4>
			<x5>136.792531</x5>
			<y5>342.610113</y5>
			<x6>163.249125</x6>
			<y6>356.886876</y6>
			<x7>176.279957</x7>
			<y7>332.616409</y7>
		</polygon>
	</object>
	<object>
		<name>RMU</name>
		<pose>Unspecified</pose>
		<truncated>0</truncated>
		<difficult>0</difficult>
		<occluded>0</occluded>
		<bndbox>
			<xmin>118</xmin>
			<xmax>164</xmax>
			<ymin>196</ymin>
			<ymax>284</ymax>
		</bndbox>
		<polygon>
			<x1>117.048817</x1>
			<y1>233.690494</y1>
			<x2>131.264285</x2>
			<y2>282.945336</y2>
			<x3>152.587501</x3>
			<y3>265.81321</y3>
			<x4>163.249125</x4>
			<y4>246.539588</y4>
			<x5>142.73279</x5>
			<y5>194.500001</y5>
			<x6>117.048817</x6>
			<y6>233.690494</y6>
		</polygon>
	</object>
	<object>
		<name>LIU</name>
		<pose>Unspecified</pose>
		<truncated>0</truncated>
		<difficult>0</difficult>
		<occluded>0</occluded>
		<bndbox>
			<xmin>321</xmin>
			<xmax>355</xmax>
			<ymin>306</ymin>
			<ymax>419</ymax>
		</bndbox>
		<polygon>
			<x1>321.609764</x1>
			<y1>372.025166</y1>
			<x2>319.635393</x2>
			<y2>409.144754</y2>
			<x3>351.620203</x3>
			<y3>417.710817</y3>
			<x4>353.594574</x4>
			<y4>335.619432</y4>
			<x5>333.291259</x5>
			<y5>305.214286</y5>
			<x6>321.609764</x6>
			<y6>372.025166</y6>
		</polygon>
	</object>
	<object>
		<name>LIU</name>
		<pose>Unspecified</pose>
		<truncated>0</truncated>
		<difficult>0</difficult>
		<occluded>0</occluded>
		<bndbox>
			<xmin>359</xmin>
			<xmax>383</xmax>
			<ymin>321</ymin>
			<ymax>407</ymax>
		</bndbox>
		<polygon>
			<x1>360.307425</x1>
			<y1>405.575564</y1>
			<x2>381.630641</x2>
			<y2>399.864864</y2>
			<x3>379.65627</x3>
			<y3>378.44972</y3>
			<x4>377.72199</x4>
			<y4>319.500001</y4>
			<x5>365.045934</x5>
			<y5>323.484178</y5>
			<x6>358.333053</x6>
			<y6>367.028294</y6>
			<x7>360.307425</x7>
			<y7>405.575564</y7>
		</polygon>
	</object>
	<object>
		<name>LCU</name>
		<pose>Unspecified</pose>
		<truncated>0</truncated>
		<difficult>0</difficult>
		<occluded>0</occluded>
		<bndbox>
			<xmin>382</xmin>
			<xmax>409</xmax>
			<ymin>299</ymin>
			<ymax>402</ymax>
		</bndbox>
		<polygon>
			<x1>400.979486</x1>
			<y1>340.616304</y1>
			<x2>397.82048</x2>
			<y2>298.499843</y2>
			<x3>380.684039</x3>
			<y3>304.321429</y3>
			<x4>382.815276</x4>
			<y4>388.443437</y4>
			<x5>401.769223</x5>
			<y5>400.578691</y5>
			<x6>407.692337</x6>
			<y6>388.443437</y6>
			<x7>400.979486</x7>
			<y7>340.616304</y7>
		</polygon>
	</object>
	<object>
		<name>LPMU</name>
		<pose>Unspecified</pose>
		<truncated>0</truncated>
		<difficult>0</difficult>
		<occluded>0</occluded>
		<bndbox>
			<xmin>396</xmin>
			<xmax>428</xmax>
			<ymin>273</ymin>
			<ymax>389</ymax>
		</bndbox>
		<polygon>
			<x1>413.266575</x1>
			<y1>272.178572</y1>
			<x2>395.45124</x2>
			<y2>327.767196</y2>
			<x3>410.456475</x3>
			<y3>388.443437</y3>
			<x4>426.646314</x4>
			<y4>374.166675</y4>
			<x5>427.43605</x5>
			<y5>323.484178</y5>
			<x6>413.266575</x6>
			<y6>272.178572</y6>
		</polygon>
	</object>
	<object>
		<name>LPMU</name>
		<pose>Unspecified</pose>
		<truncated>0</truncated>
		<difficult>0</difficult>
		<occluded>0</occluded>
		<bndbox>
			<xmin>413</xmin>
			<xmax>456</xmax>
			<ymin>233</ymin>
			<ymax>378</ymax>
		</bndbox>
		<polygon>
			<x1>423.09244</x1>
			<y1>358.462257</y1>
			<x2>434.543799</x2>
			<y2>377.022038</y2>
			<x3>455.077249</x3>
			<y3>348.468512</y3>
			<x4>449.070175</x4>
			<y4>285.603494</y4>
			<x5>440.861782</x5>
			<y5>264.235604</y5>
			<x6>418.748828</x6>
			<y6>232.112901</y6>
			<x7>411.64108</x7>
			<y7>267.090968</y7>
			<x8>423.09244</x8>
			<y8>358.462257</y8>
		</polygon>
	</object>
	<object>
		<name>LMU</name>
		<pose>Unspecified</pose>
		<truncated>0</truncated>
		<difficult>0</difficult>
		<occluded>0</occluded>
		<bndbox>
			<xmin>437</xmin>
			<xmax>487</xmax>
			<ymin>231</ymin>
			<ymax>351</ymax>
		</bndbox>
		<polygon>
			<x1>468.108112</x1>
			<y1>273.515508</y1>
			<x2>463.127729</x2>
			<y2>230.214286</y2>
			<x3>435.728434</x3>
			<y3>234.968251</y3>
			<x4>445.995159</x4>
			<y4>277.798539</y4>
			<x5>449.549034</x5>
			<y5>333.477923</y5>
			<x6>459.025992</x6>
			<y6>349.896194</y6>
			<x7>479.559472</x7>
			<y7>337.760941</y7>
			<x8>486.272323</x8>
			<y8>307.779733</y8>
			<x9>468.108112</x9>
			<y9>273.515508</y9>
		</polygon>
	</object>
	<object>
		<name>LMU</name>
		<pose>Unspecified</pose>
		<truncated>0</truncated>
		<difficult>0</difficult>
		<occluded>0</occluded>
		<bndbox>
			<xmin>459</xmin>
			<xmax>502</xmax>
			<ymin>201</ymin>
			<ymax>280</ymax>
		</bndbox>
		<polygon>
			<x1>478.925323</x1>
			<y1>199.857144</y1>
			<x2>457.841387</x2>
			<y2>216.408457</y2>
			<x3>466.923477</x3>
			<y3>272.801694</y3>
			<x4>483.903113</x4>
			<y4>278.512367</y4>
			<x5>501.277557</x5>
			<y5>239.96511</y5>
			<x6>478.925323</x6>
			<y6>199.857144</y6>
		</polygon>
	</object>
	<object>
		<name>RID</name>
		<pose>Unspecified</pose>
		<truncated>0</truncated>
		<difficult>0</difficult>
		<occluded>0</occluded>
		<bndbox>
			<xmin>279</xmin>
			<xmax>311</xmax>
			<ymin>424</ymin>
			<ymax>522</ymax>
		</bndbox>
		<polygon>
			<x1>309.853491</x1>
			<y1>521.147974</y1>
			<x2>305.151796</x2>
			<y2>431.107144</y2>
			<x3>277.868651</x3>
			<y3>422.638316</y3>
			<x4>279.843023</x4>
			<y4>506.871211</y4>
			<x5>309.853491</x5>
			<y5>521.147974</y5>
		</polygon>
	</object>
	<object>
		<name>RID</name>
		<pose>Unspecified</pose>
		<truncated>0</truncated>
		<difficult>0</difficult>
		<occluded>0</occluded>
		<bndbox>
			<xmin>255</xmin>
			<xmax>278</xmax>
			<ymin>419</ymin>
			<ymax>488</ymax>
		</bndbox>
		<polygon>
			<x1>276.289178</x1>
			<y1>486.883749</y1>
			<x2>276.518658</x2>
			<y2>426.642858</y2>
			<x3>253.781327</x3>
			<y3>418.355312</y3>
			<x4>254.571094</x4>
			<y4>476.176176</y4>
			<x5>276.289178</x5>
			<y5>486.883749</y5>
		</polygon>
	</object>
	<object>
		<name>RCD</name>
		<pose>Unspecified</pose>
		<truncated>0</truncated>
		<difficult>0</difficult>
		<occluded>0</occluded>
		<bndbox>
			<xmin>200</xmin>
			<xmax>255</xmax>
			<ymin>404</ymin>
			<ymax>545</ymax>
		</bndbox>
		<polygon>
			<x1>244.785229</x1>
			<y1>485.912621</y1>
			<x2>254.262217</x2>
			<y2>424.522497</y2>
			<x3>231.594252</x3>
			<y3>402.535715</y3>
			<x4>213.590185</x4>
			<y4>468.780439</y4>
			<x5>199.374688</x5>
			<y5>538.022744</y5>
			<x6>218.723533</x6>
			<y6>544.447299</y6>
			<x7>244.785229</x7>
			<y7>485.912621</y7>
		</polygon>
	</object>
	<object>
		<name>RPMD</name>
		<pose>Unspecified</pose>
		<truncated>0</truncated>
		<difficult>0</difficult>
		<occluded>0</occluded>
		<bndbox>
			<xmin>166</xmin>
			<xmax>236</xmax>
			<ymin>382</ymin>
			<ymax>540</ymax>
		</bndbox>
		<polygon>
			<x1>202.533694</x1>
			<y1>515.179919</y1>
			<x2>234.913372</x2>
			<y2>399.538162</y2>
			<x3>202.961114</x3>
			<y3>381.107144</y3>
			<x4>189.107962</x4>
			<y4>408.818052</y4>
			<x5>165.020638</x5>
			<y5>481.629548</y5>
			<x6>180.815609</x6>
			<y6>539.450481</y6>
			<x7>202.533694</x7>
			<y7>515.179919</y7>
		</polygon>
	</object>
	<object>
		<name>RPMD</name>
		<pose>Unspecified</pose>
		<truncated>0</truncated>
		<difficult>0</difficult>
		<occluded>0</occluded>
		<bndbox>
			<xmin>126</xmin>
			<xmax>202</xmax>
			<ymin>355</ymin>
			<ymax>503</ymax>
		</bndbox>
		<polygon>
			<x1>200.986415</x1>
			<y1>384.678572</y1>
			<x2>156.333416</x2>
			<y2>353.85251</y2>
			<x3>125.138343</x3>
			<y3>459.500549</y3>
			<x4>142.512817</x4>
			<y4>501.617011</y4>
			<x5>176.866866</x5>
			<y5>448.792977</y5>
			<x6>200.986415</x6>
			<y6>384.678572</y6>
		</polygon>
	</object>
	<object>
		<name>RMD</name>
		<pose>Unspecified</pose>
		<truncated>0</truncated>
		<difficult>0</difficult>
		<occluded>0</occluded>
		<bndbox>
			<xmin>92</xmin>
			<xmax>148</xmax>
			<ymin>359</ymin>
			<ymax>457</ymax>
		</bndbox>
		<polygon>
			<x1>125.928079</x1>
			<y1>452.362168</y1>
			<x2>146.856427</x2>
			<y2>393.827435</y2>
			<x3>115.266486</x3>
			<y3>358.135528</y3>
			<x4>91.390611</x4>
			<y4>405.214286</y4>
			<x5>92.363766</x5>
			<y5>412.387243</y5>
			<x6>110.527977</x6>
			<y6>455.931359</y6>
			<x7>125.928079</x7>
			<y7>452.362168</y7>
		</polygon>
	</object>
	<object>
		<name>RMD</name>
		<pose>Unspecified</pose>
		<truncated>0</truncated>
		<difficult>0</difficult>
		<occluded>0</occluded>
		<bndbox>
			<xmin>76</xmin>
			<xmax>119</xmax>
			<ymin>318</ymin>
			<ymax>396</ymax>
		</bndbox>
		<polygon>
			<x1>104.209994</x1>
			<y1>317.446789</y1>
			<x2>74.605668</x2>
			<y2>323.071429</y2>
			<x3>95.522757</x3>
			<y3>394.541289</y3>
			<x4>118.030594</x4>
			<y4>348.141797</y4>
			<x5>104.209994</x5>
			<y5>317.446789</y5>
		</polygon>
	</object>
	<object>
		<name>LID</name>
		<pose>Unspecified</pose>
		<truncated>0</truncated>
		<difficult>0</difficult>
		<occluded>0</occluded>
		<bndbox>
			<xmin>307</xmin>
			<xmax>336</xmax>
			<ymin>428</ymin>
			<ymax>520</ymax>
		</bndbox>
		<polygon>
			<x1>334.839193</x1>
			<y1>503.758574</y1>
			<x2>323.417763</x2>
			<y2>430.214286</y2>
			<x3>306.01336</x3>
			<y3>426.664006</y3>
			<x4>312.331372</x4>
			<y4>518.749109</y4>
			<x5>334.839193</x5>
			<y5>503.758574</y5>
		</polygon>
	</object>
	<object>
		<name>LID</name>
		<pose>Unspecified</pose>
		<truncated>0</truncated>
		<difficult>0</difficult>
		<occluded>0</occluded>
		<bndbox>
			<xmin>324</xmin>
			<xmax>375</xmax>
			<ymin>437</ymin>
			<ymax>536</ymax>
		</bndbox>
		<polygon>
			<x1>357.347015</x1>
			<y1>535.167408</y1>
			<x2>373.536884</x2>
			<y2>525.173718</y2>
			<x3>353.79317</x3>
			<y3>475.205048</y3>
			<x4>342.67108</x4>
			<y4>436.464286</y4>
			<x5>322.598097</x5>
			<y5>443.796105</y5>
			<x6>336.813565</x6>
			<y6>500.903156</y6>
			<x7>357.347015</x7>
			<y7>535.167408</y7>
		</polygon>
	</object>
	<object>
		<name>LCD</name>
		<pose>Unspecified</pose>
		<truncated>0</truncated>
		<difficult>0</difficult>
		<occluded>0</occluded>
		<bndbox>
			<xmin>344</xmin>
			<xmax>381</xmax>
			<ymin>432</ymin>
			<ymax>524</ymax>
		</bndbox>
		<polygon>
			<x1>379.854866</x1>
			<y1>510.183074</y1>
			<x2>363.899096</x2>
			<y2>432.892858</y2>
			<x3>342.736679</x3>
			<y3>430.947024</y3>
			<x4>373.141986</x4>
			<y4>523.032154</y4>
			<x5>379.854866</x5>
			<y5>510.183074</y5>
		</polygon>
	</object>
	<object>
		<name>LPMD</name>
		<pose>Unspecified</pose>
		<truncated>0</truncated>
		<difficult>0</difficult>
		<occluded>0</occluded>
		<bndbox>
			<xmin>367</xmin>
			<xmax>422</xmax>
			<ymin>421</ymin>
			<ymax>581</ymax>
		</bndbox>
		<polygon>
			<x1>366.034267</x1>
			<y1>431.660878</y1>
			<x2>380.644603</x2>
			<y2>514.466146</y2>
			<x3>402.757556</x3>
			<y3>580.139206</y3>
			<x4>420.526898</x4>
			<y4>557.296434</y4>
			<x5>409.075568</x5>
			<y5>498.761647</y5>
			<x6>395.649837</x6>
			<y6>457.35904</y6>
			<x7>386.608137</x7>
			<y7>420.392858</y7>
			<x8>366.034267</x8>
			<y8>431.660878</y8>
		</polygon>
	</object>
	<object>
		<name>LPMD</name>
		<pose>Unspecified</pose>
		<truncated>0</truncated>
		<difficult>0</difficult>
		<occluded>0</occluded>
		<bndbox>
			<xmin>388</xmin>
			<xmax>430</xmax>
			<ymin>405</ymin>
			<ymax>525</ymax>
		</bndbox>
		<polygon>
			<x1>394.465202</x1>
			<y1>403.82118</y1>
			<x2>386.567717</x2>
			<y2>433.088533</y2>
			<x3>397.22934</x3>
			<y3>459.500549</y3>
			<x4>416.578155</x4>
			<y4>523.745982</y4>
			<x5>428.819282</x5>
			<y5>515.179919</y5>
			<x6>422.106401</x6>
			<y6>468.066613</y6>
			<x7>411.291876</x7>
			<y7>410.571429</y7>
			<x8>394.465202</x8>
			<y8>403.82118</y8>
		</polygon>
	</object>
	<object>
		<name>LPMD</name>
		<pose>Unspecified</pose>
		<truncated>0</truncated>
		<difficult>0</difficult>
		<occluded>0</occluded>
		<bndbox>
			<xmin>413</xmin>
			<xmax>457</xmax>
			<ymin>389</ymin>
			<ymax>507</ymax>
		</bndbox>
		<polygon>
			<x1>424.475641</x1>
			<y1>389.544417</y1>
			<x2>412.234544</x2>
			<y2>407.390371</y2>
			<x3>423.291036</x3>
			<y3>453.076023</y3>
			<x4>436.716767</x4>
			<y4>505.900028</y4>
			<x5>456.065582</x5>
			<y5>493.051002</y5>
			<x6>443.824486</x6>
			<y6>441.654596</y6>
			<x7>435.481941</x7>
			<y7>388.250001</y7>
			<x8>424.475641</x8>
			<y8>389.544417</y8>
		</polygon>
	</object>
	<object>
		<name>LMD</name>
		<pose>Unspecified</pose>
		<truncated>0</truncated>
		<difficult>0</difficult>
		<occluded>0</occluded>
		<bndbox>
			<xmin>436</xmin>
			<xmax>497</xmax>
			<ymin>355</ymin>
			<ymax>486</ymax>
		</bndbox>
		<polygon>
			<x1>469.096445</x1>
			<y1>353.85251</y1>
			<x2>435.137264</x2>
			<y2>376.695336</y2>
			<x3>440.270611</x3>
			<y3>406.676543</y3>
			<x4>473.045188</x4>
			<y4>485.198739</y4>
			<x5>496.342776</x5>
			<y5>455.217531</y5>
			<x6>477.783667</x6>
			<y6>408.104197</y6>
			<x7>471.026526</x7>
			<y7>355.214286</y7>
			<x8>469.096445</x8>
			<y8>353.85251</y8>
		</polygon>
	</object>
	<object>
		<name>LMD</name>
		<pose>Unspecified</pose>
		<truncated>0</truncated>
		<difficult>0</difficult>
		<occluded>0</occluded>
		<bndbox>
			<xmin>477</xmin>
			<xmax>527</xmax>
			<ymin>361</ymin>
			<ymax>457</ymax>
		</bndbox>
		<polygon>
			<x1>490.81456</x1>
			<y1>441.654596</y1>
			<x2>497.527411</x2>
			<y2>455.931359</y2>
			<x3>525.563448</x3>
			<y3>422.380961</y3>
			<x4>509.768477</x4>
			<y4>360.277064</y4>
			<x5>476.456949</x5>
			<y5>381.107144</y5>
			<x6>490.81456</x6>
			<y6>441.654596</y6>
		</polygon>
	</object>
</annotation>
