<annotation>
	<folder></folder>
	<filename>194_jpg.rf.d2c580533ae563bb568cfb331df6ecfc.jpg</filename>
	<path>194_jpg.rf.d2c580533ae563bb568cfb331df6ecfc.jpg</path>
	<source>
		<database>roboflow.com</database>
	</source>
	<size>
		<width>640</width>
		<height>640</height>
		<depth>3</depth>
	</size>
	<segmented>0</segmented>
	<object>
		<name>RIU</name>
		<pose>Unspecified</pose>
		<truncated>0</truncated>
		<difficult>0</difficult>
		<occluded>0</occluded>
		<bndbox>
			<xmin>299</xmin>
			<xmax>322</xmax>
			<ymin>283</ymin>
			<ymax>410</ymax>
		</bndbox>
		<polygon>
			<x1>320.739845</x1>
			<y1>281.569126</y1>
			<x2>299.24135</x2>
			<y2>284.424503</y2>
			<x3>297.808111</x3>
			<y3>349.383749</y3>
			<x4>298.88302</x4>
			<y4>407.918481</y4>
			<x5>316.798433</x5>
			<y5>409.346163</y5>
			<x6>319.66491</x6>
			<y6>378.651101</y6>
			<x7>319.620556</x7>
			<y7>292.714286</y7>
			<x8>320.739845</x8>
			<y8>281.569126</y8>
		</polygon>
	</object>
	<object>
		<name>RIU</name>
		<pose>Unspecified</pose>
		<truncated>0</truncated>
		<difficult>0</difficult>
		<occluded>0</occluded>
		<bndbox>
			<xmin>276</xmin>
			<xmax>299</xmax>
			<ymin>274</ymin>
			<ymax>416</ymax>
		</bndbox>
		<polygon>
			<x1>274.518075</x1>
			<y1>393.641719</y1>
			<x2>287.77547</x2>
			<y2>415.056863</y2>
			<x3>296.374873</x3>
			<y3>400.7801</y3>
			<x4>297.808111</x4>
			<y4>328.682445</y4>
			<x5>297.808111</x5>
			<y5>277.999934</y5>
			<x6>276.616426</x6>
			<y6>273.071429</y6>
			<x7>277.026222</x7>
			<y7>340.817686</y7>
			<x8>274.518075</x8>
			<y8>393.641719</y8>
		</polygon>
	</object>
	<object>
		<name>RCU</name>
		<pose>Unspecified</pose>
		<truncated>0</truncated>
		<difficult>0</difficult>
		<occluded>0</occluded>
		<bndbox>
			<xmin>247</xmin>
			<xmax>278</xmax>
			<ymin>259</ymin>
			<ymax>403</ymax>
		</bndbox>
		<polygon>
			<x1>276.667919</x1>
			<y1>380.792638</y1>
			<x2>273.084837</x2>
			<y2>258.012472</y2>
			<x3>245.707208</x3>
			<y3>265.035715</y3>
			<x4>247.286653</x4>
			<y4>377.937274</y4>
			<x5>253.01958</x5>
			<y5>402.207782</y5>
			<x6>273.443139</x6>
			<y6>399.352418</y6>
			<x7>276.667919</x7>
			<y7>380.792638</y7>
		</polygon>
	</object>
	<object>
		<name>RPMU</name>
		<pose>Unspecified</pose>
		<truncated>0</truncated>
		<difficult>0</difficult>
		<occluded>0</occluded>
		<bndbox>
			<xmin>199</xmin>
			<xmax>234</xmax>
			<ymin>276</ymin>
			<ymax>388</ymax>
		</bndbox>
		<polygon>
			<x1>198.198406</x1>
			<y1>360.091321</y1>
			<x2>205.364571</x2>
			<y2>381.506465</y2>
			<x3>230.087846</x3>
			<y3>386.503337</y3>
			<x4>233.312626</x4>
			<y4>354.380621</y4>
			<x5>228.654608</x5>
			<y5>277.286121</y5>
			<x6>200.91124</x6>
			<y6>274.857144</y6>
			<x7>200.34825</x7>
			<y7>334.393172</y7>
			<x8>198.198406</x8>
			<y8>360.091321</y8>
		</polygon>
	</object>
	<object>
		<name>RMU</name>
		<pose>Unspecified</pose>
		<truncated>0</truncated>
		<difficult>0</difficult>
		<occluded>0</occluded>
		<bndbox>
			<xmin>164</xmin>
			<xmax>203</xmax>
			<ymin>255</ymin>
			<ymax>370</ymax>
		</bndbox>
		<polygon>
			<x1>163.084213</x1>
			<y1>343.673049</y1>
			<x2>178.133149</x2>
			<y2>368.657384</y2>
			<x3>199.989947</x3>
			<y3>361.519002</y3>
			<x4>197.4818</x4>
			<y4>309.408838</y4>
			<x5>201.781488</x5>
			<y5>271.575394</y5>
			<x6>172.24182</x6>
			<y6>254.321429</y6>
			<x7>170.966984</x7>
			<y7>310.836492</y7>
			<x8>163.084213</x8>
			<y8>343.673049</y8>
		</polygon>
	</object>
	<object>
		<name>LIU</name>
		<pose>Unspecified</pose>
		<truncated>0</truncated>
		<difficult>0</difficult>
		<occluded>0</occluded>
		<bndbox>
			<xmin>320</xmin>
			<xmax>346</xmax>
			<ymin>286</ymin>
			<ymax>421</ymax>
		</bndbox>
		<polygon>
			<x1>344.258338</x1>
			<y1>293.607144</y1>
			<x2>319.492438</x2>
			<y2>285.138316</y2>
			<x3>319.850768</x3>
			<y3>404.349291</y3>
			<x4>336.691245</x4>
			<y4>420.053735</y4>
			<x5>344.574015</x5>
			<y5>394.355546</y5>
			<x6>344.258338</x6>
			<y6>293.607144</y6>
		</polygon>
	</object>
	<object>
		<name>LIU</name>
		<pose>Unspecified</pose>
		<truncated>0</truncated>
		<difficult>0</difficult>
		<occluded>0</occluded>
		<bndbox>
			<xmin>343</xmin>
			<xmax>368</xmax>
			<ymin>299</ymin>
			<ymax>416</ymax>
		</bndbox>
		<polygon>
			<x1>364.416524</x1>
			<y1>298.071429</y1>
			<x2>343.499107</x2>
			<y2>298.701265</y2>
			<x3>342.065868</x3>
			<y3>398.638591</y3>
			<x4>351.740181</x4>
			<y4>415.056863</y4>
			<x5>367.147446</x5>
			<y5>400.7801</y5>
			<x6>364.416524</x6>
			<y6>298.071429</y6>
		</polygon>
	</object>
	<object>
		<name>LCU</name>
		<pose>Unspecified</pose>
		<truncated>0</truncated>
		<difficult>0</difficult>
		<occluded>0</occluded>
		<bndbox>
			<xmin>366</xmin>
			<xmax>391</xmax>
			<ymin>294</ymin>
			<ymax>410</ymax>
		</bndbox>
		<polygon>
			<x1>382.196382</x1>
			<y1>408.632309</y1>
			<x2>390.07918</x2>
			<y2>385.075656</y2>
			<x3>385.779464</x3>
			<y3>362.232829</y3>
			<x4>385.918589</x4>
			<y4>293.607144</y4>
			<x5>365.355905</x5>
			<y5>292.990538</y5>
			<x6>366.789143</x6>
			<y6>398.638591</y6>
			<x7>382.196382</x7>
			<y7>408.632309</y7>
		</polygon>
	</object>
	<object>
		<name>LPMU</name>
		<pose>Unspecified</pose>
		<truncated>0</truncated>
		<difficult>0</difficult>
		<occluded>0</occluded>
		<bndbox>
			<xmin>387</xmin>
			<xmax>414</xmax>
			<ymin>293</ymin>
			<ymax>399</ymax>
		</bndbox>
		<polygon>
			<x1>386.8544</x1>
			<y1>291.562884</y1>
			<x2>385.779464</x2>
			<y2>360.091321</y2>
			<x3>391.512419</x3>
			<y3>391.50021</y3>
			<x4>402.261639</x4>
			<y4>397.924737</y4>
			<x5>410.86107</x5>
			<y5>380.792638</y5>
			<x6>411.577675</x6>
			<y6>351.525258</y6>
			<x7>413.24413</x7>
			<y7>298.071429</y7>
			<x8>386.8544</x8>
			<y8>291.562884</y8>
		</polygon>
	</object>
	<object>
		<name>LPMU</name>
		<pose>Unspecified</pose>
		<truncated>0</truncated>
		<difficult>0</difficult>
		<occluded>0</occluded>
		<bndbox>
			<xmin>411</xmin>
			<xmax>446</xmax>
			<ymin>283</ymin>
			<ymax>385</ymax>
		</bndbox>
		<polygon>
			<x1>418.027235</x1>
			<y1>384.361828</y1>
			<x2>441.317271</x2>
			<y2>377.937274</y2>
			<x3>439.52573</x3>
			<y3>350.811431</y3>
			<x4>444.601308</x4>
			<y4>295.392858</y4>
			<x5>420.893712</x5>
			<y5>281.569126</y5>
			<x6>409.786134</x6>
			<y6>366.515875</y6>
			<x7>418.027235</x7>
			<y7>384.361828</y7>
		</polygon>
	</object>
	<object>
		<name>LMU</name>
		<pose>Unspecified</pose>
		<truncated>0</truncated>
		<difficult>0</difficult>
		<occluded>0</occluded>
		<bndbox>
			<xmin>441</xmin>
			<xmax>470</xmax>
			<ymin>282</ymin>
			<ymax>380</ymax>
		</bndbox>
		<polygon>
			<x1>439.884006</x1>
			<y1>379.364956</y1>
			<x2>468.548666</x2>
			<y2>352.952939</y2>
			<x3>465.682244</x3>
			<y3>319.402541</y3>
			<x4>467.447252</x4>
			<y4>281.107144</y4>
			<x5>445.258629</x5>
			<y5>284.424503</y5>
			<x6>439.52573</x6>
			<y6>346.528385</y6>
			<x7>439.884006</x7>
			<y7>379.364956</y7>
		</polygon>
	</object>
	<object>
		<name>LMU</name>
		<pose>Unspecified</pose>
		<truncated>0</truncated>
		<difficult>0</difficult>
		<occluded>0</occluded>
		<bndbox>
			<xmin>468</xmin>
			<xmax>497</xmax>
			<ymin>275</ymin>
			<ymax>355</ymax>
		</bndbox>
		<polygon>
			<x1>492.532994</x1>
			<y1>273.964286</y1>
			<x2>468.906996</x2>
			<y2>277.286121</y2>
			<x3>467.473785</x3>
			<y3>323.6856</y3>
			<x4>471.773473</x4>
			<y4>353.666766</y4>
			<x5>496.496721</x5>
			<y5>339.390017</y5>
			<x6>492.532994</x6>
			<y6>273.964286</y6>
		</polygon>
	</object>
	<object>
		<name>RID</name>
		<pose>Unspecified</pose>
		<truncated>0</truncated>
		<difficult>0</difficult>
		<occluded>0</occluded>
		<bndbox>
			<xmin>301</xmin>
			<xmax>318</xmax>
			<ymin>427</ymin>
			<ymax>520</ymax>
		</bndbox>
		<polygon>
			<x1>316.984291</x1>
			<y1>518.478354</y1>
			<x2>315.588919</x2>
			<y2>425.750001</y2>
			<x3>299.785484</x3>
			<y3>435.673141</y3>
			<x4>303.726896</x4>
			<y4>519.192208</y4>
			<x5>316.984291</x5>
			<y5>518.478354</y5>
		</polygon>
	</object>
	<object>
		<name>RID</name>
		<pose>Unspecified</pose>
		<truncated>0</truncated>
		<difficult>0</difficult>
		<occluded>0</occluded>
		<bndbox>
			<xmin>281</xmin>
			<xmax>302</xmax>
			<ymin>421</ymin>
			<ymax>527</ymax>
		</bndbox>
		<polygon>
			<x1>296.560731</x1>
			<y1>476.361934</y1>
			<x2>300.502116</x2>
			<y2>423.537887</y2>
			<x3>282.439902</x3>
			<y3>420.392858</y3>
			<x4>283.303309</x4>
			<y4>467.795843</y4>
			<x5>279.720227</x5>
			<y5>525.616735</y5>
			<x6>294.052557</x6>
			<y6>525.616735</y6>
			<x7>296.560731</x7>
			<y7>476.361934</y7>
		</polygon>
	</object>
	<object>
		<name>RCD</name>
		<pose>Unspecified</pose>
		<truncated>0</truncated>
		<difficult>0</difficult>
		<occluded>0</occluded>
		<bndbox>
			<xmin>255</xmin>
			<xmax>285</xmax>
			<ymin>412</ymin>
			<ymax>531</ymax>
		</bndbox>
		<polygon>
			<x1>284.019942</x1>
			<y1>455.660603</y1>
			<x2>280.43686</x2>
			<y2>410.688806</y2>
			<x3>264.521515</x3>
			<y3>415.928572</y3>
			<x4>257.146823</x4>
			<y4>478.503416</y4>
			<x5>254.280346</x5>
			<y5>527.758244</y5>
			<x6>279.003621</x6>
			<y6>529.899781</y6>
			<x7>284.019942</x7>
			<y7>455.660603</y7>
		</polygon>
	</object>
	<object>
		<name>RPMD</name>
		<pose>Unspecified</pose>
		<truncated>0</truncated>
		<difficult>0</difficult>
		<occluded>0</occluded>
		<bndbox>
			<xmin>231</xmin>
			<xmax>266</xmax>
			<ymin>402</ymin>
			<ymax>529</ymax>
		</bndbox>
		<polygon>
			<x1>229.915374</x1>
			<y1>518.478354</y1>
			<x2>248.905722</x2>
			<y2>527.758244</y2>
			<x3>254.638649</x3>
			<y3>495.635528</y3>
			<x4>265.029594</x4>
			<y4>415.685692</y4>
			<x5>256.788493</x5>
			<y5>404.978119</y5>
			<x6>244.363329</x6>
			<y6>400.750001</y6>
			<x7>239.23141</x7>
			<y7>452.805253</y7>
			<x8>229.915374</x8>
			<y8>518.478354</y8>
		</polygon>
	</object>
	<object>
		<name>RPMD</name>
		<pose>Unspecified</pose>
		<truncated>0</truncated>
		<difficult>0</difficult>
		<occluded>0</occluded>
		<bndbox>
			<xmin>219</xmin>
			<xmax>245</xmax>
			<ymin>392</ymin>
			<ymax>520</ymax>
		</bndbox>
		<polygon>
			<x1>238.156475</x1>
			<y1>451.377599</y1>
			<x2>244.247704</x2>
			<y2>390.701357</y2>
			<x3>218.829627</x3>
			<y3>407.892858</y3>
			<x4>219.166126</x4>
			<y4>478.503416</y4>
			<x5>217.732915</x5>
			<y5>519.192208</y5>
			<x6>234.215089</x6>
			<y6>513.481481</y6>
			<x7>238.156475</x7>
			<y7>451.377599</y7>
		</polygon>
	</object>
	<object>
		<name>RMD</name>
		<pose>Unspecified</pose>
		<truncated>0</truncated>
		<difficult>0</difficult>
		<occluded>0</occluded>
		<bndbox>
			<xmin>146</xmin>
			<xmax>212</xmax>
			<ymin>366</ymin>
			<ymax>490</ymax>
		</bndbox>
		<polygon>
			<x1>210.56675</x1>
			<y1>397.839738</y1>
			<x2>168.644668</x2>
			<y2>365.003154</y2>
			<x3>157.89542</x3>
			<y3>412.830315</y3>
			<x4>144.916279</x4>
			<y4>447.178572</y4>
			<x5>157.537117</x5>
			<y5>489.210988</y5>
			<x6>182.260392</x6>
			<y6>459.229794</y6>
			<x7>210.56675</x7>
			<y7>397.839738</y7>
		</polygon>
	</object>
	<object>
		<name>LID</name>
		<pose>Unspecified</pose>
		<truncated>0</truncated>
		<difficult>0</difficult>
		<occluded>0</occluded>
		<bndbox>
			<xmin>317</xmin>
			<xmax>334</xmax>
			<ymin>422</ymin>
			<ymax>517</ymax>
		</bndbox>
		<polygon>
			<x1>333.028321</x1>
			<y1>511.339972</y1>
			<x2>329.475669</x2>
			<y2>421.285715</y2>
			<x3>316.187844</x3>
			<y3>424.965569</y3>
			<x4>320.12923</x4>
			<y4>515.623018</y4>
			<x5>333.028321</x5>
			<y5>511.339972</y5>
		</polygon>
	</object>
	<object>
		<name>LID</name>
		<pose>Unspecified</pose>
		<truncated>0</truncated>
		<difficult>0</difficult>
		<occluded>0</occluded>
		<bndbox>
			<xmin>330</xmin>
			<xmax>350</xmax>
			<ymin>421</ymin>
			<ymax>517</ymax>
		</bndbox>
		<polygon>
			<x1>335.894798</x1>
			<y1>516.336845</y1>
			<x2>349.152193</x2>
			<y2>514.909163</y2>
			<x3>345.56911</x3>
			<y3>479.217256</y3>
			<x4>348.737936</x4>
			<y4>419.500001</y4>
			<x5>329.445239</x5>
			<y5>423.537887</y5>
			<x6>331.953413</x6>
			<y6>477.789588</y6>
			<x7>335.894798</x7>
			<y7>516.336845</y7>
		</polygon>
	</object>
	<object>
		<name>LCD</name>
		<pose>Unspecified</pose>
		<truncated>0</truncated>
		<difficult>0</difficult>
		<occluded>0</occluded>
		<bndbox>
			<xmin>347</xmin>
			<xmax>378</xmax>
			<ymin>418</ymin>
			<ymax>552</ymax>
		</bndbox>
		<polygon>
			<x1>350.227129</x1>
			<y1>417.113346</y1>
			<x2>346.285743</x2>
			<y2>451.377599</y2>
			<x3>352.735275</x3>
			<y3>494.921701</y3>
			<x4>362.051285</x4>
			<y4>550.60107</y4>
			<x5>377.45855</x5>
			<y5>534.896626</y5>
			<x6>367.067605</x6>
			<y6>460.657462</y6>
			<x7>365.760403</x7>
			<y7>417.714286</y7>
			<x8>350.227129</x8>
			<y8>417.113346</y8>
		</polygon>
	</object>
	<object>
		<name>LPMD</name>
		<pose>Unspecified</pose>
		<truncated>0</truncated>
		<difficult>0</difficult>
		<occluded>0</occluded>
		<bndbox>
			<xmin>366</xmin>
			<xmax>396</xmax>
			<ymin>408</ymin>
			<ymax>531</ymax>
		</bndbox>
		<polygon>
			<x1>372.442229</x1>
			<y1>407.119615</y1>
			<x2>364.917761</x2>
			<y2>429.248586</y2>
			<x3>371.725624</x3>
			<y3>472.792743</y3>
			<x4>381.758239</x4>
			<y4>529.899781</y4>
			<x5>395.01566</x5>
			<y5>524.189054</y5>
			<x6>388.924404</x6>
			<y6>474.220397</y6>
			<x7>384.12675</x7>
			<y7>414.142858</y7>
			<x8>372.442229</x8>
			<y8>407.119615</y8>
		</polygon>
	</object>
	<object>
		<name>LPMD</name>
		<pose>Unspecified</pose>
		<truncated>0</truncated>
		<difficult>0</difficult>
		<occluded>0</occluded>
		<bndbox>
			<xmin>386</xmin>
			<xmax>416</xmax>
			<ymin>400</ymin>
			<ymax>523</ymax>
		</bndbox>
		<polygon>
			<x1>398.24044</x1>
			<y1>399.267393</y1>
			<x2>385.341321</x2>
			<y2>413.544156</y2>
			<x3>390.715945</x3>
			<y3>472.792743</y3>
			<x4>396.807202</x4>
			<y4>522.047544</y4>
			<x5>415.080917</x5>
			<y5>518.478354</y5>
			<x6>413.647679</x6>
			<y6>484.214129</y6>
			<x7>409.660452</x7>
			<y7>410.571429</y7>
			<x8>398.24044</x8>
			<y8>399.267393</y8>
		</polygon>
	</object>
	<object>
		<name>LMD</name>
		<pose>Unspecified</pose>
		<truncated>0</truncated>
		<difficult>0</difficult>
		<occluded>0</occluded>
		<bndbox>
			<xmin>422</xmin>
			<xmax>487</xmax>
			<ymin>388</ymin>
			<ymax>489</ymax>
		</bndbox>
		<polygon>
			<x1>429.413247</x1>
			<y1>394.984361</y1>
			<x2>421.172147</x2>
			<y2>424.965569</y2>
			<x3>441.954036</x3>
			<y3>469.223552</y3>
			<x4>465.2441</x4>
			<y4>488.49716</y4>
			<x5>486.384265</x5>
			<y5>455.660603</y5>
			<x6>475.993348</x6>
			<y6>442.097681</y6>
			<x7>453.560501</x7>
			<y7>387.357144</y7>
			<x8>429.413247</x8>
			<y8>394.984361</y8>
		</polygon>
	</object>
	<object>
		<name>LMD</name>
		<pose>Unspecified</pose>
		<truncated>0</truncated>
		<difficult>0</difficult>
		<occluded>0</occluded>
		<bndbox>
			<xmin>457</xmin>
			<xmax>505</xmax>
			<ymin>366</ymin>
			<ymax>460</ymax>
		</bndbox>
		<polygon>
			<x1>486.709518</x1>
			<y1>365.035715</y1>
			<x2>455.928064</x2>
			<y2>374.283065</y2>
			<x3>457.719605</x3>
			<y3>408.547311</y3>
			<x4>483.517789</x4>
			<y4>458.51598</y4>
			<x5>504.299678</x5>
			<y5>422.824073</y5>
			<x6>486.709518</x6>
			<y6>365.035715</y6>
		</polygon>
	</object>
</annotation>
