<annotation>
	<folder></folder>
	<filename>195_jpg.rf.786805c6ced203e6658dbf185431db4f.jpg</filename>
	<path>195_jpg.rf.786805c6ced203e6658dbf185431db4f.jpg</path>
	<source>
		<database>roboflow.com</database>
	</source>
	<size>
		<width>640</width>
		<height>640</height>
		<depth>3</depth>
	</size>
	<segmented>0</segmented>
	<object>
		<name>RIU</name>
		<pose>Unspecified</pose>
		<truncated>0</truncated>
		<difficult>0</difficult>
		<occluded>0</occluded>
		<bndbox>
			<xmin>290</xmin>
			<xmax>323</xmax>
			<ymin>239</ymin>
			<ymax>408</ymax>
		</bndbox>
		<polygon>
			<x1>318.860004</x1>
			<y1>342.107067</y1>
			<x2>316.986973</x2>
			<y2>250.973643</y2>
			<x3>303.086814</x3>
			<y3>238.125394</y3>
			<x4>294.18259</x4>
			<y4>345.654991</y4>
			<x5>289.094461</x5>
			<y5>377.079044</y5>
			<x6>288.585637</x6>
			<y6>399.886849</y6>
			<x7>296.21783</x7>
			<y7>407.489452</y7>
			<x8>308.174943</x8>
			<y8>405.462083</y8>
			<x9>321.658471</x9>
			<y9>401.914218</y9>
			<x10>321.404068</x10>
			<y10>363.394395</y10>
			<x11>318.860004</x11>
			<y11>342.107067</y11>
		</polygon>
	</object>
	<object>
		<name>RIU</name>
		<pose>Unspecified</pose>
		<truncated>0</truncated>
		<difficult>0</difficult>
		<occluded>0</occluded>
		<bndbox>
			<xmin>264</xmin>
			<xmax>294</xmax>
			<ymin>252</ymin>
			<ymax>404</ymax>
		</bndbox>
		<polygon>
			<x1>288.076832</x1>
			<y1>399.847126</y1>
			<x2>289.348864</x2>
			<y2>377.546153</y2>
			<x3>292.910558</x3>
			<y3>272.123449</y3>
			<x4>286.041573</x4>
			<y4>251.342973</y4>
			<x5>276.91131</x5>
			<y5>264.920486</y5>
			<x6>270.777188</x6>
			<y6>328.382676</y6>
			<x7>264.417028</x7>
			<y7>365.888853</y7>
			<x8>263.144995</x8>
			<y8>381.094057</y8>
			<x9>263.399417</x9>
			<y9>393.76506</y9>
			<x10>264.925852</x10>
			<y10>397.819758</y10>
			<x11>268.996351</x11>
			<y11>403.394992</y11>
			<x12>276.628543</x12>
			<y12>403.394992</y12>
			<x13>288.076832</x13>
			<y13>399.847126</y13>
		</polygon>
	</object>
	<object>
		<name>RCU</name>
		<pose>Unspecified</pose>
		<truncated>0</truncated>
		<difficult>0</difficult>
		<occluded>0</occluded>
		<bndbox>
			<xmin>237</xmin>
			<xmax>268</xmax>
			<ymin>233</ymin>
			<ymax>403</ymax>
		</bndbox>
		<polygon>
			<x1>262.127385</x1>
			<y1>245.767719</y1>
			<x2>255.512803</x2>
			<y2>232.083032</y2>
			<x3>244.787167</x3>
			<y3>249.071801</y3>
			<x4>242.792482</x4>
			<y4>328.889508</y4>
			<x5>236.432322</x5>
			<y5>367.916182</y5>
			<x6>241.774872</x6>
			<y6>383.628257</y6>
			<x7>246.863</x7>
			<y7>398.833461</y7>
			<x8>251.696707</x8>
			<y8>401.874494</y8>
			<x9>259.074497</x9>
			<y9>396.299261</y9>
			<x10>267.215514</x10>
			<y10>371.970919</y10>
			<x11>264.671449</x11>
			<y11>347.642577</y11>
			<x12>262.127385</x12>
			<y12>245.767719</y12>
		</polygon>
	</object>
	<object>
		<name>RPMU</name>
		<pose>Unspecified</pose>
		<truncated>0</truncated>
		<difficult>0</difficult>
		<occluded>0</occluded>
		<bndbox>
			<xmin>213</xmin>
			<xmax>246</xmax>
			<ymin>238</ymin>
			<ymax>394</ymax>
		</bndbox>
		<polygon>
			<x1>244.201173</x1>
			<y1>375.718036</y1>
			<x2>245.071047</x2>
			<y2>354.055582</y2>
			<x3>236.154876</x3>
			<y3>240.111065</y3>
			<x4>231.370594</x4>
			<y4>236.645076</y4>
			<x5>223.617698</x5>
			<y5>245.382791</y5>
			<x6>219.627337</x6>
			<y6>313.763423</y6>
			<x7>217.670124</x7>
			<y7>342.791097</y7>
			<x8>212.015968</x8>
			<y8>364.453551</y8>
			<x9>212.668361</x9>
			<y9>378.750783</y9>
			<x10>223.106816</x10>
			<y10>393.047983</y10>
			<x11>230.935649</x11>
			<y11>386.549246</y11>
			<x12>238.112088</x12>
			<y12>383.949759</y12>
			<x13>244.201173</x13>
			<y13>375.718036</y13>
		</polygon>
	</object>
	<object>
		<name>RPMU</name>
		<pose>Unspecified</pose>
		<truncated>0</truncated>
		<difficult>0</difficult>
		<occluded>0</occluded>
		<bndbox>
			<xmin>188</xmin>
			<xmax>222</xmax>
			<ymin>239</ymin>
			<ymax>387</ymax>
		</bndbox>
		<polygon>
			<x1>197.22816</x1>
			<y1>386.116004</y1>
			<x2>204.839528</x2>
			<y2>380.05051</y2>
			<x3>210.92863</x3>
			<y3>383.083274</y3>
			<x4>213.755699</x4>
			<y4>380.05051</y4>
			<x5>218.539998</x5>
			<y5>371.385546</y5>
			<x6>216.80025</x6>
			<y6>323.728148</y6>
			<x7>221.149604</x7>
			<y7>253.541796</y7>
			<x8>218.539998</x8>
			<y8>237.94482</y8>
			<x9>206.761155</x9>
			<y9>244.840889</y9>
			<x10>195.270947</x10>
			<y10>318.529156</y10>
			<x11>191.574004</x11>
			<y11>340.624852</y11>
			<x12>187.224651</x12>
			<y12>358.821349</y12>
			<x13>187.224651</x13>
			<y13>371.818821</y13>
			<x14>192.878807</x14>
			<y14>378.750783</y14>
			<x15>197.22816</x15>
			<y15>386.116004</y15>
		</polygon>
	</object>
	<object>
		<name>RMU</name>
		<pose>Unspecified</pose>
		<truncated>0</truncated>
		<difficult>0</difficult>
		<occluded>0</occluded>
		<bndbox>
			<xmin>152</xmin>
			<xmax>193</xmax>
			<ymin>242</ymin>
			<ymax>371</ymax>
		</bndbox>
		<polygon>
			<x1>153.07465</x1>
			<y1>322.744839</y1>
			<x2>150.682493</x2>
			<y2>341.807804</y2>
			<x3>158.946271</x3>
			<y3>363.9035</y3>
			<x4>161.338412</x4>
			<y4>366.502988</y4>
			<x5>170.689528</x5>
			<y5>362.170514</y5>
			<x6>177.431023</x6>
			<y6>369.968994</y6>
			<x7>182.432786</x7>
			<y7>369.102509</y7>
			<x8>190.696547</x8>
			<y8>360.870753</y8>
			<x9>191.783886</x9>
			<y9>344.840551</y9>
			<x10>190.261619</x10>
			<y10>304.981634</y10>
			<x11>188.521871</x11>
			<y11>254.724732</y11>
			<x12>181.345447</x12>
			<y12>240.860775</y12>
			<x13>177.213558</x13>
			<y13>285.052167</y13>
			<x14>171.341921</x14>
			<y14>245.193266</y14>
			<x15>166.251077</x15>
			<y15>240.505683</y15>
			<x16>163.730553</x16>
			<y16>282.885921</y16>
			<x17>161.338412</x17>
			<y17>302.815388</y17>
			<x18>153.07465</x18>
			<y18>322.744839</y18>
		</polygon>
	</object>
	<object>
		<name>RMU</name>
		<pose>Unspecified</pose>
		<truncated>0</truncated>
		<difficult>0</difficult>
		<occluded>0</occluded>
		<bndbox>
			<xmin>121</xmin>
			<xmax>165</xmax>
			<ymin>229</ymin>
			<ymax>351</ymax>
		</bndbox>
		<polygon>
			<x1>136.764575</x1>
			<y1>278.553431</y1>
			<x2>129.370671</x2>
			<y2>286.785169</y2>
			<x3>122.411696</x3>
			<y3>298.049655</y3>
			<x4>119.80209</x4>
			<y4>313.213356</y4>
			<x5>121.976767</x5>
			<y5>327.510589</y5>
			<x6>127.630923</x6>
			<y6>330.976578</y6>
			<x7>130.892938</x7>
			<y7>341.807804</y7>
			<x8>135.459756</x8>
			<y8>350.039527</y8>
			<x9>143.50607</x9>
			<y9>346.140295</y9>
			<x10>148.290351</x10>
			<y10>346.140295</y10>
			<x11>152.857169</x11>
			<y11>346.140295</y11>
			<x12>157.641468</x12>
			<y12>333.142823</y12>
			<x13>157.858933</x13>
			<y13>310.180626</y13>
			<x14>163.295624</x14>
			<y14>271.18821</y14>
			<x15>163.513089</x15>
			<y15>245.626508</y15>
			<x16>156.119184</x16>
			<y16>228.296546</y16>
			<x17>140.694383</x17>
			<y17>234.002872</y17>
			<x18>138.504307</x18>
			<y18>267.288962</y18>
			<x19>136.764575</x19>
			<y19>278.553431</y19>
		</polygon>
	</object>
	<object>
		<name>RMU</name>
		<pose>Unspecified</pose>
		<truncated>0</truncated>
		<difficult>0</difficult>
		<occluded>0</occluded>
		<bndbox>
			<xmin>99</xmin>
			<xmax>145</xmax>
			<ymin>172</ymin>
			<ymax>296</ymax>
		</bndbox>
		<polygon>
			<x1>126.97853</x1>
			<y1>295.450151</y1>
			<x2>135.894701</x2>
			<y2>280.286434</y2>
			<x3>140.244054</x3>
			<y3>257.324236</y3>
			<x4>143.50607</x4>
			<y4>213.999321</y4>
			<x5>138.286842</x5>
			<y5>181.072399</y5>
			<x6>126.761049</x6>
			<y6>170.674423</y6>
			<x7>118.128366</x7>
			<y7>185.773692</y7>
			<x8>114.582863</x8>
			<y8>219.19833</y8>
			<x9>103.27455</x9>
			<y9>241.72726</y9>
			<x10>98.490252</x10>
			<y10>261.223468</y10>
			<x11>101.752267</x11>
			<y11>275.953943</y11>
			<x12>110.668455</x12>
			<y12>282.885921</y12>
			<x13>118.932216</x13>
			<y13>292.850663</y13>
			<x14>126.97853</x14>
			<y14>295.450151</y14>
		</polygon>
	</object>
	<object>
		<name>RMD</name>
		<pose>Unspecified</pose>
		<truncated>0</truncated>
		<difficult>0</difficult>
		<occluded>0</occluded>
		<bndbox>
			<xmin>76</xmin>
			<xmax>121</xmax>
			<ymin>349</ymin>
			<ymax>429</ymax>
		</bndbox>
		<polygon>
			<x1>78.21027</x1>
			<y1>412.157128</y1>
			<x2>83.646962</x2>
			<y2>419.089122</y2>
			<x3>92.345668</x3>
			<y3>424.288098</y3>
			<x4>101.914249</x4>
			<y4>427.754104</y4>
			<x5>109.960546</x5>
			<y5>427.754104</y5>
			<x6>112.787633</x6>
			<y6>421.688643</y6>
			<x7>117.136986</x7>
			<y7>405.658392</y7>
			<x8>119.746592</x8>
			<y8>380.529949</y8>
			<x9>102.087462</x9>
			<y9>347.802059</y9>
			<x10>91.693259</x10>
			<y10>354.101762</y10>
			<x11>83.429489</x11>
			<y11>367.965719</y11>
			<x12>75.818121</x12>
			<y12>379.663448</y12>
			<x13>74.948255</x13>
			<y13>392.227677</y13>
			<x14>85.604166</x14>
			<y14>393.094179</y14>
			<x15>78.21027</x15>
			<y15>412.157128</y15>
		</polygon>
	</object>
	<object>
		<name>RMD</name>
		<pose>Unspecified</pose>
		<truncated>0</truncated>
		<difficult>0</difficult>
		<occluded>0</occluded>
		<bndbox>
			<xmin>100</xmin>
			<xmax>164</xmax>
			<ymin>348</ymin>
			<ymax>478</ymax>
		</bndbox>
		<polygon>
			<x1>161.500394</x1>
			<y1>375.764216</y1>
			<x2>147.799924</x2>
			<y2>357.567752</y2>
			<x3>144.537909</x3>
			<y3>360.600499</y3>
			<x4>138.666289</x4>
			<y4>347.169767</y4>
			<x5>132.266111</x5>
			<y5>347.260158</y5>
			<x6>126.270622</x6>
			<y6>352.36876</y6>
			<x7>122.791142</x7>
			<y7>361.466984</y7>
			<x8>120.616465</x8>
			<y8>374.031213</y8>
			<x9>117.35445</x9>
			<y9>397.859945</y9>
			<x10>109.090672</x10>
			<y10>430.786834</y10>
			<x11>100.826911</x11>
			<y11>449.849816</y11>
			<x12>98.652234</x12>
			<y12>464.147016</y12>
			<x13>105.828657</x13>
			<y13>463.280531</y13>
			<x14>117.571915</x14>
			<y14>447.250312</y14>
			<x15>126.923031</x15>
			<y15>429.48709</y15>
			<x16>124.965819</x16>
			<y16>438.585331</y16>
			<x17>116.267112</x17>
			<y17>453.315789</y17>
			<x18>108.873208</x18>
			<y18>467.179779</y18>
			<x19>109.525618</x19>
			<y19>477.144488</y19>
			<x20>118.876718</x20>
			<y20>471.945512</y20>
			<x21>129.750101</x21>
			<y21>467.613021</y21>
			<x22>138.883753</x22>
			<y22>452.882546</y22>
			<x23>148.669798</x23>
			<y23>421.688643</y23>
			<x24>163.022661</x24>
			<y24>390.927933</y24>
			<x25>161.500394</x25>
			<y25>375.764216</y25>
		</polygon>
	</object>
	<object>
		<name>RMD</name>
		<pose>Unspecified</pose>
		<truncated>0</truncated>
		<difficult>0</difficult>
		<occluded>0</occluded>
		<bndbox>
			<xmin>144</xmin>
			<xmax>207</xmax>
			<ymin>376</ymin>
			<ymax>519</ymax>
		</bndbox>
		<polygon>
			<x1>186.726641</x1>
			<y1>384.862472</y1>
			<x2>176.50565</x2>
			<y2>374.897714</y2>
			<x3>172.156297</x3>
			<y3>377.06396</y3>
			<x4>163.804159</x4>
			<y4>377.064707</y4>
			<x5>161.282913</x5>
			<y5>381.396451</y5>
			<x6>158.890772</x6>
			<y6>396.560168</y6>
			<x7>156.281167</x7>
			<y7>423.421613</y7>
			<x8>144.10298</x8>
			<y8>481.043736</y8>
			<x9>142.798161</x9>
			<y9>501.839704</y9>
			<x10>150.192065</x10>
			<y10>507.03868</y10>
			<x11>160.63052</x11>
			<y11>478.877491</y11>
			<x12>169.111762</x12>
			<y12>460.247768</y12>
			<x13>166.284676</x13>
			<y13>481.476978</y13>
			<x14>158.455843</x14>
			<y14>510.504686</y14>
			<x15>159.325718</x15>
			<y15>518.303149</y15>
			<x16>164.979874</x16>
			<y16>518.303149</y16>
			<x17>173.67858</x17>
			<y17>505.738919</y17>
			<x18>180.420075</x18>
			<y18>490.575202</y18>
			<x19>188.901317</x19>
			<y19>446.383811</y19>
			<x20>199.992165</x20>
			<y20>421.255368</y20>
			<x21>205.863786</x21>
			<y21>395.260424</y21>
			<x22>197.600024</x22>
			<y22>384.429197</y22>
			<x23>191.945868</x23>
			<y23>386.595442</y23>
			<x24>186.726641</x24>
			<y24>384.862472</y24>
		</polygon>
	</object>
	<object>
		<name>RPMD</name>
		<pose>Unspecified</pose>
		<truncated>0</truncated>
		<difficult>0</difficult>
		<occluded>0</occluded>
		<bndbox>
			<xmin>182</xmin>
			<xmax>232</xmax>
			<ymin>397</ymin>
			<ymax>534</ymax>
		</bndbox>
		<polygon>
			<x1>180.760091</x1>
			<y1>514.883372</y1>
			<x2>181.847429</x2>
			<y2>525.281308</y2>
			<x3>185.544373</x3>
			<y3>532.646561</y3>
			<x4>194.025615</x4>
			<y4>524.414823</y4>
			<x5>204.46407</x5>
			<y5>496.686876</y5>
			<x6>218.816933</x6>
			<y6>447.729734</y6>
			<x7>230.56019</x7>
			<y7>429.966529</y7>
			<x8>228.385514</x8>
			<y8>414.802812</y8>
			<x9>224.688553</x9>
			<y9>404.83807</y9>
			<x10>217.077185</x10>
			<y10>395.739846</y10>
			<x11>211.383111</x11>
			<y11>398.198842</y11>
			<x12>202.724322</x12>
			<y12>397.472849</y12>
			<x13>198.157504</x13>
			<y13>403.538326</y13>
			<x14>198.157504</x14>
			<y14>416.102556</y14>
			<x15>195.765363</x15>
			<y15>442.530742</y15>
			<x16>180.760091</x16>
			<y16>514.883372</y16>
		</polygon>
	</object>
	<object>
		<name>RPMD</name>
		<pose>Unspecified</pose>
		<truncated>0</truncated>
		<difficult>0</difficult>
		<occluded>0</occluded>
		<bndbox>
			<xmin>221</xmin>
			<xmax>254</xmax>
			<ymin>401</ymin>
			<ymax>535</ymax>
		</bndbox>
		<polygon>
			<x1>223.24905</x1>
			<y1>533.684295</y1>
			<x2>230.502254</x2>
			<y2>532.308082</y2>
			<x3>236.891994</x3>
			<y3>511.664972</y3>
			<x4>246.217539</x4>
			<y4>452.488053</y4>
			<x5>253.125358</x5>
			<y5>420.835281</y5>
			<x6>246.735631</x6>
			<y6>405.352949</y6>
			<x7>239.827812</x7>
			<y7>400.192171</y7>
			<x8>225.494083</x8>
			<y8>408.449407</y8>
			<x9>223.24905</x9>
			<y9>418.426916</y9>
			<x10>224.457912</x10>
			<y10>433.221142</y10>
			<x11>224.28522</x11>
			<y11>450.423734</y11>
			<x12>224.112527</x12>
			<y12>503.063676</y12>
			<x13>220.313218</x13>
			<y13>523.362739</y13>
			<x14>223.24905</x14>
			<y14>533.684295</y14>
		</polygon>
	</object>
	<object>
		<name>RCD</name>
		<pose>Unspecified</pose>
		<truncated>0</truncated>
		<difficult>0</difficult>
		<occluded>0</occluded>
		<bndbox>
			<xmin>243</xmin>
			<xmax>277</xmax>
			<ymin>409</ymin>
			<ymax>536</ymax>
		</bndbox>
		<polygon>
			<x1>255.419495</x1>
			<y1>528.605464</y1>
			<x2>262.672699</x2>
			<y2>515.187464</y2>
			<x3>270.962087</x3>
			<y3>480.782293</y3>
			<x4>276.142951</x4>
			<y4>424.013713</y4>
			<x5>265.263131</x5>
			<y5>408.187334</y5>
			<x6>254.210619</x6>
			<y6>411.627852</y6>
			<x7>249.029754</x7>
			<y7>421.605348</y7>
			<x8>248.684369</x8>
			<y8>432.615009</y8>
			<x9>248.857062</x9>
			<y9>462.891569</y9>
			<x10>246.093937</x10>
			<y10>507.618308</y10>
			<x11>242.294642</x11>
			<y11>533.766242</y11>
			<x12>247.475506</x12>
			<y12>535.486501</y12>
			<x13>255.419495</x13>
			<y13>528.605464</y13>
		</polygon>
	</object>
	<object>
		<name>RID</name>
		<pose>Unspecified</pose>
		<truncated>0</truncated>
		<difficult>0</difficult>
		<occluded>0</occluded>
		<bndbox>
			<xmin>273</xmin>
			<xmax>297</xmax>
			<ymin>416</ymin>
			<ymax>525</ymax>
		</bndbox>
		<polygon>
			<x1>286.850065</x1>
			<y1>518.627982</y1>
			<x2>291.340145</x2>
			<y2>485.943071</y2>
			<x3>294.448669</x3>
			<y3>446.721129</y3>
			<x4>295.657532</x4>
			<y4>417.820783</y4>
			<x5>293.412499</x5>
			<y5>417.132677</y5>
			<x6>284.432326</x6>
			<y6>415.068371</y6>
			<x7>275.62486</x7>
			<y7>417.132677</y7>
			<x8>272.343643</x8>
			<y8>421.605348</y8>
			<x9>271.998257</x9>
			<y9>431.582856</y9>
			<x10>273.725212</x10>
			<y10>454.290273</y10>
			<x11>278.387985</x11>
			<y11>508.650474</y11>
			<x12>281.323815</x12>
			<y12>524.476853</y12>
			<x13>286.850065</x13>
			<y13>518.627982</y13>
		</polygon>
	</object>
	<object>
		<name>RID</name>
		<pose>Unspecified</pose>
		<truncated>0</truncated>
		<difficult>0</difficult>
		<occluded>0</occluded>
		<bndbox>
			<xmin>296</xmin>
			<xmax>318</xmax>
			<ymin>417</ymin>
			<ymax>522</ymax>
		</bndbox>
		<polygon>
			<x1>314.481341</x1>
			<y1>419.196982</y1>
			<x2>295.657532</x2>
			<y2>416.100524</y2>
			<x3>294.96676</x3>
			<y3>423.669667</y3>
			<x4>294.621362</x4>
			<y4>438.80794</y4>
			<x5>294.96676</x5>
			<y5>457.730791</y5>
			<x6>297.211793</x6>
			<y6>500.393224</y6>
			<x7>301.011102</x7>
			<y7>520.004168</y7>
			<x8>308.609692</x8>
			<y8>521.380381</y8>
			<x9>314.82674</x9>
			<y9>459.107004</y9>
			<x10>316.726387</x10>
			<y10>422.981561</y10>
			<x11>314.481341</x11>
			<y11>419.196982</y11>
		</polygon>
	</object>
	<object>
		<name>LIU</name>
		<pose>Unspecified</pose>
		<truncated>0</truncated>
		<difficult>0</difficult>
		<occluded>0</occluded>
		<bndbox>
			<xmin>321</xmin>
			<xmax>355</xmax>
			<ymin>243</ymin>
			<ymax>414</ymax>
		</bndbox>
		<polygon>
			<x1>322.888568</x1>
			<y1>403.746985</y1>
			<x2>332.375424</x2>
			<y2>409.460993</y2>
			<x3>340.979779</x3>
			<y3>412.977311</y3>
			<x4>349.363497</x4>
			<y4>407.702834</y4>
			<x5>352.23162</x5>
			<y5>394.077161</y5>
			<x6>352.893484</x6>
			<y6>360.672259</y6>
			<x7>352.010999</x7>
			<y7>336.497665</y7>
			<x8>353.775985</x8>
			<y8>296.93924</y8>
			<x9>352.452242</x9>
			<y9>257.820363</y9>
			<x10>344.068507</x10>
			<y10>241.557451</y10>
			<x11>335.464169</x11>
			<y11>254.743593</y11>
			<x12>328.845437</x12>
			<y12>318.916143</y12>
			<x13>323.329827</x13>
			<y13>353.63969</y13>
			<x14>320.461703</x14>
			<y14>373.418886</y14>
			<x15>319.579202</x15>
			<y15>391.439939</y15>
			<x16>322.888568</x16>
			<y16>403.746985</y16>
		</polygon>
	</object>
	<object>
		<name>LIU</name>
		<pose>Unspecified</pose>
		<truncated>0</truncated>
		<difficult>0</difficult>
		<occluded>0</occluded>
		<bndbox>
			<xmin>353</xmin>
			<xmax>379</xmax>
			<ymin>246</ymin>
			<ymax>404</ymax>
		</bndbox>
		<polygon>
			<x1>358.188473</x1>
			<y1>399.756721</y1>
			<x2>363.262841</x2>
			<y2>402.393942</y2>
			<x3>367.675329</x3>
			<y3>402.833473</y3>
			<x4>372.308438</x4>
			<y4>398.877624</y4>
			<x5>377.603427</x5>
			<y5>392.724084</y5>
			<x6>376.500305</x6>
			<y6>366.791366</y6>
			<x7>374.07344</x7>
			<y7>340.858614</y7>
			<x8>376.720926</x8>
			<y8>302.179251</y8>
			<x9>376.059046</x9>
			<y9>276.686081</y9>
			<x10>371.425937</x10>
			<y10>245.478852</y10>
			<x11>365.938222</x11>
			<y11>258.348841</y11>
			<x12>359.291595</x12>
			<y12>313.167703</y12>
			<x13>356.423487</x13>
			<y13>338.660924</y13>
			<x14>351.569741</x14>
			<y14>373.823968</y14>
			<x15>351.569741</x15>
			<y15>398.438092</y15>
			<x16>358.188473</x16>
			<y16>399.756721</y16>
		</polygon>
	</object>
	<object>
		<name>LCU</name>
		<pose>Unspecified</pose>
		<truncated>0</truncated>
		<difficult>0</difficult>
		<occluded>0</occluded>
		<bndbox>
			<xmin>375</xmin>
			<xmax>399</xmax>
			<ymin>242</ymin>
			<ymax>403</ymax>
		</bndbox>
		<polygon>
			<x1>383.119037</x1>
			<y1>399.791169</y1>
			<x2>387.972767</x2>
			<y2>401.988859</y2>
			<x3>392.164651</x3>
			<y3>396.274851</y3>
			<x4>397.900866</x4>
			<y4>369.902567</y4>
			<x5>398.342107</x5>
			<y5>357.155957</y5>
			<x6>396.577139</x6>
			<y6>269.248346</y6>
			<x7>393.929619</x7>
			<y7>256.062204</y7>
			<x8>388.414026</x8>
			<y8>240.678372</y8>
			<x9>382.763626</x9>
			<y9>248.453034</y9>
			<x10>379.147791</x10>
			<y10>275.841417</y10>
			<x11>375.397183</x11>
			<y11>316.278955</y11>
			<x12>374.07344</x12>
			<y12>340.893046</y12>
			<x13>375.397183</x13>
			<y13>360.232761</y13>
			<x14>376.941547</x14>
			<y14>386.165462</y14>
			<x15>383.119037</x15>
			<y15>399.791169</y15>
		</polygon>
	</object>
	<object>
		<name>LPMU</name>
		<pose>Unspecified</pose>
		<truncated>0</truncated>
		<difficult>0</difficult>
		<occluded>0</occluded>
		<bndbox>
			<xmin>399</xmin>
			<xmax>424</xmax>
			<ymin>247</ymin>
			<ymax>395</ymax>
		</bndbox>
		<polygon>
			<x1>408.172036</x1>
			<y1>391.069385</y1>
			<x2>412.886803</x2>
			<y2>394.450861</y2>
			<x3>418.355935</x3>
			<y3>391.069385</y3>
			<x4>423.447877</x4>
			<y4>379.046389</y4>
			<x5>422.316336</x5>
			<y5>362.514748</y5>
			<x6>419.110301</x6>
			<y6>339.595897</y6>
			<x7>413.263993</x7>
			<y7>258.816317</y7>
			<x8>411.943849</x8>
			<y8>246.041866</y8>
			<x9>404.177957</x9>
			<y9>249.863309</y9>
			<x10>401.759951</x10>
			<y10>284.740918</y10>
			<x11>397.988137</x11>
			<y11>337.341574</y11>
			<x12>398.176739</x12>
			<y12>353.873244</y12>
			<x13>397.79955</x13>
			<y13>377.167794</y13>
			<x14>402.514316</x14>
			<y14>389.19079</y14>
			<x15>408.172036</x15>
			<y15>391.069385</y15>
		</polygon>
	</object>
	<object>
		<name>LPMU</name>
		<pose>Unspecified</pose>
		<truncated>0</truncated>
		<difficult>0</difficult>
		<occluded>0</occluded>
		<bndbox>
			<xmin>421</xmin>
			<xmax>448</xmax>
			<ymin>243</ymin>
			<ymax>388</ymax>
		</bndbox>
		<polygon>
			<x1>446.644535</x1>
			<y1>370.029128</y1>
			<x2>443.061309</x2>
			<y2>347.485989</y2>
			<x3>438.91232</x3>
			<y3>332.832958</y3>
			<x4>436.08346</x4>
			<y4>293.382466</y4>
			<x5>432.123059</x5>
			<y5>257.313436</y5>
			<x6>426.465339</x6>
			<y6>241.908964</y6>
			<x7>419.975048</x7>
			<y7>253.152912</y7>
			<x8>421.93916</x8>
			<y8>314.798436</y8>
			<x9>421.93916</x9>
			<y9>330.578636</y9>
			<x10>420.430429</x10>
			<y10>363.266204</y10>
			<x11>421.184795</x11>
			<y11>372.283436</y11>
			<x12>424.013655</x12>
			<y12>379.797816</y12>
			<x13>437.403589</x13>
			<y13>386.560769</y13>
			<x14>446.644535</x14>
			<y14>370.029128</y14>
		</polygon>
	</object>
	<object>
		<name>LMU</name>
		<pose>Unspecified</pose>
		<truncated>0</truncated>
		<difficult>0</difficult>
		<occluded>0</occluded>
		<bndbox>
			<xmin>444</xmin>
			<xmax>480</xmax>
			<ymin>234</ymin>
			<ymax>375</ymax>
		</bndbox>
		<polygon>
			<x1>443.438499</x1>
			<y1>330.578636</y1>
			<x2>442.872721</x2>
			<y2>348.988871</y2>
			<x3>444.004263</x3>
			<y3>358.757559</y3>
			<x4>444.758628</x4>
			<y4>366.271938</y4>
			<x5>453.245208</x5>
			<y5>374.162031</y5>
			<x6>461.354613</x6>
			<y6>364.769056</y6>
			<x7>468.143874</x7>
			<y7>370.029128</y7>
			<x8>473.801593</x8>
			<y8>365.896225</y8>
			<x9>478.893536</x9>
			<y9>352.746061</y9>
			<x10>474.933135</x10>
			<y10>328.700041</y10>
			<x11>470.972734</x11>
			<y11>307.659784</y11>
			<x12>468.332461</x12>
			<y12>244.163272</y12>
			<x13>465.692189</x13>
			<y13>234.394577</y13>
			<x14>462.297566</x14>
			<y14>233.267437</y14>
			<x15>453.455449</x15>
			<y15>244.223991</y15>
			<x16>447.776076</x16>
			<y16>275.723671</y16>
			<x17>445.324406</x17>
			<y17>305.029777</y17>
			<x18>443.438499</x18>
			<y18>330.578636</y18>
		</polygon>
	</object>
	<object>
		<name>LMU</name>
		<pose>Unspecified</pose>
		<truncated>0</truncated>
		<difficult>0</difficult>
		<occluded>0</occluded>
		<bndbox>
			<xmin>473</xmin>
			<xmax>508</xmax>
			<ymin>232</ymin>
			<ymax>358</ymax>
		</bndbox>
		<polygon>
			<x1>471.610314</x1>
			<y1>252.213025</y1>
			<x2>473.342564</x2>
			<y2>297.961783</y2>
			<x3>473.342564</x3>
			<y3>329.146426</y3>
			<x4>475.605646</x4>
			<y4>343.799472</y4>
			<x5>480.320413</x5>
			<y5>353.192446</y5>
			<x6>488.241229</x6>
			<y6>356.949636</y6>
			<x7>496.539207</x7>
			<y7>349.435257</y7>
			<x8>500.31102</x8>
			<y8>337.787974</y8>
			<x9>504.460024</x9>
			<y9>333.655071</y9>
			<x10>507.100296</x10>
			<y10>322.383516</y10>
			<x11>505.780152</x11>
			<y11>309.984764</y11>
			<x12>499.179479</x12>
			<y12>299.840378</y12>
			<x13>494.276125</x13>
			<y13>276.170057</y13>
			<x14>487.486864</x14>
			<y14>244.985385</y14>
			<x15>479.754649</x15>
			<y15>230.708053</y15>
			<x16>476.737187</x16>
			<y16>238.598159</y16>
			<x17>481.829144</x17>
			<y17>270.534272</y17>
			<x18>477.302965</x18>
			<y18>252.875477</y18>
			<x19>474.096929</x19>
			<y19>246.488252</y19>
			<x20>472.39961</x20>
			<y20>243.482503</y20>
			<x21>471.610314</x21>
			<y21>252.213025</y21>
		</polygon>
	</object>
	<object>
		<name>LMU</name>
		<pose>Unspecified</pose>
		<truncated>0</truncated>
		<difficult>0</difficult>
		<occluded>0</occluded>
		<bndbox>
			<xmin>490</xmin>
			<xmax>529</xmax>
			<ymin>213</ymin>
			<ymax>313</ymax>
		</bndbox>
		<polygon>
			<x1>497.85935</x1>
			<y1>297.210314</y1>
			<x2>506.534518</x2>
			<y2>311.863359</y2>
			<x3>512.758016</x3>
			<y3>307.730442</y3>
			<x4>518.604323</x4>
			<y4>289.695934</y4>
			<x5>524.450631</x5>
			<y5>284.435878</y5>
			<x6>528.222444</x6>
			<y6>272.412867</y6>
			<x7>520.49023</x7>
			<y7>250.621169</y7>
			<x8>514.643922</x8>
			<y8>235.592411</y8>
			<x9>498.613716</x9>
			<y9>211.922104</y9>
			<x10>498.613716</x10>
			<y10>229.580898</y10>
			<x11>505.214389</x11>
			<y11>259.262703</y11>
			<x12>495.407666</x12>
			<y12>232.586647</y12>
			<x13>488.822069</x13>
			<y13>227.306036</y13>
			<x14>492.013042</x14>
			<y14>247.615406</y14>
			<x15>493.898949</x15>
			<y15>269.031391</y15>
			<x16>495.219078</x16>
			<y16>281.054429</y16>
			<x17>497.85935</x17>
			<y17>297.210314</y17>
		</polygon>
	</object>
	<object>
		<name>LMD</name>
		<pose>Unspecified</pose>
		<truncated>0</truncated>
		<difficult>0</difficult>
		<occluded>0</occluded>
		<bndbox>
			<xmin>504</xmin>
			<xmax>545</xmax>
			<ymin>354</ymin>
			<ymax>427</ymax>
		</bndbox>
		<polygon>
			<x1>508.231837</x1>
			<y1>368.685259</y1>
			<x2>503.51707</x2>
			<y2>378.453961</y2>
			<x3>502.762705</x3>
			<y3>388.222649</y3>
			<x4>502.574117</x4>
			<y4>401.748526</y4>
			<x5>502.951292</x5>
			<y5>411.892941</y5>
			<x6>507.854647</x6>
			<y6>420.15879</y6>
			<x7>513.135191</x7>
			<y7>425.043106</y7>
			<x8>520.49023</x8>
			<y8>426.170259</y8>
			<x9>532.182846</x9>
			<y9>420.534475</y9>
			<x10>543.686873</x10>
			<y10>413.395823</y10>
			<x11>541.989569</x11>
			<y11>403.627121</y11>
			<x12>528.222444</x12>
			<y12>400.997099</y12>
			<x13>536.520437</x13>
			<y13>397.23991</y13>
			<x14>541.989569</x14>
			<y14>394.234147</y14>
			<x15>541.800967</x15>
			<y15>387.846936</y15>
			<x16>533.880164</x16>
			<y16>371.691008</y16>
			<x17>528.222444</x17>
			<y17>357.41369</y17>
			<x18>522.187549</x18>
			<y18>352.529346</y18>
			<x19>510.513597</x19>
			<y19>354.66064</y19>
			<x20>508.231837</x20>
			<y20>368.685259</y20>
		</polygon>
	</object>
	<object>
		<name>LMD</name>
		<pose>Unspecified</pose>
		<truncated>0</truncated>
		<difficult>0</difficult>
		<occluded>0</occluded>
		<bndbox>
			<xmin>465</xmin>
			<xmax>526</xmax>
			<ymin>357</ymin>
			<ymax>487</ymax>
		</bndbox>
		<polygon>
			<x1>496.916397</x1>
			<y1>365.303797</y1>
			<x2>487.298276</x2>
			<y2>356.286536</y2>
			<x3>482.960685</x3>
			<y3>358.540844</y3>
			<x4>476.090086</x4>
			<y4>375.33814</y4>
			<x5>471.079467</x5>
			<y5>377.702521</y5>
			<x6>465.987525</x6>
			<y6>380.708269</y6>
			<x7>464.290206</x7>
			<y7>396.488469</y7>
			<x8>465.233159</x8>
			<y8>411.141515</y8>
			<x9>470.325116</x9>
			<y9>419.031608</y9>
			<x10>477.491552</x10>
			<y10>430.67889</y10>
			<x11>482.583509</x11>
			<y11>441.199018</y11>
			<x12>486.921086</x12>
			<y12>456.227778</y12>
			<x13>495.784856</x13>
			<y13>470.129383</y13>
			<x14>500.876798</x14>
			<y14>475.765167</y14>
			<x15>509.17479</x15>
			<y15>486.285309</y15>
			<x16>513.700969</x16>
			<y16>484.782428</y16>
			<x17>514.83251</x17>
			<y17>478.019475</y17>
			<x18>513.323779</x18>
			<y18>465.620766</y18>
			<x19>502.008339</x19>
			<y19>443.077613</y19>
			<x20>518.981499</x20>
			<y20>470.505096</y20>
			<x21>523.31909</x21>
			<y21>467.499361</y21>
			<x22>524.827807</x22>
			<y22>457.354946</y22>
			<x23>515.586876</x23>
			<y23>428.424582</y23>
			<x24>496.916397</x24>
			<y24>365.303797</y24>
		</polygon>
	</object>
	<object>
		<name>LMD</name>
		<pose>Unspecified</pose>
		<truncated>0</truncated>
		<difficult>0</difficult>
		<occluded>0</occluded>
		<bndbox>
			<xmin>424</xmin>
			<xmax>483</xmax>
			<ymin>380</ymin>
			<ymax>529</ymax>
		</bndbox>
		<polygon>
			<x1>482.01554</x1>
			<y1>499.716957</y1>
			<x2>480.129633</x2>
			<y2>474.919511</y2>
			<x3>467.494064</x3>
			<y3>428.330352</y3>
			<x4>464.288014</x4>
			<y4>383.995516</y4>
			<x5>458.818882</x5>
			<y5>379.111172</y5>
			<x6>457.121578</x6>
			<y6>382.492634</y6>
			<x7>447.503442</x7>
			<y7>380.238326</y7>
			<x8>440.723465</x8>
			<y8>392.256094</y8>
			<x9>427.890024</x9>
			<y9>390.382741</y9>
			<x10>423.929616</x10>
			<y10>392.637049</y10>
			<x11>423.363838</x11>
			<y11>405.035773</y11>
			<x12>425.815523</x12>
			<y12>421.1917</y12>
			<x13>437.130955</x13>
			<y13>444.486265</y13>
			<x14>444.108819</x14>
			<y14>479.428127</y14>
			<x15>450.520904</x15>
			<y15>504.601315</y15>
			<x16>454.858481</x16>
			<y16>519.630074</y16>
			<x17>460.704789</x17>
			<y17>527.520167</y17>
			<x18>466.928286</x18>
			<y18>527.520167</y18>
			<x19>465.419555</x19>
			<y19>510.612813</y19>
			<x20>459.761835</x20>
			<y20>488.069674</y20>
			<x21>455.990022</x21>
			<y21>470.786608</y21>
			<x22>455.801434</x22>
			<y22>460.642192</y22>
			<x23>463.345061</x23>
			<y23>477.173819</y23>
			<x24>469.379971</x24>
			<y24>498.214076</y24>
			<x25>474.660501</x25>
			<y25>513.618576</y25>
			<x26>477.866551</x26>
			<y26>517.375766</y26>
			<x27>481.449762</x27>
			<y27>512.491408</y27>
			<x28>482.01554</x28>
			<y28>499.716957</y28>
		</polygon>
	</object>
	<object>
		<name>LPMD</name>
		<pose>Unspecified</pose>
		<truncated>0</truncated>
		<difficult>0</difficult>
		<occluded>0</occluded>
		<bndbox>
			<xmin>400</xmin>
			<xmax>447</xmax>
			<ymin>398</ymin>
			<ymax>543</ymax>
		</bndbox>
		<polygon>
			<x1>399.307185</x1>
			<y1>428.064167</y1>
			<x2>399.68436</x2>
			<y2>432.948525</y2>
			<x3>404.399127</x3>
			<y3>439.711464</y3>
			<x4>409.679671</x4>
			<y4>447.977284</y4>
			<x5>429.481691</x5>
			<y5>520.115329</y5>
			<x6>437.025318</x6>
			<y6>539.652705</y6>
			<x7>442.683038</x7>
			<y7>541.907013</y7>
			<x8>445.511898</x8>
			<y8>534.392633</y8>
			<x9>437.213906</x9>
			<y9>473.150444</y9>
			<x10>428.727326</x10>
			<y10>433.324267</y10>
			<x11>428.35015</x11>
			<y11>413.411135</y11>
			<x12>426.652831</x12>
			<y12>402.515279</y12>
			<x13>419.674968</x13>
			<y13>397.255223</y13>
			<x14>415.337391</x14>
			<y14>402.139566</y14>
			<x15>408.421951</x15>
			<y15>402.594845</y15>
			<x16>402.136045</x16>
			<y16>409.278218</y16>
			<x17>401.193091</x17>
			<y17>417.544038</y17>
			<x18>399.307185</x18>
			<y18>428.064167</y18>
		</polygon>
	</object>
	<object>
		<name>LPMD</name>
		<pose>Unspecified</pose>
		<truncated>0</truncated>
		<difficult>0</difficult>
		<occluded>0</occluded>
		<bndbox>
			<xmin>377</xmin>
			<xmax>413</xmax>
			<ymin>405</ymin>
			<ymax>535</ymax>
		</bndbox>
		<polygon>
			<x1>383.842742</x1>
			<y1>455.115936</y1>
			<x2>389.877652</x2>
			<y2>477.659074</y2>
			<x3>395.346784</x3>
			<y3>503.959403</y3>
			<x4>398.929995</x4>
			<y4>516.35814</y4>
			<x5>402.89041</x5>
			<y5>526.502541</y5>
			<x6>408.17094</x6>
			<y6>534.392633</y6>
			<x7>411.942753</x7>
			<y7>532.514039</y7>
			<x8>405.71927</x8>
			<y8>478.034802</y8>
			<x9>404.399127</x9>
			<y9>452.110216</y9>
			<x10>403.833364</x10>
			<y10>419.798361</y10>
			<x11>399.118597</x11>
			<y11>404.018161</y11>
			<x12>393.649465</x12>
			<y12>407.399623</y12>
			<x13>385.315759</x13>
			<y13>407.294277</y13>
			<x14>376.110527</x14>
			<y14>426.185572</y14>
			<x15>377.43067</x15>
			<y15>432.948525</y15>
			<x16>380.448118</x16>
			<y16>441.590058</y16>
			<x17>383.842742</x17>
			<y17>455.115936</y17>
		</polygon>
	</object>
	<object>
		<name>LCD</name>
		<pose>Unspecified</pose>
		<truncated>0</truncated>
		<difficult>0</difficult>
		<occluded>0</occluded>
		<bndbox>
			<xmin>356</xmin>
			<xmax>390</xmax>
			<ymin>412</ymin>
			<ymax>546</ymax>
		</bndbox>
		<polygon>
			<x1>388.830455</x1>
			<y1>544.163706</y1>
			<x2>387.698914</x2>
			<y2>523.874875</y2>
			<x3>382.41837</x3>
			<y3>482.921501</y3>
			<x4>377.892205</x4>
			<y4>419.800716</y4>
			<x5>363.370715</x5>
			<y5>410.783456</y5>
			<x6>355.449913</x6>
			<y6>421.303584</y6>
			<x7>354.884135</x7>
			<y7>432.575153</y7>
			<x8>357.33582</x8>
			<y8>464.135553</y8>
			<x9>362.239174</x9>
			<y9>496.823092</y9>
			<x10>369.028435</x10>
			<y10>516.736209</y10>
			<x11>377.13784</x11>
			<y11>536.649326</y11>
			<x12>384.492878</x12>
			<y12>544.915132</y12>
			<x13>388.830455</x13>
			<y13>544.163706</y13>
		</polygon>
	</object>
	<object>
		<name>LID</name>
		<pose>Unspecified</pose>
		<truncated>0</truncated>
		<difficult>0</difficult>
		<occluded>0</occluded>
		<bndbox>
			<xmin>337</xmin>
			<xmax>358</xmax>
			<ymin>418</ymin>
			<ymax>526</ymax>
		</bndbox>
		<polygon>
			<x1>347.772222</x1>
			<y1>417.581808</y1>
			<x2>344.989697</x2>
			<y2>417.581808</y2>
			<x3>338.099623</x3>
			<y3>416.789875</y3>
			<x4>335.714606</x4>
			<y4>417.581808</y4>
			<x5>335.789738</x5>
			<y5>422.653232</y5>
			<x6>336.112103</x6>
			<y6>444.507277</y6>
			<x7>337.437116</x7>
			<y7>456.914103</y7>
			<x8>339.557135</x8>
			<y8>476.71224</y8>
			<x9>342.207161</x9>
			<y9>498.094224</y9>
			<x10>346.844707</x10>
			<y10>521.060076</y10>
			<x11>352.409767</x11>
			<y11>525.283674</y11>
			<x12>356.914814</x12>
			<y12>426.820939</y12>
			<x13>347.772222</x13>
			<y13>417.581808</y13>
		</polygon>
	</object>
	<object>
		<name>LID</name>
		<pose>Unspecified</pose>
		<truncated>0</truncated>
		<difficult>0</difficult>
		<occluded>0</occluded>
		<bndbox>
			<xmin>316</xmin>
			<xmax>337</xmax>
			<ymin>420</ymin>
			<ymax>527</ymax>
		</bndbox>
		<polygon>
			<x1>315.176904</x1>
			<y1>421.013484</y1>
			<x2>315.176904</x2>
			<y2>436.06007</y2>
			<x3>316.501917</x3>
			<y3>458.761951</y3>
			<x4>318.621936</x4>
			<y4>489.647027</y4>
			<x5>321.801969</x5>
			<y5>514.988639</y5>
			<x6>328.427034</x6>
			<y6>526.075608</y6>
			<x7>332.667072</x7>
			<y7>506.805413</y7>
			<x8>335.789738</x8>
			<y8>420.011826</y8>
			<x9>316.501917</x9>
			<y9>419.429626</y9>
			<x10>315.176904</x10>
			<y10>421.013484</y10>
		</polygon>
	</object>
	<metadata>
		<tags>
			<tag>teeth</tag>
		</tags>
	</metadata>
</annotation>
