<annotation>
	<folder></folder>
	<filename>19_jpg.rf.55598d60aaa286b8d2e891dda1acc246.jpg</filename>
	<path>19_jpg.rf.55598d60aaa286b8d2e891dda1acc246.jpg</path>
	<source>
		<database>roboflow.com</database>
	</source>
	<size>
		<width>640</width>
		<height>640</height>
		<depth>3</depth>
	</size>
	<segmented>0</segmented>
	<object>
		<name>RMU</name>
		<pose>Unspecified</pose>
		<truncated>0</truncated>
		<difficult>0</difficult>
		<occluded>0</occluded>
		<bndbox>
			<xmin>216</xmin>
			<xmax>248</xmax>
			<ymin>168</ymin>
			<ymax>338</ymax>
		</bndbox>
		<polygon>
			<x1>237.882411</x1>
			<y1>182.375</y1>
			<x2>215.148457</x2>
			<y2>315.1875</y2>
			<x3>223.771681</x3>
			<y3>337.0625</y3>
			<x4>233.962763</x4>
			<y4>337.0625</y4>
			<x5>241.018128</x5>
			<y5>313.625</y5>
			<x6>242.585987</x6>
			<y6>254.25</y6>
			<x7>246.505634</x7>
			<y7>193.3125</y7>
			<x8>246.505634</x8>
			<y8>166.75</y8>
			<x9>237.882411</x9>
			<y9>182.375</y9>
		</polygon>
	</object>
	<object>
		<name>RCU</name>
		<pose>Unspecified</pose>
		<truncated>0</truncated>
		<difficult>0</difficult>
		<occluded>0</occluded>
		<bndbox>
			<xmin>242</xmin>
			<xmax>265</xmax>
			<ymin>154</ymin>
			<ymax>351</ymax>
		</bndbox>
		<polygon>
			<x1>260.616365</x1>
			<y1>171.4375</y1>
			<x2>258.264576</x2>
			<y2>152.6875</y2>
			<x3>247.289564</x3>
			<y3>188.625</y3>
			<x4>241.018128</x4>
			<y4>293.3125</y4>
			<x5>241.018128</x5>
			<y5>337.0625</y5>
			<x6>241.018128</x6>
			<y6>349.5625</y6>
			<x7>258.264576</x7>
			<y7>338.625</y7>
			<x8>262.184223</x8>
			<y8>296.4375</y8>
			<x9>263.752082</x9>
			<y9>237.0625</y9>
			<x10>260.616365</x10>
			<y10>171.4375</y10>
		</polygon>
	</object>
	<object>
		<name>RIU</name>
		<pose>Unspecified</pose>
		<truncated>0</truncated>
		<difficult>0</difficult>
		<occluded>0</occluded>
		<bndbox>
			<xmin>264</xmin>
			<xmax>288</xmax>
			<ymin>143</ymin>
			<ymax>349</ymax>
		</bndbox>
		<polygon>
			<x1>287.269966</x1>
			<y1>319.875</y1>
			<x2>285.702107</x2>
			<y2>260.5</y2>
			<x3>284.918177</x3>
			<y3>207.375</y3>
			<x4>284.918177</x4>
			<y4>174.5625</y4>
			<x5>279.430671</x5>
			<y5>148</y5>
			<x6>267.67173</x6>
			<y6>141.75</y6>
			<x7>266.103871</x7>
			<y7>163.625</y7>
			<x8>262.968153</x8>
			<y8>251.125</y8>
			<x9>263.752082</x9>
			<y9>324.5625</y9>
			<x10>268.455659</x10>
			<y10>348</y10>
			<x11>280.214601</x11>
			<y11>348</y11>
			<x12>287.269966</x12>
			<y12>319.875</y12>
		</polygon>
	</object>
	<object>
		<name>RIU</name>
		<pose>Unspecified</pose>
		<truncated>0</truncated>
		<difficult>0</difficult>
		<occluded>0</occluded>
		<bndbox>
			<xmin>287</xmin>
			<xmax>312</xmax>
			<ymin>133</ymin>
			<ymax>346</ymax>
		</bndbox>
		<polygon>
			<x1>309.21999</x1>
			<y1>333.9375</y1>
			<x2>310.787849</x2>
			<y2>282.375</y2>
			<x3>306.868202</x3>
			<y3>237.0625</y3>
			<x4>306.868202</x4>
			<y4>196.4375</y4>
			<x5>306.868202</x5>
			<y5>173</y5>
			<x6>304.516414</x6>
			<y6>132.375</y6>
			<x7>293.541401</x7>
			<y7>135.5</y7>
			<x8>288.837825</x8>
			<y8>243.3125</y8>
			<x9>288.837825</x9>
			<y9>316.75</y9>
			<x10>285.702107</x10>
			<y10>343.3125</y10>
			<x11>301.380696</x11>
			<y11>344.875</y11>
			<x12>309.21999</x12>
			<y12>333.9375</y12>
		</polygon>
	</object>
	<object>
		<name>RMU</name>
		<pose>Unspecified</pose>
		<truncated>0</truncated>
		<difficult>0</difficult>
		<occluded>0</occluded>
		<bndbox>
			<xmin>181</xmin>
			<xmax>223</xmax>
			<ymin>163</ymin>
			<ymax>305</ymax>
		</bndbox>
		<polygon>
			<x1>216.716316</x1>
			<y1>304.25</y1>
			<x2>222.203822</x2>
			<y2>279.25</y2>
			<x3>215.148457</x3>
			<y3>241.75</y3>
			<x4>212.796668</x4>
			<y4>213.625</y4>
			<x5>206.525233</x5>
			<y5>180.8125</y5>
			<x6>203.389515</x6>
			<y6>162.0625</y6>
			<x7>183.791279</x7>
			<y7>166.75</y7>
			<x8>186.143067</x8>
			<y8>230.8125</y8>
			<x9>184.575208</x9>
			<y9>263.625</y9>
			<x10>179.871632</x10>
			<y10>287.0625</y10>
			<x11>202.605585</x11>
			<y11>304.25</y11>
			<x12>216.716316</x12>
			<y12>304.25</y12>
		</polygon>
	</object>
	<object>
		<name>RMU</name>
		<pose>Unspecified</pose>
		<truncated>0</truncated>
		<difficult>0</difficult>
		<occluded>0</occluded>
		<bndbox>
			<xmin>148</xmin>
			<xmax>188</xmax>
			<ymin>163</ymin>
			<ymax>290</ymax>
		</bndbox>
		<polygon>
			<x1>183.791279</x1>
			<y1>193.3125</y1>
			<x2>182.22342</x2>
			<y2>162.0625</y2>
			<x3>166.544831</x3>
			<y3>171.4375</y3>
			<x4>156.353748</x4>
			<y4>237.0625</y4>
			<x5>146.946595</x5>
			<y5>255.8125</y5>
			<x6>160.273395</x6>
			<y6>277.6875</y6>
			<x7>175.951984</x7>
			<y7>288.625</y7>
			<x8>184.575208</x8>
			<y8>273</y8>
			<x9>186.926997</x9>
			<y9>241.75</y9>
			<x10>183.791279</x10>
			<y10>193.3125</y10>
		</polygon>
	</object>
	<object>
		<name>RMD</name>
		<pose>Unspecified</pose>
		<truncated>0</truncated>
		<difficult>0</difficult>
		<occluded>0</occluded>
		<bndbox>
			<xmin>113</xmin>
			<xmax>170</xmax>
			<ymin>274</ymin>
			<ymax>357</ymax>
		</bndbox>
		<polygon>
			<x1>112.453699</x1>
			<y1>332.375</y1>
			<x2>127.348359</x2>
			<y2>352.6875</y2>
			<x3>143.810877</x3>
			<y3>355.8125</y3>
			<x4>154.785889</x4>
			<y4>355.8125</y4>
			<x5>164.976972</x5>
			<y5>344.875</y5>
			<x6>168.896619</x6>
			<y6>337.0625</y6>
			<x7>166.544831</x7>
			<y7>316.75</y7>
			<x8>164.193043</x8>
			<y8>305.8125</y8>
			<x9>158.705537</x9>
			<y9>293.3125</y9>
			<x10>154.785889</x10>
			<y10>276.125</y10>
			<x11>146.946595</x11>
			<y11>273</y11>
			<x12>131.268006</x12>
			<y12>296.4375</y12>
			<x13>114.805488</x13>
			<y13>305.8125</y13>
			<x14>112.453699</x14>
			<y14>332.375</y14>
		</polygon>
	</object>
	<object>
		<name>RMD</name>
		<pose>Unspecified</pose>
		<truncated>0</truncated>
		<difficult>0</difficult>
		<occluded>0</occluded>
		<bndbox>
			<xmin>149</xmin>
			<xmax>208</xmax>
			<ymin>297</ymin>
			<ymax>432</ymax>
		</bndbox>
		<polygon>
			<x1>170.464478</x1>
			<y1>337.0625</y1>
			<x2>164.976972</x2>
			<y2>355.8125</y2>
			<x3>155.569819</x3>
			<y3>383.9375</y3>
			<x4>147.730524</x4>
			<y4>402.6875</y4>
			<x5>151.650171</x5>
			<y5>419.875</y5>
			<x6>163.409113</x6>
			<y6>430.8125</y6>
			<x7>172.032337</x7>
			<y7>416.75</y7>
			<x8>183.791279</x8>
			<y8>388.625</y8>
			<x9>195.55022</x9>
			<y9>362.0625</y9>
			<x10>206.525233</x10>
			<y10>333.9375</y10>
			<x11>207.309162</x11>
			<y11>312.0625</y11>
			<x12>193.198432</x12>
			<y12>308.9375</y12>
			<x13>189.278785</x13>
			<y13>312.0625</y13>
			<x14>179.087702</x14>
			<y14>296.4375</y14>
			<x15>167.32876</x15>
			<y15>296.4375</y15>
			<x16>170.464478</x16>
			<y16>337.0625</y16>
		</polygon>
	</object>
	<object>
		<name>RPMD</name>
		<pose>Unspecified</pose>
		<truncated>0</truncated>
		<difficult>0</difficult>
		<occluded>0</occluded>
		<bndbox>
			<xmin>239</xmin>
			<xmax>269</xmax>
			<ymin>347</ymin>
			<ymax>497</ymax>
		</bndbox>
		<polygon>
			<x1>243.369917</x1>
			<y1>496.4375</y1>
			<x2>258.264576</x2>
			<y2>463.625</y2>
			<x3>263.752082</x3>
			<y3>427.6875</y3>
			<x4>266.8878</x4>
			<y4>387.0625</y4>
			<x5>268.455659</x5>
			<y5>354.25</y5>
			<x6>249.641352</x6>
			<y6>346.4375</y6>
			<x7>237.882411</x7>
			<y7>465.1875</y7>
			<x8>243.369917</x8>
			<y8>496.4375</y8>
		</polygon>
	</object>
	<object>
		<name>RCD</name>
		<pose>Unspecified</pose>
		<truncated>0</truncated>
		<difficult>0</difficult>
		<occluded>0</occluded>
		<bndbox>
			<xmin>267</xmin>
			<xmax>295</xmax>
			<ymin>352</ymin>
			<ymax>497</ymax>
		</bndbox>
		<polygon>
			<x1>294.325331</x1>
			<y1>419.875</y1>
			<x2>292.757472</x2>
			<y2>385.5</y2>
			<x3>289.621754</x3>
			<y3>366.75</y3>
			<x4>285.702107</x4>
			<y4>351.125</y4>
			<x5>273.159236</x5>
			<y5>354.25</y5>
			<x6>266.103871</x6>
			<y6>416.75</y6>
			<x7>266.8878</x7>
			<y7>476.125</y7>
			<x8>273.159236</x8>
			<y8>496.4375</y8>
			<x9>290.405683</x9>
			<y9>482.375</y9>
			<x10>291.973542</x10>
			<y10>455.8125</y10>
			<x11>294.325331</x11>
			<y11>419.875</y11>
		</polygon>
	</object>
	<object>
		<name>RID</name>
		<pose>Unspecified</pose>
		<truncated>0</truncated>
		<difficult>0</difficult>
		<occluded>0</occluded>
		<bndbox>
			<xmin>289</xmin>
			<xmax>316</xmax>
			<ymin>354</ymin>
			<ymax>466</ymax>
		</bndbox>
		<polygon>
			<x1>305.300343</x1>
			<y1>362.0625</y1>
			<x2>302.948555</x2>
			<y2>352.6875</y2>
			<x3>288.053895</x3>
			<y3>360.5</y3>
			<x4>295.10926</x4>
			<y4>416.75</y4>
			<x5>299.812837</x5>
			<y5>462.0625</y5>
			<x6>313.923567</x6>
			<y6>465.1875</y6>
			<x7>315.491426</x7>
			<y7>449.5625</y7>
			<x8>312.355708</x8>
			<y8>421.4375</y8>
			<x9>308.436061</x9>
			<y9>390.1875</y9>
			<x10>305.300343</x10>
			<y10>362.0625</y10>
		</polygon>
	</object>
	<object>
		<name>RID</name>
		<pose>Unspecified</pose>
		<truncated>0</truncated>
		<difficult>0</difficult>
		<occluded>0</occluded>
		<bndbox>
			<xmin>308</xmin>
			<xmax>330</xmax>
			<ymin>349</ymin>
			<ymax>451</ymax>
		</bndbox>
		<polygon>
			<x1>324.898579</x1>
			<y1>401.125</y1>
			<x2>323.33072</x2>
			<y2>383.9375</y2>
			<x3>320.978932</x3>
			<y3>358.9375</y3>
			<x4>312.355708</x4>
			<y4>348</y4>
			<x5>306.868202</x5>
			<y5>355.8125</y5>
			<x6>306.868202</x6>
			<y6>385.5</y6>
			<x7>311.571779</x7>
			<y7>415.1875</y7>
			<x8>321.762861</x8>
			<y8>449.5625</y8>
			<x9>328.034297</x9>
			<y9>448</y9>
			<x10>328.818226</x10>
			<y10>435.5</y10>
			<x11>324.898579</x11>
			<y11>401.125</y11>
		</polygon>
	</object>
	<object>
		<name>LIU</name>
		<pose>Unspecified</pose>
		<truncated>0</truncated>
		<difficult>0</difficult>
		<occluded>0</occluded>
		<bndbox>
			<xmin>310</xmin>
			<xmax>336</xmax>
			<ymin>140</ymin>
			<ymax>349</ymax>
		</bndbox>
		<polygon>
			<x1>329.602156</x1>
			<y1>226.125</y1>
			<x2>329.602156</x2>
			<y2>191.75</y2>
			<x3>328.034297</x3>
			<y3>166.75</y3>
			<x4>325.682509</x4>
			<y4>154.25</y4>
			<x5>313.139637</x5>
			<y5>138.625</y5>
			<x6>309.21999</x6>
			<y6>299.5625</y6>
			<x7>310.787849</x7>
			<y7>348</y7>
			<x8>335.089662</x8>
			<y8>338.625</y8>
			<x9>331.170015</x9>
			<y9>294.875</y9>
			<x10>329.602156</x10>
			<y10>266.75</y10>
			<x11>329.602156</x11>
			<y11>226.125</y11>
		</polygon>
	</object>
	<object>
		<name>LIU</name>
		<pose>Unspecified</pose>
		<truncated>0</truncated>
		<difficult>0</difficult>
		<occluded>0</occluded>
		<bndbox>
			<xmin>333</xmin>
			<xmax>359</xmax>
			<ymin>165</ymin>
			<ymax>304</ymax>
		</bndbox>
		<polygon>
			<x1>351.55218</x1>
			<y1>296.4375</y1>
			<x2>357.823616</x2>
			<y2>268.3125</y2>
			<x3>353.903969</x3>
			<y3>226.125</y3>
			<x4>344.496815</x4>
			<y4>199.5625</y4>
			<x5>333.521803</x5>
			<y5>163.625</y5>
			<x6>331.953944</x6>
			<y6>194.875</y6>
			<x7>336.657521</x7>
			<y7>302.6875</y7>
			<x8>351.55218</x8>
			<y8>296.4375</y8>
		</polygon>
	</object>
	<object>
		<name>LID</name>
		<pose>Unspecified</pose>
		<truncated>0</truncated>
		<difficult>0</difficult>
		<occluded>0</occluded>
		<bndbox>
			<xmin>324</xmin>
			<xmax>342</xmax>
			<ymin>344</ymin>
			<ymax>457</ymax>
		</bndbox>
		<polygon>
			<x1>340.577168</x1>
			<y1>455.8125</y1>
			<x2>340.577168</x2>
			<y2>424.5625</y2>
			<x3>340.577168</x3>
			<y3>390.1875</y3>
			<x4>337.44145</x4>
			<y4>351.125</y4>
			<x5>336.657521</x5>
			<y5>343.3125</y5>
			<x6>322.546791</x6>
			<y6>349.5625</y6>
			<x7>328.034297</x7>
			<y7>454.25</y7>
			<x8>340.577168</x8>
			<y8>455.8125</y8>
		</polygon>
	</object>
	<object>
		<name>LID</name>
		<pose>Unspecified</pose>
		<truncated>0</truncated>
		<difficult>0</difficult>
		<occluded>0</occluded>
		<bndbox>
			<xmin>342</xmin>
			<xmax>359</xmax>
			<ymin>332</ymin>
			<ymax>468</ymax>
		</bndbox>
		<polygon>
			<x1>352.33611</x1>
			<y1>463.625</y1>
			<x2>357.039686</x2>
			<y2>410.5</y2>
			<x3>357.823616</x3>
			<y3>376.125</y3>
			<x4>357.823616</x4>
			<y4>352.6875</y4>
			<x5>354.687898</x5>
			<y5>330.8125</y5>
			<x6>340.577168</x6>
			<y6>344.875</y6>
			<x7>341.361098</x7>
			<y7>466.75</y7>
			<x8>352.33611</x8>
			<y8>463.625</y8>
		</polygon>
	</object>
	<object>
		<name>LCD</name>
		<pose>Unspecified</pose>
		<truncated>0</truncated>
		<difficult>0</difficult>
		<occluded>0</occluded>
		<bndbox>
			<xmin>357</xmin>
			<xmax>389</xmax>
			<ymin>332</ymin>
			<ymax>513</ymax>
		</bndbox>
		<polygon>
			<x1>377.421852</x1>
			<y1>360.5</y1>
			<x2>368.798628</x2>
			<y2>330.8125</y2>
			<x3>360.959334</x3>
			<y3>335.5</y3>
			<x4>356.255757</x4>
			<y4>430.8125</y4>
			<x5>368.014699</x5>
			<y5>499.5625</y5>
			<x6>376.637923</x6>
			<y6>512.0625</y6>
			<x7>383.693288</x7>
			<y7>488.625</y7>
			<x8>388.396864</x8>
			<y8>427.6875</y8>
			<x9>386.045076</x9>
			<y9>393.3125</y9>
			<x10>377.421852</x10>
			<y10>360.5</y10>
		</polygon>
	</object>
	<object>
		<name>LCU</name>
		<pose>Unspecified</pose>
		<truncated>0</truncated>
		<difficult>0</difficult>
		<occluded>0</occluded>
		<bndbox>
			<xmin>362</xmin>
			<xmax>392</xmax>
			<ymin>177</ymin>
			<ymax>333</ymax>
		</bndbox>
		<polygon>
			<x1>382.909358</x1>
			<y1>177.6875</y1>
			<x2>378.989711</x2>
			<y2>176.125</y2>
			<x3>373.502205</x3>
			<y3>177.6875</y3>
			<x4>360.959334</x4>
			<y4>283.9375</y4>
			<x5>364.095051</x5>
			<y5>323</y5>
			<x6>378.205781</x6>
			<y6>332.375</y6>
			<x7>390.748653</x7>
			<y7>324.5625</y7>
			<x8>389.964723</x8>
			<y8>273</y8>
			<x9>389.180794</x9>
			<y9>204.25</y9>
			<x10>382.909358</x10>
			<y10>177.6875</y10>
		</polygon>
	</object>
	<object>
		<name>LPMU</name>
		<pose>Unspecified</pose>
		<truncated>0</truncated>
		<difficult>0</difficult>
		<occluded>0</occluded>
		<bndbox>
			<xmin>390</xmin>
			<xmax>412</xmax>
			<ymin>177</ymin>
			<ymax>324</ymax>
		</bndbox>
		<polygon>
			<x1>390.748653</x1>
			<y1>179.25</y1>
			<x2>389.180794</x2>
			<y2>291.75</y2>
			<x3>393.88437</x3>
			<y3>323</y3>
			<x4>409.562959</x4>
			<y4>316.75</y4>
			<x5>411.130818</x5>
			<y5>290.1875</y5>
			<x6>407.9951</x6>
			<y6>246.4375</y6>
			<x7>404.075453</x7>
			<y7>201.125</y7>
			<x8>401.723665</x8>
			<y8>176.125</y8>
			<x9>390.748653</x9>
			<y9>179.25</y9>
		</polygon>
	</object>
	<object>
		<name>LMU</name>
		<pose>Unspecified</pose>
		<truncated>0</truncated>
		<difficult>0</difficult>
		<occluded>0</occluded>
		<bndbox>
			<xmin>414</xmin>
			<xmax>457</xmax>
			<ymin>158</ymin>
			<ymax>315</ymax>
		</bndbox>
		<polygon>
			<x1>447.975502</x1>
			<y1>180.8125</y1>
			<x2>447.191573</x2>
			<y2>157.375</y2>
			<x3>427.593337</x3>
			<y3>160.5</y3>
			<x4>413.482607</x4>
			<y4>298</y4>
			<x5>437.00049</x5>
			<y5>313.625</y5>
			<x6>451.11122</x6>
			<y6>299.5625</y6>
			<x7>455.814797</x7>
			<y7>282.375</y7>
			<x8>447.975502</x8>
			<y8>265.1875</y8>
			<x9>447.975502</x9>
			<y9>237.0625</y9>
			<x10>447.975502</x10>
			<y10>180.8125</y10>
		</polygon>
	</object>
	<object>
		<name>LMU</name>
		<pose>Unspecified</pose>
		<truncated>0</truncated>
		<difficult>0</difficult>
		<occluded>0</occluded>
		<bndbox>
			<xmin>448</xmin>
			<xmax>483</xmax>
			<ymin>143</ymin>
			<ymax>283</ymax>
		</bndbox>
		<polygon>
			<x1>461.302303</x1>
			<y1>277.6875</y1>
			<x2>473.845174</x2>
			<y2>271.4375</y2>
			<x3>482.468398</x3>
			<y3>254.25</y3>
			<x4>480.11661</x4>
			<y4>227.6875</y4>
			<x5>474.629103</x5>
			<y5>196.4375</y5>
			<x6>469.141597</x6>
			<y6>169.875</y6>
			<x7>462.870162</x7>
			<y7>151.125</y7>
			<x8>456.598726</x8>
			<y8>141.75</y8>
			<x9>452.679079</x9>
			<y9>160.5</y9>
			<x10>450.327291</x10>
			<y10>212.0625</y10>
			<x11>447.191573</x11>
			<y11>252.6875</y11>
			<x12>451.11122</x12>
			<y12>282.375</y12>
			<x13>461.302303</x13>
			<y13>277.6875</y13>
		</polygon>
	</object>
	<object>
		<name>LPMD</name>
		<pose>Unspecified</pose>
		<truncated>0</truncated>
		<difficult>0</difficult>
		<occluded>0</occluded>
		<bndbox>
			<xmin>380</xmin>
			<xmax>412</xmax>
			<ymin>327</ymin>
			<ymax>477</ymax>
		</bndbox>
		<polygon>
			<x1>407.211171</x1>
			<y1>460.5</y1>
			<x2>411.130818</x2>
			<y2>419.875</y2>
			<x3>405.643312</x3>
			<y3>374.5625</y3>
			<x4>399.371877</x4>
			<y4>346.4375</y4>
			<x5>393.88437</x5>
			<y5>326.125</y5>
			<x6>378.989711</x6>
			<y6>344.875</y6>
			<x7>399.371877</x7>
			<y7>476.125</y7>
			<x8>407.211171</x8>
			<y8>460.5</y8>
		</polygon>
	</object>
	<object>
		<name>LPMD</name>
		<pose>Unspecified</pose>
		<truncated>0</truncated>
		<difficult>0</difficult>
		<occluded>0</occluded>
		<bndbox>
			<xmin>400</xmin>
			<xmax>437</xmax>
			<ymin>321</ymin>
			<ymax>457</ymax>
		</bndbox>
		<polygon>
			<x1>420.537972</x1>
			<y1>324.5625</y1>
			<x2>409.562959</x2>
			<y2>319.875</y2>
			<x3>398.587947</x3>
			<y3>333.9375</y3>
			<x4>422.88976</x4>
			<y4>452.6875</y4>
			<x5>432.296913</x5>
			<y5>455.8125</y5>
			<x6>436.216561</x6>
			<y6>440.1875</y6>
			<x7>434.648702</x7>
			<y7>423</y7>
			<x8>433.080843</x8>
			<y8>408.9375</y8>
			<x9>424.457619</x9>
			<y9>358.9375</y9>
			<x10>420.537972</x10>
			<y10>324.5625</y10>
		</polygon>
	</object>
	<object>
		<name>LMD</name>
		<pose>Unspecified</pose>
		<truncated>0</truncated>
		<difficult>0</difficult>
		<occluded>0</occluded>
		<bndbox>
			<xmin>441</xmin>
			<xmax>500</xmax>
			<ymin>279</ymin>
			<ymax>421</ymax>
		</bndbox>
		<polygon>
			<x1>497.363057</x1>
			<y1>388.625</y1>
			<x2>498.930916</x2>
			<y2>362.0625</y2>
			<x3>476.196962</x3>
			<y3>293.3125</y3>
			<x4>466.005879</x4>
			<y4>277.6875</y4>
			<x5>447.975502</x5>
			<y5>299.5625</y5>
			<x6>440.136208</x6>
			<y6>324.5625</y6>
			<x7>489.523763</x7>
			<y7>419.875</y7>
			<x8>497.363057</x8>
			<y8>388.625</y8>
		</polygon>
	</object>
	<object>
		<name>LMD</name>
		<pose>Unspecified</pose>
		<truncated>0</truncated>
		<difficult>0</difficult>
		<occluded>0</occluded>
		<bndbox>
			<xmin>473</xmin>
			<xmax>531</xmax>
			<ymin>246</ymin>
			<ymax>354</ymax>
		</bndbox>
		<polygon>
			<x1>527.152376</x1>
			<y1>326.125</y1>
			<x2>530.288094</x2>
			<y2>304.25</y2>
			<x3>517.745223</x3>
			<y3>288.625</y3>
			<x4>505.202352</x4>
			<y4>257.375</y4>
			<x5>492.659481</x5>
			<y5>244.875</y5>
			<x6>480.11661</x6>
			<y6>285.5</y6>
			<x7>472.277315</x7>
			<y7>315.1875</y7>
			<x8>490.307692</x8>
			<y8>337.0625</y8>
			<x9>507.55414</x9>
			<y9>352.6875</y9>
			<x10>518.529152</x10>
			<y10>341.75</y10>
			<x11>527.152376</x11>
			<y11>326.125</y11>
		</polygon>
	</object>
</annotation>
