<annotation>
	<folder></folder>
	<filename>1_jpg.rf.ac1911438b18dc7c893e37af53d26c95.jpg</filename>
	<path>1_jpg.rf.ac1911438b18dc7c893e37af53d26c95.jpg</path>
	<source>
		<database>roboflow.com</database>
	</source>
	<size>
		<width>640</width>
		<height>640</height>
		<depth>3</depth>
	</size>
	<segmented>0</segmented>
	<object>
		<name>RCU</name>
		<pose>Unspecified</pose>
		<truncated>0</truncated>
		<difficult>0</difficult>
		<occluded>0</occluded>
		<bndbox>
			<xmin>255</xmin>
			<xmax>280</xmax>
			<ymin>224</ymin>
			<ymax>368</ymax>
		</bndbox>
		<polygon>
			<x1>277.862812</x1>
			<y1>366.75</y1>
			<x2>278.646742</x2>
			<y2>335.5</y2>
			<x3>273.159236</x3>
			<y3>298</y3>
			<x4>270.023518</x4>
			<y4>266.75</y4>
			<x5>266.103871</x5>
			<y5>240.1875</y5>
			<x6>262.968153</x6>
			<y6>223</y6>
			<x7>253.561</x7>
			<y7>224.5625</y7>
			<x8>253.561</x8>
			<y8>276.125</y8>
			<x9>255.128858</x9>
			<y9>330.8125</y9>
			<x10>255.128858</x10>
			<y10>363.625</y10>
			<x11>267.67173</x11>
			<y11>366.75</y11>
			<x12>277.862812</x12>
			<y12>366.75</y12>
		</polygon>
	</object>
	<object>
		<name>RIU</name>
		<pose>Unspecified</pose>
		<truncated>0</truncated>
		<difficult>0</difficult>
		<occluded>0</occluded>
		<bndbox>
			<xmin>277</xmin>
			<xmax>298</xmax>
			<ymin>221</ymin>
			<ymax>372</ymax>
		</bndbox>
		<polygon>
			<x1>295.10926</x1>
			<y1>371.4375</y1>
			<x2>296.677119</x2>
			<y2>343.3125</y2>
			<x3>295.89319</x3>
			<y3>310.5</y3>
			<x4>291.973542</x4>
			<y4>280.8125</y4>
			<x5>291.189613</x5>
			<y5>241.75</y5>
			<x6>288.837825</x6>
			<y6>219.875</y6>
			<x7>275.511024</x7>
			<y7>224.5625</y7>
			<x8>277.078883</x8>
			<y8>271.4375</y8>
			<x9>278.646742</x9>
			<y9>312.0625</y9>
			<x10>278.646742</x10>
			<y10>351.125</y10>
			<x11>279.430671</x11>
			<y11>371.4375</y11>
			<x12>295.10926</x12>
			<y12>371.4375</y12>
		</polygon>
	</object>
	<object>
		<name>RIU</name>
		<pose>Unspecified</pose>
		<truncated>0</truncated>
		<difficult>0</difficult>
		<occluded>0</occluded>
		<bndbox>
			<xmin>299</xmin>
			<xmax>325</xmax>
			<ymin>226</ymin>
			<ymax>372</ymax>
		</bndbox>
		<polygon>
			<x1>315.491426</x1>
			<y1>371.4375</y1>
			<x2>324.11465</x2>
			<y2>368.3125</y2>
			<x3>323.33072</x3>
			<y3>346.4375</y3>
			<x4>324.11465</x4>
			<y4>324.5625</y4>
			<x5>322.546791</x5>
			<y5>273</y5>
			<x6>322.546791</x6>
			<y6>229.25</y6>
			<x7>298.244978</x7>
			<y7>224.5625</y7>
			<x8>301.380696</x8>
			<y8>276.125</y8>
			<x9>300.596766</x9>
			<y9>310.5</y9>
			<x10>299.812837</x10>
			<y10>346.4375</y10>
			<x11>299.028907</x11>
			<y11>368.3125</y11>
			<x12>315.491426</x12>
			<y12>371.4375</y12>
		</polygon>
	</object>
	<object>
		<name>LIU</name>
		<pose>Unspecified</pose>
		<truncated>0</truncated>
		<difficult>0</difficult>
		<occluded>0</occluded>
		<bndbox>
			<xmin>327</xmin>
			<xmax>355</xmax>
			<ymin>222</ymin>
			<ymax>372</ymax>
		</bndbox>
		<polygon>
			<x1>353.120039</x1>
			<y1>327.6875</y1>
			<x2>353.903969</x2>
			<y2>287.0625</y2>
			<x3>353.903969</x3>
			<y3>246.4375</y3>
			<x4>350.768251</x4>
			<y4>221.4375</y4>
			<x5>330.386085</x5>
			<y5>226.125</y5>
			<x6>330.386085</x6>
			<y6>299.5625</y6>
			<x7>328.034297</x7>
			<y7>332.375</y7>
			<x8>326.466438</x8>
			<y8>365.1875</y8>
			<x9>342.145027</x9>
			<y9>371.4375</y9>
			<x10>351.55218</x10>
			<y10>366.75</y10>
			<x11>353.120039</x11>
			<y11>327.6875</y11>
		</polygon>
	</object>
	<object>
		<name>LIU</name>
		<pose>Unspecified</pose>
		<truncated>0</truncated>
		<difficult>0</difficult>
		<occluded>0</occluded>
		<bndbox>
			<xmin>354</xmin>
			<xmax>375</xmax>
			<ymin>227</ymin>
			<ymax>371</ymax>
		</bndbox>
		<polygon>
			<x1>362.527193</x1>
			<y1>368.3125</y1>
			<x2>371.150416</x2>
			<y2>369.875</y2>
			<x3>373.502205</x3>
			<y3>329.25</y3>
			<x4>374.286134</x4>
			<y4>279.25</y4>
			<x5>373.502205</x5>
			<y5>244.875</y5>
			<x6>372.718275</x6>
			<y6>230.8125</y6>
			<x7>360.175404</x7>
			<y7>226.125</y7>
			<x8>360.175404</x8>
			<y8>285.5</y8>
			<x9>357.039686</x9>
			<y9>315.1875</y9>
			<x10>355.471828</x10>
			<y10>346.4375</y10>
			<x11>353.120039</x11>
			<y11>369.875</y11>
			<x12>362.527193</x12>
			<y12>368.3125</y12>
		</polygon>
	</object>
	<object>
		<name>RPMU</name>
		<pose>Unspecified</pose>
		<truncated>0</truncated>
		<difficult>0</difficult>
		<occluded>0</occluded>
		<bndbox>
			<xmin>197</xmin>
			<xmax>237</xmax>
			<ymin>229</ymin>
			<ymax>355</ymax>
		</bndbox>
		<polygon>
			<x1>230.827046</x1>
			<y1>329.25</y1>
			<x2>230.827046</x2>
			<y2>296.4375</y2>
			<x3>233.962763</x3>
			<y3>255.8125</y3>
			<x4>236.314552</x4>
			<y4>227.6875</y4>
			<x5>215.932386</x5>
			<y5>229.25</y5>
			<x6>209.660951</x6>
			<y6>273</y6>
			<x7>204.957374</x7>
			<y7>294.875</y7>
			<x8>196.33415</x8>
			<y8>335.5</y8>
			<x9>201.037727</x9>
			<y9>349.5625</y9>
			<x10>223.771681</x10>
			<y10>354.25</y10>
			<x11>230.827046</x11>
			<y11>329.25</y11>
		</polygon>
	</object>
	<object>
		<name>RMU</name>
		<pose>Unspecified</pose>
		<truncated>0</truncated>
		<difficult>0</difficult>
		<occluded>0</occluded>
		<bndbox>
			<xmin>159</xmin>
			<xmax>198</xmax>
			<ymin>221</ymin>
			<ymax>351</ymax>
		</bndbox>
		<polygon>
			<x1>183.791279</x1>
			<y1>349.5625</y1>
			<x2>192.414503</x2>
			<y2>349.5625</y2>
			<x3>197.118079</x3>
			<y3>313.625</y3>
			<x4>192.414503</x4>
			<y4>290.1875</y4>
			<x5>184.575208</x5>
			<y5>252.6875</y5>
			<x6>179.087702</x6>
			<y6>229.25</y6>
			<x7>157.921607</x7>
			<y7>219.875</y7>
			<x8>160.273395</x8>
			<y8>260.5</y8>
			<x9>161.841254</x9>
			<y9>290.1875</y9>
			<x10>159.489466</x10>
			<y10>326.125</y10>
			<x11>168.11269</x11>
			<y11>348</y11>
			<x12>183.791279</x12>
			<y12>349.5625</y12>
		</polygon>
	</object>
	<object>
		<name>RMD</name>
		<pose>Unspecified</pose>
		<truncated>0</truncated>
		<difficult>0</difficult>
		<occluded>0</occluded>
		<bndbox>
			<xmin>119</xmin>
			<xmax>174</xmax>
			<ymin>318</ymin>
			<ymax>413</ymax>
		</bndbox>
		<polygon>
			<x1>162.625184</x1>
			<y1>341.75</y1>
			<x2>138.323371</x2>
			<y2>316.75</y2>
			<x3>127.348359</x3>
			<y3>354.25</y3>
			<x4>117.941205</x4>
			<y4>379.25</y4>
			<x5>121.076923</x5>
			<y5>396.4375</y5>
			<x6>132.835865</x6>
			<y6>412.0625</y6>
			<x7>146.946595</x7>
			<y7>407.375</y7>
			<x8>172.816267</x8>
			<y8>368.3125</y8>
			<x9>162.625184</x9>
			<y9>341.75</y9>
		</polygon>
	</object>
	<object>
		<name>RID</name>
		<pose>Unspecified</pose>
		<truncated>0</truncated>
		<difficult>0</difficult>
		<occluded>0</occluded>
		<bndbox>
			<xmin>302</xmin>
			<xmax>321</xmax>
			<ymin>387</ymin>
			<ymax>508</ymax>
		</bndbox>
		<polygon>
			<x1>313.923567</x1>
			<y1>502.6875</y1>
			<x2>314.707496</x2>
			<y2>480.8125</y2>
			<x3>317.843214</x3>
			<y3>448</y3>
			<x4>319.411073</x4>
			<y4>424.5625</y4>
			<x5>320.195002</x5>
			<y5>390.1875</y5>
			<x6>303.732484</x6>
			<y6>385.5</y6>
			<x7>302.948555</x7>
			<y7>430.8125</y7>
			<x8>302.164625</x8>
			<y8>452.6875</y8>
			<x9>301.380696</x9>
			<y9>479.25</y9>
			<x10>303.732484</x10>
			<y10>507.375</y10>
			<x11>313.923567</x11>
			<y11>502.6875</y11>
		</polygon>
	</object>
	<object>
		<name>RPMD</name>
		<pose>Unspecified</pose>
		<truncated>0</truncated>
		<difficult>0</difficult>
		<occluded>0</occluded>
		<bndbox>
			<xmin>211</xmin>
			<xmax>251</xmax>
			<ymin>360</ymin>
			<ymax>494</ymax>
		</bndbox>
		<polygon>
			<x1>210.44488</x1>
			<y1>474.5625</y1>
			<x2>214.364527</x2>
			<y2>493.3125</y2>
			<x3>230.043116</x3>
			<y3>485.5</y3>
			<x4>234.746693</x4>
			<y4>466.75</y4>
			<x5>240.234199</x5>
			<y5>429.25</y5>
			<x6>243.369917</x6>
			<y6>410.5</y6>
			<x7>249.641352</x7>
			<y7>363.625</y7>
			<x8>224.55561</x8>
			<y8>358.9375</y8>
			<x9>219.852033</x9>
			<y9>404.25</y9>
			<x10>218.284174</x10>
			<y10>433.9375</y10>
			<x11>215.932386</x11>
			<y11>457.375</y11>
			<x12>210.44488</x12>
			<y12>474.5625</y12>
		</polygon>
	</object>
	<object>
		<name>RPMD</name>
		<pose>Unspecified</pose>
		<truncated>0</truncated>
		<difficult>0</difficult>
		<occluded>0</occluded>
		<bndbox>
			<xmin>233</xmin>
			<xmax>269</xmax>
			<ymin>368</ymin>
			<ymax>508</ymax>
		</bndbox>
		<polygon>
			<x1>237.098481</x1>
			<y1>482.375</y1>
			<x2>232.394904</x2>
			<y2>501.125</y2>
			<x3>244.937776</x3>
			<y3>507.375</y3>
			<x4>250.425282</x4>
			<y4>490.1875</y4>
			<x5>258.264576</x5>
			<y5>455.8125</y5>
			<x6>265.319941</x6>
			<y6>413.625</y6>
			<x7>268.455659</x7>
			<y7>383.9375</y7>
			<x8>249.641352</x8>
			<y8>366.75</y8>
			<x9>245.721705</x9>
			<y9>415.1875</y9>
			<x10>244.153846</x10>
			<y10>437.0625</y10>
			<x11>241.018128</x11>
			<y11>458.9375</y11>
			<x12>237.098481</x12>
			<y12>482.375</y12>
		</polygon>
	</object>
	<object>
		<name>RCD</name>
		<pose>Unspecified</pose>
		<truncated>0</truncated>
		<difficult>0</difficult>
		<occluded>0</occluded>
		<bndbox>
			<xmin>252</xmin>
			<xmax>294</xmax>
			<ymin>383</ymin>
			<ymax>524</ymax>
		</bndbox>
		<polygon>
			<x1>253.561</x1>
			<y1>523</y1>
			<x2>267.67173</x2>
			<y2>521.4375</y2>
			<x3>284.134248</x3>
			<y3>457.375</y3>
			<x4>290.405683</x4>
			<y4>418.3125</y4>
			<x5>292.757472</x5>
			<y5>388.625</y5>
			<x6>270.807447</x6>
			<y6>382.375</y6>
			<x7>266.8878</x7>
			<y7>427.6875</y7>
			<x8>263.752082</x8>
			<y8>449.5625</y8>
			<x9>259.832435</x9>
			<y9>479.25</y9>
			<x10>251.209211</x10>
			<y10>502.6875</y10>
			<x11>253.561</x11>
			<y11>523</y11>
		</polygon>
	</object>
	<object>
		<name>LID</name>
		<pose>Unspecified</pose>
		<truncated>0</truncated>
		<difficult>0</difficult>
		<occluded>0</occluded>
		<bndbox>
			<xmin>324</xmin>
			<xmax>338</xmax>
			<ymin>383</ymin>
			<ymax>504</ymax>
		</bndbox>
		<polygon>
			<x1>331.953944</x1>
			<y1>502.6875</y1>
			<x2>335.873591</x2>
			<y2>488.625</y2>
			<x3>335.873591</x3>
			<y3>455.8125</y3>
			<x4>336.657521</x4>
			<y4>424.5625</y4>
			<x5>337.44145</x5>
			<y5>390.1875</y5>
			<x6>322.546791</x6>
			<y6>382.375</y6>
			<x7>322.546791</x7>
			<y7>423</y7>
			<x8>323.33072</x8>
			<y8>441.75</y8>
			<x9>322.546791</x9>
			<y9>471.4375</y9>
			<x10>323.33072</x10>
			<y10>494.875</y10>
			<x11>331.953944</x11>
			<y11>502.6875</y11>
		</polygon>
	</object>
	<object>
		<name>LID</name>
		<pose>Unspecified</pose>
		<truncated>0</truncated>
		<difficult>0</difficult>
		<occluded>0</occluded>
		<bndbox>
			<xmin>339</xmin>
			<xmax>356</xmax>
			<ymin>390</ymin>
			<ymax>515</ymax>
		</bndbox>
		<polygon>
			<x1>355.471828</x1>
			<y1>501.125</y1>
			<x2>355.471828</x2>
			<y2>477.6875</y2>
			<x3>353.120039</x3>
			<y3>449.5625</y3>
			<x4>351.55218</x4>
			<y4>426.125</y4>
			<x5>354.687898</x5>
			<y5>390.1875</y5>
			<x6>340.577168</x6>
			<y6>388.625</y6>
			<x7>338.22538</x7>
			<y7>424.5625</y7>
			<x8>339.793239</x8>
			<y8>452.6875</y8>
			<x9>341.361098</x9>
			<y9>483.9375</y9>
			<x10>343.712886</x10>
			<y10>513.625</y10>
			<x11>355.471828</x11>
			<y11>501.125</y11>
		</polygon>
	</object>
	<object>
		<name>LCD</name>
		<pose>Unspecified</pose>
		<truncated>0</truncated>
		<difficult>0</difficult>
		<occluded>0</occluded>
		<bndbox>
			<xmin>355</xmin>
			<xmax>382</xmax>
			<ymin>390</ymin>
			<ymax>513</ymax>
		</bndbox>
		<polygon>
			<x1>374.286134</x1>
			<y1>512.0625</y1>
			<x2>380.55757</x2>
			<y2>498</y2>
			<x3>378.205781</x3>
			<y3>458.9375</y3>
			<x4>376.637923</x4>
			<y4>415.1875</y4>
			<x5>375.070064</x5>
			<y5>390.1875</y5>
			<x6>357.039686</x6>
			<y6>388.625</y6>
			<x7>353.903969</x7>
			<y7>410.5</y7>
			<x8>357.039686</x8>
			<y8>441.75</y8>
			<x9>360.175404</x9>
			<y9>469.875</y9>
			<x10>364.095051</x10>
			<y10>496.4375</y10>
			<x11>374.286134</x11>
			<y11>512.0625</y11>
		</polygon>
	</object>
	<object>
		<name>LCU</name>
		<pose>Unspecified</pose>
		<truncated>0</truncated>
		<difficult>0</difficult>
		<occluded>0</occluded>
		<bndbox>
			<xmin>372</xmin>
			<xmax>401</xmax>
			<ymin>235</ymin>
			<ymax>383</ymax>
		</bndbox>
		<polygon>
			<x1>396.236159</x1>
			<y1>365.1875</y1>
			<x2>395.452229</x2>
			<y2>318.3125</y2>
			<x3>397.804018</x3>
			<y3>277.6875</y3>
			<x4>400.155806</x4>
			<y4>237.0625</y4>
			<x5>384.477217</x5>
			<y5>233.9375</y5>
			<x6>378.989711</x6>
			<y6>293.3125</y6>
			<x7>374.286134</x7>
			<y7>343.3125</y7>
			<x8>371.150416</x8>
			<y8>377.6875</y8>
			<x9>387.612935</x9>
			<y9>382.375</y9>
			<x10>388.396864</x10>
			<y10>382.375</y10>
			<x11>396.236159</x11>
			<y11>365.1875</y11>
		</polygon>
	</object>
	<object>
		<name>LPMD</name>
		<pose>Unspecified</pose>
		<truncated>0</truncated>
		<difficult>0</difficult>
		<occluded>0</occluded>
		<bndbox>
			<xmin>380</xmin>
			<xmax>405</xmax>
			<ymin>385</ymin>
			<ymax>507</ymax>
		</bndbox>
		<polygon>
			<x1>385.359955</x1>
			<y1>452.583333</y1>
			<x2>385.359955</x2>
			<y2>477.583333</y2>
			<x3>386.143884</x3>
			<y3>505.708333</y3>
			<x4>400.254614</x4>
			<y4>501.020833</y4>
			<x5>400.254614</x5>
			<y5>474.458333</y5>
			<x6>398.686755</x6>
			<y6>438.520833</y6>
			<x7>404.174261</x7>
			<y7>383.833333</y7>
			<x8>379.872448</x8>
			<y8>386.958333</y8>
			<x9>379.088519</x9>
			<y9>399.458333</y9>
			<x10>381.440307</x10>
			<y10>424.458333</y10>
			<x11>384.576025</x11>
			<y11>433.833333</y11>
			<x12>385.359955</x12>
			<y12>452.583333</y12>
		</polygon>
	</object>
	<object>
		<name>LMU</name>
		<pose>Unspecified</pose>
		<truncated>0</truncated>
		<difficult>0</difficult>
		<occluded>0</occluded>
		<bndbox>
			<xmin>439</xmin>
			<xmax>488</xmax>
			<ymin>235</ymin>
			<ymax>368</ymax>
		</bndbox>
		<polygon>
			<x1>437.784419</x1>
			<y1>346.4375</y1>
			<x2>448.759432</x2>
			<y2>366.75</y2>
			<x3>469.141597</x3>
			<y3>366.75</y3>
			<x4>471.493386</x4>
			<y4>340.1875</y4>
			<x5>474.629103</x5>
			<y5>312.0625</y5>
			<x6>480.11661</x6>
			<y6>277.6875</y6>
			<x7>487.171975</x7>
			<y7>233.9375</y7>
			<x8>461.302303</x8>
			<y8>237.0625</y8>
			<x9>455.030867</x9>
			<y9>263.625</y9>
			<x10>450.327291</x10>
			<y10>296.4375</y10>
			<x11>441.704067</x11>
			<y11>323</y11>
			<x12>437.784419</x12>
			<y12>346.4375</y12>
		</polygon>
	</object>
	<object>
		<name>LMU</name>
		<pose>Unspecified</pose>
		<truncated>0</truncated>
		<difficult>0</difficult>
		<occluded>0</occluded>
		<bndbox>
			<xmin>470</xmin>
			<xmax>505</xmax>
			<ymin>233</ymin>
			<ymax>372</ymax>
		</bndbox>
		<polygon>
			<x1>473.845174</x1>
			<y1>330.8125</y1>
			<x2>469.141597</x2>
			<y2>362.0625</y2>
			<x3>474.629103</x3>
			<y3>366.75</y3>
			<x4>484.820186</x4>
			<y4>371.4375</y4>
			<x5>498.146987</x5>
			<y5>365.1875</y5>
			<x6>498.930916</x6>
			<y6>340.1875</y6>
			<x7>498.930916</x7>
			<y7>305.8125</y7>
			<x8>501.282705</x8>
			<y8>273</y8>
			<x9>503.580799</x9>
			<y9>237.882991</y9>
			<x10>497.363057</x10>
			<y10>232.375</y10>
			<x11>485.604116</x11>
			<y11>243.3125</y11>
			<x12>482.468398</x12>
			<y12>268.3125</y12>
			<x13>476.980892</x13>
			<y13>301.125</y13>
			<x14>473.845174</x14>
			<y14>330.8125</y14>
		</polygon>
	</object>
	<object>
		<name>LPMD</name>
		<pose>Unspecified</pose>
		<truncated>0</truncated>
		<difficult>0</difficult>
		<occluded>0</occluded>
		<bndbox>
			<xmin>421</xmin>
			<xmax>472</xmax>
			<ymin>358</ymin>
			<ymax>502</ymax>
		</bndbox>
		<polygon>
			<x1>444.839784</x1>
			<y1>501.125</y1>
			<x2>470.709456</x2>
			<y2>501.125</y2>
			<x3>467.573738</x3>
			<y3>474.5625</y3>
			<x4>458.166585</x4>
			<y4>424.5625</y4>
			<x5>454.246938</x5>
			<y5>362.0625</y5>
			<x6>419.754042</x6>
			<y6>357.375</y6>
			<x7>422.10583</x7>
			<y7>396.4375</y7>
			<x8>426.809407</x8>
			<y8>429.25</y8>
			<x9>429.945125</x9>
			<y9>458.9375</y9>
			<x10>434.648702</x10>
			<y10>490.1875</y10>
			<x11>444.839784</x11>
			<y11>501.125</y11>
		</polygon>
	</object>
</annotation>
