<annotation>
	<folder></folder>
	<filename>207_jpg.rf.fe572ec936ad50fadde82747157cb02d.jpg</filename>
	<path>207_jpg.rf.fe572ec936ad50fadde82747157cb02d.jpg</path>
	<source>
		<database>roboflow.com</database>
	</source>
	<size>
		<width>640</width>
		<height>640</height>
		<depth>3</depth>
	</size>
	<segmented>0</segmented>
	<object>
		<name>LMU</name>
		<pose>Unspecified</pose>
		<truncated>0</truncated>
		<difficult>0</difficult>
		<occluded>0</occluded>
		<bndbox>
			<xmin>392</xmin>
			<xmax>434</xmax>
			<ymin>223</ymin>
			<ymax>377</ymax>
		</bndbox>
		<polygon>
			<x1>392.512122</x1>
			<y1>358.002054</y1>
			<x2>398.702609</x2>
			<y2>370.335072</y2>
			<x3>406.053812</x3>
			<y3>375.730768</y3>
			<x4>421.916934</x4>
			<y4>371.876699</y4>
			<x5>431.202664</x5>
			<y5>356.460426</y5>
			<x6>432.750286</x6>
			<y6>331.794389</y6>
			<x7>426.946704</x7>
			<y7>242.380006</y7>
			<x8>418.821691</x8>
			<y8>221.568037</y8>
			<x9>402.958568</x9>
			<y9>237.755124</y9>
			<x10>397.154987</x10>
			<y10>277.06662</y10>
			<x11>396.381176</x11>
			<y11>304.045098</y11>
			<x12>391.351406</x12>
			<y12>342.585781</y12>
			<x13>392.512122</x13>
			<y13>358.002054</y13>
		</polygon>
	</object>
	<object>
		<name>LPMU</name>
		<pose>Unspecified</pose>
		<truncated>0</truncated>
		<difficult>0</difficult>
		<occluded>0</occluded>
		<bndbox>
			<xmin>370</xmin>
			<xmax>404</xmax>
			<ymin>228</ymin>
			<ymax>374</ymax>
		</bndbox>
		<polygon>
			<x1>377.809716</x1>
			<y1>236.98431</y1>
			<x2>371.61923</x2>
			<y2>314.836489</y2>
			<x3>369.297797</x3>
			<y3>347.210662</y3>
			<x4>378.583527</x4>
			<y4>373.418327</y4>
			<x5>392.899027</x5>
			<y5>373.418327</y5>
			<x6>402.958568</x6>
			<y6>354.918799</y6>
			<x7>392.512122</x7>
			<y7>232.359428</y7>
			<x8>384.774014</x8>
			<y8>226.963733</y8>
			<x9>377.809716</x9>
			<y9>236.98431</y9>
		</polygon>
	</object>
	<object>
		<name>LPMD</name>
		<pose>Unspecified</pose>
		<truncated>0</truncated>
		<difficult>0</difficult>
		<occluded>0</occluded>
		<bndbox>
			<xmin>369</xmin>
			<xmax>410</xmax>
			<ymin>353</ymin>
			<ymax>497</ymax>
		</bndbox>
		<polygon>
			<x1>371.709701</x1>
			<y1>352.063825</y1>
			<x2>367.604471</x2>
			<y2>355.941014</y2>
			<x3>367.575596</x3>
			<y3>379.940141</y3>
			<x4>373.299741</x4>
			<y4>396.412509</y4>
			<x5>379.659902</x5>
			<y5>419.220404</y5>
			<x6>385.384047</x6>
			<y6>454.699351</y6>
			<x7>390.472176</x7>
			<y7>478.140799</y7>
			<x8>399.376401</x8>
			<y8>489.544746</y8>
			<x9>405.100546</x9>
			<y9>495.880273</y9>
			<x10>408.598635</x10>
			<y10>485.743431</y10>
			<x11>405.100546</x11>
			<y11>464.836194</y11>
			<x12>399.694409</x12>
			<y12>427.456588</y12>
			<x13>397.786361</x13>
			<y13>394.511851</y13>
			<x14>396.832337</x14>
			<y14>363.467772</y14>
			<x15>395.242297</x15>
			<y15>353.964483</y15>
			<x16>390.472176</x16>
			<y16>352.063825</y16>
			<x17>385.066039</x17>
			<y17>353.964483</y17>
			<x18>371.709701</x18>
			<y18>352.063825</y18>
		</polygon>
	</object>
	<object>
		<name>LPMD</name>
		<pose>Unspecified</pose>
		<truncated>0</truncated>
		<difficult>0</difficult>
		<occluded>0</occluded>
		<bndbox>
			<xmin>337</xmin>
			<xmax>361</xmax>
			<ymin>358</ymin>
			<ymax>518</ymax>
		</bndbox>
		<polygon>
			<x1>356.127307</x1>
			<y1>516.744876</y1>
			<x2>359.307387</x2>
			<y2>503.44027</y2>
			<x3>359.943403</x3>
			<y3>386.866586</y3>
			<x4>356.127307</x4>
			<y4>365.959349</y4>
			<x5>345.315033</x5>
			<y5>357.089612</y5>
			<x6>338.024815</x6>
			<y6>366.718119</y6>
			<x7>335.774791</x7>
			<y7>376.729743</y7>
			<x8>337.046823</x8>
			<y8>386.233033</y8>
			<x9>340.86292</x9>
			<y9>426.146849</y9>
			<x10>347.859097</x10>
			<y10>501.539612</y10>
			<x11>356.127307</x11>
			<y11>516.744876</y11>
		</polygon>
	</object>
	<object>
		<name>LCD</name>
		<pose>Unspecified</pose>
		<truncated>0</truncated>
		<difficult>0</difficult>
		<occluded>0</occluded>
		<bndbox>
			<xmin>324</xmin>
			<xmax>342</xmax>
			<ymin>367</ymin>
			<ymax>496</ymax>
		</bndbox>
		<polygon>
			<x1>325.821917</x1>
			<y1>428.347022</y1>
			<x2>325.821917</x2>
			<y2>462.895726</y2>
			<x3>327.329876</x3>
			<y3>480.921136</y3>
			<x4>333.361709</x4>
			<y4>492.938077</y4>
			<x5>338.388237</x5>
			<y5>495.441606</y5>
			<x6>337.885584</x6>
			<y6>419.334317</y6>
			<x7>340.9015</x7>
			<y7>379.778554</y7>
			<x8>339.142215</x8>
			<y8>369.263732</y8>
			<x9>332.105077</x9>
			<y9>366.259497</y9>
			<x10>326.827223</x10>
			<y10>368.26232</y10>
			<x11>323.074684</x11>
			<y11>376.370704</y11>
			<x12>323.057327</x12>
			<y12>394.79973</y12>
			<x13>325.821917</x13>
			<y13>408.318788</y13>
			<x14>325.821917</x14>
			<y14>428.347022</y14>
		</polygon>
	</object>
	<object>
		<name>LID</name>
		<pose>Unspecified</pose>
		<truncated>0</truncated>
		<difficult>0</difficult>
		<occluded>0</occluded>
		<bndbox>
			<xmin>315</xmin>
			<xmax>329</xmax>
			<ymin>373</ymin>
			<ymax>474</ymax>
		</bndbox>
		<polygon>
			<x1>318.030799</x1>
			<y1>473.410549</y1>
			<x2>324.062633</x2>
			<y2>472.409137</y2>
			<x3>327.329876</x3>
			<y3>399.306083</y3>
			<x4>328.335181</x4>
			<y4>376.774319</y4>
			<x5>320.79539</x5>
			<y5>372.267967</y5>
			<x6>316.020189</x6>
			<y6>372.267967</y6>
			<x7>313.774065</x7>
			<y7>381.881899</y7>
			<x8>314.51223</x8>
			<y8>401.809612</y8>
			<x9>314.763557</x9>
			<y9>425.342787</y9>
			<x10>314.009577</x10>
			<y10>451.880197</y10>
			<x11>314.260904</x11>
			<y11>467.402078</y11>
			<x12>318.030799</x12>
			<y12>473.410549</y12>
		</polygon>
	</object>
	<object>
		<name>LID</name>
		<pose>Unspecified</pose>
		<truncated>0</truncated>
		<difficult>0</difficult>
		<occluded>0</occluded>
		<bndbox>
			<xmin>299</xmin>
			<xmax>319</xmax>
			<ymin>380</ymin>
			<ymax>496</ymax>
		</bndbox>
		<polygon>
			<x1>297.924689</x1>
			<y1>475.413372</y1>
			<x2>302.69989</x2>
			<y2>495.441606</y2>
			<x3>305.715807</x3>
			<y3>487.430313</y3>
			<x4>311.496314</x4>
			<y4>465.399255</y4>
			<x5>312.752946</x5>
			<y5>420.335729</y5>
			<x6>317.779473</x6>
			<y6>392.796907</y6>
			<x7>317.528147</x7>
			<y7>383.283496</y7>
			<x8>311.74764</x8>
			<y8>378.777143</y8>
			<x9>303.719341</x9>
			<y9>379.376811</y9>
			<x10>302.951216</x10>
			<y10>396.301848</y10>
			<x11>301.694585</x11>
			<y11>413.325847</y11>
			<x12>299.683973</x12>
			<y12>458.890079</y12>
			<x13>297.924689</x13>
			<y13>475.413372</y13>
		</polygon>
	</object>
	<object>
		<name>RID</name>
		<pose>Unspecified</pose>
		<truncated>0</truncated>
		<difficult>0</difficult>
		<occluded>0</occluded>
		<bndbox>
			<xmin>285</xmin>
			<xmax>306</xmax>
			<ymin>385</ymin>
			<ymax>495</ymax>
		</bndbox>
		<polygon>
			<x1>288.13452</x1>
			<y1>384.888007</y1>
			<x2>287.117654</x2>
			<y2>416.830787</y2>
			<x3>284.101738</x3>
			<y3>468.904196</y3>
			<x4>284.604391</x4>
			<y4>488.93243</y4>
			<x5>291.390203</x5>
			<y5>493.939489</y5>
			<x6>301.443258</x6>
			<y6>421.837846</y6>
			<x7>304.961828</x7>
			<y7>387.289143</y7>
			<x8>300.689279</x8>
			<y8>384.284907</y8>
			<x9>288.13452</x9>
			<y9>384.888007</y9>
		</polygon>
	</object>
	<object>
		<name>RID</name>
		<pose>Unspecified</pose>
		<truncated>0</truncated>
		<difficult>0</difficult>
		<occluded>0</occluded>
		<bndbox>
			<xmin>262</xmin>
			<xmax>293</xmax>
			<ymin>378</ymin>
			<ymax>512</ymax>
		</bndbox>
		<polygon>
			<x1>270.278787</x1>
			<y1>507.458546</y1>
			<x2>274.551335</x2>
			<y2>497.945135</y2>
			<x3>282.091127</x3>
			<y3>445.371021</y3>
			<x4>285.609696</x4>
			<y4>417.331493</y4>
			<x5>291.641529</x5>
			<y5>385.286319</y5>
			<x6>277.567252</x6>
			<y6>377.275026</y6>
			<x7>273.54603</x7>
			<y7>377.275026</y7>
			<x8>271.535419</x8>
			<y8>381.280672</y8>
			<x9>270.538754</x9>
			<y9>388.896149</y9>
			<x10>260.979711</x10>
			<y10>495.942312</y10>
			<x11>262.487669</x11>
			<y11>505.455723</y11>
			<x12>267.26287</x12>
			<y12>510.963488</y12>
			<x13>270.278787</x13>
			<y13>507.458546</y13>
		</polygon>
	</object>
	<object>
		<name>RPMD</name>
		<pose>Unspecified</pose>
		<truncated>0</truncated>
		<difficult>0</difficult>
		<occluded>0</occluded>
		<bndbox>
			<xmin>248</xmin>
			<xmax>278</xmax>
			<ymin>361</ymin>
			<ymax>510</ymax>
		</bndbox>
		<polygon>
			<x1>258.466447</x1>
			<y1>499.981653</y1>
			<x2>261.482363</x2>
			<y2>471.441419</y2>
			<x3>265.252259</x3>
			<y3>430.38354</y3>
			<x4>277.064599</x4>
			<y4>385.320013</y4>
			<x5>263.744301</x5>
			<y5>359.750321</y5>
			<x6>252.937267</x6>
			<y6>371.266555</y6>
			<x7>249.167371</x7>
			<y7>429.348434</y7>
			<x8>246.654107</x8>
			<y8>497.444429</y8>
			<x9>247.408086</x9>
			<y9>507.458546</y9>
			<x10>253.691245</x10>
			<y10>508.994358</y10>
			<x11>258.466447</x11>
			<y11>499.981653</y11>
		</polygon>
	</object>
	<object>
		<name>RPMD</name>
		<pose>Unspecified</pose>
		<truncated>0</truncated>
		<difficult>0</difficult>
		<occluded>0</occluded>
		<bndbox>
			<xmin>218</xmin>
			<xmax>262</xmax>
			<ymin>358</ymin>
			<ymax>495</ymax>
		</bndbox>
		<polygon>
			<x1>259.834241</x1>
			<y1>386.321425</y1>
			<x2>261.090873</x2>
			<y2>375.806602</y2>
			<x3>255.561692</x3>
			<y3>363.288956</y3>
			<x4>249.027206</x4>
			<y4>364.290368</y4>
			<x5>242.888265</x5>
			<y5>357.332026</y5>
			<x6>232.077177</x6>
			<y6>363.789662</y6>
			<x7>226.547996</x7>
			<y7>429.882834</y7>
			<x8>217.360082</x8>
			<y8>491.469654</y8>
			<x9>229.423749</x9>
			<y9>494.473889</y9>
			<x10>244.503331</x10>
			<y10>453.916715</y10>
			<x11>259.834241</x11>
			<y11>386.321425</y11>
		</polygon>
	</object>
	<metadata>
		<tags>
			<tag>teeth</tag>
		</tags>
	</metadata>
</annotation>
