<annotation>
	<folder></folder>
	<filename>213_jpg.rf.d5363de2a0aa900c008365e889f354f3.jpg</filename>
	<path>213_jpg.rf.d5363de2a0aa900c008365e889f354f3.jpg</path>
	<source>
		<database>roboflow.com</database>
	</source>
	<size>
		<width>640</width>
		<height>640</height>
		<depth>3</depth>
	</size>
	<segmented>0</segmented>
	<object>
		<name>RMU</name>
		<pose>Unspecified</pose>
		<truncated>0</truncated>
		<difficult>0</difficult>
		<occluded>0</occluded>
		<bndbox>
			<xmin>132</xmin>
			<xmax>163</xmax>
			<ymin>133</ymin>
			<ymax>245</ymax>
		</bndbox>
		<polygon>
			<x1>132.006215</x1>
			<y1>192.837063</y1>
			<x2>131.34474</x2>
			<y2>211.945011</y2>
			<x3>133.659904</x3>
			<y3>225.122905</y3>
			<x4>144.243514</x4>
			<y4>243.571958</y4>
			<x5>149.866056</x5>
			<y5>236.983011</y5>
			<x6>158.465239</x6>
			<y6>221.169537</y6>
			<x7>162.434093</x7>
			<y7>176.364694</y7>
			<x8>162.434093</x8>
			<y8>151.985589</y8>
			<x9>159.457453</x9>
			<y9>133.536536</y9>
			<x10>152.181221</x10>
			<y10>132.218747</y10>
			<x11>146.580186</x11>
			<y11>144.816244</y11>
			<x12>144.574252</x12>
			<y12>169.775747</y12>
			<x13>137.628758</x13>
			<y13>180.318063</y13>
			<x14>132.006215</x14>
			<y14>192.837063</y14>
		</polygon>
	</object>
	<object>
		<name>RMU</name>
		<pose>Unspecified</pose>
		<truncated>0</truncated>
		<difficult>0</difficult>
		<occluded>0</occluded>
		<bndbox>
			<xmin>150</xmin>
			<xmax>189</xmax>
			<ymin>152</ymin>
			<ymax>284</ymax>
		</bndbox>
		<polygon>
			<x1>158.795977</x1>
			<y1>271.904432</y1>
			<x2>166.402946</x2>
			<y2>283.105642</y2>
			<x3>176.986556</x3>
			<y3>275.8578</y3>
			<x4>181.947623</x4>
			<y4>266.633274</y4>
			<x5>184.593526</x5>
			<y5>226.440695</y5>
			<x6>187.900904</x6>
			<y6>183.612537</y6>
			<x7>184.924263</x7>
			<y7>161.86901</y7>
			<x8>177.648032</x8>
			<y8>150.667799</y8>
			<x9>169.048849</x9>
			<y9>157.915642</y9>
			<x10>158.465239</x10>
			<y10>219.851747</y10>
			<x11>149.866056</x11>
			<y11>237.641906</y11>
			<x12>148.543105</x12>
			<y12>254.773169</y12>
			<x13>158.795977</x13>
			<y13>271.904432</y13>
		</polygon>
	</object>
	<object>
		<name>RMU</name>
		<pose>Unspecified</pose>
		<truncated>0</truncated>
		<difficult>0</difficult>
		<occluded>0</occluded>
		<bndbox>
			<xmin>177</xmin>
			<xmax>217</xmax>
			<ymin>163</ymin>
			<ymax>312</ymax>
		</bndbox>
		<polygon>
			<x1>179.632459</x1>
			<y1>246.207537</y1>
			<x2>175.994343</x2>
			<y2>271.245537</y2>
			<x3>182.278361</x3>
			<y3>298.919116</y3>
			<x4>191.208282</x4>
			<y4>296.942432</y4>
			<x5>199.476727</x5>
			<y5>311.438116</y5>
			<x6>209.398861</x6>
			<y6>302.872484</y6>
			<x7>214.02919</x7>
			<y7>286.400116</y7>
			<x8>215.021403</x8>
			<y8>247.525326</y8>
			<x9>216.013617</x9>
			<y9>199.426011</y9>
			<x10>213.698452</x10>
			<y10>177.023589</y10>
			<x11>205.099269</x11>
			<y11>161.86901</y11>
			<x12>199.476727</x12>
			<y12>166.481273</y12>
			<x13>193.882191</x13>
			<y13>169.869846</y13>
			<x14>186.577952</x14>
			<y14>230.394063</y14>
			<x15>179.632459</x15>
			<y15>246.207537</y15>
		</polygon>
	</object>
	<object>
		<name>RMD</name>
		<pose>Unspecified</pose>
		<truncated>0</truncated>
		<difficult>0</difficult>
		<occluded>0</occluded>
		<bndbox>
			<xmin>105</xmin>
			<xmax>166</xmax>
			<ymin>245</ymin>
			<ymax>351</ymax>
		</bndbox>
		<polygon>
			<x1>128.037362</x1>
			<y1>279.152274</y1>
			<x2>104.22424</x2>
			<y2>308.802537</y2>
			<x3>106.870142</x3>
			<y3>319.344853</y3>
			<x4>124.399246</x4>
			<y4>325.274906</y4>
			<x5>116.461538</x5>
			<y5>344.382853</y5>
			<x6>128.037362</x6>
			<y6>350.312906</y6>
			<x7>139.943922</x7>
			<y7>341.088379</y7>
			<x8>151.850483</x8>
			<y8>327.910485</y8>
			<x9>164.749257</x9>
			<y9>311.438116</y9>
			<x10>165.410733</x10>
			<y10>290.353484</y10>
			<x11>158.134501</x11>
			<y11>269.927748</y11>
			<x12>150.527532</x12>
			<y12>259.385432</y12>
			<x13>144.574252</x13>
			<y13>248.843116</y13>
			<x14>141.266873</x14>
			<y14>244.230852</y14>
			<x15>137.318255</x15>
			<y15>250.964396</y15>
			<x16>128.037362</x16>
			<y16>279.152274</y16>
		</polygon>
	</object>
	<object>
		<name>RPMU</name>
		<pose>Unspecified</pose>
		<truncated>0</truncated>
		<difficult>0</difficult>
		<occluded>0</occluded>
		<bndbox>
			<xmin>213</xmin>
			<xmax>241</xmax>
			<ymin>152</ymin>
			<ymax>303</ymax>
		</bndbox>
		<polygon>
			<x1>232.550507</x1>
			<y1>294.306853</y1>
			<x2>240.157476</x2>
			<y2>277.17559</y2>
			<x3>237.180836</x3>
			<y3>238.959695</y3>
			<x4>235.196409</x4>
			<y4>192.178168</y4>
			<x5>232.550507</x5>
			<y5>166.481273</y5>
			<x6>229.573866</x6>
			<y6>151.326694</y6>
			<x7>219.352501</x7>
			<y7>161.958182</y7>
			<x8>211.714025</x8>
			<y8>268.609958</y8>
			<x9>212.706239</x9>
			<y9>289.035695</y9>
			<x10>218.328781</x10>
			<y10>300.895801</y10>
			<x11>224.612799</x11>
			<y11>301.554695</y11>
			<x12>232.550507</x12>
			<y12>294.306853</y12>
		</polygon>
	</object>
	<object>
		<name>RPMU</name>
		<pose>Unspecified</pose>
		<truncated>0</truncated>
		<difficult>0</difficult>
		<occluded>0</occluded>
		<bndbox>
			<xmin>228</xmin>
			<xmax>259</xmax>
			<ymin>151</ymin>
			<ymax>318</ymax>
		</bndbox>
		<polygon>
			<x1>257.68658</x1>
			<y1>286.400116</y1>
			<x2>257.68658</x2>
			<y2>276.516695</y2>
			<x3>250.07961</x3>
			<y3>158.574536</y3>
			<x4>244.457068</x4>
			<y4>150.008905</y4>
			<x5>238.53793</x5>
			<y5>159.980266</y5>
			<x6>226.927964</x6>
			<y6>288.376801</y6>
			<x7>235.527147</x7>
			<y7>317.368169</y7>
			<x8>241.811165</x8>
			<y8>314.73259</y8>
			<x9>248.095183</x9>
			<y9>306.166958</y9>
			<x10>253.717726</x10>
			<y10>301.554695</y10>
			<x11>257.68658</x11>
			<y11>286.400116</y11>
		</polygon>
	</object>
	<object>
		<name>RPMD</name>
		<pose>Unspecified</pose>
		<truncated>0</truncated>
		<difficult>0</difficult>
		<occluded>0</occluded>
		<bndbox>
			<xmin>206</xmin>
			<xmax>245</xmax>
			<ymin>318</ymin>
			<ymax>461</ymax>
		</bndbox>
		<polygon>
			<x1>207.414434</x1>
			<y1>460.392667</y1>
			<x2>213.698452</x2>
			<y2>459.733773</y2>
			<x3>225.605013</x3>
			<y3>432.719088</y3>
			<x4>237.842311</x4>
			<y4>370.124088</y4>
			<x5>244.457068</x5>
			<y5>341.791614</y5>
			<x6>233.54272</x6>
			<y6>317.412509</y6>
			<x7>231.227556</x7>
			<y7>318.071403</y7>
			<x8>217.00583</x8>
			<y8>325.319246</y8>
			<x9>214.359928</x9>
			<y9>349.698351</y9>
			<x10>214.02919</x10>
			<y10>384.619772</y10>
			<x11>205.099269</x11>
			<y11>442.602509</y11>
			<x12>207.414434</x12>
			<y12>460.392667</y12>
		</polygon>
	</object>
	<object>
		<name>RPMD</name>
		<pose>Unspecified</pose>
		<truncated>0</truncated>
		<difficult>0</difficult>
		<occluded>0</occluded>
		<bndbox>
			<xmin>231</xmin>
			<xmax>264</xmax>
			<ymin>326</ymin>
			<ymax>463</ymax>
		</bndbox>
		<polygon>
			<x1>263.309122</x1>
			<y1>354.310614</y1>
			<x2>259.671007</x2>
			<y2>327.954824</y2>
			<x3>250.446127</x3>
			<y3>325.465894</y3>
			<x4>237.511574</x4>
			<y4>339.156035</y4>
			<x5>234.865671</x5>
			<y5>404.386614</y5>
			<x6>229.904604</x6>
			<y6>441.284719</y6>
			<x7>231.558293</x7>
			<y7>462.369351</y7>
			<x8>243.464854</x8>
			<y8>451.827036</y8>
			<x9>255.040677</x9>
			<y9>396.479878</y9>
			<x10>263.309122</x10>
			<y10>354.310614</y10>
		</polygon>
	</object>
	<object>
		<name>RCU</name>
		<pose>Unspecified</pose>
		<truncated>0</truncated>
		<difficult>0</difficult>
		<occluded>0</occluded>
		<bndbox>
			<xmin>248</xmin>
			<xmax>276</xmax>
			<ymin>157</ymin>
			<ymax>326</ymax>
		</bndbox>
		<polygon>
			<x1>252.064037</x1>
			<y1>185.633561</y1>
			<x2>250.741086</x2>
			<y2>264.700929</y2>
			<x3>247.433708</x3>
			<y3>293.692297</y3>
			<x4>248.425921</x4>
			<y4>310.823561</y4>
			<x5>253.717726</x5>
			<y5>325.319246</y5>
			<x6>266.6165</x6>
			<y6>324.660351</y6>
			<x7>274.884945</x7>
			<y7>308.187982</y7>
			<x8>275.215683</x8>
			<y8>287.762245</y8>
			<x9>272.569781</x9>
			<y9>238.345139</y9>
			<x10>263.015891</x10>
			<y10>159.980266</y10>
			<x11>263.63986</x11>
			<y11>159.936666</y11>
			<x12>250.741086</x12>
			<y12>155.983297</y12>
			<x13>252.064037</x13>
			<y13>185.633561</y13>
		</polygon>
	</object>
	<object>
		<name>RCD</name>
		<pose>Unspecified</pose>
		<truncated>0</truncated>
		<difficult>0</difficult>
		<occluded>0</occluded>
		<bndbox>
			<xmin>241</xmin>
			<xmax>283</xmax>
			<ymin>334</ymin>
			<ymax>471</ymax>
		</bndbox>
		<polygon>
			<x1>270.585354</x1>
			<y1>422.835667</y1>
			<x2>279.846012</x2>
			<y2>380.007509</y2>
			<x3>281.830439</x3>
			<y3>360.240667</y3>
			<x4>281.499701</x4>
			<y4>347.062772</y4>
			<x5>275.916438</x5>
			<y5>333.377557</y5>
			<x6>259.671007</x6>
			<y6>345.086087</y6>
			<x7>259.009531</x7>
			<y7>375.395246</y7>
			<x8>240.157476</x8>
			<y8>466.32272</y8>
			<x9>246.772232</x9>
			<y9>470.276088</y9>
			<x10>255.371415</x10>
			<y10>461.051562</y10>
			<x11>270.585354</x11>
			<y11>422.835667</y11>
		</polygon>
	</object>
	<object>
		<name>RIU</name>
		<pose>Unspecified</pose>
		<truncated>0</truncated>
		<difficult>0</difficult>
		<occluded>0</occluded>
		<bndbox>
			<xmin>275</xmin>
			<xmax>297</xmax>
			<ymin>185</ymin>
			<ymax>330</ymax>
		</bndbox>
		<polygon>
			<x1>286.791506</x1>
			<y1>328.613719</y1>
			<x2>291.752573</x2>
			<y2>326.637035</y2>
			<x3>296.382902</x3>
			<y3>314.118035</y3>
			<x4>295.721427</x4>
			<y4>279.196614</y4>
			<x5>295.390689</x5>
			<y5>198.152561</y5>
			<x6>290.429622</x6>
			<y6>183.656876</y6>
			<x7>281.20897</x7>
			<y7>185.693173</y7>
			<x8>277.530848</x8>
			<y8>242.957403</y8>
			<x9>273.561994</x9>
			<y9>298.304561</y9>
			<x10>276.538634</x10>
			<y10>314.776929</y10>
			<x11>280.17675</x11>
			<y11>327.954824</y11>
			<x12>286.791506</x12>
			<y12>328.613719</y12>
		</polygon>
	</object>
	<object>
		<name>RIU</name>
		<pose>Unspecified</pose>
		<truncated>0</truncated>
		<difficult>0</difficult>
		<occluded>0</occluded>
		<bndbox>
			<xmin>297</xmin>
			<xmax>325</xmax>
			<ymin>170</ymin>
			<ymax>334</ymax>
		</bndbox>
		<polygon>
			<x1>318.873073</x1>
			<y1>192.881402</y1>
			<x2>312.258317</x2>
			<y2>168.502297</y2>
			<x3>304.69458</x3>
			<y3>176.462898</y3>
			<x4>296.382902</x4>
			<y4>280.514403</y4>
			<x5>296.052165</x5>
			<y5>327.954824</y5>
			<x6>313.25053</x6>
			<y6>333.225983</y6>
			<x7>322.841927</x7>
			<y7>325.97814</y7>
			<x8>323.83414</x8>
			<y8>292.374508</y8>
			<x9>322.511189</x9>
			<y9>262.724245</y9>
			<x10>318.873073</x10>
			<y10>192.881402</y10>
		</polygon>
	</object>
	<object>
		<name>RID</name>
		<pose>Unspecified</pose>
		<truncated>0</truncated>
		<difficult>0</difficult>
		<occluded>0</occluded>
		<bndbox>
			<xmin>272</xmin>
			<xmax>302</xmax>
			<ymin>332</ymin>
			<ymax>451</ymax>
		</bndbox>
		<polygon>
			<x1>285.839935</x1>
			<y1>330.740337</y1>
			<x2>280.507488</x2>
			<y2>343.768298</y2>
			<x3>281.499701</x3>
			<y3>383.301983</y3>
			<x4>270.585354</x4>
			<y4>447.214772</y4>
			<x5>278.556059</x5>
			<y5>450.425482</y5>
			<x6>290.793357</x6>
			<y6>424.069692</y6>
			<x7>298.731065</x7>
			<y7>364.769166</y7>
			<x8>301.376967</x8>
			<y8>342.366745</y8>
			<x9>285.839935</x9>
			<y9>330.740337</y9>
		</polygon>
	</object>
	<object>
		<name>RID</name>
		<pose>Unspecified</pose>
		<truncated>0</truncated>
		<difficult>0</difficult>
		<occluded>0</occluded>
		<bndbox>
			<xmin>291</xmin>
			<xmax>318</xmax>
			<ymin>335</ymin>
			<ymax>440</ymax>
		</bndbox>
		<polygon>
			<x1>302.699918</x1>
			<y1>429.999745</y1>
			<x2>310.968363</x2>
			<y2>400.349482</y2>
			<x3>317.252381</x3>
			<y3>342.366745</y3>
			<x4>303.361394</x4>
			<y4>334.460008</y4>
			<x5>300.054016</x5>
			<y5>343.684534</y5>
			<x6>290.46262</x6>
			<y6>438.565377</y6>
			<x7>302.699918</x7>
			<y7>429.999745</y7>
		</polygon>
	</object>
	<object>
		<name>LID</name>
		<pose>Unspecified</pose>
		<truncated>0</truncated>
		<difficult>0</difficult>
		<occluded>0</occluded>
		<bndbox>
			<xmin>312</xmin>
			<xmax>332</xmax>
			<ymin>346</ymin>
			<ymax>457</ymax>
		</bndbox>
		<polygon>
			<x1>311.299101</x1>
			<y1>426.046377</y1>
			<x2>314.606479</x2>
			<y2>455.69664</y2>
			<x3>321.551973</x3>
			<y3>433.953114</y3>
			<x4>328.497467</x4>
			<y4>402.326166</y4>
			<x5>331.474107</x5>
			<y5>374.652587</y5>
			<x6>331.192965</x6>
			<y6>346.426528</y6>
			<x7>314.606479</x7>
			<y7>345.002324</y7>
			<x8>311.299101</x8>
			<y8>426.046377</y8>
		</polygon>
	</object>
	<object>
		<name>LID</name>
		<pose>Unspecified</pose>
		<truncated>0</truncated>
		<difficult>0</difficult>
		<occluded>0</occluded>
		<bndbox>
			<xmin>328</xmin>
			<xmax>352</xmax>
			<ymin>341</ymin>
			<ymax>462</ymax>
		</bndbox>
		<polygon>
			<x1>350.656899</x1>
			<y1>361.474692</y1>
			<x2>350.656899</x2>
			<y2>346.979008</y2>
			<x3>348.062911</x3>
			<y3>341.152086</y3>
			<x4>330.151156</x4>
			<y4>339.731166</y4>
			<x5>330.481894</x5>
			<y5>363.451376</y5>
			<x6>326.843778</x6>
			<y6>436.588692</y6>
			<x7>326.843778</x7>
			<y7>460.967798</y7>
			<x8>340.734765</x8>
			<y8>445.154324</y8>
			<x9>347.680259</x9>
			<y9>414.845166</y9>
			<x10>350.656899</x10>
			<y10>361.474692</y10>
		</polygon>
	</object>
	<object>
		<name>LIU</name>
		<pose>Unspecified</pose>
		<truncated>0</truncated>
		<difficult>0</difficult>
		<occluded>0</occluded>
		<bndbox>
			<xmin>324</xmin>
			<xmax>352</xmax>
			<ymin>176</ymin>
			<ymax>338</ymax>
		</bndbox>
		<polygon>
			<x1>342.719192</x1>
			<y1>337.188382</y1>
			<x2>348.672473</x2>
			<y2>329.940541</y2>
			<x3>350.987637</x3>
			<y3>316.103751</y3>
			<x4>350.326162</x4>
			<y4>287.112383</y4>
			<x5>345.034357</x5>
			<y5>187.619277</y5>
			<x6>338.750339</x6>
			<y6>175.100277</y6>
			<x7>330.531399</x7>
			<y7>186.352477</y7>
			<x8>325.851564</x8>
			<y8>276.570067</y8>
			<x9>322.544186</x9>
			<y9>302.266961</y9>
			<x10>322.544186</x10>
			<y10>325.987172</y10>
			<x11>329.48968</x11>
			<y11>332.576119</y11>
			<x12>342.719192</x12>
			<y12>337.188382</y12>
		</polygon>
	</object>
	<object>
		<name>LIU</name>
		<pose>Unspecified</pose>
		<truncated>0</truncated>
		<difficult>0</difficult>
		<occluded>0</occluded>
		<bndbox>
			<xmin>348</xmin>
			<xmax>374</xmax>
			<ymin>191</ymin>
			<ymax>336</ymax>
		</bndbox>
		<polygon>
			<x1>369.508954</x1>
			<y1>327.963856</y1>
			<x2>372.816332</x2>
			<y2>314.785962</y2>
			<x3>373.14707</x3>
			<y3>294.360224</y3>
			<x4>364.878625</x4>
			<y4>212.657277</y4>
			<x5>359.58682</x5>
			<y5>194.867119</y5>
			<x6>356.279442</x6>
			<y6>189.595961</y6>
			<x7>350.047611</x7>
			<y7>198.219973</y7>
			<x8>349.995424</x8>
			<y8>287.112383</y8>
			<x9>347.349522</x9>
			<y9>306.22033</y9>
			<x10>351.649113</x10>
			<y10>331.25833</y10>
			<x11>360.909771</x11>
			<y11>335.211699</y11>
			<x12>369.508954</x12>
			<y12>327.963856</y12>
		</polygon>
	</object>
	<object>
		<name>LCU</name>
		<pose>Unspecified</pose>
		<truncated>0</truncated>
		<difficult>0</difficult>
		<occluded>0</occluded>
		<bndbox>
			<xmin>371</xmin>
			<xmax>400</xmax>
			<ymin>150</ymin>
			<ymax>335</ymax>
		</bndbox>
		<polygon>
			<x1>398.613881</x1>
			<y1>290.406856</y1>
			<x2>394.314289</x2>
			<y2>173.782488</y2>
			<x3>390.676173</x3>
			<y3>150.721171</y3>
			<x4>384.722893</x4>
			<y4>148.744487</y4>
			<x5>379.48732</x5>
			<y5>165.914014</y5>
			<x6>370.17043</x6>
			<y6>292.383541</y6>
			<x7>370.17043</x7>
			<y7>310.173699</y7>
			<x8>381.746253</x8>
			<y8>333.893909</y8>
			<x9>390.345436</x9>
			<y9>333.893909</y9>
			<x10>394.645027</x10>
			<y10>318.73933</y10>
			<x11>398.613881</x11>
			<y11>290.406856</y11>
		</polygon>
	</object>
	<object>
		<name>LPMU</name>
		<pose>Unspecified</pose>
		<truncated>0</truncated>
		<difficult>0</difficult>
		<occluded>0</occluded>
		<bndbox>
			<xmin>384</xmin>
			<xmax>420</xmax>
			<ymin>147</ymin>
			<ymax>326</ymax>
		</bndbox>
		<polygon>
			<x1>413.245505</x1>
			<y1>324.669383</y1>
			<x2>418.868047</x2>
			<y2>307.538119</y2>
			<x3>417.875834</x3>
			<y3>279.864541</y3>
			<x4>417.214358</x4>
			<y4>257.462119</y4>
			<x5>417.214358</x5>
			<y5>167.852434</y5>
			<x6>409.276651</x6>
			<y6>146.108908</y6>
			<x7>398.613881</x7>
			<y7>161.263487</y7>
			<x8>383.148365</x8>
			<y8>271.298909</y8>
			<x9>389.763121</x9>
			<y9>312.150382</y9>
			<x10>396.047139</x10>
			<y10>318.73933</y10>
			<x11>400.34673</x11>
			<y11>312.150382</y11>
			<x12>413.245505</x12>
			<y12>324.669383</y12>
		</polygon>
	</object>
	<object>
		<name>LPMD</name>
		<pose>Unspecified</pose>
		<truncated>0</truncated>
		<difficult>0</difficult>
		<occluded>0</occluded>
		<bndbox>
			<xmin>368</xmin>
			<xmax>399</xmax>
			<ymin>336</ymin>
			<ymax>477</ymax>
		</bndbox>
		<polygon>
			<x1>395.385663</x1>
			<y1>353.660751</y1>
			<x2>389.432383</x2>
			<y2>337.188382</y2>
			<x3>379.542892</x3>
			<y3>334.696168</y3>
			<x4>367.27295</x4>
			<y4>358.273014</y4>
			<x5>370.24959</x5>
			<y5>376.722067</y5>
			<x6>376.864346</x6>
			<y6>424.162489</y6>
			<x7>384.471316</x7>
			<y7>459.08391</y7>
			<x8>398.031566</x8>
			<y8>476.215173</y8>
			<x9>394.724188</x9>
			<y9>426.798068</y9>
			<x10>395.385663</x10>
			<y10>353.660751</y10>
		</polygon>
	</object>
	<object>
		<name>LPMD</name>
		<pose>Unspecified</pose>
		<truncated>0</truncated>
		<difficult>0</difficult>
		<occluded>0</occluded>
		<bndbox>
			<xmin>389</xmin>
			<xmax>430</xmax>
			<ymin>326</ymin>
			<ymax>473</ymax>
		</bndbox>
		<polygon>
			<x1>405.638535</x1>
			<y1>425.480278</y1>
			<x2>411.591816</x2>
			<y2>455.789436</y2>
			<x3>421.51395</x3>
			<y3>471.60291</y3>
			<x4>429.451657</x4>
			<y4>469.626226</y4>
			<x5>423.829114</x5>
			<y5>439.975962</y5>
			<x6>418.868047</x6>
			<y6>399.124488</y6>
			<x7>418.868047</x7>
			<y7>368.815331</y7>
			<x8>418.868047</x8>
			<y8>339.823962</y8>
			<x9>414.899194</x9>
			<y9>330.599436</y9>
			<x10>399.685255</x10>
			<y10>324.669383</y10>
			<x11>388.109432</x11>
			<y11>350.366277</y11>
			<x12>396.377877</x12>
			<y12>379.357646</y12>
			<x13>405.638535</x13>
			<y13>425.480278</y13>
		</polygon>
	</object>
	<object>
		<name>LCD</name>
		<pose>Unspecified</pose>
		<truncated>0</truncated>
		<difficult>0</difficult>
		<occluded>0</occluded>
		<bndbox>
			<xmin>346</xmin>
			<xmax>377</xmax>
			<ymin>338</ymin>
			<ymax>484</ymax>
		</bndbox>
		<polygon>
			<x1>368.926639</x1>
			<y1>347.730699</y1>
			<x2>365.288523</x2>
			<y2>342.459541</y2>
			<x3>359.03433</x3>
			<y3>337.333389</y3>
			<x4>344.78278</x4>
			<y4>372.768699</y4>
			<x5>351.397536</x5>
			<y5>438.658173</y5>
			<x6>362.642621</x6>
			<y6>474.897384</y6>
			<x7>373.887706</x7>
			<y7>482.804121</y7>
			<x8>375.541395</x8>
			<y8>439.317068</y8>
			<x9>371.572542</x9>
			<y9>355.637436</y9>
			<x10>368.926639</x10>
			<y10>347.730699</y10>
		</polygon>
	</object>
	<object>
		<name>LMU</name>
		<pose>Unspecified</pose>
		<truncated>0</truncated>
		<difficult>0</difficult>
		<occluded>0</occluded>
		<bndbox>
			<xmin>412</xmin>
			<xmax>456</xmax>
			<ymin>157</ymin>
			<ymax>312</ymax>
		</bndbox>
		<polygon>
			<x1>415.229932</x1>
			<y1>302.925856</y1>
			<x2>430.774608</x2>
			<y2>311.491488</y2>
			<x3>444.334858</x3>
			<y3>305.561435</y3>
			<x4>454.58773</x4>
			<y4>286.453487</y4>
			<x5>450.618876</x5>
			<y5>261.415487</y5>
			<x6>443.342645</x6>
			<y6>223.199592</y6>
			<x7>441.688955</x7>
			<y7>170.488014</y7>
			<x8>437.389364</x8>
			<y8>155.992329</y8>
			<x9>424.198631</x9>
			<y9>158.00235</y9>
			<x10>414.899194</x10>
			<y10>232.424119</y10>
			<x11>413.576242</x11>
			<y11>260.756593</y11>
			<x12>410.93034</x12>
			<y12>277.887856</y12>
			<x13>415.229932</x13>
			<y13>302.925856</y13>
		</polygon>
	</object>
	<object>
		<name>LMU</name>
		<pose>Unspecified</pose>
		<truncated>0</truncated>
		<difficult>0</difficult>
		<occluded>0</occluded>
		<bndbox>
			<xmin>444</xmin>
			<xmax>484</xmax>
			<ymin>139</ymin>
			<ymax>293</ymax>
		</bndbox>
		<polygon>
			<x1>443.673382</x1>
			<y1>217.26954</y1>
			<x2>443.342645</x2>
			<y2>266.686646</y2>
			<x3>452.603303</x3>
			<y3>287.112383</y3>
			<x4>466.825029</x4>
			<y4>291.724646</y4>
			<x5>475.754949</x5>
			<y5>275.252277</y5>
			<x6>483.361919</x6>
			<y6>258.779909</y6>
			<x7>479.393065</x7>
			<y7>239.013066</y7>
			<x8>473.109047</x8>
			<y8>220.564014</y8>
			<x9>464.509864</x9>
			<y9>191.572645</y9>
			<x10>464.509864</x10>
			<y10>160.604593</y10>
			<x11>459.879535</x11>
			<y11>141.496645</y11>
			<x12>456.902894</x12>
			<y12>138.202171</y12>
			<x13>451.941827</x13>
			<y13>140.83775</y13>
			<x14>444.00412</x14>
			<y14>173.782488</y14>
			<x15>443.673382</x15>
			<y15>217.26954</y15>
		</polygon>
	</object>
	<object>
		<name>LMU</name>
		<pose>Unspecified</pose>
		<truncated>0</truncated>
		<difficult>0</difficult>
		<occluded>0</occluded>
		<bndbox>
			<xmin>467</xmin>
			<xmax>503</xmax>
			<ymin>142</ymin>
			<ymax>249</ymax>
		</bndbox>
		<polygon>
			<x1>466.494291</x1>
			<y1>161.263487</y1>
			<x2>470.463144</x2>
			<y2>184.324803</y2>
			<x3>471.786096</x3>
			<y3>210.680593</y3>
			<x4>477.739376</x4>
			<y4>236.377488</y4>
			<x5>483.361919</x5>
			<y5>247.578698</y5>
			<x6>490.307412</x6>
			<y6>246.260909</y6>
			<x7>496.591431</x7>
			<y7>234.400803</y7>
			<x8>502.213973</x8>
			<y8>225.835172</y8>
			<x9>502.213973</x9>
			<y9>210.021698</y9>
			<x10>498.24512</x10>
			<y10>194.867119</y10>
			<x11>490.63815</x11>
			<y11>184.324803</y11>
			<x12>481.09335</x12>
			<y12>146.134855</y12>
			<x13>470.132406</x13>
			<y13>140.83775</y13>
			<x14>466.494291</x14>
			<y14>161.263487</y14>
		</polygon>
	</object>
	<object>
		<name>LMD</name>
		<pose>Unspecified</pose>
		<truncated>0</truncated>
		<difficult>0</difficult>
		<occluded>0</occluded>
		<bndbox>
			<xmin>461</xmin>
			<xmax>527</xmax>
			<ymin>256</ymin>
			<ymax>367</ymax>
		</bndbox>
		<polygon>
			<x1>496.922168</x1>
			<y1>262.074383</y1>
			<x2>490.968888</x2>
			<y2>254.82654</y2>
			<x3>483.739616</x3>
			<y3>258.87606</y3>
			<x4>473.109047</x4>
			<y4>277.887856</y4>
			<x5>466.163553</x5>
			<y5>287.112383</y5>
			<x6>459.879535</x6>
			<y6>294.360224</y6>
			<x7>462.194699</x7>
			<y7>314.127067</y7>
			<x8>467.486504</x8>
			<y8>325.328278</y8>
			<x9>476.416425</x9>
			<y9>331.25833</y9>
			<x10>488.322986</x10>
			<y10>347.730699</y10>
			<x11>503.867662</x11>
			<y11>365.520857</y11>
			<x12>512.466845</x12>
			<y12>357.61412</y12>
			<x13>506.844303</x13>
			<y13>331.917225</y13>
			<x14>523.71193</x14>
			<y14>329.281646</y14>
			<x15>526.027095</x15>
			<y15>316.762646</y15>
			<x16>518.089388</x16>
			<y16>305.561435</y16>
			<x17>514.120534</x17>
			<y17>301.608067</y17>
			<x18>503.536925</x18>
			<y18>285.135698</y18>
			<x19>496.922168</x19>
			<y19>262.074383</y19>
		</polygon>
	</object>
	<metadata>
		<tags>
			<tag>teeth</tag>
		</tags>
	</metadata>
</annotation>
