<annotation>
	<folder></folder>
	<filename>224_jpg.rf.60899ed9d5be9967ede7b3cce83fb141.jpg</filename>
	<path>224_jpg.rf.60899ed9d5be9967ede7b3cce83fb141.jpg</path>
	<source>
		<database>roboflow.com</database>
	</source>
	<size>
		<width>640</width>
		<height>640</height>
		<depth>3</depth>
	</size>
	<segmented>0</segmented>
	<object>
		<name>LIU</name>
		<pose>Unspecified</pose>
		<truncated>0</truncated>
		<difficult>0</difficult>
		<occluded>0</occluded>
		<bndbox>
			<xmin>300</xmin>
			<xmax>331</xmax>
			<ymin>218</ymin>
			<ymax>395</ymax>
		</bndbox>
		<polygon>
			<x1>302.331055</x1>
			<y1>392.428272</y1>
			<x2>309.903854</x2>
			<y2>393.990474</y2>
			<x3>325.832846</x3>
			<y3>389.303867</y3>
			<x4>329.749811</x4>
			<y4>373.161111</y4>
			<x5>324.266059</x5>
			<y5>322.649904</y5>
			<x6>322.205009</x6>
			<y6>249.817606</y6>
			<x7>306.509151</x7>
			<y7>216.940885</y7>
			<x8>301.808793</x8>
			<y8>246.622728</y8>
			<x9>299.719745</x9>
			<y9>334.106054</y9>
			<x10>298.675221</x10>
			<y10>384.617261</y10>
			<x11>302.331055</x11>
			<y11>392.428272</y11>
		</polygon>
	</object>
	<object>
		<name>LIU</name>
		<pose>Unspecified</pose>
		<truncated>0</truncated>
		<difficult>0</difficult>
		<occluded>0</occluded>
		<bndbox>
			<xmin>326</xmin>
			<xmax>353</xmax>
			<ymin>230</ymin>
			<ymax>386</ymax>
		</bndbox>
		<polygon>
			<x1>342.806361</x1>
			<y1>381.492856</y1>
			<x2>349.595767</x2>
			<y2>373.161111</y2>
			<x3>352.207077</x3>
			<y3>362.225695</y3>
			<x4>351.684815</x4>
			<y4>348.165874</y4>
			<x5>348.551243</x5>
			<y5>326.815777</y5>
			<x6>336.569188</x6>
			<y6>235.749026</y6>
			<x7>324.52719</x7>
			<y7>229.438503</y7>
			<x8>326.877369</x8>
			<y8>334.106054</y8>
			<x9>327.660763</x9>
			<y9>367.95377</y9>
			<x10>333.666776</x10>
			<y10>385.137994</y10>
			<x11>342.806361</x11>
			<y11>381.492856</y11>
		</polygon>
	</object>
	<object>
		<name>LCU</name>
		<pose>Unspecified</pose>
		<truncated>0</truncated>
		<difficult>0</difficult>
		<occluded>0</occluded>
		<bndbox>
			<xmin>350</xmin>
			<xmax>381</xmax>
			<ymin>224</ymin>
			<ymax>378</ymax>
		</bndbox>
		<polygon>
			<x1>379.886963</x1>
			<y1>351.811013</y1>
			<x2>376.753391</x2>
			<y2>308.06935</y2>
			<x3>371.791902</x3>
			<y3>241.415388</y3>
			<x4>366.308151</x4>
			<y4>224.751896</y4>
			<x5>357.201372</x5>
			<y5>222.722562</y5>
			<x6>350.118029</x6>
			<y6>273.180166</y6>
			<x7>349.073505</x7>
			<y7>336.709724</y7>
			<x8>351.162553</x8>
			<y8>354.935418</y8>
			<x9>363.696841</x9>
			<y9>376.806249</y9>
			<x10>372.575295</x10>
			<y10>372.640376</y10>
			<x11>379.886963</x11>
			<y11>351.811013</y11>
		</polygon>
	</object>
	<object>
		<name>LPMU</name>
		<pose>Unspecified</pose>
		<truncated>0</truncated>
		<difficult>0</difficult>
		<occluded>0</occluded>
		<bndbox>
			<xmin>361</xmin>
			<xmax>404</xmax>
			<ymin>199</ymin>
			<ymax>367</ymax>
		</bndbox>
		<polygon>
			<x1>367.091544</x1>
			<y1>354.414684</y1>
			<x2>371.26964</x2>
			<y2>361.704961</y2>
			<x3>380.409225</x3>
			<y3>353.893949</y3>
			<x4>390.332203</x4>
			<y4>366.391568</y4>
			<x5>402.60536</x5>
			<y5>344.520736</y5>
			<x6>397.68224</x6>
			<y6>227.412089</y6>
			<x7>390.593334</x7>
			<y7>197.673724</y7>
			<x8>377.797915</x8>
			<y8>210.171342</y8>
			<x9>368.919461</x9>
			<y9>294.00953</y9>
			<x10>360.041007</x10>
			<y10>335.147522</y10>
			<x11>367.091544</x11>
			<y11>354.414684</y11>
		</polygon>
	</object>
	<object>
		<name>LPMU</name>
		<pose>Unspecified</pose>
		<truncated>0</truncated>
		<difficult>0</difficult>
		<occluded>0</occluded>
		<bndbox>
			<xmin>388</xmin>
			<xmax>426</xmax>
			<ymin>208</ymin>
			<ymax>362</ymax>
		</bndbox>
		<polygon>
			<x1>424.8189</x1>
			<y1>328.334176</y1>
			<x2>418.029494</x2>
			<y2>289.799854</y2>
			<x3>409.15104</x3>
			<y3>234.081307</y3>
			<x4>403.667289</x4>
			<y4>210.648274</y4>
			<x5>395.854072</x5>
			<y5>207.090806</y5>
			<x6>388.782822</x6>
			<y6>332.500049</y6>
			<x7>387.477167</x7>
			<y7>352.287944</y7>
			<x8>398.183538</x8>
			<y8>361.140424</y8>
			<x9>405.234075</x9>
			<y9>351.246476</y9>
			<x10>419.335149</x10>
			<y10>350.205008</y10>
			<x11>424.8189</x11>
			<y11>328.334176</y11>
		</polygon>
	</object>
	<object>
		<name>LMU</name>
		<pose>Unspecified</pose>
		<truncated>0</truncated>
		<difficult>0</difficult>
		<occluded>0</occluded>
		<bndbox>
			<xmin>418</xmin>
			<xmax>460</xmax>
			<ymin>194</ymin>
			<ymax>349</ymax>
		</bndbox>
		<polygon>
			<x1>445.187118</x1>
			<y1>339.269592</y1>
			<x2>458.243668</x2>
			<y2>318.960963</y2>
			<x3>458.5048</x3>
			<y3>304.901142</y3>
			<x4>453.28218</x4>
			<y4>267.929023</y4>
			<x5>439.703368</x5>
			<y5>217.938551</y5>
			<x6>428.213603</x6>
			<y6>193.464049</y6>
			<x7>416.747423</x7>
			<y7>199.274927</y7>
			<x8>420.640804</x8>
			<y8>266.887554</y8>
			<x9>421.946459</x9>
			<y9>331.979315</y9>
			<x10>425.080031</x10>
			<y10>341.873263</y10>
			<x11>430.302651</x11>
			<y11>348.122072</y11>
			<x12>445.187118</x12>
			<y12>339.269592</y12>
		</polygon>
	</object>
	<object>
		<name>LMU</name>
		<pose>Unspecified</pose>
		<truncated>0</truncated>
		<difficult>0</difficult>
		<occluded>0</occluded>
		<bndbox>
			<xmin>449</xmin>
			<xmax>494</xmax>
			<ymin>186</ymin>
			<ymax>322</ymax>
		</bndbox>
		<polygon>
			<x1>464.249682</x1>
			<y1>193.984783</y1>
			<x2>455.632359</x2>
			<y2>184.611569</y2>
			<x3>448.08745</x3>
			<y3>200.838102</y3>
			<x4>454.587835</x4>
			<y4>303.338941</y4>
			<x5>459.027062</x5>
			<y5>314.795091</y5>
			<x6>473.128136</x6>
			<y6>320.523165</y6>
			<x7>493.496354</x7>
			<y7>285.633982</y7>
			<x8>491.668437</x8>
			<y8>264.804618</y8>
			<x9>481.484328</x9>
			<y9>246.058191</y9>
			<x10>464.249682</x10>
			<y10>193.984783</y10>
		</polygon>
	</object>
	<object>
		<name>LMU</name>
		<pose>Unspecified</pose>
		<truncated>0</truncated>
		<difficult>0</difficult>
		<occluded>0</occluded>
		<bndbox>
			<xmin>472</xmin>
			<xmax>522</xmax>
			<ymin>176</ymin>
			<ymax>288</ymax>
		</bndbox>
		<polygon>
			<x1>513.864572</x1>
			<y1>264.804618</y1>
			<x2>521.176241</x2>
			<y2>252.827734</y2>
			<x3>516.737013</x3>
			<y3>224.18736</y3>
			<x4>502.89707</x4>
			<y4>209.606806</y4>
			<x5>483.573376</x5>
			<y5>179.404229</y5>
			<x6>475.217184</x6>
			<y6>175.238356</y6>
			<x7>471.070136</x7>
			<y7>184.685288</y7>
			<x8>482.528852</x8>
			<y8>250.744798</y8>
			<x9>486.184686</x9>
			<y9>268.970491</y9>
			<x10>495.324271</x10>
			<y10>282.509577</y10>
			<x11>507.336297</x11>
			<y11>287.196184</y11>
			<x12>513.864572</x12>
			<y12>264.804618</y12>
		</polygon>
	</object>
	<object>
		<name>LMD</name>
		<pose>Unspecified</pose>
		<truncated>0</truncated>
		<difficult>0</difficult>
		<occluded>0</occluded>
		<bndbox>
			<xmin>451</xmin>
			<xmax>501</xmax>
			<ymin>317</ymin>
			<ymax>443</ymax>
		</bndbox>
		<polygon>
			<x1>450.409739</x1>
			<y1>359.127572</y1>
			<x2>454.065572</x2>
			<y2>378.915467</y2>
			<x3>463.205158</x3>
			<y3>404.952171</y3>
			<x4>471.822481</x4>
			<y4>429.947408</y4>
			<x5>483.312245</x5>
			<y5>439.841355</y5>
			<x6>490.362782</x6>
			<y6>441.924291</y6>
			<x7>497.413319</x7>
			<y7>436.196216</y7>
			<x8>499.763498</x8>
			<y8>425.260801</y8>
			<x9>494.279747</x9>
			<y9>383.602074</y9>
			<x10>489.579389</x10>
			<y10>338.818942</y10>
			<x11>480.178673</x11>
			<y11>317.468845</y11>
			<x12>473.650398</x12>
			<y12>316.427377</y12>
			<x13>466.860992</x13>
			<y13>329.445729</y13>
			<x14>453.543311</x14>
			<y14>327.362793</y14>
			<x15>451.221453</x15>
			<y15>336.834384</y15>
			<x16>450.409739</x16>
			<y16>359.127572</y16>
		</polygon>
	</object>
	<object>
		<name>LMD</name>
		<pose>Unspecified</pose>
		<truncated>0</truncated>
		<difficult>0</difficult>
		<occluded>0</occluded>
		<bndbox>
			<xmin>402</xmin>
			<xmax>474</xmax>
			<ymin>349</ymin>
			<ymax>493</ymax>
		</bndbox>
		<polygon>
			<x1>413.550592</x1>
			<y1>362.509903</y1>
			<x2>401.943366</x2>
			<y2>368.528002</y2>
			<x3>401.479077</x3>
			<y3>387.508161</y3>
			<x4>406.586256</x4>
			<y4>417.598657</y4>
			<x5>430.264997</x5>
			<y5>475.927926</y5>
			<x6>446.050824</x6>
			<y6>492.1305</y6>
			<x7>456.265182</x7>
			<y7>487.501193</y7>
			<x8>443.497234</x8>
			<y8>448.152083</y8>
			<x9>465.318818</x9>
			<y9>477.779648</y9>
			<x10>472.979587</x10>
			<y10>473.613272</y10>
			<x11>448.604413</x11>
			<y11>401.396082</y11>
			<x12>443.497234</x12>
			<y12>364.361626</y12>
			<x13>427.247118</x13>
			<y13>348.159051</y13>
			<x14>419.37533</x14>
			<y14>361.182896</y14>
			<x15>413.550592</x15>
			<y15>362.509903</y15>
		</polygon>
	</object>
	<object>
		<name>LPMD</name>
		<pose>Unspecified</pose>
		<truncated>0</truncated>
		<difficult>0</difficult>
		<occluded>0</occluded>
		<bndbox>
			<xmin>375</xmin>
			<xmax>427</xmax>
			<ymin>389</ymin>
			<ymax>497</ymax>
		</bndbox>
		<polygon>
			<x1>374.301038</x1>
			<y1>431.491193</y1>
			<x2>386.604697</x2>
			<y2>452.786006</y2>
			<x3>407.729848</x3>
			<y3>484.265293</y3>
			<x4>419.801362</x4>
			<y4>495.838561</y4>
			<x5>426.301409</x5>
			<y5>475.006679</y5>
			<x6>417.015628</x6>
			<y6>437.046361</y6>
			<x7>400.336864</x7>
			<y7>394.071456</y7>
			<x8>392.40831</x8>
			<y8>388.438638</y8>
			<x9>388.461853</x9>
			<y9>395.845529</y9>
			<x10>379.640362</x10>
			<y10>393.993806</y10>
			<x11>375.229616</x11>
			<y11>404.178281</y11>
			<x12>374.301038</x12>
			<y12>431.491193</y12>
		</polygon>
	</object>
	<object>
		<name>LID</name>
		<pose>Unspecified</pose>
		<truncated>0</truncated>
		<difficult>0</difficult>
		<occluded>0</occluded>
		<bndbox>
			<xmin>313</xmin>
			<xmax>336</xmax>
			<ymin>402</ymin>
			<ymax>521</ymax>
		</bndbox>
		<polygon>
			<x1>317.193488</x1>
			<y1>520.373888</y1>
			<x2>327.639991</x2>
			<y2>520.373888</y2>
			<x3>335.327469</x3>
			<y3>408.894469</y3>
			<x4>325.086402</x4>
			<y4>401.400697</y4>
			<x5>314.407754</x5>
			<y5>406.030004</y5>
			<x6>311.854165</x6>
			<y6>429.176539</y6>
			<x7>317.193488</x7>
			<y7>520.373888</y7>
		</polygon>
	</object>
	<object>
		<name>RPMD</name>
		<pose>Unspecified</pose>
		<truncated>0</truncated>
		<difficult>0</difficult>
		<occluded>0</occluded>
		<bndbox>
			<xmin>212</xmin>
			<xmax>254</xmax>
			<ymin>406</ymin>
			<ymax>517</ymax>
		</bndbox>
		<polygon>
			<x1>229.210719</x1>
			<y1>405.104143</y1>
			<x2>221.085661</x2>
			<y2>424.547232</y2>
			<x3>210.871302</x3>
			<y3>515.744581</y3>
			<x4>218.532071</x4>
			<y4>512.504066</y4>
			<x5>240.817944</x5>
			<y5>463.433412</y5>
			<x6>252.672666</x6>
			<y6>431.128988</y6>
			<x7>241.746522</x7>
			<y7>412.048104</y7>
			<x8>229.210719</x8>
			<y8>405.104143</y8>
		</polygon>
	</object>
	<object>
		<name>RPMD</name>
		<pose>Unspecified</pose>
		<truncated>0</truncated>
		<difficult>0</difficult>
		<occluded>0</occluded>
		<bndbox>
			<xmin>191</xmin>
			<xmax>237</xmax>
			<ymin>389</ymin>
			<ymax>513</ymax>
		</bndbox>
		<polygon>
			<x1>219.460649</x1>
			<y1>387.975707</y1>
			<x2>206.228412</x2>
			<y2>397.234321</y2>
			<x3>189.514007</x3>
			<y3>511.578205</y3>
			<x4>207.15699</x4>
			<y4>495.838561</y4>
			<x5>223.174961</x5>
			<y5>452.323075</y5>
			<x6>235.955964</x6>
			<y6>414.453099</y6>
			<x7>226.19284</x7>
			<y7>389.827429</y7>
			<x8>219.460649</x8>
			<y8>387.975707</y8>
		</polygon>
	</object>
	<object>
		<name>RMD</name>
		<pose>Unspecified</pose>
		<truncated>0</truncated>
		<difficult>0</difficult>
		<occluded>0</occluded>
		<bndbox>
			<xmin>120</xmin>
			<xmax>167</xmax>
			<ymin>332</ymin>
			<ymax>463</ymax>
		</bndbox>
		<polygon>
			<x1>130.991131</x1>
			<y1>334.240843</y1>
			<x2>124.72323</x2>
			<y2>343.499457</y2>
			<x3>121.705351</x3>
			<y3>378.682191</y3>
			<x4>119.383906</x4>
			<y4>456.454549</y4>
			<x5>131.919709</x5>
			<y5>462.009717</y5>
			<x6>147.241247</x6>
			<y6>444.418351</y6>
			<x7>162.794929</x7>
			<y7>373.589952</y7>
			<x8>165.580664</x8>
			<y8>349.517556</y8>
			<x9>163.723507</x9>
			<y9>342.573596</y9>
			<x10>156.527027</x10>
			<y10>332.38912</y10>
			<x11>150.49127</x11>
			<y11>340.258942</y11>
			<x12>139.348334</x12>
			<y12>331.463259</y12>
			<x13>130.991131</x13>
			<y13>334.240843</y13>
		</polygon>
	</object>
	<object>
		<name>LIU</name>
		<pose>Unspecified</pose>
		<truncated>0</truncated>
		<difficult>0</difficult>
		<occluded>0</occluded>
		<bndbox>
			<xmin>271</xmin>
			<xmax>301</xmax>
			<ymin>225</ymin>
			<ymax>396</ymax>
		</bndbox>
		<polygon>
			<x1>295.480561</x1>
			<y1>236.518593</y1>
			<x2>286.894298</x2>
			<y2>224.342744</y2>
			<x3>279.85132</x3>
			<y3>231.60729</y3>
			<x4>272.01144</x4>
			<y4>355.613621</y4>
			<x5>270.484993</x5>
			<y5>373.496899</y5>
			<x6>275.827557</x6>
			<y6>389.477702</y6>
			<x7>285.367851</x7>
			<y7>394.804636</y7>
			<x8>299.105873</x8>
			<y8>390.238693</y8>
			<x9>299.869097</x9>
			<y9>345.720742</y9>
			<x10>295.480561</x10>
			<y10>236.518593</y10>
		</polygon>
	</object>
	<object>
		<name>LIU</name>
		<pose>Unspecified</pose>
		<truncated>0</truncated>
		<difficult>0</difficult>
		<occluded>0</occluded>
		<bndbox>
			<xmin>251</xmin>
			<xmax>273</xmax>
			<ymin>229</ymin>
			<ymax>387</ymax>
		</bndbox>
		<polygon>
			<x1>258.082612</x1>
			<y1>382.628786</y1>
			<x2>265.142429</x2>
			<y2>386.053244</y2>
			<x3>269.530963</x3>
			<y3>381.106805</y3>
			<x4>272.393052</x4>
			<y4>360.179564</y4>
			<x5>271.05741</x5>
			<y5>330.881426</y5>
			<x6>271.263876</x6>
			<y6>228.942164</y6>
			<x7>265.142429</x7>
			<y7>227.767201</y7>
			<x8>255.983747</x8>
			<y8>314.520129</y8>
			<x9>250.259571</x9>
			<y9>346.862229</y9>
			<x10>250.641183</x10>
			<y10>371.974918</y10>
			<x11>258.082612</x11>
			<y11>382.628786</y11>
		</polygon>
	</object>
	<object>
		<name>RCU</name>
		<pose>Unspecified</pose>
		<truncated>0</truncated>
		<difficult>0</difficult>
		<occluded>0</occluded>
		<bndbox>
			<xmin>228</xmin>
			<xmax>251</xmax>
			<ymin>207</ymin>
			<ymax>384</ymax>
		</bndbox>
		<polygon>
			<x1>238.047996</x1>
			<y1>382.628786</y1>
			<x2>246.825065</x2>
			<y2>365.126003</y2>
			<x3>249.877959</x3>
			<y3>346.101238</y3>
			<x4>249.509018</x4>
			<y4>228.942164</y4>
			<x5>244.726201</x5>
			<y5>210.264418</y5>
			<x6>238.811219</x6>
			<y6>206.078969</y6>
			<x7>235.376713</x7>
			<y7>233.474631</y7>
			<x8>226.79045</x8>
			<y8>327.076473</y8>
			<x9>226.599644</x9>
			<y9>358.657583</y9>
			<x10>238.047996</x10>
			<y10>382.628786</y10>
		</polygon>
	</object>
	<object>
		<name>RPMU</name>
		<pose>Unspecified</pose>
		<truncated>0</truncated>
		<difficult>0</difficult>
		<occluded>0</occluded>
		<bndbox>
			<xmin>206</xmin>
			<xmax>238</xmax>
			<ymin>213</ymin>
			<ymax>367</ymax>
		</bndbox>
		<polygon>
			<x1>209.808728</x1>
			<y1>361.32105</y1>
			<x2>217.822574</x2>
			<y2>365.886993</y2>
			<x3>226.218032</x3>
			<y3>352.950153</y3>
			<x4>231.942208</x4>
			<y4>357.135602</y4>
			<x5>236.712355</x5>
			<y5>340.774304</y5>
			<x6>228.517488</x6>
			<y6>221.327516</y6>
			<x7>217.05935</x7>
			<y7>212.166894</y7>
			<x8>213.815651</x8>
			<y8>238.421069</y8>
			<x9>206.565028</x9>
			<y9>327.837464</y9>
			<x10>204.656969</x10>
			<y10>346.481733</y10>
			<x11>209.808728</x11>
			<y11>361.32105</y11>
		</polygon>
	</object>
	<object>
		<name>RCU</name>
		<pose>Unspecified</pose>
		<truncated>0</truncated>
		<difficult>0</difficult>
		<occluded>0</occluded>
		<bndbox>
			<xmin>185</xmin>
			<xmax>212</xmax>
			<ymin>218</ymin>
			<ymax>355</ymax>
		</bndbox>
		<polygon>
			<x1>198.175186</x1>
			<y1>222.088981</y1>
			<x2>184.417938</x2>
			<y2>332.770152</y2>
			<x3>188.234056</x3>
			<y3>348.750954</y3>
			<x4>192.622591</x4>
			<y4>354.458384</y4>
			<x5>204.261749</x5>
			<y5>349.511945</y5>
			<x6>211.321566</x6>
			<y6>336.194609</y6>
			<x7>209.985925</x7>
			<y7>244.114748</y7>
			<x8>205.979001</x8>
			<y8>217.480077</y8>
			<x9>198.175186</x9>
			<y9>222.088981</y9>
		</polygon>
	</object>
	<object>
		<name>RMU</name>
		<pose>Unspecified</pose>
		<truncated>0</truncated>
		<difficult>0</difficult>
		<occluded>0</occluded>
		<bndbox>
			<xmin>150</xmin>
			<xmax>192</xmax>
			<ymin>199</ymin>
			<ymax>345</ymax>
		</bndbox>
		<polygon>
			<x1>159.994787</x1>
			<y1>332.009161</y1>
			<x2>167.627022</x2>
			<y2>333.531142</y2>
			<x3>178.312151</x3>
			<y3>343.804516</y3>
			<x4>186.707609</x4>
			<y4>333.531142</y4>
			<x5>187.852444</x5>
			<y5>299.667061</y5>
			<x6>191.28695</x6>
			<y6>220.52404</y6>
			<x7>188.615667</x7>
			<y7>204.162743</y7>
			<x8>183.463909</x8>
			<y8>198.455313</y8>
			<x9>173.160392</x9>
			<y9>199.596799</y9>
			<x10>163.620099</x10>
			<y10>260.095551</y10>
			<x11>149.309659</x11>
			<y11>293.579137</y11>
			<x12>153.698194</x12>
			<y12>320.974798</y12>
			<x13>159.994787</x13>
			<y13>332.009161</y13>
		</polygon>
	</object>
	<object>
		<name>RMU</name>
		<pose>Unspecified</pose>
		<truncated>0</truncated>
		<difficult>0</difficult>
		<occluded>0</occluded>
		<bndbox>
			<xmin>120</xmin>
			<xmax>171</xmax>
			<ymin>196</ymin>
			<ymax>324</ymax>
		</bndbox>
		<polygon>
			<x1>127.748596</x1>
			<y1>246.778216</y1>
			<x2>121.642808</x2>
			<y2>260.095551</y2>
			<x3>119.353138</x3>
			<y3>276.076353</y3>
			<x4>118.78072</x4>
			<y4>287.110717</y4>
			<x5>125.077314</x5>
			<y5>298.906071</y5>
			<x6>131.755519</x6>
			<y6>316.789349</y6>
			<x7>143.203871</x7>
			<y7>322.877274</y7>
			<x8>153.125776</x8>
			<y8>317.930836</y8>
			<x9>155.606253</x9>
			<y9>279.120316</y9>
			<x10>164.001711</x10>
			<y10>239.548805</y10>
			<x11>169.916692</x11>
			<y11>199.596799</y11>
			<x12>161.71204</x12>
			<y12>195.030855</y12>
			<x13>151.993821</x13>
			<y13>196.579911</y13>
			<x14>138.433725</x14>
			<y14>236.504842</y14>
			<x15>127.748596</x15>
			<y15>246.778216</y15>
		</polygon>
	</object>
	<object>
		<name>RMU</name>
		<pose>Unspecified</pose>
		<truncated>0</truncated>
		<difficult>0</difficult>
		<occluded>0</occluded>
		<bndbox>
			<xmin>98</xmin>
			<xmax>154</xmax>
			<ymin>174</ymin>
			<ymax>275</ymax>
		</bndbox>
		<polygon>
			<x1>104.088669</x1>
			<y1>268.846943</y1>
			<x2>117.254273</x2>
			<y2>273.793381</y2>
			<x3>129.465849</x3>
			<y3>266.183476</y3>
			<x4>138.815336</x4>
			<y4>235.743852</y4>
			<x5>153.316582</x5>
			<y5>190.084416</y5>
			<x6>147.592406</x6>
			<y6>177.908567</y6>
			<x7>136.34559</x7>
			<y7>173.355236</y7>
			<x8>121.452003</x8>
			<y8>198.455313</y8>
			<x9>104.279475</x9>
			<y9>210.631163</y9>
			<x10>97.028852</x10>
			<y10>231.558404</y10>
			<x11>103.134639</x11>
			<y11>246.39772</y11>
			<x12>104.088669</x12>
			<y12>268.846943</y12>
		</polygon>
	</object>
	<object>
		<name>RMD</name>
		<pose>Unspecified</pose>
		<truncated>0</truncated>
		<difficult>0</difficult>
		<occluded>0</occluded>
		<bndbox>
			<xmin>155</xmin>
			<xmax>211</xmax>
			<ymin>354</ymin>
			<ymax>489</ymax>
		</bndbox>
		<polygon>
			<x1>154.270611</x1>
			<y1>477.815674</y1>
			<x2>161.521234</x2>
			<y2>481.240132</y2>
			<x3>175.640869</x3>
			<y3>447.376051</y3>
			<x4>167.054605</x4>
			<y4>486.947561</y4>
			<x5>176.404092</x5>
			<y5>488.469542</y5>
			<x6>189.951308</x6>
			<y6>465.639825</y6>
			<x7>198.728378</x7>
			<y7>428.731781</y7>
			<x8>210.17673</x8>
			<y8>381.93086</y8>
			<x9>205.024972</x9>
			<y9>361.003619</y9>
			<x10>193.385814</x10>
			<y10>365.189067</y10>
			<x11>184.053612</x11>
			<y11>353.060919</y11>
			<x12>169.725887</x12>
			<y12>368.258634</y12>
			<x13>165.909769</x13>
			<y13>405.115468</y13>
			<x14>154.270611</x14>
			<y14>477.815674</y14>
		</polygon>
	</object>
	<metadata>
		<tags>
			<tag>teeth</tag>
		</tags>
	</metadata>
</annotation>
