<annotation>
	<folder></folder>
	<filename>225_jpg.rf.b2afa5d96affe288ed63dc22ce5cb8e4.jpg</filename>
	<path>225_jpg.rf.b2afa5d96affe288ed63dc22ce5cb8e4.jpg</path>
	<source>
		<database>roboflow.com</database>
	</source>
	<size>
		<width>640</width>
		<height>640</height>
		<depth>3</depth>
	</size>
	<segmented>0</segmented>
	<object>
		<name>LID</name>
		<pose>Unspecified</pose>
		<truncated>0</truncated>
		<difficult>0</difficult>
		<occluded>0</occluded>
		<bndbox>
			<xmin>337</xmin>
			<xmax>355</xmax>
			<ymin>388</ymin>
			<ymax>492</ymax>
		</bndbox>
		<polygon>
			<x1>353.607485</x1>
			<y1>389.899228</y1>
			<x2>344.720331</x2>
			<y2>386.774824</y2>
			<x3>336.117668</x3>
			<y3>393.629766</y3>
			<x4>340.015367</x4>
			<y4>446.659243</y4>
			<x5>348.379747</x5>
			<y5>490.921641</y5>
			<x6>354.391646</x6>
			<y6>435.203093</y6>
			<x7>353.607485</x7>
			<y7>389.899228</y7>
		</polygon>
	</object>
	<object>
		<name>LID</name>
		<pose>Unspecified</pose>
		<truncated>0</truncated>
		<difficult>0</difficult>
		<occluded>0</occluded>
		<bndbox>
			<xmin>354</xmin>
			<xmax>372</xmax>
			<ymin>394</ymin>
			<ymax>500</ymax>
		</bndbox>
		<polygon>
			<x1>361.710478</x1>
			<y1>498.732652</y1>
			<x2>369.290698</x2>
			<y2>441.451903</y2>
			<x3>371.148324</x3>
			<y3>400.403527</y3>
			<x4>354.653033</x4>
			<y4>392.502899</y4>
			<x5>353.084711</x5>
			<y5>413.332262</y5>
			<x6>354.653033</x6>
			<y6>484.672831</y6>
			<x7>361.710478</x7>
			<y7>498.732652</y7>
		</polygon>
	</object>
	<object>
		<name>RID</name>
		<pose>Unspecified</pose>
		<truncated>0</truncated>
		<difficult>0</difficult>
		<occluded>0</occluded>
		<bndbox>
			<xmin>319</xmin>
			<xmax>338</xmax>
			<ymin>389</ymin>
			<ymax>483</ymax>
		</bndbox>
		<polygon>
			<x1>318.320255</x1>
			<y1>403.959048</y1>
			<x2>320.672737</x2>
			<y2>436.244562</y2>
			<x3>322.763832</x3>
			<y3>479.465491</y3>
			<x4>332.696534</x4>
			<y4>481.548427</y4>
			<x5>336.878724</x5>
			<y5>389.899228</y5>
			<x6>333.480695</x6>
			<y6>388.337026</y6>
			<x7>319.627189</x7>
			<y7>394.585835</y7>
			<x8>318.320255</x8>
			<y8>403.959048</y8>
		</polygon>
	</object>
	<object>
		<name>RID</name>
		<pose>Unspecified</pose>
		<truncated>0</truncated>
		<difficult>0</difficult>
		<occluded>0</occluded>
		<bndbox>
			<xmin>295</xmin>
			<xmax>317</xmax>
			<ymin>380</ymin>
			<ymax>503</ymax>
		</bndbox>
		<polygon>
			<x1>299.500399</x1>
			<y1>484.117055</y1>
			<x2>313.876678</x2>
			<y2>502.342748</y2>
			<x3>315.726688</x3>
			<y3>389.982356</y3>
			<x4>303.421202</x4>
			<y4>379.449504</y4>
			<x5>294.272661</x5>
			<y5>383.615377</y5>
			<x6>295.579596</x6>
			<y6>419.546029</y6>
			<x7>299.500399</x7>
			<y7>484.117055</y7>
		</polygon>
	</object>
	<object>
		<name>RIU</name>
		<pose>Unspecified</pose>
		<truncated>0</truncated>
		<difficult>0</difficult>
		<occluded>0</occluded>
		<bndbox>
			<xmin>294</xmin>
			<xmax>317</xmax>
			<ymin>216</ymin>
			<ymax>341</ymax>
		</bndbox>
		<polygon>
			<x1>303.178393</x1>
			<y1>223.764679</y1>
			<x2>295.056822</x2>
			<y2>312.239765</y2>
			<x3>293.488501</x3>
			<y3>336.193533</y3>
			<x4>302.637042</x4>
			<y4>340.359406</y4>
			<x5>314.660839</x5>
			<y5>327.861787</y5>
			<x6>315.183612</x6>
			<y6>300.783616</y6>
			<x7>316.490547</x7>
			<y7>229.96378</y7>
			<x8>308.126166</x8>
			<y8>215.383226</y8>
			<x9>303.178393</x9>
			<y9>223.764679</y9>
		</polygon>
	</object>
	<object>
		<name>RIU</name>
		<pose>Unspecified</pose>
		<truncated>0</truncated>
		<difficult>0</difficult>
		<occluded>0</occluded>
		<bndbox>
			<xmin>274</xmin>
			<xmax>298</xmax>
			<ymin>221</ymin>
			<ymax>348</ymax>
		</bndbox>
		<polygon>
			<x1>285.401642</x1>
			<y1>220.117269</y1>
			<x2>273.36171</x2>
			<y2>346.087481</y2>
			<x3>295.840983</x3>
			<y3>346.608215</y3>
			<x4>296.88653</x4>
			<y4>231.525982</y4>
			<x5>285.401642</x5>
			<y5>220.117269</y5>
		</polygon>
	</object>
	<object>
		<name>RCU</name>
		<pose>Unspecified</pose>
		<truncated>0</truncated>
		<difficult>0</difficult>
		<occluded>0</occluded>
		<bndbox>
			<xmin>240</xmin>
			<xmax>297</xmax>
			<ymin>377</ymin>
			<ymax>500</ymax>
		</bndbox>
		<polygon>
			<x1>294.551441</x1>
			<y1>395.714</y1>
			<x2>283.011293</x2>
			<y2>379.953042</y2>
			<x3>274.124139</x3>
			<y3>375.787169</y3>
			<x4>267.328079</x4>
			<y4>392.45066</y4>
			<x5>238.836909</x5>
			<y5>498.680413</y5>
			<x6>262.100342</x6>
			<y6>493.993806</y6>
			<x7>283.795454</x7>
			<y7>454.93875</y7>
			<x8>296.342024</x8>
			<y8>412.759289</y8>
			<x9>294.551441</x9>
			<y9>395.714</y9>
		</polygon>
	</object>
	<object>
		<name>RPMU</name>
		<pose>Unspecified</pose>
		<truncated>0</truncated>
		<difficult>0</difficult>
		<occluded>0</occluded>
		<bndbox>
			<xmin>217</xmin>
			<xmax>276</xmax>
			<ymin>369</ymin>
			<ymax>491</ymax>
		</bndbox>
		<polygon>
			<x1>245.371581</x1>
			<y1>373.183499</y1>
			<x2>237.791361</x2>
			<y2>409.634884</y2>
			<x3>216.357636</x3>
			<y3>489.827934</y3>
			<x4>232.563623</x4>
			<y4>489.307199</y4>
			<x5>251.122093</x5>
			<y5>463.791229</y5>
			<x6>274.683307</x6>
			<y6>391.024473</y6>
			<x7>258.179539</x7>
			<y7>367.976157</y7>
			<x8>245.371581</x8>
			<y8>373.183499</y8>
		</polygon>
	</object>
	<object>
		<name>RPMU</name>
		<pose>Unspecified</pose>
		<truncated>0</truncated>
		<difficult>0</difficult>
		<occluded>0</occluded>
		<bndbox>
			<xmin>201</xmin>
			<xmax>251</xmax>
			<ymin>350</ymin>
			<ymax>481</ymax>
		</bndbox>
		<polygon>
			<x1>230.733915</x1>
			<y1>349.229731</y1>
			<x2>219.232892</x2>
			<y2>372.142031</y2>
			<x3>199.890262</x3>
			<y3>480.45472</y3>
			<x4>221.846761</x4>
			<y4>462.749761</y4>
			<x5>250.370986</x5>
			<y5>362.887311</y5>
			<x6>230.733915</x6>
			<y6>349.229731</y6>
		</polygon>
	</object>
	<object>
		<name>RMD</name>
		<pose>Unspecified</pose>
		<truncated>0</truncated>
		<difficult>0</difficult>
		<occluded>0</occluded>
		<bndbox>
			<xmin>155</xmin>
			<xmax>236</xmax>
			<ymin>323</ymin>
			<ymax>460</ymax>
		</bndbox>
		<polygon>
			<x1>153.88617</x1>
			<y1>447.127739</y1>
			<x2>161.46639</x2>
			<y2>455.459484</y2>
			<x3>177.933764</x3>
			<y3>425.256907</y3>
			<x4>191.264495</x4>
			<y4>402.865341</y4>
			<x5>176.104056</x5>
			<y5>454.418016</y5>
			<x6>184.729823</x6>
			<y6>459.104623</y6>
			<x7>199.367489</x7>
			<y7>437.754525</y7>
			<x8>235.438879</x8>
			<y8>353.395603</y8>
			<x9>232.855658</x9>
			<y9>345.171321</y9>
			<x10>204.595226</x10>
			<y10>321.630824</y10>
			<x11>193.35559</x11>
			<y11>330.483304</y11>
			<x12>187.343692</x12>
			<y12>345.584592</y12>
			<x13>153.88617</x13>
			<y13>447.127739</y13>
		</polygon>
	</object>
	<object>
		<name>RMD</name>
		<pose>Unspecified</pose>
		<truncated>0</truncated>
		<difficult>0</difficult>
		<occluded>0</occluded>
		<bndbox>
			<xmin>89</xmin>
			<xmax>165</xmax>
			<ymin>275</ymin>
			<ymax>403</ymax>
		</bndbox>
		<polygon>
			<x1>163.578613</x1>
			<y1>308.697223</y1>
			<x2>131.406898</x2>
			<y2>273.723289</y2>
			<x3>115.462297</x3>
			<y3>308.612472</y3>
			<x4>96.381054</x4>
			<y4>368.496892</y4>
			<x5>88.016674</x5>
			<y5>388.284787</y5>
			<x6>108.666238</x6>
			<y6>402.344607</y6>
			<x7>137.680183</x7>
			<y7>375.787169</y7>
			<x8>163.034711</x8>
			<y8>318.50642</y8>
			<x9>163.578613</x9>
			<y9>308.697223</y9>
		</polygon>
	</object>
	<object>
		<name>RMD</name>
		<pose>Unspecified</pose>
		<truncated>0</truncated>
		<difficult>0</difficult>
		<occluded>0</occluded>
		<bndbox>
			<xmin>126</xmin>
			<xmax>194</xmax>
			<ymin>317</ymin>
			<ymax>426</ymax>
		</bndbox>
		<polygon>
			<x1>151.795075</x1>
			<y1>414.321491</y1>
			<x2>186.820918</x2>
			<y2>366.934689</y2>
			<x3>193.380814</x3>
			<y3>337.355442</y3>
			<x4>157.545586</x4>
			<y4>315.902749</y4>
			<x5>125.133612</x5>
			<y5>401.823873</y5>
			<x6>137.418796</x6>
			<y6>425.256907</y6>
			<x7>151.795075</x7>
			<y7>414.321491</y7>
		</polygon>
	</object>
	<object>
		<name>LCD</name>
		<pose>Unspecified</pose>
		<truncated>0</truncated>
		<difficult>0</difficult>
		<occluded>0</occluded>
		<bndbox>
			<xmin>371</xmin>
			<xmax>398</xmax>
			<ymin>393</ymin>
			<ymax>522</ymax>
		</bndbox>
		<polygon>
			<x1>371.010058</x1>
			<y1>400.381684</y1>
			<x2>370.211053</x2>
			<y2>451.318434</y2>
			<x3>382.595618</x3>
			<y3>508.649058</y3>
			<x4>396.977693</x4>
			<y4>521.383245</y4>
			<x5>396.977693</x5>
			<y5>435.029536</y5>
			<x6>396.996503</x6>
			<y6>403.234781</y6>
			<x7>382.595618</x7>
			<y7>391.62693</y7>
			<x8>371.010058</x8>
			<y8>400.381684</y8>
		</polygon>
	</object>
	<object>
		<name>LPMD</name>
		<pose>Unspecified</pose>
		<truncated>0</truncated>
		<difficult>0</difficult>
		<occluded>0</occluded>
		<bndbox>
			<xmin>394</xmin>
			<xmax>425</xmax>
			<ymin>391</ymin>
			<ymax>519</ymax>
		</bndbox>
		<polygon>
			<x1>400.772963</x1>
			<y1>390.061936</y1>
			<x2>392.982673</x2>
			<y2>403.59201</y2>
			<x3>414.156283</x3>
			<y3>518.199698</y3>
			<x4>423.544583</x4>
			<y4>497.1087</y4>
			<x5>416.375017</x5>
			<y5>402.040207</y5>
			<x6>400.772963</x6>
			<y6>390.061936</y6>
		</polygon>
	</object>
	<object>
		<name>LPMD</name>
		<pose>Unspecified</pose>
		<truncated>0</truncated>
		<difficult>0</difficult>
		<occluded>0</occluded>
		<bndbox>
			<xmin>415</xmin>
			<xmax>449</xmax>
			<ymin>379</ymin>
			<ymax>504</ymax>
		</bndbox>
		<polygon>
			<x1>448.313712</x1>
			<y1>489.149833</y1>
			<x2>439.324915</x2>
			<y2>429.060385</y2>
			<x3>436.952202</x3>
			<y3>398.456485</y3>
			<x4>423.145081</x4>
			<y4>377.725691</y4>
			<x5>413.756781</x5>
			<y5>386.480445</y5>
			<x6>413.956532</x6>
			<y6>406.775557</y6>
			<x7>422.146325</x7>
			<y7>443.784289</y7>
			<x8>435.130143</x8>
			<y8>484.374512</y8>
			<x9>445.9167</x9>
			<y9>502.679907</y9>
			<x10>448.313712</x10>
			<y10>489.149833</y10>
		</polygon>
	</object>
	<metadata>
		<tags>
			<tag>teeth</tag>
		</tags>
	</metadata>
</annotation>
