<annotation>
	<folder></folder>
	<filename>225_jpg.rf.dc8b7706466ce83e28c191b1c2f0f5a2.jpg</filename>
	<path>225_jpg.rf.dc8b7706466ce83e28c191b1c2f0f5a2.jpg</path>
	<source>
		<database>roboflow.com</database>
	</source>
	<size>
		<width>640</width>
		<height>640</height>
		<depth>3</depth>
	</size>
	<segmented>0</segmented>
	<object>
		<name>LID</name>
		<pose>Unspecified</pose>
		<truncated>0</truncated>
		<difficult>0</difficult>
		<occluded>0</occluded>
		<bndbox>
			<xmin>336</xmin>
			<xmax>354</xmax>
			<ymin>387</ymin>
			<ymax>491</ymax>
		</bndbox>
		<polygon>
			<x1>347.379747</x1>
			<y1>489.921641</y1>
			<x2>353.391646</x2>
			<y2>434.203093</y2>
			<x3>352.607485</x3>
			<y3>388.899228</y3>
			<x4>343.720331</x4>
			<y4>385.774824</y4>
			<x5>335.117668</x5>
			<y5>392.629766</y5>
			<x6>339.015367</x6>
			<y6>445.659243</y6>
			<x7>347.379747</x7>
			<y7>489.921641</y7>
		</polygon>
	</object>
	<object>
		<name>LID</name>
		<pose>Unspecified</pose>
		<truncated>0</truncated>
		<difficult>0</difficult>
		<occluded>0</occluded>
		<bndbox>
			<xmin>353</xmin>
			<xmax>371</xmax>
			<ymin>393</ymin>
			<ymax>499</ymax>
		</bndbox>
		<polygon>
			<x1>352.084711</x1>
			<y1>412.332262</y1>
			<x2>353.653033</x2>
			<y2>483.672831</y2>
			<x3>360.710478</x3>
			<y3>497.732652</y3>
			<x4>368.290698</x4>
			<y4>440.451903</y4>
			<x5>370.148324</x5>
			<y5>399.403527</y5>
			<x6>353.653033</x6>
			<y6>391.502899</y6>
			<x7>352.084711</x7>
			<y7>412.332262</y7>
		</polygon>
	</object>
	<object>
		<name>RID</name>
		<pose>Unspecified</pose>
		<truncated>0</truncated>
		<difficult>0</difficult>
		<occluded>0</occluded>
		<bndbox>
			<xmin>318</xmin>
			<xmax>337</xmax>
			<ymin>388</ymin>
			<ymax>482</ymax>
		</bndbox>
		<polygon>
			<x1>335.878724</x1>
			<y1>388.899228</y1>
			<x2>332.480695</x2>
			<y2>387.337026</y2>
			<x3>318.627189</x3>
			<y3>393.585835</y3>
			<x4>317.320255</x4>
			<y4>402.959048</y4>
			<x5>319.672737</x5>
			<y5>435.244562</y5>
			<x6>321.763832</x6>
			<y6>478.465491</y6>
			<x7>331.696534</x7>
			<y7>480.548427</y7>
			<x8>335.878724</x8>
			<y8>388.899228</y8>
		</polygon>
	</object>
	<object>
		<name>RID</name>
		<pose>Unspecified</pose>
		<truncated>0</truncated>
		<difficult>0</difficult>
		<occluded>0</occluded>
		<bndbox>
			<xmin>294</xmin>
			<xmax>316</xmax>
			<ymin>379</ymin>
			<ymax>502</ymax>
		</bndbox>
		<polygon>
			<x1>293.272661</x1>
			<y1>382.615377</y1>
			<x2>294.579596</x2>
			<y2>418.546029</y2>
			<x3>298.500399</x3>
			<y3>483.117055</y3>
			<x4>312.876678</x4>
			<y4>501.342748</y4>
			<x5>314.726688</x5>
			<y5>388.982356</y5>
			<x6>302.421202</x6>
			<y6>378.449504</y6>
			<x7>293.272661</x7>
			<y7>382.615377</y7>
		</polygon>
	</object>
	<object>
		<name>RIU</name>
		<pose>Unspecified</pose>
		<truncated>0</truncated>
		<difficult>0</difficult>
		<occluded>0</occluded>
		<bndbox>
			<xmin>293</xmin>
			<xmax>316</xmax>
			<ymin>215</ymin>
			<ymax>340</ymax>
		</bndbox>
		<polygon>
			<x1>313.660839</x1>
			<y1>326.861787</y1>
			<x2>314.183612</x2>
			<y2>299.783616</y2>
			<x3>315.490547</x3>
			<y3>228.96378</y3>
			<x4>307.126166</x4>
			<y4>214.383226</y4>
			<x5>302.178393</x5>
			<y5>222.764679</y5>
			<x6>294.056822</x6>
			<y6>311.239765</y6>
			<x7>292.488501</x7>
			<y7>335.193533</y7>
			<x8>301.637042</x8>
			<y8>339.359406</y8>
			<x9>313.660839</x9>
			<y9>326.861787</y9>
		</polygon>
	</object>
	<object>
		<name>RIU</name>
		<pose>Unspecified</pose>
		<truncated>0</truncated>
		<difficult>0</difficult>
		<occluded>0</occluded>
		<bndbox>
			<xmin>273</xmin>
			<xmax>297</xmax>
			<ymin>220</ymin>
			<ymax>347</ymax>
		</bndbox>
		<polygon>
			<x1>284.401642</x1>
			<y1>219.117269</y1>
			<x2>272.36171</x2>
			<y2>345.087481</y2>
			<x3>294.840983</x3>
			<y3>345.608215</y3>
			<x4>295.88653</x4>
			<y4>230.525982</y4>
			<x5>284.401642</x5>
			<y5>219.117269</y5>
		</polygon>
	</object>
	<object>
		<name>RCU</name>
		<pose>Unspecified</pose>
		<truncated>0</truncated>
		<difficult>0</difficult>
		<occluded>0</occluded>
		<bndbox>
			<xmin>239</xmin>
			<xmax>296</xmax>
			<ymin>376</ymin>
			<ymax>499</ymax>
		</bndbox>
		<polygon>
			<x1>237.836909</x1>
			<y1>497.680413</y1>
			<x2>261.100342</x2>
			<y2>492.993806</y2>
			<x3>282.795454</x3>
			<y3>453.93875</y3>
			<x4>295.342024</x4>
			<y4>411.759289</y4>
			<x5>293.551441</x5>
			<y5>394.714</y5>
			<x6>282.011293</x6>
			<y6>378.953042</y6>
			<x7>273.124139</x7>
			<y7>374.787169</y7>
			<x8>266.328079</x8>
			<y8>391.45066</y8>
			<x9>237.836909</x9>
			<y9>497.680413</y9>
		</polygon>
	</object>
	<object>
		<name>RPMU</name>
		<pose>Unspecified</pose>
		<truncated>0</truncated>
		<difficult>0</difficult>
		<occluded>0</occluded>
		<bndbox>
			<xmin>216</xmin>
			<xmax>275</xmax>
			<ymin>368</ymin>
			<ymax>490</ymax>
		</bndbox>
		<polygon>
			<x1>250.122093</x1>
			<y1>462.791229</y1>
			<x2>273.683307</x2>
			<y2>390.024473</y2>
			<x3>257.179539</x3>
			<y3>366.976157</y3>
			<x4>244.371581</x4>
			<y4>372.183499</y4>
			<x5>236.791361</x5>
			<y5>408.634884</y5>
			<x6>215.357636</x6>
			<y6>488.827934</y6>
			<x7>231.563623</x7>
			<y7>488.307199</y7>
			<x8>250.122093</x8>
			<y8>462.791229</y8>
		</polygon>
	</object>
	<object>
		<name>RPMU</name>
		<pose>Unspecified</pose>
		<truncated>0</truncated>
		<difficult>0</difficult>
		<occluded>0</occluded>
		<bndbox>
			<xmin>200</xmin>
			<xmax>250</xmax>
			<ymin>349</ymin>
			<ymax>480</ymax>
		</bndbox>
		<polygon>
			<x1>249.370986</x1>
			<y1>361.887311</y1>
			<x2>229.733915</x2>
			<y2>348.229731</y2>
			<x3>218.232892</x3>
			<y3>371.142031</y3>
			<x4>198.890262</x4>
			<y4>479.45472</y4>
			<x5>220.846761</x5>
			<y5>461.749761</y5>
			<x6>249.370986</x6>
			<y6>361.887311</y6>
		</polygon>
	</object>
	<object>
		<name>RMD</name>
		<pose>Unspecified</pose>
		<truncated>0</truncated>
		<difficult>0</difficult>
		<occluded>0</occluded>
		<bndbox>
			<xmin>154</xmin>
			<xmax>235</xmax>
			<ymin>322</ymin>
			<ymax>459</ymax>
		</bndbox>
		<polygon>
			<x1>175.104056</x1>
			<y1>453.418016</y1>
			<x2>183.729823</x2>
			<y2>458.104623</y2>
			<x3>198.367489</x3>
			<y3>436.754525</y3>
			<x4>234.438879</x4>
			<y4>352.395603</y4>
			<x5>231.855658</x5>
			<y5>344.171321</y5>
			<x6>203.595226</x6>
			<y6>320.630824</y6>
			<x7>192.35559</x7>
			<y7>329.483304</y7>
			<x8>186.343692</x8>
			<y8>344.584592</y8>
			<x9>152.88617</x9>
			<y9>446.127739</y9>
			<x10>160.46639</x10>
			<y10>454.459484</y10>
			<x11>176.933764</x11>
			<y11>424.256907</y11>
			<x12>190.264495</x12>
			<y12>401.865341</y12>
			<x13>175.104056</x13>
			<y13>453.418016</y13>
		</polygon>
	</object>
	<object>
		<name>RMD</name>
		<pose>Unspecified</pose>
		<truncated>0</truncated>
		<difficult>0</difficult>
		<occluded>0</occluded>
		<bndbox>
			<xmin>88</xmin>
			<xmax>164</xmax>
			<ymin>274</ymin>
			<ymax>402</ymax>
		</bndbox>
		<polygon>
			<x1>87.016674</x1>
			<y1>387.284787</y1>
			<x2>107.666238</x2>
			<y2>401.344607</y2>
			<x3>136.680183</x3>
			<y3>374.787169</y3>
			<x4>162.034711</x4>
			<y4>317.50642</y4>
			<x5>162.578613</x5>
			<y5>307.697223</y5>
			<x6>130.406898</x6>
			<y6>272.723289</y6>
			<x7>114.462297</x7>
			<y7>307.612472</y7>
			<x8>95.381054</x8>
			<y8>367.496892</y8>
			<x9>87.016674</x9>
			<y9>387.284787</y9>
		</polygon>
	</object>
	<object>
		<name>RMD</name>
		<pose>Unspecified</pose>
		<truncated>0</truncated>
		<difficult>0</difficult>
		<occluded>0</occluded>
		<bndbox>
			<xmin>125</xmin>
			<xmax>193</xmax>
			<ymin>316</ymin>
			<ymax>425</ymax>
		</bndbox>
		<polygon>
			<x1>124.133612</x1>
			<y1>400.823873</y1>
			<x2>136.418796</x2>
			<y2>424.256907</y2>
			<x3>150.795075</x3>
			<y3>413.321491</y3>
			<x4>185.820918</x4>
			<y4>365.934689</y4>
			<x5>192.380814</x5>
			<y5>336.355442</y5>
			<x6>156.545586</x6>
			<y6>314.902749</y6>
			<x7>124.133612</x7>
			<y7>400.823873</y7>
		</polygon>
	</object>
	<object>
		<name>LCD</name>
		<pose>Unspecified</pose>
		<truncated>0</truncated>
		<difficult>0</difficult>
		<occluded>0</occluded>
		<bndbox>
			<xmin>370</xmin>
			<xmax>397</xmax>
			<ymin>392</ymin>
			<ymax>521</ymax>
		</bndbox>
		<polygon>
			<x1>395.977693</x1>
			<y1>434.029536</y1>
			<x2>395.996503</x2>
			<y2>402.234781</y2>
			<x3>381.595618</x3>
			<y3>390.62693</y3>
			<x4>370.010058</x4>
			<y4>399.381684</y4>
			<x5>369.211053</x5>
			<y5>450.318434</y5>
			<x6>381.595618</x6>
			<y6>507.649058</y6>
			<x7>395.977693</x7>
			<y7>520.383245</y7>
			<x8>395.977693</x8>
			<y8>434.029536</y8>
		</polygon>
	</object>
	<object>
		<name>LPMD</name>
		<pose>Unspecified</pose>
		<truncated>0</truncated>
		<difficult>0</difficult>
		<occluded>0</occluded>
		<bndbox>
			<xmin>393</xmin>
			<xmax>424</xmax>
			<ymin>390</ymin>
			<ymax>518</ymax>
		</bndbox>
		<polygon>
			<x1>415.375017</x1>
			<y1>401.040207</y1>
			<x2>399.772963</x2>
			<y2>389.061936</y2>
			<x3>391.982673</x3>
			<y3>402.59201</y3>
			<x4>413.156283</x4>
			<y4>517.199698</y4>
			<x5>422.544583</x5>
			<y5>496.1087</y5>
			<x6>415.375017</x6>
			<y6>401.040207</y6>
		</polygon>
	</object>
	<object>
		<name>LPMD</name>
		<pose>Unspecified</pose>
		<truncated>0</truncated>
		<difficult>0</difficult>
		<occluded>0</occluded>
		<bndbox>
			<xmin>414</xmin>
			<xmax>448</xmax>
			<ymin>378</ymin>
			<ymax>503</ymax>
		</bndbox>
		<polygon>
			<x1>412.756781</x1>
			<y1>385.480445</y1>
			<x2>412.956532</x2>
			<y2>405.775557</y2>
			<x3>421.146325</x3>
			<y3>442.784289</y3>
			<x4>434.130143</x4>
			<y4>483.374512</y4>
			<x5>444.9167</x5>
			<y5>501.679907</y5>
			<x6>447.313712</x6>
			<y6>488.149833</y6>
			<x7>438.324915</x7>
			<y7>428.060385</y7>
			<x8>435.952202</x8>
			<y8>397.456485</y8>
			<x9>422.145081</x9>
			<y9>376.725691</y9>
			<x10>412.756781</x10>
			<y10>385.480445</y10>
		</polygon>
	</object>
	<metadata>
		<tags>
			<tag>teeth</tag>
		</tags>
	</metadata>
</annotation>
