<annotation>
	<folder></folder>
	<filename>228_jpg.rf.0127d2c1a8ca1e743d5d814bfc2145c8.jpg</filename>
	<path>228_jpg.rf.0127d2c1a8ca1e743d5d814bfc2145c8.jpg</path>
	<source>
		<database>roboflow.com</database>
	</source>
	<size>
		<width>640</width>
		<height>640</height>
		<depth>3</depth>
	</size>
	<segmented>0</segmented>
	<object>
		<name>RMU</name>
		<pose>Unspecified</pose>
		<truncated>0</truncated>
		<difficult>0</difficult>
		<occluded>0</occluded>
		<bndbox>
			<xmin>144</xmin>
			<xmax>184</xmax>
			<ymin>163</ymin>
			<ymax>295</ymax>
		</bndbox>
		<polygon>
			<x1>162.499663</x1>
			<y1>166.092023</y1>
			<x2>150.134253</x2>
			<y2>231.577895</y2>
			<x3>143.07766</x3>
			<y3>252.665076</y3>
			<x4>148.07608</x4>
			<y4>281.367072</y4>
			<x5>163.659389</x5>
			<y5>294.253683</y5>
			<x6>172.774155</x6>
			<y6>283.124337</y6>
			<x7>178.948673</x7>
			<y7>211.662224</y7>
			<x8>183.359044</x8>
			<y8>182.960228</y8>
			<x9>178.0666</x9>
			<y9>162.458802</y9>
			<x10>171.598056</x10>
			<y10>163.630312</y10>
			<x11>162.499663</x11>
			<y11>166.092023</y11>
		</polygon>
	</object>
	<object>
		<name>RMU</name>
		<pose>Unspecified</pose>
		<truncated>0</truncated>
		<difficult>0</difficult>
		<occluded>0</occluded>
		<bndbox>
			<xmin>171</xmin>
			<xmax>205</xmax>
			<ymin>170</ymin>
			<ymax>316</ymax>
		</bndbox>
		<polygon>
			<x1>184.260481</x1>
			<y1>171.953223</y1>
			<x2>176.596476</x2>
			<y2>249.229381</y2>
			<x3>170.421957</x3>
			<y3>290.817988</y3>
			<x4>178.948673</x4>
			<y4>305.461864</y4>
			<x5>191.003686</x5>
			<y5>314.833944</y5>
			<x6>198.354304</x6>
			<y6>305.461864</y6>
			<x7>201.000526</x7>
			<y7>287.889212</y7>
			<x8>203.646749</x8>
			<y8>198.268694</y8>
			<x9>201.294551</x9>
			<y9>170.738208</y9>
			<x10>190.121612</x10>
			<y10>168.980942</y10>
			<x11>184.260481</x11>
			<y11>171.953223</y11>
		</polygon>
	</object>
	<object>
		<name>RMU</name>
		<pose>Unspecified</pose>
		<truncated>0</truncated>
		<difficult>0</difficult>
		<occluded>0</occluded>
		<bndbox>
			<xmin>200</xmin>
			<xmax>236</xmax>
			<ymin>169</ymin>
			<ymax>324</ymax>
		</bndbox>
		<polygon>
			<x1>205.116872</x1>
			<y1>168.395187</y1>
			<x2>201.8826</x2>
			<y2>248.643626</y2>
			<x3>198.648328</x3>
			<y3>308.976394</y3>
			<x4>205.410897</x4>
			<y4>317.762719</y4>
			<x5>218.642008</x5>
			<y5>323.034514</y5>
			<x6>230.402996</x6>
			<y6>315.419699</y6>
			<x7>235.401416</x7>
			<y7>301.361578</y7>
			<x8>232.167144</x8>
			<y8>275.002602</y8>
			<x9>216.289811</x9>
			<y9>172.495473</y9>
			<x10>205.116872</x10>
			<y10>168.395187</y10>
		</polygon>
	</object>
	<object>
		<name>RMU</name>
		<pose>Unspecified</pose>
		<truncated>0</truncated>
		<difficult>0</difficult>
		<occluded>0</occluded>
		<bndbox>
			<xmin>121</xmin>
			<xmax>179</xmax>
			<ymin>287</ymin>
			<ymax>412</ymax>
		</bndbox>
		<polygon>
			<x1>133.08082</x1>
			<y1>387.467567</y1>
			<x2>143.959734</x2>
			<y2>371.066426</y2>
			<x3>134.550944</x3>
			<y3>402.111443</y3>
			<x4>140.725462</x4>
			<y4>410.897768</y4>
			<x5>146.017907</x5>
			<y5>407.968993</y5>
			<x6>157.48487</x6>
			<y6>394.496627</y6>
			<x7>164.541463</x7>
			<y7>365.208876</y7>
			<x8>178.360624</x8>
			<y8>317.176964</y8>
			<x9>172.186105</x9>
			<y9>301.947333</y9>
			<x10>163.953414</x10>
			<y10>292.575253</y10>
			<x11>157.48487</x11>
			<y11>287.889212</y11>
			<x12>148.370105</x12>
			<y12>287.303457</y12>
			<x13>142.503235</x13>
			<y13>285.660504</y13>
			<x14>134.256919</x14>
			<y14>323.034514</y14>
			<x15>120.143733</x15>
			<y15>365.208876</y15>
			<x16>121.319832</x16>
			<y16>383.367282</y16>
			<x17>133.08082</x17>
			<y17>387.467567</y17>
		</polygon>
	</object>
	<object>
		<name>RCU</name>
		<pose>Unspecified</pose>
		<truncated>0</truncated>
		<difficult>0</difficult>
		<occluded>0</occluded>
		<bndbox>
			<xmin>248</xmin>
			<xmax>271</xmax>
			<ymin>138</ymin>
			<ymax>312</ymax>
		</bndbox>
		<polygon>
			<x1>250.102651</x1>
			<y1>302.533088</y1>
			<x2>259.217417</x2>
			<y2>311.319414</y2>
			<x3>266.862059</x3>
			<y3>308.390639</y3>
			<x4>269.508282</x4>
			<y4>280.274398</y4>
			<x5>266.27401</x5>
			<y5>201.197469</y5>
			<x6>260.099491</x6>
			<y6>164.294902</y6>
			<x7>253.336923</x7>
			<y7>137.350171</y7>
			<x8>246.602283</x8>
			<y8>170.780983</y8>
			<x9>247.162404</x9>
			<y9>259.772971</y9>
			<x10>250.102651</x10>
			<y10>302.533088</y10>
		</polygon>
	</object>
	<object>
		<name>RIU</name>
		<pose>Unspecified</pose>
		<truncated>0</truncated>
		<difficult>0</difficult>
		<occluded>0</occluded>
		<bndbox>
			<xmin>269</xmin>
			<xmax>294</xmax>
			<ymin>168</ymin>
			<ymax>320</ymax>
		</bndbox>
		<polygon>
			<x1>285.973665</x1>
			<y1>318.934229</y1>
			<x2>290.67806</x2>
			<y2>316.591209</y2>
			<x3>293.030258</x3>
			<y3>256.258441</y3>
			<x4>288.913912</x4>
			<y4>199.440204</y4>
			<x5>285.091591</x5>
			<y5>169.566697</y5>
			<x6>285.091591</x6>
			<y6>168.980942</y6>
			<x7>275.388776</x7>
			<y7>166.637923</y7>
			<x8>268.951232</x8>
			<y8>171.953223</y8>
			<x9>267.744133</x9>
			<y9>310.733659</y9>
			<x10>285.973665</x10>
			<y10>318.934229</y10>
		</polygon>
	</object>
	<object>
		<name>RIU</name>
		<pose>Unspecified</pose>
		<truncated>0</truncated>
		<difficult>0</difficult>
		<occluded>0</occluded>
		<bndbox>
			<xmin>291</xmin>
			<xmax>317</xmax>
			<ymin>169</ymin>
			<ymax>325</ymax>
		</bndbox>
		<polygon>
			<x1>290.67806</x1>
			<y1>270.316562</y1>
			<x2>290.384035</x2>
			<y2>324.206024</y2>
			<x3>313.906011</x3>
			<y3>322.448759</y3>
			<x4>316.258209</x4>
			<y4>301.947333</y4>
			<x5>313.906011</x5>
			<y5>273.831092</y5>
			<x6>310.414412</x6>
			<y6>180.158903</y6>
			<x7>297.440628</x7>
			<y7>167.809432</y7>
			<x8>294.206357</x8>
			<y8>189.482369</y8>
			<x9>290.67806</x9>
			<y9>270.316562</y9>
		</polygon>
	</object>
	<object>
		<name>LIU</name>
		<pose>Unspecified</pose>
		<truncated>0</truncated>
		<difficult>0</difficult>
		<occluded>0</occluded>
		<bndbox>
			<xmin>316</xmin>
			<xmax>343</xmax>
			<ymin>178</ymin>
			<ymax>322</ymax>
		</bndbox>
		<polygon>
			<x1>314.788086</x1>
			<y1>318.934229</y1>
			<x2>328.313222</x2>
			<y2>320.691494</y2>
			<x3>338.604086</x3>
			<y3>316.591209</y3>
			<x4>342.132383</x4>
			<y4>306.633374</y4>
			<x5>340.956284</x5>
			<y5>267.387787</y5>
			<x6>335.957864</x6>
			<y6>184.796328</y6>
			<x7>330.665419</x7>
			<y7>177.181513</y7>
			<x8>319.824495</x8>
			<y8>178.400543</y8>
			<x9>314.788086</x9>
			<y9>290.232233</y9>
			<x10>314.788086</x10>
			<y10>318.934229</y10>
		</polygon>
	</object>
	<object>
		<name>LIU</name>
		<pose>Unspecified</pose>
		<truncated>0</truncated>
		<difficult>0</difficult>
		<occluded>0</occluded>
		<bndbox>
			<xmin>340</xmin>
			<xmax>363</xmax>
			<ymin>177</ymin>
			<ymax>322</ymax>
		</bndbox>
		<polygon>
			<x1>338.898111</x1>
			<y1>178.353023</y1>
			<x2>338.898111</x2>
			<y2>261.530237</y2>
			<x3>343.308481</x3>
			<y3>320.691494</y3>
			<x4>361.243988</x4>
			<y4>317.176964</y4>
			<x5>362.420087</x5>
			<y5>287.889212</y5>
			<x6>357.170764</x6>
			<y6>176.056063</y6>
			<x7>338.898111</x7>
			<y7>178.353023</y7>
		</polygon>
	</object>
	<object>
		<name>LCU</name>
		<pose>Unspecified</pose>
		<truncated>0</truncated>
		<difficult>0</difficult>
		<occluded>0</occluded>
		<bndbox>
			<xmin>358</xmin>
			<xmax>387</xmax>
			<ymin>148</ymin>
			<ymax>328</ymax>
		</bndbox>
		<polygon>
			<x1>377.709372</x1>
			<y1>326.549044</y1>
			<x2>384.765964</x2>
			<y2>308.390639</y2>
			<x3>386.236088</x3>
			<y3>162.537637</y3>
			<x4>381.825717</x4>
			<y4>147.308007</y4>
			<x5>371.874019</x5>
			<y5>161.403063</y5>
			<x6>357.421667</x6>
			<y6>299.604313</y6>
			<x7>357.127642</x7>
			<y7>308.976394</y7>
			<x8>366.830458</x8>
			<y8>321.277249</y8>
			<x9>377.709372</x9>
			<y9>326.549044</y9>
		</polygon>
	</object>
	<object>
		<name>LMU</name>
		<pose>Unspecified</pose>
		<truncated>0</truncated>
		<difficult>0</difficult>
		<occluded>0</occluded>
		<bndbox>
			<xmin>449</xmin>
			<xmax>480</xmax>
			<ymin>158</ymin>
			<ymax>310</ymax>
		</bndbox>
		<polygon>
			<x1>479.470041</x1>
			<y1>292.556274</y1>
			<x2>475.353695</x2>
			<y2>205.864531</y2>
			<x3>471.237349</x3>
			<y3>160.175638</y3>
			<x4>463.592707</x4>
			<y4>157.246863</y4>
			<x5>455.360015</x5>
			<y5>166.033189</y5>
			<x6>448.009398</x6>
			<y6>291.970519</y6>
			<x7>454.183916</x7>
			<y7>308.957415</y7>
			<x8>464.180756</x8>
			<y8>303.099864</y8>
			<x9>479.470041</x9>
			<y9>292.556274</y9>
		</polygon>
	</object>
	<object>
		<name>LPMU</name>
		<pose>Unspecified</pose>
		<truncated>0</truncated>
		<difficult>0</difficult>
		<occluded>0</occluded>
		<bndbox>
			<xmin>420</xmin>
			<xmax>452</xmax>
			<ymin>165</ymin>
			<ymax>327</ymax>
		</bndbox>
		<polygon>
			<x1>424.487422</x1>
			<y1>317.74374</y1>
			<x2>433.308163</x2>
			<y2>325.944311</y2>
			<x3>444.481101</x3>
			<y3>315.986475</y3>
			<x4>449.773546</x4>
			<y4>307.785904</y4>
			<x5>450.067571</x5>
			<y5>273.812113</y5>
			<x6>450.65562</x6>
			<y6>164.861679</y6>
			<x7>440.070731</x7>
			<y7>164.275924</y7>
			<x8>430.981106</x8>
			<y8>173.711583</y8>
			<x9>419.489002</x9>
			<y9>296.656559</y9>
			<x10>424.487422</x10>
			<y10>317.74374</y10>
		</polygon>
	</object>
	<object>
		<name>LMD</name>
		<pose>Unspecified</pose>
		<truncated>0</truncated>
		<difficult>0</difficult>
		<occluded>0</occluded>
		<bndbox>
			<xmin>455</xmin>
			<xmax>519</xmax>
			<ymin>292</ymin>
			<ymax>425</ymax>
		</bndbox>
		<polygon>
			<x1>458.006238</x1>
			<y1>349.960266</y1>
			<x2>472.413448</x2>
			<y2>389.791608</y2>
			<x3>483.586387</x3>
			<y3>423.765399</y3>
			<x4>496.523473</x4>
			<y4>423.179644</y4>
			<x5>492.995177</x5>
			<y5>393.891893</y5>
			<x6>490.937004</x6>
			<y6>376.319243</y6>
			<x7>500.639819</x7>
			<y7>390.963118</y7>
			<x8>517.987277</x8>
			<y8>392.134628</y8>
			<x9>515.04703</x9>
			<y9>365.775652</y9>
			<x10>502.992017</x10>
			<y10>342.345451</y10>
			<x11>487.114683</x11>
			<y11>290.799009</y11>
			<x12>475.941744</x12>
			<y12>290.799009</y12>
			<x13>469.473201</x13>
			<y13>301.928354</y13>
			<x14>455.360015</x14>
			<y14>305.442884</y14>
			<x15>454.183916</x15>
			<y15>323.601291</y15>
			<x16>458.006238</x16>
			<y16>349.960266</y16>
		</polygon>
	</object>
	<object>
		<name>RID</name>
		<pose>Unspecified</pose>
		<truncated>0</truncated>
		<difficult>0</difficult>
		<occluded>0</occluded>
		<bndbox>
			<xmin>288</xmin>
			<xmax>308</xmax>
			<ymin>326</ymin>
			<ymax>486</ymax>
		</bndbox>
		<polygon>
			<x1>307.156535</x1>
			<y1>431.438611</y1>
			<x2>304.804337</x2>
			<y2>374.034619</y2>
			<x3>304.510312</x3>
			<y3>325.416952</y3>
			<x4>289.221028</x4>
			<y4>328.931482</y4>
			<x5>286.595138</x5>
			<y5>337.239064</y5>
			<x6>289.515053</x6>
			<y6>406.251146</y6>
			<x7>295.689571</x7>
			<y7>458.383343</y7>
			<x8>304.804337</x8>
			<y8>484.742319</y8>
			<x9>307.156535</x9>
			<y9>431.438611</y9>
		</polygon>
	</object>
	<object>
		<name>RID</name>
		<pose>Unspecified</pose>
		<truncated>0</truncated>
		<difficult>0</difficult>
		<occluded>0</occluded>
		<bndbox>
			<xmin>306</xmin>
			<xmax>322</xmax>
			<ymin>323</ymin>
			<ymax>482</ymax>
		</bndbox>
		<polygon>
			<x1>304.804337</x1>
			<y1>322.488177</y1>
			<x2>305.392387</x2>
			<y2>423.823796</y2>
			<x3>310.390806</x3>
			<y3>469.512688</y3>
			<x4>316.565325</x4>
			<y4>480.642034</y4>
			<x5>320.093622</x5>
			<y5>416.208981</y5>
			<x6>320.70669</x6>
			<y6>332.550104</y6>
			<x7>304.804337</x7>
			<y7>322.488177</y7>
		</polygon>
	</object>
	<object>
		<name>LID</name>
		<pose>Unspecified</pose>
		<truncated>0</truncated>
		<difficult>0</difficult>
		<occluded>0</occluded>
		<bndbox>
			<xmin>336</xmin>
			<xmax>356</xmax>
			<ymin>324</ymin>
			<ymax>487</ymax>
		</bndbox>
		<polygon>
			<x1>336.85303</x1>
			<y1>385.749719</y1>
			<x2>335.676931</x2>
			<y2>454.283057</y2>
			<x3>342.145474</x3>
			<y3>486.499584</y3>
			<x4>355.082561</x4>
			<y4>338.303562</y4>
			<x5>353.024388</x5>
			<y5>327.174217</y5>
			<x6>335.409946</x6>
			<y6>322.586064</y6>
			<x7>336.85303</x7>
			<y7>385.749719</y7>
		</polygon>
	</object>
	<object>
		<name>LID</name>
		<pose>Unspecified</pose>
		<truncated>0</truncated>
		<difficult>0</difficult>
		<occluded>0</occluded>
		<bndbox>
			<xmin>321</xmin>
			<xmax>338</xmax>
			<ymin>326</ymin>
			<ymax>478</ymax>
		</bndbox>
		<polygon>
			<x1>332.736684</x1>
			<y1>326.588462</y1>
			<x2>321.563745</x2>
			<y2>325.416952</y2>
			<x3>320.093622</x3>
			<y3>403.322371</y3>
			<x4>319.505572</x4>
			<y4>467.169668</y4>
			<x5>332.442659</x5>
			<y5>476.541748</y5>
			<x6>335.970955</x6>
			<y6>359.390744</y6>
			<x7>336.559005</x7>
			<y7>332.446012</y7>
			<x8>332.736684</x8>
			<y8>326.588462</y8>
		</polygon>
	</object>
	<object>
		<name>LCD</name>
		<pose>Unspecified</pose>
		<truncated>0</truncated>
		<difficult>0</difficult>
		<occluded>0</occluded>
		<bndbox>
			<xmin>350</xmin>
			<xmax>380</xmax>
			<ymin>329</ymin>
			<ymax>497</ymax>
		</bndbox>
		<polygon>
			<x1>378.604537</x1>
			<y1>386.921229</y1>
			<x2>369.783796</x2>
			<y2>337.132052</y2>
			<x3>357.758894</x3>
			<y3>328.447264</y3>
			<x4>348.908042</x4>
			<y4>364.662539</y4>
			<x5>356.25866</x5>
			<y5>440.810692</y5>
			<x6>370.66587</x6>
			<y6>495.871664</y6>
			<x7>377.722463</x7>
			<y7>491.771379</y7>
			<x8>378.604537</x8>
			<y8>386.921229</y8>
		</polygon>
	</object>
	<object>
		<name>RCD</name>
		<pose>Unspecified</pose>
		<truncated>0</truncated>
		<difficult>0</difficult>
		<occluded>0</occluded>
		<bndbox>
			<xmin>242</xmin>
			<xmax>265</xmax>
			<ymin>314</ymin>
			<ymax>485</ymax>
		</bndbox>
		<polygon>
			<x1>256.575639</x1>
			<y1>312.525597</y1>
			<x2>251.60139</x2>
			<y2>315.552624</y2>
			<x3>243.932577</x3>
			<y3>333.612777</y3>
			<x4>240.698306</x4>
			<y4>452.521048</y4>
			<x5>251.577219</x5>
			<y5>484.151819</y5>
			<x6>256.281615</x6>
			<y6>434.362642</y6>
			<x7>264.220282</x7>
			<y7>327.169473</y7>
			<x8>256.575639</x8>
			<y8>312.525597</y8>
		</polygon>
	</object>
	<metadata>
		<tags>
			<tag>teeth</tag>
		</tags>
	</metadata>
</annotation>
