<annotation>
	<folder></folder>
	<filename>229_jpg.rf.3e74c7e7396b681e95eac6f26320b03f.jpg</filename>
	<path>229_jpg.rf.3e74c7e7396b681e95eac6f26320b03f.jpg</path>
	<source>
		<database>roboflow.com</database>
	</source>
	<size>
		<width>640</width>
		<height>640</height>
		<depth>3</depth>
	</size>
	<segmented>0</segmented>
	<object>
		<name>RIU</name>
		<pose>Unspecified</pose>
		<truncated>0</truncated>
		<difficult>0</difficult>
		<occluded>0</occluded>
		<bndbox>
			<xmin>294</xmin>
			<xmax>322</xmax>
			<ymin>269</ymin>
			<ymax>400</ymax>
		</bndbox>
		<polygon>
			<x1>293.058379</x1>
			<y1>372.268422</y1>
			<x2>293.541239</x2>
			<y2>386.230412</y2>
			<x3>296.438403</x3>
			<y3>397.303714</y3>
			<x4>301.267009</x4>
			<y4>399.229506</y4>
			<x5>319.615711</x5>
			<y5>398.748058</y5>
			<x6>321.305723</x6>
			<y6>390.563443</y6>
			<x7>320.822862</x7>
			<y7>364.565255</y7>
			<x8>317.442838</x8>
			<y8>337.122723</y8>
			<x9>312.855663</x9>
			<y9>279.830419</y9>
			<x10>308.992778</x10>
			<y10>268.275669</y10>
			<x11>301.292264</x11>
			<y11>274.101401</y11>
			<x12>298.369845</x12>
			<y12>320.753493</y12>
			<x13>296.921263</x13>
			<y13>341.455754</y13>
			<x14>293.058379</x14>
			<y14>372.268422</y14>
		</polygon>
	</object>
	<object>
		<name>RIU</name>
		<pose>Unspecified</pose>
		<truncated>0</truncated>
		<difficult>0</difficult>
		<occluded>0</occluded>
		<bndbox>
			<xmin>271</xmin>
			<xmax>297</xmax>
			<ymin>254</ymin>
			<ymax>394</ymax>
		</bndbox>
		<polygon>
			<x1>272.295374</x1>
			<y1>381.415932</y1>
			<x2>275.916828</x2>
			<y2>389.119099</y2>
			<x3>282.676876</x3>
			<y3>392.970683</y3>
			<x4>287.988343</x4>
			<y4>392.970683</y4>
			<x5>292.575518</x5>
			<y5>387.193308</y5>
			<x6>294.50696</x6>
			<y6>367.935391</y6>
			<x7>294.50696</x7>
			<y7>337.604171</y7>
			<x8>296.438403</x8>
			<y8>283.682003</y8>
			<x9>294.0241</x9>
			<y9>260.572501</y9>
			<x10>291.609797</x10>
			<y10>252.869334</y10>
			<x11>286.804456</x11>
			<y11>256.758476</y11>
			<x12>277.84827</x12>
			<y12>314.49467</y12>
			<x13>269.63964</x13>
			<y13>363.602359</y13>
			<x14>272.295374</x14>
			<y14>381.415932</y14>
		</polygon>
	</object>
	<object>
		<name>RID</name>
		<pose>Unspecified</pose>
		<truncated>0</truncated>
		<difficult>0</difficult>
		<occluded>0</occluded>
		<bndbox>
			<xmin>292</xmin>
			<xmax>316</xmax>
			<ymin>409</ymin>
			<ymax>529</ymax>
		</bndbox>
		<polygon>
			<x1>300.059857</x1>
			<y1>476.807421</y1>
			<x2>303.681311</x2>
			<y2>503.287057</y2>
			<x3>307.061336</x3>
			<y3>523.50787</y3>
			<x4>314.304245</x4>
			<y4>527.840901</y4>
			<x5>314.545675</x5>
			<y5>464.289774</y5>
			<x6>313.097093</x6>
			<y6>426.255387</y6>
			<x7>313.606901</x7>
			<y7>411.399558</y7>
			<x8>304.647033</x8>
			<y8>407.960366</y8>
			<x9>298.611275</x9>
			<y9>408.441814</y9>
			<x10>290.644076</x10>
			<y10>420.478012</y10>
			<x11>294.26553</x11>
			<y11>441.661721</y11>
			<x12>300.059857</x12>
			<y12>476.807421</y12>
		</polygon>
	</object>
	<object>
		<name>RID</name>
		<pose>Unspecified</pose>
		<truncated>0</truncated>
		<difficult>0</difficult>
		<occluded>0</occluded>
		<bndbox>
			<xmin>314</xmin>
			<xmax>333</xmax>
			<ymin>409</ymin>
			<ymax>525</ymax>
		</bndbox>
		<polygon>
			<x1>326.375759</x1>
			<y1>523.50787</y1>
			<x2>331.204365</x2>
			<y2>450.327784</y2>
			<x3>331.958124</x3>
			<y3>411.881306</y3>
			<x4>322.512874</x4>
			<y4>407.960366</y4>
			<x5>319.13285</x5>
			<y5>407.960366</y5>
			<x6>312.855663</x6>
			<y6>413.256293</y6>
			<x7>313.821384</x7>
			<y7>444.550409</y7>
			<x8>317.684268</x8>
			<y8>483.066244</y8>
			<x9>319.13285</x9>
			<y9>518.211943</y9>
			<x10>326.375759</x10>
			<y10>523.50787</y10>
		</polygon>
	</object>
	<object>
		<name>LID</name>
		<pose>Unspecified</pose>
		<truncated>0</truncated>
		<difficult>0</difficult>
		<occluded>0</occluded>
		<bndbox>
			<xmin>329</xmin>
			<xmax>349</xmax>
			<ymin>421</ymin>
			<ymax>514</ymax>
		</bndbox>
		<polygon>
			<x1>344.042053</x1>
			<y1>513.406049</y1>
			<x2>345.202027</x2>
			<y2>457.890179</y2>
			<x3>347.969423</x3>
			<y3>424.102031</y3>
			<x4>338.677172</x4>
			<y4>420.012164</y4>
			<x5>327.657417</x5>
			<y5>422.614471</y5>
			<x6>329.832369</x6>
			<y6>450.661551</y6>
			<x7>332.587307</x7>
			<y7>478.708631</y7>
			<x8>335.342246</x8>
			<y8>498.659646</y8>
			<x9>340.272136</x9>
			<y9>509.936307</y9>
			<x10>344.042053</x10>
			<y10>513.406049</y10>
		</polygon>
	</object>
	<object>
		<name>LID</name>
		<pose>Unspecified</pose>
		<truncated>0</truncated>
		<difficult>0</difficult>
		<occluded>0</occluded>
		<bndbox>
			<xmin>344</xmin>
			<xmax>365</xmax>
			<ymin>410</ymin>
			<ymax>525</ymax>
		</bndbox>
		<polygon>
			<x1>354.481821</x1>
			<y1>518.938722</y1>
			<x2>360.136695</x2>
			<y2>523.854189</y2>
			<x3>364.066277</x3>
			<y3>425.837982</y3>
			<x4>354.336824</x4>
			<y4>409.313794</y4>
			<x5>345.347024</x5>
			<y5>409.313794</y5>
			<x6>343.462066</x6>
			<y6>422.325326</y6>
			<x7>344.767037</x7>
			<y7>449.794115</y7>
			<x8>345.782014</x8>
			<y8>475.238889</y8>
			<x9>348.246959</x9>
			<y9>500.722578</y9>
			<x10>354.481821</x10>
			<y10>518.938722</y10>
		</polygon>
	</object>
	<object>
		<name>LIU</name>
		<pose>Unspecified</pose>
		<truncated>0</truncated>
		<difficult>0</difficult>
		<occluded>0</occluded>
		<bndbox>
			<xmin>322</xmin>
			<xmax>350</xmax>
			<ymin>268</ymin>
			<ymax>402</ymax>
		</bndbox>
		<polygon>
			<x1>343.316192</x1>
			<y1>400.857059</y1>
			<x2>349.26106</x2>
			<y2>383.50835</y2>
			<x3>346.796115</x3>
			<y3>351.413238</y3>
			<x4>347.376102</x4>
			<y4>281.729257</y4>
			<x5>345.056153</x5>
			<y5>270.452596</y5>
			<x6>340.416257</x6>
			<y6>266.982854</y6>
			<x7>331.861447</x7>
			<y7>272.765757</y7>
			<x8>324.031621</x8>
			<y8>330.883933</y8>
			<x9>321.131685</x9>
			<y9>369.340238</y9>
			<x10>321.276682</x10>
			<y10>394.495866</y10>
			<x11>325.916579</x11>
			<y11>400.567914</y11>
			<x12>343.316192</x12>
			<y12>400.857059</y12>
		</polygon>
	</object>
	<object>
		<name>LIU</name>
		<pose>Unspecified</pose>
		<truncated>0</truncated>
		<difficult>0</difficult>
		<occluded>0</occluded>
		<bndbox>
			<xmin>349</xmin>
			<xmax>373</xmax>
			<ymin>260</ymin>
			<ymax>391</ymax>
		</bndbox>
		<polygon>
			<x1>371.590564</x1>
			<y1>376.858012</y1>
			<x2>369.415612</x2>
			<y2>345.34119</y2>
			<x3>359.700828</x3>
			<y3>273.054902</y3>
			<x4>355.640918</x4>
			<y4>259.175935</y4>
			<x5>350.144674</x5>
			<y5>260.343902</y5>
			<x6>348.82607</x6>
			<y6>338.979997</y6>
			<x7>347.956089</x7>
			<y7>371.653399</y7>
			<x8>348.971067</x8>
			<y8>386.110657</y8>
			<x9>353.900957</x9>
			<y9>390.447834</y9>
			<x10>366.080686</x10>
			<y10>387.556383</y10>
			<x11>371.590564</x11>
			<y11>376.858012</y11>
		</polygon>
	</object>
	<object>
		<name>LCU</name>
		<pose>Unspecified</pose>
		<truncated>0</truncated>
		<difficult>0</difficult>
		<occluded>0</occluded>
		<bndbox>
			<xmin>362</xmin>
			<xmax>396</xmax>
			<ymin>236</ymin>
			<ymax>376</ymax>
		</bndbox>
		<polygon>
			<x1>366.772407</x1>
			<y1>361.358644</y1>
			<x2>372.818587</x2>
			<y2>374.503343</y2>
			<x3>384.910948</x3>
			<y3>365.637914</y3>
			<x4>387.222723</x4>
			<y4>345.779353</y4>
			<x5>387.57838</x5>
			<y5>311.026871</y5>
			<x6>391.668444</x6>
			<y6>262.798937</y6>
			<x7>394.513705</x7>
			<y7>245.044215</y7>
			<x8>389.534497</x8>
			<y8>235.114934</y8>
			<x9>382.065686</x9>
			<y9>239.370341</y9>
			<x10>370.684641</x10>
			<y10>307.102218</y10>
			<x11>361.437542</x11>
			<y11>338.663146</y11>
			<x12>361.61537</x12>
			<y12>357.103238</y12>
			<x13>366.772407</x13>
			<y13>361.358644</y13>
		</polygon>
	</object>
	<object>
		<name>LPMU</name>
		<pose>Unspecified</pose>
		<truncated>0</truncated>
		<difficult>0</difficult>
		<occluded>0</occluded>
		<bndbox>
			<xmin>377</xmin>
			<xmax>409</xmax>
			<ymin>243</ymin>
			<ymax>387</ymax>
		</bndbox>
		<polygon>
			<x1>376.019506</x1>
			<y1>358.900188</y1>
			<x2>377.619966</x2>
			<y2>371.311788</y2>
			<x3>384.910948</x3>
			<y3>375.921811</y3>
			<x4>391.312786</x4>
			<y4>386.205709</y4>
			<x5>400.026399</x5>
			<y5>380.531834</y5>
			<x6>405.183435</x6>
			<y6>365.283296</y6>
			<x7>403.227318</x7>
			<y7>340.105478</y7>
			<x8>407.673039</x8>
			<y8>278.047474</y8>
			<x9>406.783895</x9>
			<y9>256.061211</y9>
			<x10>401.982516</x10>
			<y10>242.231141</y10>
			<x11>396.316167</x11>
			<y11>249.006033</y11>
			<x12>382.954831</x12>
			<y12>326.275409</y12>
			<x13>377.619966</x13>
			<y13>345.779353</y13>
			<x14>376.019506</x14>
			<y14>358.900188</y14>
		</polygon>
	</object>
	<object>
		<name>LPMU</name>
		<pose>Unspecified</pose>
		<truncated>0</truncated>
		<difficult>0</difficult>
		<occluded>0</occluded>
		<bndbox>
			<xmin>401</xmin>
			<xmax>427</xmax>
			<ymin>243</ymin>
			<ymax>384</ymax>
		</bndbox>
		<polygon>
			<x1>400.398527</x1>
			<y1>366.345381</y1>
			<x2>402.532474</x2>
			<y2>374.146958</y2>
			<x3>410.001285</x3>
			<y3>382.65777</y3>
			<x4>417.292267</x4>
			<y4>382.65777</y4>
			<x5>422.804961</x5>
			<y5>378.047747</y5>
			<x6>426.361538</x6>
			<y6>365.281529</y6>
			<x7>422.98279</x7>
			<y7>338.330624</y7>
			<x8>423.694105</x8>
			<y8>269.889512</y8>
			<x9>420.137528</x9>
			<y9>246.130162</y9>
			<x10>415.158321</x10>
			<y10>242.229374</y10>
			<x11>409.645627</x11>
			<y11>246.484779</y11>
			<x12>406.266879</x12>
			<y12>321.663618</y12>
			<x13>400.04287</x13>
			<y13>355.352248</y13>
			<x14>400.398527</x14>
			<y14>366.345381</y14>
		</polygon>
	</object>
	<object>
		<name>LMU</name>
		<pose>Unspecified</pose>
		<truncated>0</truncated>
		<difficult>0</difficult>
		<occluded>0</occluded>
		<bndbox>
			<xmin>421</xmin>
			<xmax>456</xmax>
			<ymin>248</ymin>
			<ymax>380</ymax>
		</bndbox>
		<polygon>
			<x1>419.781871</x1>
			<y1>361.38074</y1>
			<x2>426.539366</x2>
			<y2>376.274661</y2>
			<x3>434.541664</x3>
			<y3>378.402364</y3>
			<x4>442.188304</x4>
			<y4>372.728489</y4>
			<x5>449.657115</x5>
			<y5>378.756981</y5>
			<x6>454.99198</x6>
			<y6>362.089974</y6>
			<x7>453.569349</x7>
			<y7>341.167562</y7>
			<x8>451.079746</x8>
			<y8>327.692109</y8>
			<x9>449.301457</x9>
			<y9>276.272621</y9>
			<x10>447.167511</x10>
			<y10>259.605614</y10>
			<x11>442.188304</x11>
			<y11>247.194014</y11>
			<x12>435.252979</x12>
			<y12>246.839397</y12>
			<x13>429.041169</x13>
			<y13>250.780223</y13>
			<x14>425.116736</x14>
			<y14>324.145938</y14>
			<x15>419.781871</x15>
			<y15>361.38074</y15>
		</polygon>
	</object>
	<object>
		<name>LMU</name>
		<pose>Unspecified</pose>
		<truncated>0</truncated>
		<difficult>0</difficult>
		<occluded>0</occluded>
		<bndbox>
			<xmin>454</xmin>
			<xmax>486</xmax>
			<ymin>246</ymin>
			<ymax>370</ymax>
		</bndbox>
		<polygon>
			<x1>453.569349</x1>
			<y1>357.125334</y1>
			<x2>454.636322</x2>
			<y2>363.153826</y2>
			<x3>466.373025</x3>
			<y3>368.827701</y3>
			<x4>475.086638</x4>
			<y4>356.770717</y4>
			<x5>479.888017</x5>
			<y5>358.543803</y5>
			<x6>485.045053</x6>
			<y6>339.039859</y6>
			<x7>482.199792</x7>
			<y7>323.082086</y7>
			<x8>471.885719</x8>
			<y8>295.776565</y8>
			<x9>462.994278</x9>
			<y9>249.676334</y9>
			<x10>457.837241</x10>
			<y10>245.420928</y10>
			<x11>453.39152</x11>
			<y11>256.41406</y11>
			<x12>452.502376</x12>
			<y12>302.159674</y12>
			<x13>452.858034</x13>
			<y13>323.082086</y13>
			<x14>453.569349</x14>
			<y14>357.125334</y14>
		</polygon>
	</object>
	<object>
		<name>LMU</name>
		<pose>Unspecified</pose>
		<truncated>0</truncated>
		<difficult>0</difficult>
		<occluded>0</occluded>
		<bndbox>
			<xmin>469</xmin>
			<xmax>507</xmax>
			<ymin>239</ymin>
			<ymax>322</ymax>
		</bndbox>
		<polygon>
			<x1>491.446891</x1>
			<y1>320.599766</y1>
			<x2>496.959585</x2>
			<y2>313.862041</y2>
			<x3>498.560044</x3>
			<y3>294.712714</y3>
			<x4>504.784054</x4>
			<y4>284.783433</y4>
			<x5>506.384513</x5>
			<y5>266.343341</y5>
			<x6>495.892612</x6>
			<y6>251.804037</y6>
			<x7>481.488476</x7>
			<y7>237.973968</y7>
			<x8>474.019665</x8>
			<y8>237.973968</y8>
			<x9>468.346743</x9>
			<y9>247.58668</y9>
			<x10>474.197494</x10>
			<y10>279.109558</y10>
			<x11>477.220584</x11>
			<y11>299.322737</y11>
			<x12>481.132819</x12>
			<y12>312.798189</y12>
			<x13>491.446891</x13>
			<y13>320.599766</y13>
		</polygon>
	</object>
	<object>
		<name>LCD</name>
		<pose>Unspecified</pose>
		<truncated>0</truncated>
		<difficult>0</difficult>
		<occluded>0</occluded>
		<bndbox>
			<xmin>363</xmin>
			<xmax>390</xmax>
			<ymin>420</ymin>
			<ymax>543</ymax>
		</bndbox>
		<polygon>
			<x1>377.272641</x1>
			<y1>531.325441</y1>
			<x2>387.231056</x2>
			<y2>541.609339</y2>
			<x3>389.187173</x3>
			<y3>522.460013</y3>
			<x4>385.09711</x4>
			<y4>490.899085</y4>
			<x5>384.207966</x5>
			<y5>458.274306</y5>
			<x6>384.563623</x6>
			<y6>431.678019</y6>
			<x7>371.226461</x7>
			<y7>418.911801</y7>
			<x8>361.623704</x8>
			<y8>435.224191</y8>
			<x9>362.868506</x9>
			<y9>457.210454</y9>
			<x10>366.958569</x10>
			<y10>483.452124</y10>
			<x11>370.870803</x11>
			<y11>510.757646</y11>
			<x12>377.272641</x12>
			<y12>531.325441</y12>
		</polygon>
	</object>
	<object>
		<name>LPMD</name>
		<pose>Unspecified</pose>
		<truncated>0</truncated>
		<difficult>0</difficult>
		<occluded>0</occluded>
		<bndbox>
			<xmin>381</xmin>
			<xmax>409</xmax>
			<ymin>418</ymin>
			<ymax>538</ymax>
		</bndbox>
		<polygon>
			<x1>379.940074</x1>
			<y1>441.961916</y1>
			<x2>382.607506</x2>
			<y2>454.728134</y2>
			<x3>388.475858</x3>
			<y3>486.289062</y3>
			<x4>392.74375</x4>
			<y4>511.821497</y4>
			<x5>400.568219</x5>
			<y5>534.186242</y5>
			<x6>407.859201</x6>
			<y6>536.668563</y6>
			<x7>405.369597</x7>
			<y7>512.199978</y7>
			<x8>402.346507</x8>
			<y8>466.454364</y8>
			<x9>404.302624</x9>
			<y9>445.886569</y9>
			<x10>404.302624</x10>
			<y10>430.638031</y10>
			<x11>402.185325</x11>
			<y11>426.070255</y11>
			<x12>391.498948</x12>
			<y12>416.784098</y12>
			<x13>379.584416</x13>
			<y13>430.614167</y13>
			<x14>379.940074</x14>
			<y14>441.961916</y14>
		</polygon>
	</object>
	<object>
		<name>LPMD</name>
		<pose>Unspecified</pose>
		<truncated>0</truncated>
		<difficult>0</difficult>
		<occluded>0</occluded>
		<bndbox>
			<xmin>402</xmin>
			<xmax>439</xmax>
			<ymin>415</ymin>
			<ymax>537</ymax>
		</bndbox>
		<polygon>
			<x1>403.946967</x1>
			<y1>446.595803</y1>
			<x2>407.503543</x2>
			<y2>457.943553</y2>
			<x3>409.993147</x3>
			<y3>478.156731</y3>
			<x4>413.371895</x4>
			<y4>497.306058</y4>
			<x5>420.12939</x5>
			<y5>520.356173</y5>
			<x6>429.732147</x6>
			<y6>533.831625</y6>
			<x7>437.734445</x7>
			<y7>535.959328</y7>
			<x8>427.953859</x8>
			<y8>486.667543</y8>
			<x9>424.930769</x9>
			<y9>458.652787</y9>
			<x10>426.886886</x10>
			<y10>433.829585</y10>
			<x11>425.819913</x11>
			<y11>422.481836</y11>
			<x12>405.725255</x12>
			<y12>413.971024</y12>
			<x13>400.568219</x13>
			<y13>432.765734</y13>
			<x14>403.946967</x14>
			<y14>446.595803</y14>
		</polygon>
	</object>
	<object>
		<name>LMD</name>
		<pose>Unspecified</pose>
		<truncated>0</truncated>
		<difficult>0</difficult>
		<occluded>0</occluded>
		<bndbox>
			<xmin>423</xmin>
			<xmax>473</xmax>
			<ymin>402</ymin>
			<ymax>532</ymax>
		</bndbox>
		<polygon>
			<x1>459.963049</x1>
			<y1>418.22643</y1>
			<x2>454.094698</x2>
			<y2>402.268658</y2>
			<x3>442.357995</x3>
			<y3>401.204806</y3>
			<x4>437.02313</x4>
			<y4>415.389492</y4>
			<x5>424.930769</x5>
			<y5>408.297149</y5>
			<x6>421.907679</x6>
			<y6>429.219562</y6>
			<x7>426.3534</x7>
			<y7>449.787358</y7>
			<x8>433.644382</x8>
			<y8>470.70977</y8>
			<x9>439.690562</x9>
			<y9>503.334549</y9>
			<x10>450.71595</x10>
			<y10>530.285453</y10>
			<x11>458.718248</x11>
			<y11>530.640071</y11>
			<x12>454.450356</x12>
			<y12>504.043783</y12>
			<x13>449.826806</x13>
			<y13>483.475988</y13>
			<x14>449.826806</x14>
			<y14>477.802113</y14>
			<x15>459.073905</x15>
			<y15>499.079143</y15>
			<x16>467.431861</x16>
			<y16>513.618447</y16>
			<x17>472.233239</x17>
			<y17>511.845361</y17>
			<x18>468.676662</x18>
			<y18>490.213714</y18>
			<x19>459.607392</x19>
			<y19>457.588935</y19>
			<x20>459.963049</x20>
			<y20>418.22643</y20>
		</polygon>
	</object>
	<object>
		<name>LMD</name>
		<pose>Unspecified</pose>
		<truncated>0</truncated>
		<difficult>0</difficult>
		<occluded>0</occluded>
		<bndbox>
			<xmin>455</xmin>
			<xmax>493</xmax>
			<ymin>391</ymin>
			<ymax>513</ymax>
		</bndbox>
		<polygon>
			<x1>469.046421</x1>
			<y1>485.92185</y1>
			<x2>476.337403</x2>
			<y2>507.553497</y2>
			<x3>488.429764</x3>
			<y3>511.808903</y3>
			<x4>491.097196</x4>
			<y4>474.574101</y4>
			<x5>491.98634</x5>
			<y5>408.969926</y5>
			<x6>487.007133</x6>
			<y6>391.239068</y6>
			<x7>474.203457</x7>
			<y7>390.175216</y7>
			<x8>463.533727</x8>
			<y8>391.239068</y8>
			<x9>454.997943</x9>
			<y9>401.522965</y9>
			<x10>453.575312</x10>
			<y10>420.672292</y10>
			<x11>458.732348</x11>
			<y11>439.467002</y11>
			<x12>469.046421</x12>
			<y12>485.92185</y12>
		</polygon>
	</object>
	<object>
		<name>LMD</name>
		<pose>Unspecified</pose>
		<truncated>0</truncated>
		<difficult>0</difficult>
		<occluded>0</occluded>
		<bndbox>
			<xmin>482</xmin>
			<xmax>527</xmax>
			<ymin>392</ymin>
			<ymax>466</ymax>
		</bndbox>
		<polygon>
			<x1>526.129477</x1>
			<y1>442.658556</y1>
			<x2>523.106386</x2>
			<y2>422.090761</y2>
			<x3>513.681458</x3>
			<y3>406.487606</y3>
			<x4>508.702251</x4>
			<y4>391.948302</y4>
			<x5>504.078701</x5>
			<y5>391.239068</y5>
			<x6>488.074106</x6>
			<y6>395.139856</y6>
			<x7>480.783124</x7>
			<y7>435.211596</y7>
			<x8>491.808511</x8>
			<y8>464.290203</y8>
			<x9>505.145674</x9>
			<y9>461.098649</y9>
			<x10>521.861585</x10>
			<y10>464.64482</y10>
			<x11>526.129477</x11>
			<y11>442.658556</y11>
		</polygon>
	</object>
	<object>
		<name>RCD</name>
		<pose>Unspecified</pose>
		<truncated>0</truncated>
		<difficult>0</difficult>
		<occluded>0</occluded>
		<bndbox>
			<xmin>270</xmin>
			<xmax>296</xmax>
			<ymin>412</ymin>
			<ymax>531</ymax>
		</bndbox>
		<polygon>
			<x1>294.972026</x1>
			<y1>461.591414</y1>
			<x2>293.71679</x2>
			<y2>429.885131</y2>
			<x3>284.302519</x3>
			<y3>410.694486</y3>
			<x4>273.633013</x4>
			<y4>416.535116</y4>
			<x5>269.03048</x5>
			<y5>429.050754</y5>
			<x6>270.285716</x6>
			<y6>459.505474</y6>
			<x7>270.285716</x7>
			<y7>511.653966</y7>
			<x8>273.423807</x8>
			<y8>530.010236</y8>
			<x9>285.976168</x9>
			<y9>527.507107</y9>
			<x10>294.972026</x10>
			<y10>461.591414</y10>
		</polygon>
	</object>
	<object>
		<name>RPMD</name>
		<pose>Unspecified</pose>
		<truncated>0</truncated>
		<difficult>0</difficult>
		<occluded>0</occluded>
		<bndbox>
			<xmin>246</xmin>
			<xmax>275</xmax>
			<ymin>416</ymin>
			<ymax>535</ymax>
		</bndbox>
		<polygon>
			<x1>252.712411</x1>
			<y1>534.182115</y1>
			<x2>267.775244</x2>
			<y2>520.832101</y2>
			<x3>270.913334</x3>
			<y3>467.849233</y3>
			<x4>274.260631</x4>
			<y4>433.222634</y4>
			<x5>272.586982</x5>
			<y5>424.878875</y5>
			<x6>258.151767</x6>
			<y6>414.866365</y6>
			<x7>245.3902</x7>
			<y7>428.633567</y7>
			<x8>247.900672</x8>
			<y8>448.2414</y8>
			<x9>251.247969</x9>
			<y9>473.689864</y9>
			<x10>253.340029</x10>
			<y10>517.077409</y10>
			<x11>252.712411</x11>
			<y11>534.182115</y11>
		</polygon>
	</object>
	<object>
		<name>RPMD</name>
		<pose>Unspecified</pose>
		<truncated>0</truncated>
		<difficult>0</difficult>
		<occluded>0</occluded>
		<bndbox>
			<xmin>220</xmin>
			<xmax>256</xmax>
			<ymin>414</ymin>
			<ymax>531</ymax>
		</bndbox>
		<polygon>
			<x1>249.378977</x1>
			<y1>413.279028</y1>
			<x2>224.88801</x2>
			<y2>419.038244</y2>
			<x3>221.74992</x3>
			<y3>436.560137</y3>
			<x4>224.051186</x4>
			<y4>458.25391</y4>
			<x5>219.239448</x5>
			<y5>530.427423</y5>
			<x6>231.791809</x6>
			<y6>526.672732</y6>
			<x7>243.29814</x7>
			<y7>486.62269</y7>
			<x8>254.595265</x8>
			<y8>431.553882</y8>
			<x9>249.378977</x9>
			<y9>413.279028</y9>
		</polygon>
	</object>
	<object>
		<name>RMD</name>
		<pose>Unspecified</pose>
		<truncated>0</truncated>
		<difficult>0</difficult>
		<occluded>0</occluded>
		<bndbox>
			<xmin>165</xmin>
			<xmax>231</xmax>
			<ymin>397</ymin>
			<ymax>530</ymax>
		</bndbox>
		<polygon>
			<x1>213.181362</x1>
			<y1>410.774341</y1>
			<x2>204.804232</x2>
			<y2>395.675719</y2>
			<x3>191.415047</x3>
			<y3>399.847599</y3>
			<x4>183.88363</x4>
			<y4>422.792936</y4>
			<x5>179.071892</x5>
			<y5>460.33985</y5>
			<x6>164.218265</x6>
			<y6>508.316463</y6>
			<x7>173.841742</x7>
			<y7>511.236778</y7>
			<x8>194.762343</x8>
			<y8>474.941427</y8>
			<x9>186.394103</x9>
			<y9>501.641456</y9>
			<x10>177.60745</x10>
			<y10>524.586793</y10>
			<x11>190.787429</x11>
			<y11>528.758672</y11>
			<x12>209.406765</x12>
			<y12>504.978959</y12>
			<x13>217.356593</x13>
			<y13>464.928918</y13>
			<x14>223.84198</x14>
			<y14>447.407024</y14>
			<x15>229.908954</x15>
			<y15>422.792936</y15>
			<x16>224.88801</x16>
			<y16>403.185102</y16>
			<x17>213.181362</x17>
			<y17>410.774341</y17>
		</polygon>
	</object>
	<object>
		<name>RMD</name>
		<pose>Unspecified</pose>
		<truncated>0</truncated>
		<difficult>0</difficult>
		<occluded>0</occluded>
		<bndbox>
			<xmin>152</xmin>
			<xmax>190</xmax>
			<ymin>388</ymin>
			<ymax>508</ymax>
		</bndbox>
		<polygon>
			<x1>150.809414</x1>
			<y1>400.683794</y1>
			<x2>152.273857</x2>
			<y2>441.151024</y2>
			<x3>152.692269</x3>
			<y3>494.968268</y3>
			<x4>156.457977</x4>
			<y4>506.649531</y4>
			<x5>167.964308</x5>
			<y5>492.882329</y5>
			<x6>177.587785</x6>
			<y6>474.943247</y6>
			<x7>183.654759</x7>
			<y7>434.476018</y7>
			<x8>188.88491</x8>
			<y8>406.941614</y8>
			<x9>185.562373</x9>
			<y9>394.493873</y9>
			<x10>175.077313</x10>
			<y10>387.750968</y10>
			<x11>170.893192</x11>
			<y11>389.836908</y11>
			<x12>159.596067</x12>
			<y12>386.916592</y12>
			<x13>150.809414</x13>
			<y13>400.683794</y13>
		</polygon>
	</object>
	<object>
		<name>RMD</name>
		<pose>Unspecified</pose>
		<truncated>0</truncated>
		<difficult>0</difficult>
		<occluded>0</occluded>
		<bndbox>
			<xmin>113</xmin>
			<xmax>161</xmax>
			<ymin>383</ymin>
			<ymax>470</ymax>
		</bndbox>
		<polygon>
			<x1>121.10216</x1>
			<y1>416.954124</y1>
			<x2>112.106301</x2>
			<y2>434.476018</y2>
			<x3>116.499627</x3>
			<y3>454.918226</y3>
			<x4>125.077074</x4>
			<y4>469.102616</y4>
			<x5>139.721496</x5>
			<y5>453.666662</y5>
			<x6>154.365917</x6>
			<y6>445.740092</y6>
			<x7>160.014479</x7>
			<y7>414.450996</y7>
			<x8>154.365917</x8>
			<y8>400.266606</y8>
			<x9>147.27241</x9>
			<y9>392.824082</y9>
			<x10>142.65038</x10>
			<y10>382.327525</y10>
			<x11>137.001817</x11>
			<y11>382.327525</y11>
			<x12>126.33231</x12>
			<y12>387.750968</y12>
			<x13>121.10216</x13>
			<y13>416.954124</y13>
		</polygon>
	</object>
	<object>
		<name>RMU</name>
		<pose>Unspecified</pose>
		<truncated>0</truncated>
		<difficult>0</difficult>
		<occluded>0</occluded>
		<bndbox>
			<xmin>134</xmin>
			<xmax>182</xmax>
			<ymin>224</ymin>
			<ymax>305</ymax>
		</bndbox>
		<polygon>
			<x1>132.608491</x1>
			<y1>255.835357</y1>
			<x2>134.491345</x2>
			<y2>268.768184</y2>
			<x3>141.185938</x3>
			<y3>276.277567</y3>
			<x4>141.185938</x4>
			<y4>295.051024</y4>
			<x5>154.575123</x5>
			<y5>304.229158</y5>
			<x6>163.570981</x6>
			<y6>280.866634</y6>
			<x7>180.725875</x7>
			<y7>249.994726</y7>
			<x8>171.311605</x8>
			<y8>222.877511</y8>
			<x9>160.223685</x9>
			<y9>225.380638</y9>
			<x10>152.901475</x10>
			<y10>235.393149</y10>
			<x11>146.625294</x11>
			<y11>237.479089</y11>
			<x12>139.930702</x12>
			<y12>238.313464</y12>
			<x13>132.608491</x13>
			<y13>255.835357</y13>
		</polygon>
	</object>
	<object>
		<name>RMU</name>
		<pose>Unspecified</pose>
		<truncated>0</truncated>
		<difficult>0</difficult>
		<occluded>0</occluded>
		<bndbox>
			<xmin>154</xmin>
			<xmax>189</xmax>
			<ymin>242</ymin>
			<ymax>367</ymax>
		</bndbox>
		<polygon>
			<x1>164.1986</x1>
			<y1>350.954207</y1>
			<x2>171.311605</x2>
			<y2>365.555785</y2>
			<x3>183.027141</x3>
			<y3>359.297966</y3>
			<x4>186.583644</x4>
			<y4>344.696388</y4>
			<x5>187.629674</x5>
			<y5>290.461956</y5>
			<x6>188.257292</x6>
			<y6>257.921298</y6>
			<x7>184.70079</x7>
			<y7>244.988471</y7>
			<x8>176.332549</x8>
			<y8>240.816592</y8>
			<x9>172.148428</x9>
			<y9>249.577539</y9>
			<x10>166.918278</x10>
			<y10>287.958829</y10>
			<x11>152.901475</x11>
			<y11>322.16824</y11>
			<x12>153.738299</x12>
			<y12>354.708899</y12>
			<x13>164.1986</x13>
			<y13>350.954207</y13>
		</polygon>
	</object>
	<object>
		<name>RMU</name>
		<pose>Unspecified</pose>
		<truncated>0</truncated>
		<difficult>0</difficult>
		<occluded>0</occluded>
		<bndbox>
			<xmin>185</xmin>
			<xmax>222</xmax>
			<ymin>247</ymin>
			<ymax>382</ymax>
		</bndbox>
		<polygon>
			<x1>199.763623</x1>
			<y1>367.641725</y1>
			<x2>204.366155</x2>
			<y2>380.574551</y2>
			<x3>211.897572</x3>
			<y3>379.322987</y3>
			<x4>219.847401</x4>
			<y4>363.887034</y4>
			<x5>221.102637</x5>
			<y5>344.279201</y5>
			<x6>215.872486</x6>
			<y6>290.879144</y6>
			<x7>212.734396</x7>
			<y7>260.841613</y7>
			<x8>205.621391</x8>
			<y8>245.822847</y8>
			<x9>195.370297</x9>
			<y9>249.994726</y9>
			<x10>183.863966</x10>
			<y10>355.543275</y10>
			<x11>188.88491</x11>
			<y11>375.985484</y11>
			<x12>193.905854</x12>
			<y12>376.819859</y12>
			<x13>199.763623</x13>
			<y13>367.641725</y13>
		</polygon>
	</object>
	<object>
		<name>RPMU</name>
		<pose>Unspecified</pose>
		<truncated>0</truncated>
		<difficult>0</difficult>
		<occluded>0</occluded>
		<bndbox>
			<xmin>215</xmin>
			<xmax>246</xmax>
			<ymin>241</ymin>
			<ymax>389</ymax>
		</bndbox>
		<polygon>
			<x1>244.533711</x1>
			<y1>361.383906</y1>
			<x2>242.023239</x2>
			<y2>339.272945</y2>
			<x3>234.910234</x3>
			<y3>265.847868</y3>
			<x4>231.562938</x4>
			<y4>239.982216</y4>
			<x5>221.102637</x5>
			<y5>243.736907</y5>
			<x6>217.336929</x6>
			<y6>342.610449</y6>
			<x7>214.408044</x7>
			<y7>365.972973</y7>
			<x8>218.173752</x8>
			<y8>378.071423</y8>
			<x9>227.797229</x9>
			<y9>388.083934</y9>
			<x10>237.420706</x10>
			<y10>375.985484</y10>
			<x11>244.533711</x11>
			<y11>361.383906</y11>
		</polygon>
	</object>
	<object>
		<name>RPMU</name>
		<pose>Unspecified</pose>
		<truncated>0</truncated>
		<difficult>0</difficult>
		<occluded>0</occluded>
		<bndbox>
			<xmin>237</xmin>
			<xmax>267</xmax>
			<ymin>239</ymin>
			<ymax>390</ymax>
		</bndbox>
		<polygon>
			<x1>235.569483</x1>
			<y1>239.620709</y1>
			<x2>238.274637</x2>
			<y2>374.734959</y2>
			<x3>246.642877</x3>
			<y3>388.502161</y3>
			<x4>258.776826</x4>
			<y4>380.575591</y4>
			<x5>265.680625</x5>
			<y5>360.133382</y5>
			<x6>263.588565</x6>
			<y6>326.758347</y6>
			<x7>250.408586</x7>
			<y7>262.511404</y7>
			<x8>244.760023</x8>
			<y8>237.897316</y8>
			<x9>235.569483</x9>
			<y9>239.620709</y9>
		</polygon>
	</object>
	<object>
		<name>RCU</name>
		<pose>Unspecified</pose>
		<truncated>0</truncated>
		<difficult>0</difficult>
		<occluded>0</occluded>
		<bndbox>
			<xmin>251</xmin>
			<xmax>281</xmax>
			<ymin>233</ymin>
			<ymax>380</ymax>
		</bndbox>
		<polygon>
			<x1>250.19938</x1>
			<y1>264.597344</y1>
			<x2>253.33747</x2>
			<y2>297.555191</y2>
			<x3>254.801912</x3>
			<y3>334.26773</y3>
			<x4>254.801912</x4>
			<y4>364.305261</y4>
			<x5>260.032062</x5>
			<y5>372.231832</y5>
			<x6>269.864746</x6>
			<y6>379.324027</y6>
			<x7>275.094896</x7>
			<y7>364.722449</y7>
			<x8>280.11584</x8>
			<y8>352.623999</y8>
			<x9>277.814574</x9>
			<y9>334.684918</y9>
			<x10>263.606942</x10>
			<y10>235.44623</y10>
			<x11>253.965088</x11>
			<y11>231.639497</y11>
			<x12>249.780968</x12>
			<y12>237.480128</y12>
			<x13>250.19938</x13>
			<y13>264.597344</y13>
		</polygon>
	</object>
	<metadata>
		<tags>
			<tag>teeth</tag>
		</tags>
	</metadata>
</annotation>
