<annotation>
	<folder></folder>
	<filename>22_jpg.rf.5d5550efdad0a1d7e5934c3f79ec6fa9.jpg</filename>
	<path>22_jpg.rf.5d5550efdad0a1d7e5934c3f79ec6fa9.jpg</path>
	<source>
		<database>roboflow.com</database>
	</source>
	<size>
		<width>640</width>
		<height>640</height>
		<depth>3</depth>
	</size>
	<segmented>0</segmented>
	<object>
		<name>RPMD</name>
		<pose>Unspecified</pose>
		<truncated>0</truncated>
		<difficult>0</difficult>
		<occluded>0</occluded>
		<bndbox>
			<xmin>229</xmin>
			<xmax>254</xmax>
			<ymin>404</ymin>
			<ymax>518</ymax>
		</bndbox>
		<polygon>
			<x1>252.77707</x1>
			<y1>410.5</y1>
			<x2>244.937776</x2>
			<y2>402.6875</y2>
			<x3>236.314552</x3>
			<y3>413.625</y3>
			<x4>230.043116</x4>
			<y4>468.3125</y4>
			<x5>227.691328</x5>
			<y5>499.5625</y5>
			<x6>229.259187</x6>
			<y6>516.75</y6>
			<x7>241.018128</x7>
			<y7>512.0625</y7>
			<x8>246.505634</x8>
			<y8>471.4375</y8>
			<x9>251.993141</x9>
			<y9>432.375</y9>
			<x10>252.77707</x10>
			<y10>410.5</y10>
		</polygon>
	</object>
	<object>
		<name>RCD</name>
		<pose>Unspecified</pose>
		<truncated>0</truncated>
		<difficult>0</difficult>
		<occluded>0</occluded>
		<bndbox>
			<xmin>243</xmin>
			<xmax>277</xmax>
			<ymin>415</ymin>
			<ymax>532</ymax>
		</bndbox>
		<polygon>
			<x1>255.128858</x1>
			<y1>521.4375</y1>
			<x2>262.968153</x2>
			<y2>498</y2>
			<x3>266.8878</x3>
			<y3>468.3125</y3>
			<x4>273.159236</x4>
			<y4>443.3125</y4>
			<x5>275.511024</x5>
			<y5>419.875</y5>
			<x6>266.8878</x6>
			<y6>413.625</y6>
			<x7>255.128858</x7>
			<y7>413.625</y7>
			<x8>247.289564</x8>
			<y8>462.0625</y8>
			<x9>246.505634</x9>
			<y9>494.875</y9>
			<x10>241.802058</x10>
			<y10>515.1875</y10>
			<x11>246.505634</x11>
			<y11>530.8125</y11>
			<x12>255.128858</x12>
			<y12>521.4375</y12>
		</polygon>
	</object>
	<object>
		<name>RID</name>
		<pose>Unspecified</pose>
		<truncated>0</truncated>
		<difficult>0</difficult>
		<occluded>0</occluded>
		<bndbox>
			<xmin>265</xmin>
			<xmax>294</xmax>
			<ymin>429</ymin>
			<ymax>554</ymax>
		</bndbox>
		<polygon>
			<x1>277.078883</x1>
			<y1>540.1875</y1>
			<x2>285.702107</x2>
			<y2>502.6875</y2>
			<x3>291.189613</x3>
			<y3>473</y3>
			<x4>292.757472</x4>
			<y4>458.9375</y4>
			<x5>290.405683</x5>
			<y5>437.0625</y5>
			<x6>286.486036</x6>
			<y6>427.6875</y6>
			<x7>276.294953</x7>
			<y7>427.6875</y7>
			<x8>266.8878</x8>
			<y8>471.4375</y8>
			<x9>263.752082</x9>
			<y9>508.9375</y9>
			<x10>264.536012</x10>
			<y10>537.0625</y10>
			<x11>270.807447</x11>
			<y11>552.6875</y11>
			<x12>277.078883</x12>
			<y12>540.1875</y12>
		</polygon>
	</object>
	<object>
		<name>RID</name>
		<pose>Unspecified</pose>
		<truncated>0</truncated>
		<difficult>0</difficult>
		<occluded>0</occluded>
		<bndbox>
			<xmin>292</xmin>
			<xmax>315</xmax>
			<ymin>419</ymin>
			<ymax>533</ymax>
		</bndbox>
		<polygon>
			<x1>312.355708</x1>
			<y1>529.25</y1>
			<x2>313.923567</x2>
			<y2>513.625</y2>
			<x3>308.436061</x3>
			<y3>479.25</y3>
			<x4>307.652131</x4>
			<y4>448</y4>
			<x5>306.868202</x5>
			<y5>429.25</y5>
			<x6>301.380696</x6>
			<y6>418.3125</y6>
			<x7>291.189613</x7>
			<y7>429.25</y7>
			<x8>292.757472</x8>
			<y8>458.9375</y8>
			<x9>294.325331</x9>
			<y9>480.8125</y9>
			<x10>301.380696</x10>
			<y10>518.3125</y10>
			<x11>304.516414</x11>
			<y11>532.375</y11>
			<x12>312.355708</x12>
			<y12>529.25</y12>
		</polygon>
	</object>
	<object>
		<name>RMD</name>
		<pose>Unspecified</pose>
		<truncated>0</truncated>
		<difficult>0</difficult>
		<occluded>0</occluded>
		<bndbox>
			<xmin>124</xmin>
			<xmax>183</xmax>
			<ymin>327</ymin>
			<ymax>419</ymax>
		</bndbox>
		<polygon>
			<x1>164.193043</x1>
			<y1>398</y1>
			<x2>176.735914</x2>
			<y2>385.5</y2>
			<x3>182.22342</x3>
			<y3>373</y3>
			<x4>177.519843</x4>
			<y4>349.5625</y4>
			<x5>170.464478</x5>
			<y5>340.1875</y5>
			<x6>166.544831</x6>
			<y6>330.8125</y6>
			<x7>155.569819</x7>
			<y7>326.125</y7>
			<x8>122.644782</x8>
			<y8>379.25</y8>
			<x9>128.916218</x9>
			<y9>410.5</y9>
			<x10>139.1073</x10>
			<y10>418.3125</y10>
			<x11>153.21803</x11>
			<y11>410.5</y11>
			<x12>164.193043</x12>
			<y12>398</y12>
		</polygon>
	</object>
	<object>
		<name>RMD</name>
		<pose>Unspecified</pose>
		<truncated>0</truncated>
		<difficult>0</difficult>
		<occluded>0</occluded>
		<bndbox>
			<xmin>157</xmin>
			<xmax>207</xmax>
			<ymin>388</ymin>
			<ymax>462</ymax>
		</bndbox>
		<polygon>
			<x1>183.007349</x1>
			<y1>387.0625</y1>
			<x2>164.976972</x2>
			<y2>408.9375</y2>
			<x3>155.569819</x3>
			<y3>421.4375</y3>
			<x4>166.544831</x4>
			<y4>452.6875</y4>
			<x5>185.359138</x5>
			<y5>460.5</y5>
			<x6>195.55022</x6>
			<y6>432.375</y6>
			<x7>204.957374</x7>
			<y7>412.0625</y7>
			<x8>205.741303</x8>
			<y8>393.3125</y8>
			<x9>183.007349</x9>
			<y9>387.0625</y9>
		</polygon>
	</object>
	<object>
		<name>RMD</name>
		<pose>Unspecified</pose>
		<truncated>0</truncated>
		<difficult>0</difficult>
		<occluded>0</occluded>
		<bndbox>
			<xmin>195</xmin>
			<xmax>233</xmax>
			<ymin>399</ymin>
			<ymax>477</ymax>
		</bndbox>
		<polygon>
			<x1>193.982362</x1>
			<y1>448</y1>
			<x2>204.957374</x2>
			<y2>468.3125</y2>
			<x3>220.635963</x3>
			<y3>476.125</y3>
			<x4>226.907398</x4>
			<y4>444.875</y4>
			<x5>231.610975</x5>
			<y5>419.875</y5>
			<x6>208.093092</x6>
			<y6>398</y6>
			<x7>197.902009</x7>
			<y7>430.8125</y7>
			<x8>193.982362</x8>
			<y8>448</y8>
		</polygon>
	</object>
	<object>
		<name>RMU</name>
		<pose>Unspecified</pose>
		<truncated>0</truncated>
		<difficult>0</difficult>
		<occluded>0</occluded>
		<bndbox>
			<xmin>156</xmin>
			<xmax>204</xmax>
			<ymin>222</ymin>
			<ymax>341</ymax>
		</bndbox>
		<polygon>
			<x1>202.605585</x1>
			<y1>244.875</y1>
			<x2>202.605585</x2>
			<y2>221.4375</y2>
			<x3>179.087702</x3>
			<y3>224.5625</y3>
			<x4>154.785889</x4>
			<y4>302.6875</y4>
			<x5>167.32876</x5>
			<y5>326.125</y5>
			<x6>174.384125</x6>
			<y6>340.1875</y6>
			<x7>188.494855</x7>
			<y7>316.75</y7>
			<x8>195.55022</x8>
			<y8>294.875</y8>
			<x9>201.037727</x9>
			<y9>273</y9>
			<x10>202.605585</x10>
			<y10>244.875</y10>
		</polygon>
	</object>
	<object>
		<name>RMU</name>
		<pose>Unspecified</pose>
		<truncated>0</truncated>
		<difficult>0</difficult>
		<occluded>0</occluded>
		<bndbox>
			<xmin>175</xmin>
			<xmax>222</xmax>
			<ymin>249</ymin>
			<ymax>380</ymax>
		</bndbox>
		<polygon>
			<x1>184.575208</x1>
			<y1>323</y1>
			<x2>173.600196</x2>
			<y2>341.75</y2>
			<x3>178.303773</x3>
			<y3>363.625</y3>
			<x4>183.791279</x4>
			<y4>365.1875</y4>
			<x5>186.143067</x5>
			<y5>376.125</y5>
			<x6>199.469868</x6>
			<y6>379.25</y6>
			<x7>208.093092</x7>
			<y7>369.875</y7>
			<x8>211.228809</x8>
			<y8>349.5625</y8>
			<x9>212.012739</x9>
			<y9>316.75</y9>
			<x10>213.580598</x10>
			<y10>299.5625</y10>
			<x11>220.635963</x11>
			<y11>266.75</y11>
			<x12>219.852033</x12>
			<y12>248</y12>
			<x13>207.309162</x13>
			<y13>251.125</y13>
			<x14>195.55022</x14>
			<y14>288.625</y14>
			<x15>184.575208</x15>
			<y15>323</y15>
		</polygon>
	</object>
	<object>
		<name>RMU</name>
		<pose>Unspecified</pose>
		<truncated>0</truncated>
		<difficult>0</difficult>
		<occluded>0</occluded>
		<bndbox>
			<xmin>228</xmin>
			<xmax>253</xmax>
			<ymin>266</ymin>
			<ymax>397</ymax>
		</bndbox>
		<polygon>
			<x1>243.369917</x1>
			<y1>396.4375</y1>
			<x2>250.425282</x2>
			<y2>379.25</y2>
			<x3>251.993141</x3>
			<y3>352.6875</y3>
			<x4>248.857423</x4>
			<y4>327.6875</y4>
			<x5>251.209211</x5>
			<y5>285.5</y5>
			<x6>251.209211</x6>
			<y6>268.3125</y6>
			<x7>235.530622</x7>
			<y7>265.1875</y7>
			<x8>233.178834</x8>
			<y8>290.1875</y8>
			<x9>237.098481</x9>
			<y9>282.375</y9>
			<x10>230.043116</x10>
			<y10>332.375</y10>
			<x11>226.907398</x11>
			<y11>366.75</y11>
			<x12>230.043116</x12>
			<y12>396.4375</y12>
			<x13>243.369917</x13>
			<y13>396.4375</y13>
		</polygon>
	</object>
	<object>
		<name>RCU</name>
		<pose>Unspecified</pose>
		<truncated>0</truncated>
		<difficult>0</difficult>
		<occluded>0</occluded>
		<bndbox>
			<xmin>262</xmin>
			<xmax>286</xmax>
			<ymin>243</ymin>
			<ymax>415</ymax>
		</bndbox>
		<polygon>
			<x1>282.566389</x1>
			<y1>355.8125</y1>
			<x2>282.566389</x2>
			<y2>308.9375</y2>
			<x3>281.78246</x3>
			<y3>263.625</y3>
			<x4>268.455659</x4>
			<y4>241.75</y4>
			<x5>267.67173</x5>
			<y5>274.5625</y5>
			<x6>266.103871</x6>
			<y6>348</y6>
			<x7>261.400294</x7>
			<y7>379.25</y7>
			<x8>262.184223</x8>
			<y8>402.6875</y8>
			<x9>277.078883</x9>
			<y9>413.625</y9>
			<x10>284.918177</x10>
			<y10>388.625</y10>
			<x11>282.566389</x11>
			<y11>355.8125</y11>
		</polygon>
	</object>
	<object>
		<name>LID</name>
		<pose>Unspecified</pose>
		<truncated>0</truncated>
		<difficult>0</difficult>
		<occluded>0</occluded>
		<bndbox>
			<xmin>309</xmin>
			<xmax>327</xmax>
			<ymin>422</ymin>
			<ymax>535</ymax>
		</bndbox>
		<polygon>
			<x1>321.762861</x1>
			<y1>465.1875</y1>
			<x2>321.762861</x2>
			<y2>452.6875</y2>
			<x3>321.762861</x3>
			<y3>433.9375</y3>
			<x4>320.195002</x4>
			<y4>421.4375</y4>
			<x5>309.21999</x5>
			<y5>421.4375</y5>
			<x6>308.436061</x6>
			<y6>458.9375</y6>
			<x7>314.707496</x7>
			<y7>516.75</y7>
			<x8>319.411073</x8>
			<y8>533.9375</y8>
			<x9>325.682509</x9>
			<y9>518.3125</y9>
			<x10>324.898579</x10>
			<y10>488.625</y10>
			<x11>321.762861</x11>
			<y11>465.1875</y11>
		</polygon>
	</object>
	<object>
		<name>LID</name>
		<pose>Unspecified</pose>
		<truncated>0</truncated>
		<difficult>0</difficult>
		<occluded>0</occluded>
		<bndbox>
			<xmin>323</xmin>
			<xmax>342</xmax>
			<ymin>415</ymin>
			<ymax>526</ymax>
		</bndbox>
		<polygon>
			<x1>337.44145</x1>
			<y1>524.5625</y1>
			<x2>340.577168</x2>
			<y2>512.0625</y2>
			<x3>339.009309</x3>
			<y3>490.1875</y3>
			<x4>338.22538</x4>
			<y4>474.5625</y4>
			<x5>337.44145</x5>
			<y5>451.125</y5>
			<x6>335.873591</x6>
			<y6>437.0625</y6>
			<x7>335.873591</x7>
			<y7>423</y7>
			<x8>335.089662</x8>
			<y8>413.625</y8>
			<x9>321.762861</x9>
			<y9>423</y9>
			<x10>322.546791</x10>
			<y10>454.25</y10>
			<x11>325.682509</x11>
			<y11>493.3125</y11>
			<x12>329.602156</x12>
			<y12>519.875</y12>
			<x13>337.44145</x13>
			<y13>524.5625</y13>
		</polygon>
	</object>
	<object>
		<name>LCD</name>
		<pose>Unspecified</pose>
		<truncated>0</truncated>
		<difficult>0</difficult>
		<occluded>0</occluded>
		<bndbox>
			<xmin>338</xmin>
			<xmax>356</xmax>
			<ymin>418</ymin>
			<ymax>529</ymax>
		</bndbox>
		<polygon>
			<x1>354.687898</x1>
			<y1>435.5</y1>
			<x2>353.903969</x2>
			<y2>418.3125</y2>
			<x3>337.44145</x3>
			<y3>416.75</y3>
			<x4>338.22538</x4>
			<y4>483.9375</y4>
			<x5>342.145027</x5>
			<y5>519.875</y5>
			<x6>347.632533</x6>
			<y6>527.6875</y6>
			<x7>352.33611</x7>
			<y7>504.25</y7>
			<x8>350.768251</x8>
			<y8>479.25</y8>
			<x9>352.33611</x9>
			<y9>452.6875</y9>
			<x10>354.687898</x10>
			<y10>435.5</y10>
		</polygon>
	</object>
	<object>
		<name>LPMU</name>
		<pose>Unspecified</pose>
		<truncated>0</truncated>
		<difficult>0</difficult>
		<occluded>0</occluded>
		<bndbox>
			<xmin>350</xmin>
			<xmax>367</xmax>
			<ymin>255</ymin>
			<ymax>415</ymax>
		</bndbox>
		<polygon>
			<x1>349.200392</x1>
			<y1>280.8125</y1>
			<x2>349.200392</x2>
			<y2>387.0625</y2>
			<x3>360.175404</x3>
			<y3>413.625</y3>
			<x4>366.44684</x4>
			<y4>398</y4>
			<x5>366.44684</x5>
			<y5>357.375</y5>
			<x6>362.527193</x6>
			<y6>294.875</y6>
			<x7>360.959334</x7>
			<y7>268.3125</y7>
			<x8>351.55218</x8>
			<y8>254.25</y8>
			<x9>349.200392</x9>
			<y9>280.8125</y9>
		</polygon>
	</object>
	<object>
		<name>LPMU</name>
		<pose>Unspecified</pose>
		<truncated>0</truncated>
		<difficult>0</difficult>
		<occluded>0</occluded>
		<bndbox>
			<xmin>364</xmin>
			<xmax>391</xmax>
			<ymin>262</ymin>
			<ymax>399</ymax>
		</bndbox>
		<polygon>
			<x1>366.44684</x1>
			<y1>271.4375</y1>
			<x2>362.527193</x2>
			<y2>379.25</y2>
			<x3>371.150416</x3>
			<y3>398</y3>
			<x4>389.964723</x4>
			<y4>393.3125</y4>
			<x5>385.261146</x5>
			<y5>366.75</y5>
			<x6>384.477217</x6>
			<y6>316.75</y6>
			<x7>382.909358</x7>
			<y7>274.5625</y7>
			<x8>378.989711</x8>
			<y8>260.5</y8>
			<x9>366.44684</x9>
			<y9>271.4375</y9>
		</polygon>
	</object>
	<object>
		<name>LMU</name>
		<pose>Unspecified</pose>
		<truncated>0</truncated>
		<difficult>0</difficult>
		<occluded>0</occluded>
		<bndbox>
			<xmin>385</xmin>
			<xmax>411</xmax>
			<ymin>255</ymin>
			<ymax>393</ymax>
		</bndbox>
		<polygon>
			<x1>400.939735</x1>
			<y1>391.75</y1>
			<x2>410.346889</x2>
			<y2>376.125</y2>
			<x3>405.643312</x3>
			<y3>332.375</y3>
			<x4>404.075453</x4>
			<y4>276.125</y4>
			<x5>395.452229</x5>
			<y5>254.25</y5>
			<x6>387.612935</x6>
			<y6>269.875</y6>
			<x7>384.477217</x7>
			<y7>382.375</y7>
			<x8>400.939735</x8>
			<y8>391.75</y8>
		</polygon>
	</object>
	<object>
		<name>LMU</name>
		<pose>Unspecified</pose>
		<truncated>0</truncated>
		<difficult>0</difficult>
		<occluded>0</occluded>
		<bndbox>
			<xmin>407</xmin>
			<xmax>425</xmax>
			<ymin>262</ymin>
			<ymax>363</ymax>
		</bndbox>
		<polygon>
			<x1>424.457619</x1>
			<y1>351.125</y1>
			<x2>420.537972</x2>
			<y2>321.4375</y2>
			<x3>420.537972</x3>
			<y3>283.9375</y3>
			<x4>418.970113</x4>
			<y4>260.5</y4>
			<x5>406.427242</x5>
			<y5>265.1875</y5>
			<x6>407.211171</x6>
			<y6>271.4375</y6>
			<x7>406.427242</x7>
			<y7>362.0625</y7>
			<x8>424.457619</x8>
			<y8>351.125</y8>
		</polygon>
	</object>
	<object>
		<name>LMU</name>
		<pose>Unspecified</pose>
		<truncated>0</truncated>
		<difficult>0</difficult>
		<occluded>0</occluded>
		<bndbox>
			<xmin>422</xmin>
			<xmax>447</xmax>
			<ymin>249</ymin>
			<ymax>354</ymax>
		</bndbox>
		<polygon>
			<x1>431.512984</x1>
			<y1>352.6875</y1>
			<x2>445.623714</x2>
			<y2>335.5</y2>
			<x3>439.352278</x3>
			<y3>290.1875</y3>
			<x4>437.00049</x4>
			<y4>260.5</y4>
			<x5>437.00049</x5>
			<y5>248</y5>
			<x6>422.88976</x6>
			<y6>257.375</y6>
			<x7>421.321901</x7>
			<y7>340.1875</y7>
			<x8>431.512984</x8>
			<y8>352.6875</y8>
		</polygon>
	</object>
	<object>
		<name>LMU</name>
		<pose>Unspecified</pose>
		<truncated>0</truncated>
		<difficult>0</difficult>
		<occluded>0</occluded>
		<bndbox>
			<xmin>437</xmin>
			<xmax>483</xmax>
			<ymin>235</ymin>
			<ymax>343</ymax>
		</bndbox>
		<polygon>
			<x1>446.407643</x1>
			<y1>233.9375</y1>
			<x2>436.216561</x2>
			<y2>243.3125</y2>
			<x3>443.271926</x3>
			<y3>257.375</y3>
			<x4>442.487996</x4>
			<y4>316.75</y4>
			<x5>446.407643</x5>
			<y5>341.75</y5>
			<x6>461.302303</x6>
			<y6>330.8125</y6>
			<x7>477.764821</x7>
			<y7>316.75</y7>
			<x8>482.468398</x8>
			<y8>304.25</y8>
			<x9>467.573738</x9>
			<y9>266.75</y9>
			<x10>446.407643</x10>
			<y10>233.9375</y10>
		</polygon>
	</object>
	<object>
		<name>LPMD</name>
		<pose>Unspecified</pose>
		<truncated>0</truncated>
		<difficult>0</difficult>
		<occluded>0</occluded>
		<bndbox>
			<xmin>353</xmin>
			<xmax>383</xmax>
			<ymin>421</ymin>
			<ymax>533</ymax>
		</bndbox>
		<polygon>
			<x1>368.014699</x1>
			<y1>446.4375</y1>
			<x2>361.743263</x2>
			<y2>419.875</y2>
			<x3>354.687898</x3>
			<y3>421.4375</y3>
			<x4>351.55218</x4>
			<y4>455.8125</y4>
			<x5>353.903969</x5>
			<y5>462.0625</y5>
			<x6>364.878981</x6>
			<y6>518.3125</y6>
			<x7>369.582558</x7>
			<y7>532.375</y7>
			<x8>382.125429</x8>
			<y8>523</y8>
			<x9>375.070064</x9>
			<y9>485.5</y9>
			<x10>368.014699</x10>
			<y10>446.4375</y10>
		</polygon>
	</object>
	<object>
		<name>LPMD</name>
		<pose>Unspecified</pose>
		<truncated>0</truncated>
		<difficult>0</difficult>
		<occluded>0</occluded>
		<bndbox>
			<xmin>369</xmin>
			<xmax>397</xmax>
			<ymin>402</ymin>
			<ymax>519</ymax>
		</bndbox>
		<polygon>
			<x1>389.964723</x1>
			<y1>460.5</y1>
			<x2>386.829005</x2>
			<y2>433.9375</y2>
			<x3>384.477217</x3>
			<y3>408.9375</y3>
			<x4>375.853993</x4>
			<y4>401.125</y4>
			<x5>368.014699</x5>
			<y5>415.1875</y5>
			<x6>368.014699</x6>
			<y6>432.375</y6>
			<x7>378.989711</x7>
			<y7>501.125</y7>
			<x8>386.045076</x8>
			<y8>518.3125</y8>
			<x9>396.236159</x9>
			<y9>518.3125</y9>
			<x10>392.316512</x10>
			<y10>491.75</y10>
			<x11>389.964723</x11>
			<y11>460.5</y11>
		</polygon>
	</object>
	<object>
		<name>LMD</name>
		<pose>Unspecified</pose>
		<truncated>0</truncated>
		<difficult>0</difficult>
		<occluded>0</occluded>
		<bndbox>
			<xmin>383</xmin>
			<xmax>410</xmax>
			<ymin>394</ymin>
			<ymax>513</ymax>
		</bndbox>
		<polygon>
			<x1>382.125429</x1>
			<y1>407.375</y1>
			<x2>399.371877</x2>
			<y2>504.25</y2>
			<x3>406.427242</x3>
			<y3>512.0625</y3>
			<x4>408.77903</x4>
			<y4>502.6875</y4>
			<x5>406.427242</x5>
			<y5>448</y5>
			<x6>407.211171</x6>
			<y6>419.875</y6>
			<x7>404.859383</x7>
			<y7>393.3125</y7>
			<x8>386.045076</x8>
			<y8>399.5625</y8>
			<x9>382.125429</x9>
			<y9>407.375</y9>
		</polygon>
	</object>
	<object>
		<name>LMD</name>
		<pose>Unspecified</pose>
		<truncated>0</truncated>
		<difficult>0</difficult>
		<occluded>0</occluded>
		<bndbox>
			<xmin>407</xmin>
			<xmax>446</xmax>
			<ymin>371</ymin>
			<ymax>457</ymax>
		</bndbox>
		<polygon>
			<x1>429.945125</x1>
			<y1>385.5</y1>
			<x2>420.537972</x2>
			<y2>369.875</y2>
			<x3>411.130818</x3>
			<y3>394.875</y3>
			<x4>405.643312</x4>
			<y4>416.75</y4>
			<x5>412.698677</x5>
			<y5>443.3125</y5>
			<x6>426.809407</x6>
			<y6>455.8125</y6>
			<x7>440.136208</x7>
			<y7>449.5625</y7>
			<x8>444.839784</x8>
			<y8>438.625</y8>
			<x9>437.00049</x9>
			<y9>410.5</y9>
			<x10>429.945125</x10>
			<y10>385.5</y10>
		</polygon>
	</object>
	<object>
		<name>LMD</name>
		<pose>Unspecified</pose>
		<truncated>0</truncated>
		<difficult>0</difficult>
		<occluded>0</occluded>
		<bndbox>
			<xmin>428</xmin>
			<xmax>476</xmax>
			<ymin>346</ymin>
			<ymax>441</ymax>
		</bndbox>
		<polygon>
			<x1>447.975502</x1>
			<y1>344.875</y1>
			<x2>432.296913</x2>
			<y2>357.375</y2>
			<x3>426.809407</x3>
			<y3>373</y3>
			<x4>440.920137</x4>
			<y4>416.75</y4>
			<x5>448.759432</x5>
			<y5>440.1875</y5>
			<x6>471.493386</x6>
			<y6>433.9375</y6>
			<x7>475.413033</x7>
			<y7>429.25</y7>
			<x8>462.870162</x8>
			<y8>380.8125</y8>
			<x9>455.030867</x9>
			<y9>352.6875</y9>
			<x10>447.975502</x10>
			<y10>344.875</y10>
		</polygon>
	</object>
	<object>
		<name>LMD</name>
		<pose>Unspecified</pose>
		<truncated>0</truncated>
		<difficult>0</difficult>
		<occluded>0</occluded>
		<bndbox>
			<xmin>462</xmin>
			<xmax>509</xmax>
			<ymin>313</ymin>
			<ymax>424</ymax>
		</bndbox>
		<polygon>
			<x1>483.252327</x1>
			<y1>324.5625</y1>
			<x2>480.11661</x2>
			<y2>312.0625</y2>
			<x3>460.518373</x3>
			<y3>344.875</y3>
			<x4>465.22195</x4>
			<y4>393.3125</y4>
			<x5>479.33268</x5>
			<y5>418.3125</y5>
			<x6>486.388045</x6>
			<y6>423</y6>
			<x7>501.282705</x7>
			<y7>412.0625</y7>
			<x8>507.55414</x8>
			<y8>390.1875</y8>
			<x9>492.659481</x9>
			<y9>365.1875</y9>
			<x10>483.252327</x10>
			<y10>324.5625</y10>
		</polygon>
	</object>
	<object>
		<name>RIU</name>
		<pose>Unspecified</pose>
		<truncated>0</truncated>
		<difficult>0</difficult>
		<occluded>0</occluded>
		<bndbox>
			<xmin>287</xmin>
			<xmax>305</xmax>
			<ymin>257</ymin>
			<ymax>396</ymax>
		</bndbox>
		<polygon>
			<x1>295.10926</x1>
			<y1>265.1875</y1>
			<x2>291.973542</x2>
			<y2>255.8125</y2>
			<x3>287.269966</x3>
			<y3>268.3125</y3>
			<x4>286.486036</x4>
			<y4>374.5625</y4>
			<x5>288.053895</x5>
			<y5>394.875</y5>
			<x6>297.461049</x6>
			<y6>391.75</y6>
			<x7>303.732484</x7>
			<y7>368.3125</y7>
			<x8>299.028907</x8>
			<y8>332.375</y8>
			<x9>299.028907</x9>
			<y9>304.25</y9>
			<x10>295.10926</x10>
			<y10>265.1875</y10>
		</polygon>
	</object>
</annotation>
