<annotation>
	<folder></folder>
	<filename>230_jpg.rf.c858d621da34d4aa232176d4a5109bc5.jpg</filename>
	<path>230_jpg.rf.c858d621da34d4aa232176d4a5109bc5.jpg</path>
	<source>
		<database>roboflow.com</database>
	</source>
	<size>
		<width>640</width>
		<height>640</height>
		<depth>3</depth>
	</size>
	<segmented>0</segmented>
	<object>
		<name>RIU</name>
		<pose>Unspecified</pose>
		<truncated>0</truncated>
		<difficult>0</difficult>
		<occluded>0</occluded>
		<bndbox>
			<xmin>291</xmin>
			<xmax>317</xmax>
			<ymin>209</ymin>
			<ymax>369</ymax>
		</bndbox>
		<polygon>
			<x1>293.080646</x1>
			<y1>302.588446</y1>
			<x2>290.104006</x2>
			<y2>352.664446</y2>
			<x3>294.734335</x3>
			<y3>367.819025</y3>
			<x4>306.971634</x4>
			<y4>366.501236</y4>
			<x5>315.901554</x5>
			<y5>356.617815</y5>
			<x6>310.971812</x6>
			<y6>228.866627</y6>
			<x7>301.349091</x7>
			<y7>207.707603</y7>
			<x8>295.395811</x8>
			<y8>232.745604</y8>
			<x9>293.080646</x9>
			<y9>302.588446</y9>
		</polygon>
	</object>
	<object>
		<name>RIU</name>
		<pose>Unspecified</pose>
		<truncated>0</truncated>
		<difficult>0</difficult>
		<occluded>0</occluded>
		<bndbox>
			<xmin>272</xmin>
			<xmax>294</xmax>
			<ymin>218</ymin>
			<ymax>366</ymax>
		</bndbox>
		<polygon>
			<x1>285.473677</x1>
			<y1>216.93213</y1>
			<x2>276.570354</x2>
			<y2>231.503848</y2>
			<x3>270.921213</x3>
			<y3>354.641131</y3>
			<x4>280.51261</x4>
			<y4>364.524552</y4>
			<x5>292.749908</x5>
			<y5>357.276709</y5>
			<x6>292.41917</x6>
			<y6>307.859604</y6>
			<x7>291.426957</x7>
			<y7>234.063393</y7>
			<x8>285.473677</x8>
			<y8>216.93213</y8>
		</polygon>
	</object>
	<object>
		<name>RID</name>
		<pose>Unspecified</pose>
		<truncated>0</truncated>
		<difficult>0</difficult>
		<occluded>0</occluded>
		<bndbox>
			<xmin>297</xmin>
			<xmax>317</xmax>
			<ymin>371</ymin>
			<ymax>499</ymax>
		</bndbox>
		<polygon>
			<x1>296.388024</x1>
			<y1>387.015652</y1>
			<x2>301.679829</x2>
			<y2>439.727231</y2>
			<x3>307.302371</x3>
			<y3>497.709968</y3>
			<x4>316.232292</x4>
			<y4>497.709968</y4>
			<x5>313.618078</x5>
			<y5>382.48476</y5>
			<x6>302.010567</x6>
			<y6>369.884389</y6>
			<x7>296.388024</x7>
			<y7>387.015652</y7>
		</polygon>
	</object>
	<object>
		<name>RID</name>
		<pose>Unspecified</pose>
		<truncated>0</truncated>
		<difficult>0</difficult>
		<occluded>0</occluded>
		<bndbox>
			<xmin>277</xmin>
			<xmax>302</xmax>
			<ymin>377</ymin>
			<ymax>518</ymax>
		</bndbox>
		<polygon>
			<x1>276.213018</x1>
			<y1>398.875757</y1>
			<x2>288.450317</x2>
			<y2>484.532073</y2>
			<x3>296.388024</x3>
			<y3>517.476811</y3>
			<x4>301.349091</x4>
			<y4>482.555389</y4>
			<x5>297.078916</x5>
			<y5>375.891707</y5>
			<x6>277.866707</x6>
			<y6>376.473336</y6>
			<x7>276.213018</x7>
			<y7>398.875757</y7>
		</polygon>
	</object>
	<object>
		<name>RCD</name>
		<pose>Unspecified</pose>
		<truncated>0</truncated>
		<difficult>0</difficult>
		<occluded>0</occluded>
		<bndbox>
			<xmin>257</xmin>
			<xmax>286</xmax>
			<ymin>367</ymin>
			<ymax>541</ymax>
		</bndbox>
		<polygon>
			<x1>267.283097</x1>
			<y1>508.252284</y1>
			<x2>280.843347</x2>
			<y2>539.879232</y2>
			<x3>285.142939</x3>
			<y3>444.998389</y3>
			<x4>281.504823</x4>
			<y4>374.496652</y4>
			<x5>269.929</x5>
			<y5>365.93102</y5>
			<x6>260.999079</x6>
			<y6>374.496652</y6>
			<x7>256.038012</x7>
			<y7>392.28681</y7>
			<x8>261.660555</x8>
			<y8>436.432757</y8>
			<x9>267.283097</x9>
			<y9>508.252284</y9>
		</polygon>
	</object>
	<object>
		<name>RCU</name>
		<pose>Unspecified</pose>
		<truncated>0</truncated>
		<difficult>0</difficult>
		<occluded>0</occluded>
		<bndbox>
			<xmin>245</xmin>
			<xmax>276</xmax>
			<ymin>207</ymin>
			<ymax>371</ymax>
		</bndbox>
		<polygon>
			<x1>259.34539</x1>
			<y1>205.730919</y1>
			<x2>254.738659</x2>
			<y2>211.724689</y2>
			<x3>244.131451</x3>
			<y3>341.463236</y3>
			<x4>259.676128</x4>
			<y4>369.795709</y4>
			<x5>274.559329</x5>
			<y5>340.804341</y5>
			<x6>273.236378</x6>
			<y6>230.768919</y6>
			<x7>267.283097</x7>
			<y7>205.730919</y7>
			<x8>259.34539</x8>
			<y8>205.730919</y8>
		</polygon>
	</object>
	<object>
		<name>RPMD</name>
		<pose>Unspecified</pose>
		<truncated>0</truncated>
		<difficult>0</difficult>
		<occluded>0</occluded>
		<bndbox>
			<xmin>236</xmin>
			<xmax>266</xmax>
			<ymin>366</ymin>
			<ymax>518</ymax>
		</bndbox>
		<polygon>
			<x1>235.201531</x1>
			<y1>505.528026</y1>
			<x2>243.469976</x2>
			<y2>517.388131</y2>
			<x3>249.092518</x3>
			<y3>500.915763</y3>
			<x4>258.022439</x4>
			<y4>429.096236</y4>
			<x5>265.323723</x5>
			<y5>385.121981</y5>
			<x6>251.738421</x6>
			<y6>365.183446</y6>
			<x7>235.201531</x7>
			<y7>382.314709</y7>
			<x8>236.85522</x8>
			<y8>414.600552</y8>
			<x9>235.201531</x9>
			<y9>505.528026</y9>
		</polygon>
	</object>
	<object>
		<name>RPMD</name>
		<pose>Unspecified</pose>
		<truncated>0</truncated>
		<difficult>0</difficult>
		<occluded>0</occluded>
		<bndbox>
			<xmin>205</xmin>
			<xmax>245</xmax>
			<ymin>363</ymin>
			<ymax>497</ymax>
		</bndbox>
		<polygon>
			<x1>203.78144</x1>
			<y1>472.627629</y1>
			<x2>207.750293</x2>
			<y2>495.688944</y2>
			<x3>213.703574</x3>
			<y3>487.782208</y3>
			<x4>227.594561</x4>
			<y4>431.776154</y4>
			<x5>244.131451</x5>
			<y5>380.99692</y5>
			<x6>228.256037</x6>
			<y6>361.888973</y6>
			<x7>213.042098</x7>
			<y7>368.47792</y7>
			<x8>207.750293</x8>
			<y8>426.460657</y8>
			<x9>203.78144</x9>
			<y9>472.627629</y9>
		</polygon>
	</object>
	<object>
		<name>RMD</name>
		<pose>Unspecified</pose>
		<truncated>0</truncated>
		<difficult>0</difficult>
		<occluded>0</occluded>
		<bndbox>
			<xmin>137</xmin>
			<xmax>197</xmax>
			<ymin>337</ymin>
			<ymax>439</ymax>
		</bndbox>
		<polygon>
			<x1>196.153153</x1>
			<y1>375.722067</y1>
			<x2>193.837989</x2>
			<y2>365.179751</y2>
			<x3>186.23102</x3>
			<y3>360.567488</y3>
			<x4>181.931428</x4>
			<y4>342.118436</y4>
			<x5>169.065797</x5>
			<y5>335.674084</y5>
			<x6>161.094947</x6>
			<y6>350.684067</y6>
			<x7>135.958874</x7>
			<y7>403.395646</y7>
			<x8>137.943301</x8>
			<y8>431.069226</y8>
			<x9>148.52691</x9>
			<y9>437.658173</y9>
			<x10>167.048227</x10>
			<y10>430.410331</y10>
			<x11>178.62405</x11>
			<y11>411.961278</y11>
			<x12>193.837989</x12>
			<y12>397.465594</y12>
			<x13>196.153153</x13>
			<y13>375.722067</y13>
		</polygon>
	</object>
	<object>
		<name>RMU</name>
		<pose>Unspecified</pose>
		<truncated>0</truncated>
		<difficult>0</difficult>
		<occluded>0</occluded>
		<bndbox>
			<xmin>137</xmin>
			<xmax>178</xmax>
			<ymin>209</ymin>
			<ymax>319</ymax>
		</bndbox>
		<polygon>
			<x1>173.001507</x1>
			<y1>292.70133</y1>
			<x2>176.970361</x2>
			<y2>217.587329</y2>
			<x3>171.678556</x3>
			<y3>209.021698</y3>
			<x4>158.449044</x4>
			<y4>208.362803</y4>
			<x5>141.250679</x5>
			<y5>261.074383</y5>
			<x6>135.958874</x6>
			<y6>292.70133</y6>
			<x7>139.927727</x7>
			<y7>304.561435</y7>
			<x8>149.188386</x8>
			<y8>308.514804</y8>
			<x9>159.771995</x9>
			<y9>317.73933</y9>
			<x10>169.032654</x10>
			<y10>309.832593</y10>
			<x11>173.001507</x11>
			<y11>292.70133</y11>
		</polygon>
	</object>
	<object>
		<name>RMU</name>
		<pose>Unspecified</pose>
		<truncated>0</truncated>
		<difficult>0</difficult>
		<occluded>0</occluded>
		<bndbox>
			<xmin>179</xmin>
			<xmax>221</xmax>
			<ymin>203</ymin>
			<ymax>356</ymax>
		</bndbox>
		<polygon>
			<x1>201.114221</x1>
			<y1>201.773856</y1>
			<x2>191.522824</x2>
			<y2>234.059698</y2>
			<x3>180.939215</x3>
			<y3>301.925856</y3>
			<x4>177.962575</x4>
			<y4>333.552804</y4>
			<x5>186.23102</x5>
			<y5>346.730699</y5>
			<x6>202.106434</x6>
			<y6>355.29633</y6>
			<x7>213.682257</x7>
			<y7>338.823962</y7>
			<x8>219.966275</x8>
			<y8>326.963856</y8>
			<x9>213.721536</x9>
			<y9>224.910795</y9>
			<x10>201.114221</x10>
			<y10>201.773856</y10>
		</polygon>
	</object>
	<object>
		<name>LIU</name>
		<pose>Unspecified</pose>
		<truncated>0</truncated>
		<difficult>0</difficult>
		<occluded>0</occluded>
		<bndbox>
			<xmin>316</xmin>
			<xmax>343</xmax>
			<ymin>205</ymin>
			<ymax>369</ymax>
		</bndbox>
		<polygon>
			<x1>328.824827</x1>
			<y1>367.856386</y1>
			<x2>342.385076</x2>
			<y2>361.267438</y2>
			<x3>333.465073</x3>
			<y3>225.570101</y3>
			<x4>320.887119</x4>
			<y4>204.45049</y4>
			<x5>315.926053</x5>
			<y5>240.030806</y5>
			<x6>315.595315</x6>
			<y6>334.911649</y6>
			<x7>315.264577</x7>
			<y7>365.879701</y7>
			<x8>328.824827</x8>
			<y8>367.856386</y8>
		</polygon>
	</object>
	<object>
		<name>LIU</name>
		<pose>Unspecified</pose>
		<truncated>0</truncated>
		<difficult>0</difficult>
		<occluded>0</occluded>
		<bndbox>
			<xmin>336</xmin>
			<xmax>363</xmax>
			<ymin>200</ymin>
			<ymax>368</ymax>
		</bndbox>
		<polygon>
			<x1>355.945326</x1>
			<y1>366.538596</y1>
			<x2>361.567869</x2>
			<y2>352.701806</y2>
			<x3>353.960899</x3>
			<y3>220.263964</y3>
			<x4>334.778107</x4>
			<y4>198.520437</y4>
			<x5>334.778107</x5>
			<y5>222.240648</y5>
			<x6>338.746961</x6>
			<y6>348.748438</y6>
			<x7>342.385076</x7>
			<y7>366.538596</y7>
			<x8>355.945326</x8>
			<y8>366.538596</y8>
		</polygon>
	</object>
	<object>
		<name>LID</name>
		<pose>Unspecified</pose>
		<truncated>0</truncated>
		<difficult>0</difficult>
		<occluded>0</occluded>
		<bndbox>
			<xmin>329</xmin>
			<xmax>350</xmax>
			<ymin>372</ymin>
			<ymax>506</ymax>
		</bndbox>
		<polygon>
			<x1>331.139991</x1>
			<y1>371.150859</y1>
			<x2>327.832613</x2>
			<y2>381.03428</y2>
			<x3>328.163351</x3>
			<y3>438.358123</y3>
			<x4>334.447369</x4>
			<y4>502.270913</y4>
			<x5>349.011886</x5>
			<y5>505.115544</y5>
			<x6>348.669095</x6>
			<y6>375.763123</y6>
			<x7>331.139991</x7>
			<y7>371.150859</y7>
		</polygon>
	</object>
	<object>
		<name>LMD</name>
		<pose>Unspecified</pose>
		<truncated>0</truncated>
		<difficult>0</difficult>
		<occluded>0</occluded>
		<bndbox>
			<xmin>435</xmin>
			<xmax>480</xmax>
			<ymin>331</ymin>
			<ymax>467</ymax>
		</bndbox>
		<polygon>
			<x1>434.966208</x1>
			<y1>373.781101</y1>
			<x2>447.203507</x2>
			<y2>419.903733</y2>
			<x3>460.102281</x3>
			<y3>466.026364</y3>
			<x4>470.685891</x4>
			<y4>464.049681</y4>
			<x5>478.623598</x5>
			<y5>444.282838</y5>
			<x6>471.347367</x6>
			<y6>361.262101</y6>
			<x7>465.394086</x7>
			<y7>336.882996</y7>
			<x8>454.479738</x8>
			<y8>330.294048</y8>
			<x9>433.692399</x9>
			<y9>356.112548</y9>
			<x10>434.966208</x10>
			<y10>373.781101</y10>
		</polygon>
	</object>
	<object>
		<name>LMU</name>
		<pose>Unspecified</pose>
		<truncated>0</truncated>
		<difficult>0</difficult>
		<occluded>0</occluded>
		<bndbox>
			<xmin>448</xmin>
			<xmax>481</xmax>
			<ymin>207</ymin>
			<ymax>326</ymax>
		</bndbox>
		<polygon>
			<x1>475.977696</x1>
			<y1>315.798364</y1>
			<x2>480.277287</x2>
			<y2>292.078153</y2>
			<x3>467.378513</x3>
			<y3>211.0341</y3>
			<x4>461.425232</x4>
			<y4>205.762942</y4>
			<x5>446.923729</x5>
			<y5>219.636353</y5>
			<x6>446.872769</x6>
			<y6>306.573837</y6>
			<x7>454.479738</x7>
			<y7>325.02289</y7>
			<x8>466.386299</x8>
			<y8>311.844996</y8>
			<x9>475.977696</x9>
			<y9>315.798364</y9>
		</polygon>
	</object>
	<object>
		<name>LMU</name>
		<pose>Unspecified</pose>
		<truncated>0</truncated>
		<difficult>0</difficult>
		<occluded>0</occluded>
		<bndbox>
			<xmin>420</xmin>
			<xmax>454</xmax>
			<ymin>215</ymin>
			<ymax>344</ymax>
		</bndbox>
		<polygon>
			<x1>427.028501</x1>
			<y1>214.328574</y1>
			<x2>418.807153</x2>
			<y2>226.888711</y2>
			<x3>420.413745</x3>
			<y3>328.317364</y3>
			<x4>433.643257</x4>
			<y4>343.471943</y4>
			<x5>449.187934</x5>
			<y5>330.294048</y5>
			<x6>453.156787</x6>
			<y6>317.116153</y6>
			<x7>436.28916</x7>
			<y7>219.599732</y7>
			<x8>427.028501</x8>
			<y8>214.328574</y8>
		</polygon>
	</object>
	<object>
		<name>LPMU</name>
		<pose>Unspecified</pose>
		<truncated>0</truncated>
		<difficult>0</difficult>
		<occluded>0</occluded>
		<bndbox>
			<xmin>395</xmin>
			<xmax>427</xmax>
			<ymin>209</ymin>
			<ymax>357</ymax>
		</bndbox>
		<polygon>
			<x1>401.230953</x1>
			<y1>207.739626</y1>
			<x2>396.931361</x2>
			<y2>222.235311</y2>
			<x3>396.600623</x3>
			<y3>285.489206</y3>
			<x4>393.954721</x4>
			<y4>326.999574</y4>
			<x5>396.931361</x5>
			<y5>340.836364</y5>
			<x6>409.830135</x6>
			<y6>355.990943</y6>
			<x7>416.444892</x7>
			<y7>355.990943</y7>
			<x8>425.70555</x8>
			<y8>332.929627</y8>
			<x9>406.568172</x9>
			<y9>220.954964</y9>
			<x10>401.230953</x10>
			<y10>207.739626</y10>
		</polygon>
	</object>
	<object>
		<name>LPMU</name>
		<pose>Unspecified</pose>
		<truncated>0</truncated>
		<difficult>0</difficult>
		<occluded>0</occluded>
		<bndbox>
			<xmin>371</xmin>
			<xmax>405</xmax>
			<ymin>211</ymin>
			<ymax>365</ymax>
		</bndbox>
		<polygon>
			<x1>390.647343</x1>
			<y1>209.716311</y1>
			<x2>380.725209</x2>
			<y2>214.328574</y2>
			<x3>370.141599</x3>
			<y3>331.611837</y3>
			<x4>379.402258</x4>
			<y4>353.355364</y4>
			<x5>393.293245</x5>
			<y5>363.89768</y5>
			<x6>403.546117</x6>
			<y6>343.471943</y6>
			<x7>395.939148</x7>
			<y7>230.142047</y7>
			<x8>390.647343</x8>
			<y8>209.716311</y8>
		</polygon>
	</object>
	<object>
		<name>LCU</name>
		<pose>Unspecified</pose>
		<truncated>0</truncated>
		<difficult>0</difficult>
		<occluded>0</occluded>
		<bndbox>
			<xmin>355</xmin>
			<xmax>386</xmax>
			<ymin>204</ymin>
			<ymax>371</ymax>
		</bndbox>
		<polygon>
			<x1>358.235038</x1>
			<y1>311.844996</y1>
			<x2>353.604709</x2>
			<y2>336.224101</y2>
			<x3>371.46455</x3>
			<y3>369.827733</y3>
			<x4>376.09488</x4>
			<y4>367.192154</y4>
			<x5>384.694063</x5>
			<y5>335.565206</y5>
			<x6>371.505147</x6>
			<y6>214.361911</y6>
			<x7>361.542416</x7>
			<y7>203.127363</y7>
			<x8>357.573563</x8>
			<y8>219.599732</y8>
			<x9>358.235038</x9>
			<y9>311.844996</y9>
		</polygon>
	</object>
	<object>
		<name>LPMD</name>
		<pose>Unspecified</pose>
		<truncated>0</truncated>
		<difficult>0</difficult>
		<occluded>0</occluded>
		<bndbox>
			<xmin>383</xmin>
			<xmax>416</xmax>
			<ymin>364</ymin>
			<ymax>497</ymax>
		</bndbox>
		<polygon>
			<x1>396.269886</x1>
			<y1>451.53068</y1>
			<x2>406.192019</x2>
			<y2>496.335523</y2>
			<x3>415.12194</x3>
			<y3>487.769891</y3>
			<x4>411.483824</x4>
			<y4>402.772469</y4>
			<x5>408.552872</x5>
			<y5>371.27657</y5>
			<x6>389.985867</x6>
			<y6>362.579891</y6>
			<x7>382.378898</x7>
			<y7>385.641206</y7>
			<x8>383.371111</x8>
			<y8>407.384732</y8>
			<x9>396.269886</x9>
			<y9>451.53068</y9>
		</polygon>
	</object>
	<object>
		<name>LPMD</name>
		<pose>Unspecified</pose>
		<truncated>0</truncated>
		<difficult>0</difficult>
		<occluded>0</occluded>
		<bndbox>
			<xmin>365</xmin>
			<xmax>394</xmax>
			<ymin>368</ymin>
			<ymax>520</ymax>
		</bndbox>
		<polygon>
			<x1>387.339965</x1>
			<y1>373.781101</y1>
			<x2>373.489847</x2>
			<y2>367.320738</y2>
			<x3>363.526843</x3>
			<y3>398.819101</y3>
			<x4>369.149386</x4>
			<y4>422.539312</y4>
			<x5>381.717422</x5>
			<y5>502.92447</y5>
			<x6>392.962508</x6>
			<y6>518.737944</y6>
			<x7>391.639556</x7>
			<y7>423.857101</y7>
			<x8>387.339965</x8>
			<y8>373.781101</y8>
		</polygon>
	</object>
	<object>
		<name>LCD</name>
		<pose>Unspecified</pose>
		<truncated>0</truncated>
		<difficult>0</difficult>
		<occluded>0</occluded>
		<bndbox>
			<xmin>346</xmin>
			<xmax>375</xmax>
			<ymin>371</ymin>
			<ymax>524</ymax>
		</bndbox>
		<polygon>
			<x1>347.651429</x1>
			<y1>377.075574</y1>
			<x2>344.674789</x2>
			<y2>388.93568</y2>
			<x3>347.982167</x3>
			<y3>422.539312</y3>
			<x4>354.92766</x4>
			<y4>496.335523</y4>
			<x5>362.203892</x5>
			<y5>523.350207</y5>
			<x6>367.495697</x6>
			<y6>516.102365</y6>
			<x7>368.48791</x7>
			<y7>433.081627</y7>
			<x8>374.110453</x8>
			<y8>396.183522</y8>
			<x9>360.258517</x9>
			<y9>369.957959</y9>
			<x10>347.651429</x10>
			<y10>377.075574</y10>
		</polygon>
	</object>
	<metadata>
		<tags>
			<tag>teeth</tag>
		</tags>
	</metadata>
</annotation>
