<annotation>
	<folder></folder>
	<filename>231_jpg.rf.fddae5d93888bca70f47cae2aa99a551.jpg</filename>
	<path>231_jpg.rf.fddae5d93888bca70f47cae2aa99a551.jpg</path>
	<source>
		<database>roboflow.com</database>
	</source>
	<size>
		<width>640</width>
		<height>640</height>
		<depth>3</depth>
	</size>
	<segmented>0</segmented>
	<object>
		<name>LIU</name>
		<pose>Unspecified</pose>
		<truncated>0</truncated>
		<difficult>0</difficult>
		<occluded>0</occluded>
		<bndbox>
			<xmin>316</xmin>
			<xmax>345</xmax>
			<ymin>215</ymin>
			<ymax>365</ymax>
		</bndbox>
		<polygon>
			<x1>327.849408</x1>
			<y1>224.592184</y1>
			<x2>314.910264</x2>
			<y2>354.356596</y2>
			<x3>325.493874</x3>
			<y3>358.968859</y3>
			<x4>336.408221</x4>
			<y4>364.240017</y4>
			<x5>341.369288</x5>
			<y5>362.922227</y5>
			<x6>343.022978</x6>
			<y6>299.668333</y6>
			<x7>343.684453</x7>
			<y7>229.82549</y7>
			<x8>339.054124</x8>
			<y8>214.012016</y8>
			<x9>327.849408</x9>
			<y9>224.592184</y9>
		</polygon>
	</object>
	<object>
		<name>LIU</name>
		<pose>Unspecified</pose>
		<truncated>0</truncated>
		<difficult>0</difficult>
		<occluded>0</occluded>
		<bndbox>
			<xmin>342</xmin>
			<xmax>367</xmax>
			<ymin>208</ymin>
			<ymax>367</ymax>
		</bndbox>
		<polygon>
			<x1>351.62216</x1>
			<y1>207.423069</y1>
			<x2>346.661093</x2>
			<y2>217.306489</y2>
			<x3>341.038551</x3>
			<y3>321.411859</y3>
			<x4>341.369288</x4>
			<y4>364.240017</y4>
			<x5>350.629947</x5>
			<y5>365.557806</y5>
			<x6>365.513148</x6>
			<y6>356.992174</y6>
			<x7>361.920083</x7>
			<y7>220.636353</y7>
			<x8>351.62216</x8>
			<y8>207.423069</y8>
		</polygon>
	</object>
	<object>
		<name>LCU</name>
		<pose>Unspecified</pose>
		<truncated>0</truncated>
		<difficult>0</difficult>
		<occluded>0</occluded>
		<bndbox>
			<xmin>360</xmin>
			<xmax>393</xmax>
			<ymin>202</ymin>
			<ymax>366</ymax>
		</bndbox>
		<polygon>
			<x1>392.30291</x1>
			<y1>346.449859</y1>
			<x2>384.744128</x2>
			<y2>217.339826</y2>
			<x3>374.112331</x3>
			<y3>201.493016</y3>
			<x4>369.151264</x4>
			<y4>214.012016</y4>
			<x5>364.190197</x5>
			<y5>293.738279</y5>
			<x6>358.567654</x6>
			<y6>339.202017</y6>
			<x7>361.213556</x7>
			<y7>356.33328</y7>
			<x8>378.74266</x8>
			<y8>364.898911</y8>
			<x9>392.30291</x9>
			<y9>346.449859</y9>
		</polygon>
	</object>
	<object>
		<name>LPMU</name>
		<pose>Unspecified</pose>
		<truncated>0</truncated>
		<difficult>0</difficult>
		<occluded>0</occluded>
		<bndbox>
			<xmin>378</xmin>
			<xmax>411</xmax>
			<ymin>201</ymin>
			<ymax>368</ymax>
		</bndbox>
		<polygon>
			<x1>390.979959</x1>
			<y1>200.175226</y1>
			<x2>387.341843</x2>
			<y2>221.259858</y2>
			<x3>377.419709</x3>
			<y3>318.117385</y3>
			<x4>379.734873</x4>
			<y4>352.379911</y4>
			<x5>396.933239</x5>
			<y5>366.875596</y5>
			<x6>410.162751</x6>
			<y6>351.721017</y6>
			<x7>403.598773</x7>
			<y7>223.932879</y7>
			<x8>390.979959</x8>
			<y8>200.175226</y8>
		</polygon>
	</object>
	<object>
		<name>LMU</name>
		<pose>Unspecified</pose>
		<truncated>0</truncated>
		<difficult>0</difficult>
		<occluded>0</occluded>
		<bndbox>
			<xmin>479</xmin>
			<xmax>509</xmax>
			<ymin>192</ymin>
			<ymax>332</ymax>
		</bndbox>
		<polygon>
			<x1>493.205165</x1>
			<y1>322.67874</y1>
			<x2>508.088366</x2>
			<y2>302.911898</y2>
			<x3>502.135085</x3>
			<y3>267.331582</y3>
			<x4>500.481396</x4>
			<y4>206.054371</y4>
			<x5>490.559262</x5>
			<y5>190.899792</y5>
			<x6>479.975653</x6>
			<y6>202.759897</y6>
			<x7>477.991226</x7>
			<y7>252.177003</y7>
			<x8>479.314177</x8>
			<y8>314.772003</y8>
			<x9>482.952293</x9>
			<y9>330.585477</y9>
			<x10>493.205165</x10>
			<y10>322.67874</y10>
		</polygon>
	</object>
	<object>
		<name>LMU</name>
		<pose>Unspecified</pose>
		<truncated>0</truncated>
		<difficult>0</difficult>
		<occluded>0</occluded>
		<bndbox>
			<xmin>453</xmin>
			<xmax>485</xmax>
			<ymin>205</ymin>
			<ymax>344</ymax>
		</bndbox>
		<polygon>
			<x1>454.870177</x1>
			<y1>213.383995</y1>
			<x2>451.86294</x2>
			<y2>327.949898</y2>
			<x3>456.162531</x3>
			<y3>343.104477</y3>
			<x4>468.730567</x4>
			<y4>342.445582</y4>
			<x5>484.275244</x5>
			<y5>326.632108</y5>
			<x6>480.637128</x6>
			<y6>293.687371</y6>
			<x7>476.337537</x7>
			<y7>206.713266</y7>
			<x8>466.74614</x8>
			<y8>204.077686</y8>
			<x9>454.870177</x9>
			<y9>213.383995</y9>
		</polygon>
	</object>
	<object>
		<name>LMD</name>
		<pose>Unspecified</pose>
		<truncated>0</truncated>
		<difficult>0</difficult>
		<occluded>0</occluded>
		<bndbox>
			<xmin>443</xmin>
			<xmax>504</xmax>
			<ymin>345</ymin>
			<ymax>491</ymax>
		</bndbox>
		<polygon>
			<x1>442.271543</x1>
			<y1>397.222524</y1>
			<x2>452.193677</x2>
			<y2>415.671577</y2>
			<x3>463.438762</x3>
			<y3>458.499736</y3>
			<x4>479.314177</x4>
			<y4>490.126683</y4>
			<x5>489.236311</x5>
			<y5>478.266577</y5>
			<x6>474.683848</x6>
			<y6>436.097314</y6>
			<x7>493.535902</x7>
			<y7>468.383156</y7>
			<x8>503.458036</x8>
			<y8>467.724262</y8>
			<x9>495.520329</x9>
			<y9>439.391788</y9>
			<x10>480.30639</x10>
			<y10>387.339103</y10>
			<x11>472.037945</x11>
			<y11>343.852051</y11>
			<x12>462.115811</x12>
			<y12>346.487629</y12>
			<x13>455.831793</x13>
			<y13>356.371051</y13>
			<x14>444.25597</x14>
			<y14>354.394366</y14>
			<x15>442.96198</x15>
			<y15>364.364906</y15>
			<x16>442.271543</x16>
			<y16>397.222524</y16>
		</polygon>
	</object>
	<object>
		<name>LMD</name>
		<pose>Unspecified</pose>
		<truncated>0</truncated>
		<difficult>0</difficult>
		<occluded>0</occluded>
		<bndbox>
			<xmin>473</xmin>
			<xmax>531</xmax>
			<ymin>317</ymin>
			<ymax>449</ymax>
		</bndbox>
		<polygon>
			<x1>472.037945</x1>
			<y1>352.417682</y1>
			<x2>487.582622</x2>
			<y2>407.764841</y2>
			<x3>507.757628</x3>
			<y3>447.957419</y3>
			<x4>519.664189</x4>
			<y4>445.980735</y4>
			<x5>529.91706</x5>
			<y5>434.12063</y5>
			<x6>530.247798</x6>
			<y6>412.377104</y6>
			<x7>513.710908</x7>
			<y7>368.890051</y7>
			<x8>504.156882</x8>
			<y8>320.850757</y8>
			<x9>495.520329</x9>
			<y9>316.178471</y9>
			<x10>483.944506</x10>
			<y10>325.402998</y10>
			<x11>476.006799</x11>
			<y11>336.604208</y11>
			<x12>472.037945</x12>
			<y12>352.417682</y12>
		</polygon>
	</object>
	<object>
		<name>LID</name>
		<pose>Unspecified</pose>
		<truncated>0</truncated>
		<difficult>0</difficult>
		<occluded>0</occluded>
		<bndbox>
			<xmin>330</xmin>
			<xmax>350</xmax>
			<ymin>372</ymin>
			<ymax>508</ymax>
		</bndbox>
		<polygon>
			<x1>329.172541</x1>
			<y1>370.957959</y1>
			<x2>330.12743</x2>
			<y2>484.826376</y2>
			<x3>340.380302</x3>
			<y3>506.569902</y3>
			<x4>349.310223</x4>
			<y4>374.132059</y4>
			<x5>329.172541</x5>
			<y5>370.957959</y5>
		</polygon>
	</object>
	<object>
		<name>LID</name>
		<pose>Unspecified</pose>
		<truncated>0</truncated>
		<difficult>0</difficult>
		<occluded>0</occluded>
		<bndbox>
			<xmin>315</xmin>
			<xmax>335</xmax>
			<ymin>371</ymin>
			<ymax>525</ymax>
		</bndbox>
		<polygon>
			<x1>313.59054</x1>
			<y1>459.129481</y1>
			<x2>317.228656</x2>
			<y2>523.701166</y2>
			<x3>327.481528</x3>
			<y3>474.28406</y3>
			<x4>334.427022</x4>
			<y4>369.519796</y4>
			<x5>316.271995</x5>
			<y5>369.639349</y5>
			<x6>313.59054</x6>
			<y6>459.129481</y6>
		</polygon>
	</object>
	<object>
		<name>RID</name>
		<pose>Unspecified</pose>
		<truncated>0</truncated>
		<difficult>0</difficult>
		<occluded>0</occluded>
		<bndbox>
			<xmin>297</xmin>
			<xmax>320</xmax>
			<ymin>365</ymin>
			<ymax>503</ymax>
		</bndbox>
		<polygon>
			<x1>301.022504</x1>
			<y1>415.642428</y1>
			<x2>296.061437</x2>
			<y2>501.957639</y2>
			<x3>309.290949</x3>
			<y3>471.648481</y3>
			<x4>318.551607</x4>
			<y4>363.589744</y4>
			<x5>302.709881</x5>
			<y5>366.342823</y5>
			<x6>301.022504</x6>
			<y6>415.642428</y6>
		</polygon>
	</object>
	<object>
		<name>RID</name>
		<pose>Unspecified</pose>
		<truncated>0</truncated>
		<difficult>0</difficult>
		<occluded>0</occluded>
		<bndbox>
			<xmin>283</xmin>
			<xmax>306</xmax>
			<ymin>359</ymin>
			<ymax>502</ymax>
		</bndbox>
		<polygon>
			<x1>305.322095</x1>
			<y1>364.248638</y1>
			<x2>291.431108</x2>
			<y2>357.659691</y2>
			<x3>284.847585</x3>
			<y3>365.683517</y3>
			<x4>285.808565</x4>
			<y4>410.37127</y4>
			<x5>281.508973</x5>
			<y5>494.709797</y5>
			<x6>289.44668</x6>
			<y6>501.298744</y6>
			<x7>305.322095</x7>
			<y7>364.248638</y7>
		</polygon>
	</object>
	<object>
		<name>RCD</name>
		<pose>Unspecified</pose>
		<truncated>0</truncated>
		<difficult>0</difficult>
		<occluded>0</occluded>
		<bndbox>
			<xmin>255</xmin>
			<xmax>289</xmax>
			<ymin>358</ymin>
			<ymax>527</ymax>
		</bndbox>
		<polygon>
			<x1>254.057736</x1>
			<y1>510.523271</y1>
			<x2>263.649132</x2>
			<y2>526.336744</y2>
			<x3>273.571266</x3>
			<y3>497.345376</y3>
			<x4>288.123729</x4>
			<y4>374.132059</y4>
			<x5>282.501187</x5>
			<y5>357.000796</y5>
			<x6>268.308423</x6>
			<y6>363.705601</y6>
			<x7>262.987657</x7>
			<y7>378.744323</y7>
			<x8>254.057736</x8>
			<y8>510.523271</y8>
		</polygon>
	</object>
	<object>
		<name>RPMD</name>
		<pose>Unspecified</pose>
		<truncated>0</truncated>
		<difficult>0</difficult>
		<occluded>0</occluded>
		<bndbox>
			<xmin>234</xmin>
			<xmax>269</xmax>
			<ymin>356</ymin>
			<ymax>507</ymax>
		</bndbox>
		<polygon>
			<x1>256.703638</x1>
			<y1>355.024112</y1>
			<x2>239.83601</x2>
			<y2>362.271954</y2>
			<x3>240.166748</x3>
			<y3>418.936902</y3>
			<x4>233.221254</x4>
			<y4>484.826376</y4>
			<x5>238.513059</x5>
			<y5>505.911007</y5>
			<x6>248.435193</x6>
			<y6>489.438639</y6>
			<x7>257.695852</x7>
			<y7>443.316007</y7>
			<x8>267.617986</x8>
			<y8>370.837586</y8>
			<x9>256.703638</x9>
			<y9>355.024112</y9>
		</polygon>
	</object>
	<object>
		<name>RPMD</name>
		<pose>Unspecified</pose>
		<truncated>0</truncated>
		<difficult>0</difficult>
		<occluded>0</occluded>
		<bndbox>
			<xmin>206</xmin>
			<xmax>251</xmax>
			<ymin>348</ymin>
			<ymax>498</ymax>
		</bndbox>
		<polygon>
			<x1>213.707724</x1>
			<y1>489.438639</y1>
			<x2>228.260187</x2>
			<y2>448.587165</y2>
			<x3>250.088882</x3>
			<y3>363.589744</y3>
			<x4>243.804864</x4>
			<y4>352.388533</y4>
			<x5>238.182321</x5>
			<y5>352.388533</y5>
			<x6>228.921663</x6>
			<y6>347.117375</y6>
			<x7>220.653218</x7>
			<y7>357.659691</y7>
			<x8>213.046248</x8>
			<y8>422.231376</y8>
			<x9>206.100755</x9>
			<y9>467.695112</y9>
			<x10>204.777803</x10>
			<y10>497.345376</y10>
			<x11>213.707724</x11>
			<y11>489.438639</y11>
		</polygon>
	</object>
	<object>
		<name>RMD</name>
		<pose>Unspecified</pose>
		<truncated>0</truncated>
		<difficult>0</difficult>
		<occluded>0</occluded>
		<bndbox>
			<xmin>162</xmin>
			<xmax>229</xmax>
			<ymin>334</ymin>
			<ymax>474</ymax>
		</bndbox>
		<polygon>
			<x1>189.912792</x1>
			<y1>334.036863</y1>
			<x2>186.917962</x2>
			<y2>348.435164</y2>
			<x3>183.610584</x3>
			<y3>380.721007</y3>
			<x4>161.120414</x4>
			<y4>460.447271</y4>
			<x5>173.026974</x5>
			<y5>463.741744</y5>
			<x6>187.579438</x6>
			<y6>432.114797</y6>
			<x7>194.855669</x7>
			<y7>414.983533</y7>
			<x8>185.595011</x8>
			<y8>467.695112</y8>
			<x9>184.602798</x9>
			<y9>472.966271</y9>
			<x10>193.863456</x10>
			<y10>472.307376</y10>
			<x11>204.777803</x11>
			<y11>451.881639</y11>
			<x12>213.707724</x12>
			<y12>401.146744</y12>
			<x13>227.92945</x13>
			<y13>364.248638</y13>
			<x14>227.92945</x14>
			<y14>343.164007</y14>
			<x15>215.361413</x15>
			<y15>338.551744</y15>
			<x16>205.439279</x16>
			<y16>333.280586</y16>
			<x17>189.912792</x17>
			<y17>334.036863</y17>
		</polygon>
	</object>
	<object>
		<name>RMD</name>
		<pose>Unspecified</pose>
		<truncated>0</truncated>
		<difficult>0</difficult>
		<occluded>0</occluded>
		<bndbox>
			<xmin>130</xmin>
			<xmax>191</xmax>
			<ymin>316</ymin>
			<ymax>459</ymax>
		</bndbox>
		<polygon>
			<x1>146.56795</x1>
			<y1>365.566428</y1>
			<x2>128.708109</x2>
			<y2>424.866954</y2>
			<x3>129.369585</x3>
			<y3>445.292691</y3>
			<x4>143.922048</x4>
			<y4>458.470586</y4>
			<x5>157.15156</x5>
			<y5>441.339323</y5>
			<x6>175.011401</x6>
			<y6>389.286639</y6>
			<x7>187.579438</x7>
			<y7>358.318586</y7>
			<x8>189.563864</x8>
			<y8>341.846217</y8>
			<x9>184.951043</x9>
			<y9>330.081031</y9>
			<x10>173.357712</x10>
			<y10>323.397164</y10>
			<x11>154.17492</x11>
			<y11>315.490428</y11>
			<x12>149.875328</x12>
			<y12>339.210638</y12>
			<x13>146.56795</x13>
			<y13>365.566428</y13>
		</polygon>
	</object>
	<object>
		<name>RMU</name>
		<pose>Unspecified</pose>
		<truncated>0</truncated>
		<difficult>0</difficult>
		<occluded>0</occluded>
		<bndbox>
			<xmin>123</xmin>
			<xmax>159</xmax>
			<ymin>166</ymin>
			<ymax>308</ymax>
		</bndbox>
		<polygon>
			<x1>154.17492</x1>
			<y1>303.541643</y1>
			<x2>158.488383</x2>
			<y2>187.011783</y2>
			<x3>147.560164</x3>
			<y3>164.514853</y3>
			<x4>135.984341</x4>
			<y4>173.739379</y4>
			<x5>132.015487</x5>
			<y5>228.427642</y5>
			<x6>122.093353</x6>
			<y6>269.279117</y6>
			<x7>125.400731</x7>
			<y7>283.115906</y7>
			<x8>135.984341</x8>
			<y8>307.495012</y8>
			<x9>154.17492</x9>
			<y9>303.541643</y9>
		</polygon>
	</object>
	<object>
		<name>RMU</name>
		<pose>Unspecified</pose>
		<truncated>0</truncated>
		<difficult>0</difficult>
		<occluded>0</occluded>
		<bndbox>
			<xmin>155</xmin>
			<xmax>189</xmax>
			<ymin>171</ymin>
			<ymax>324</ymax>
		</bndbox>
		<polygon>
			<x1>169.058121</x1>
			<y1>170.444906</y1>
			<x2>158.474511</x2>
			<y2>179.669432</y2>
			<x3>158.143773</x3>
			<y3>238.969959</y3>
			<x4>154.17492</x4>
			<y4>293.658222</y4>
			<x5>176.003615</x5>
			<y5>322.649591</y5>
			<x6>187.579438</x6>
			<y6>302.223854</y6>
			<x7>180.633944</x7>
			<y7>196.800695</y7>
			<x8>169.058121</x8>
			<y8>170.444906</y8>
		</polygon>
	</object>
	<object>
		<name>RIU</name>
		<pose>Unspecified</pose>
		<truncated>0</truncated>
		<difficult>0</difficult>
		<occluded>0</occluded>
		<bndbox>
			<xmin>293</xmin>
			<xmax>318</xmax>
			<ymin>212</ymin>
			<ymax>356</ymax>
		</bndbox>
		<polygon>
			<x1>313.921278</x1>
			<y1>215.908642</y1>
			<x2>306.314309</x2>
			<y2>210.637485</y2>
			<x3>297.715126</x3>
			<y3>213.931959</y3>
			<x4>292.423321</x4>
			<y4>352.299854</y4>
			<x5>317.228656</x5>
			<y5>354.935433</y5>
			<x6>314.582754</x6>
			<y6>267.302433</y6>
			<x7>313.921278</x7>
			<y7>215.908642</y7>
		</polygon>
	</object>
	<object>
		<name>RIU</name>
		<pose>Unspecified</pose>
		<truncated>0</truncated>
		<difficult>0</difficult>
		<occluded>0</occluded>
		<bndbox>
			<xmin>270</xmin>
			<xmax>296</xmax>
			<ymin>204</ymin>
			<ymax>353</ymax>
		</bndbox>
		<polygon>
			<x1>294.738486</x1>
			<y1>220.520906</y1>
			<x2>286.800778</x2>
			<y2>203.389643</y2>
			<x3>275.585654</x3>
			<y3>212.724689</y3>
			<x4>268.610199</x4>
			<y4>352.299854</y4>
			<x5>293.415534</x5>
			<y5>351.640959</y5>
			<x6>293.746272</x6>
			<y6>310.130591</y6>
			<x7>294.738486</x7>
			<y7>220.520906</y7>
		</polygon>
	</object>
	<object>
		<name>RCU</name>
		<pose>Unspecified</pose>
		<truncated>0</truncated>
		<difficult>0</difficult>
		<occluded>0</occluded>
		<bndbox>
			<xmin>248</xmin>
			<xmax>275</xmax>
			<ymin>187</ymin>
			<ymax>352</ymax>
		</bndbox>
		<polygon>
			<x1>259.680279</x1>
			<y1>350.982064</y1>
			<x2>270.594626</x2>
			<y2>335.168591</y2>
			<x3>274.232742</x3>
			<y3>305.518327</y3>
			<x4>272.248315</x4>
			<y4>194.165116</y4>
			<x5>262.656919</x5>
			<y5>185.599484</y5>
			<x6>251.107694</x6>
			<y6>202.175805</y6>
			<x7>247.112242</x7>
			<y7>338.463064</y7>
			<x8>259.680279</x8>
			<y8>350.982064</y8>
		</polygon>
	</object>
	<object>
		<name>RCD</name>
		<pose>Unspecified</pose>
		<truncated>0</truncated>
		<difficult>0</difficult>
		<occluded>0</occluded>
		<bndbox>
			<xmin>347</xmin>
			<xmax>369</xmax>
			<ymin>369</ymin>
			<ymax>527</ymax>
		</bndbox>
		<polygon>
			<x1>368.485523</x1>
			<y1>456.315648</y1>
			<x2>367.906086</x2>
			<y2>413.604596</y2>
			<x3>368.122542</x3>
			<y3>377.865743</y3>
			<x4>353.999595</x4>
			<y4>368.174162</y4>
			<x5>345.501183</x5>
			<y5>381.641611</y5>
			<x6>348.012078</x6>
			<y6>415.887408</y6>
			<x7>353.227012</x7>
			<y7>506.722384</y7>
			<x8>359.407675</x8>
			<y8>525.576812</y8>
			<x9>368.485523</x9>
			<y9>512.494148</y9>
			<x10>368.485523</x10>
			<y10>456.315648</y10>
		</polygon>
	</object>
	<object>
		<name>RPMD</name>
		<pose>Unspecified</pose>
		<truncated>0</truncated>
		<difficult>0</difficult>
		<occluded>0</occluded>
		<bndbox>
			<xmin>365</xmin>
			<xmax>393</xmax>
			<ymin>370</ymin>
			<ymax>522</ymax>
		</bndbox>
		<polygon>
			<x1>387.993241</x1>
			<y1>481.326624</y1>
			<x2>387.800095</x2>
			<y2>428.226398</y2>
			<x3>392.242446</x3>
			<y3>380.128367</y3>
			<x4>376.404498</x4>
			<y4>368.969624</y4>
			<x5>364.043172</x5>
			<y5>385.515346</y5>
			<x6>368.678669</x6>
			<y6>415.143734</y6>
			<x7>369.644398</x7>
			<y7>475.554861</y7>
			<x8>376.018206</x8>
			<y8>508.646306</y8>
			<x9>387.220658</x9>
			<y9>520.959401</y9>
			<x10>387.993241</x10>
			<y10>481.326624</y10>
		</polygon>
	</object>
	<object>
		<name>RPMD</name>
		<pose>Unspecified</pose>
		<truncated>0</truncated>
		<difficult>0</difficult>
		<occluded>0</occluded>
		<bndbox>
			<xmin>387</xmin>
			<xmax>416</xmax>
			<ymin>367</ymin>
			<ymax>522</ymax>
		</bndbox>
		<polygon>
			<x1>400.354566</x1>
			<y1>498.257131</y1>
			<x2>407.694104</x2>
			<y2>521.344186</y2>
			<x3>414.840495</x3>
			<y3>515.572422</y3>
			<x4>410.011852</x4>
			<y4>420.530713</y4>
			<x5>415.063401</x5>
			<y5>380.560911</y5>
			<x6>398.616255</x6>
			<y6>367.815271</y6>
			<x7>392.435592</x7>
			<y7>365.506566</y7>
			<x8>385.675492</x8>
			<y8>377.434877</y8>
			<x9>388.379532</x9>
			<y9>405.139343</y9>
			<x10>395.525924</x10>
			<y10>465.935254</y10>
			<x11>400.354566</x11>
			<y11>498.257131</y11>
		</polygon>
	</object>
	<metadata>
		<tags>
			<tag>teeth</tag>
		</tags>
	</metadata>
</annotation>
