<annotation>
	<folder></folder>
	<filename>231_jpg.rf.9b59fed3a285fc866b7e16e1c78ae7c7.jpg</filename>
	<path>231_jpg.rf.9b59fed3a285fc866b7e16e1c78ae7c7.jpg</path>
	<source>
		<database>roboflow.com</database>
	</source>
	<size>
		<width>640</width>
		<height>640</height>
		<depth>3</depth>
	</size>
	<segmented>0</segmented>
	<object>
		<name>LIU</name>
		<pose>Unspecified</pose>
		<truncated>0</truncated>
		<difficult>0</difficult>
		<occluded>0</occluded>
		<bndbox>
			<xmin>315</xmin>
			<xmax>344</xmax>
			<ymin>214</ymin>
			<ymax>364</ymax>
		</bndbox>
		<polygon>
			<x1>340.369288</x1>
			<y1>361.922227</y1>
			<x2>342.022978</x2>
			<y2>298.668333</y2>
			<x3>342.684453</x3>
			<y3>228.82549</y3>
			<x4>338.054124</x4>
			<y4>213.012016</y4>
			<x5>326.849408</x5>
			<y5>223.592184</y5>
			<x6>313.910264</x6>
			<y6>353.356596</y6>
			<x7>324.493874</x7>
			<y7>357.968859</y7>
			<x8>335.408221</x8>
			<y8>363.240017</y8>
			<x9>340.369288</x9>
			<y9>361.922227</y9>
		</polygon>
	</object>
	<object>
		<name>LIU</name>
		<pose>Unspecified</pose>
		<truncated>0</truncated>
		<difficult>0</difficult>
		<occluded>0</occluded>
		<bndbox>
			<xmin>341</xmin>
			<xmax>366</xmax>
			<ymin>207</ymin>
			<ymax>366</ymax>
		</bndbox>
		<polygon>
			<x1>349.629947</x1>
			<y1>364.557806</y1>
			<x2>364.513148</x2>
			<y2>355.992174</y2>
			<x3>360.920083</x3>
			<y3>219.636353</y3>
			<x4>350.62216</x4>
			<y4>206.423069</y4>
			<x5>345.661093</x5>
			<y5>216.306489</y5>
			<x6>340.038551</x6>
			<y6>320.411859</y6>
			<x7>340.369288</x7>
			<y7>363.240017</y7>
			<x8>349.629947</x8>
			<y8>364.557806</y8>
		</polygon>
	</object>
	<object>
		<name>LCU</name>
		<pose>Unspecified</pose>
		<truncated>0</truncated>
		<difficult>0</difficult>
		<occluded>0</occluded>
		<bndbox>
			<xmin>359</xmin>
			<xmax>392</xmax>
			<ymin>201</ymin>
			<ymax>365</ymax>
		</bndbox>
		<polygon>
			<x1>363.190197</x1>
			<y1>292.738279</y1>
			<x2>357.567654</x2>
			<y2>338.202017</y2>
			<x3>360.213556</x3>
			<y3>355.33328</y3>
			<x4>377.74266</x4>
			<y4>363.898911</y4>
			<x5>391.30291</x5>
			<y5>345.449859</y5>
			<x6>383.744128</x6>
			<y6>216.339826</y6>
			<x7>373.112331</x7>
			<y7>200.493016</y7>
			<x8>368.151264</x8>
			<y8>213.012016</y8>
			<x9>363.190197</x9>
			<y9>292.738279</y9>
		</polygon>
	</object>
	<object>
		<name>LPMU</name>
		<pose>Unspecified</pose>
		<truncated>0</truncated>
		<difficult>0</difficult>
		<occluded>0</occluded>
		<bndbox>
			<xmin>377</xmin>
			<xmax>410</xmax>
			<ymin>200</ymin>
			<ymax>367</ymax>
		</bndbox>
		<polygon>
			<x1>395.933239</x1>
			<y1>365.875596</y1>
			<x2>409.162751</x2>
			<y2>350.721017</y2>
			<x3>402.598773</x3>
			<y3>222.932879</y3>
			<x4>389.979959</x4>
			<y4>199.175226</y4>
			<x5>386.341843</x5>
			<y5>220.259858</y5>
			<x6>376.419709</x6>
			<y6>317.117385</y6>
			<x7>378.734873</x7>
			<y7>351.379911</y7>
			<x8>395.933239</x8>
			<y8>365.875596</y8>
		</polygon>
	</object>
	<object>
		<name>LMU</name>
		<pose>Unspecified</pose>
		<truncated>0</truncated>
		<difficult>0</difficult>
		<occluded>0</occluded>
		<bndbox>
			<xmin>478</xmin>
			<xmax>508</xmax>
			<ymin>191</ymin>
			<ymax>331</ymax>
		</bndbox>
		<polygon>
			<x1>489.559262</x1>
			<y1>189.899792</y1>
			<x2>478.975653</x2>
			<y2>201.759897</y2>
			<x3>476.991226</x3>
			<y3>251.177003</y3>
			<x4>478.314177</x4>
			<y4>313.772003</y4>
			<x5>481.952293</x5>
			<y5>329.585477</y5>
			<x6>492.205165</x6>
			<y6>321.67874</y6>
			<x7>507.088366</x7>
			<y7>301.911898</y7>
			<x8>501.135085</x8>
			<y8>266.331582</y8>
			<x9>499.481396</x9>
			<y9>205.054371</y9>
			<x10>489.559262</x10>
			<y10>189.899792</y10>
		</polygon>
	</object>
	<object>
		<name>LMU</name>
		<pose>Unspecified</pose>
		<truncated>0</truncated>
		<difficult>0</difficult>
		<occluded>0</occluded>
		<bndbox>
			<xmin>452</xmin>
			<xmax>484</xmax>
			<ymin>204</ymin>
			<ymax>343</ymax>
		</bndbox>
		<polygon>
			<x1>483.275244</x1>
			<y1>325.632108</y1>
			<x2>479.637128</x2>
			<y2>292.687371</y2>
			<x3>475.337537</x3>
			<y3>205.713266</y3>
			<x4>465.74614</x4>
			<y4>203.077686</y4>
			<x5>453.870177</x5>
			<y5>212.383995</y5>
			<x6>450.86294</x6>
			<y6>326.949898</y6>
			<x7>455.162531</x7>
			<y7>342.104477</y7>
			<x8>467.730567</x8>
			<y8>341.445582</y8>
			<x9>483.275244</x9>
			<y9>325.632108</y9>
		</polygon>
	</object>
	<object>
		<name>LMD</name>
		<pose>Unspecified</pose>
		<truncated>0</truncated>
		<difficult>0</difficult>
		<occluded>0</occluded>
		<bndbox>
			<xmin>442</xmin>
			<xmax>503</xmax>
			<ymin>344</ymin>
			<ymax>490</ymax>
		</bndbox>
		<polygon>
			<x1>488.236311</x1>
			<y1>477.266577</y1>
			<x2>473.683848</x2>
			<y2>435.097314</y2>
			<x3>492.535902</x3>
			<y3>467.383156</y3>
			<x4>502.458036</x4>
			<y4>466.724262</y4>
			<x5>494.520329</x5>
			<y5>438.391788</y5>
			<x6>479.30639</x6>
			<y6>386.339103</y6>
			<x7>471.037945</x7>
			<y7>342.852051</y7>
			<x8>461.115811</x8>
			<y8>345.487629</y8>
			<x9>454.831793</x9>
			<y9>355.371051</y9>
			<x10>443.25597</x10>
			<y10>353.394366</y10>
			<x11>441.96198</x11>
			<y11>363.364906</y11>
			<x12>441.271543</x12>
			<y12>396.222524</y12>
			<x13>451.193677</x13>
			<y13>414.671577</y13>
			<x14>462.438762</x14>
			<y14>457.499736</y14>
			<x15>478.314177</x15>
			<y15>489.126683</y15>
			<x16>488.236311</x16>
			<y16>477.266577</y16>
		</polygon>
	</object>
	<object>
		<name>LMD</name>
		<pose>Unspecified</pose>
		<truncated>0</truncated>
		<difficult>0</difficult>
		<occluded>0</occluded>
		<bndbox>
			<xmin>472</xmin>
			<xmax>530</xmax>
			<ymin>316</ymin>
			<ymax>448</ymax>
		</bndbox>
		<polygon>
			<x1>528.91706</x1>
			<y1>433.12063</y1>
			<x2>529.247798</x2>
			<y2>411.377104</y2>
			<x3>512.710908</x3>
			<y3>367.890051</y3>
			<x4>503.156882</x4>
			<y4>319.850757</y4>
			<x5>494.520329</x5>
			<y5>315.178471</y5>
			<x6>482.944506</x6>
			<y6>324.402998</y6>
			<x7>475.006799</x7>
			<y7>335.604208</y7>
			<x8>471.037945</x8>
			<y8>351.417682</y8>
			<x9>486.582622</x9>
			<y9>406.764841</y9>
			<x10>506.757628</x10>
			<y10>446.957419</y10>
			<x11>518.664189</x11>
			<y11>444.980735</y11>
			<x12>528.91706</x12>
			<y12>433.12063</y12>
		</polygon>
	</object>
	<object>
		<name>LID</name>
		<pose>Unspecified</pose>
		<truncated>0</truncated>
		<difficult>0</difficult>
		<occluded>0</occluded>
		<bndbox>
			<xmin>329</xmin>
			<xmax>349</xmax>
			<ymin>371</ymin>
			<ymax>507</ymax>
		</bndbox>
		<polygon>
			<x1>328.172541</x1>
			<y1>369.957959</y1>
			<x2>329.12743</x2>
			<y2>483.826376</y2>
			<x3>339.380302</x3>
			<y3>505.569902</y3>
			<x4>348.310223</x4>
			<y4>373.132059</y4>
			<x5>328.172541</x5>
			<y5>369.957959</y5>
		</polygon>
	</object>
	<object>
		<name>LID</name>
		<pose>Unspecified</pose>
		<truncated>0</truncated>
		<difficult>0</difficult>
		<occluded>0</occluded>
		<bndbox>
			<xmin>314</xmin>
			<xmax>334</xmax>
			<ymin>370</ymin>
			<ymax>524</ymax>
		</bndbox>
		<polygon>
			<x1>315.271995</x1>
			<y1>368.639349</y1>
			<x2>312.59054</x2>
			<y2>458.129481</y2>
			<x3>316.228656</x3>
			<y3>522.701166</y3>
			<x4>326.481528</x4>
			<y4>473.28406</y4>
			<x5>333.427022</x5>
			<y5>368.519796</y5>
			<x6>315.271995</x6>
			<y6>368.639349</y6>
		</polygon>
	</object>
	<object>
		<name>RID</name>
		<pose>Unspecified</pose>
		<truncated>0</truncated>
		<difficult>0</difficult>
		<occluded>0</occluded>
		<bndbox>
			<xmin>296</xmin>
			<xmax>319</xmax>
			<ymin>364</ymin>
			<ymax>502</ymax>
		</bndbox>
		<polygon>
			<x1>301.709881</x1>
			<y1>365.342823</y1>
			<x2>300.022504</x2>
			<y2>414.642428</y2>
			<x3>295.061437</x3>
			<y3>500.957639</y3>
			<x4>308.290949</x4>
			<y4>470.648481</y4>
			<x5>317.551607</x5>
			<y5>362.589744</y5>
			<x6>301.709881</x6>
			<y6>365.342823</y6>
		</polygon>
	</object>
	<object>
		<name>RID</name>
		<pose>Unspecified</pose>
		<truncated>0</truncated>
		<difficult>0</difficult>
		<occluded>0</occluded>
		<bndbox>
			<xmin>282</xmin>
			<xmax>305</xmax>
			<ymin>358</ymin>
			<ymax>501</ymax>
		</bndbox>
		<polygon>
			<x1>280.508973</x1>
			<y1>493.709797</y1>
			<x2>288.44668</x2>
			<y2>500.298744</y2>
			<x3>304.322095</x3>
			<y3>363.248638</y3>
			<x4>290.431108</x4>
			<y4>356.659691</y4>
			<x5>283.847585</x5>
			<y5>364.683517</y5>
			<x6>284.808565</x6>
			<y6>409.37127</y6>
			<x7>280.508973</x7>
			<y7>493.709797</y7>
		</polygon>
	</object>
	<object>
		<name>RCD</name>
		<pose>Unspecified</pose>
		<truncated>0</truncated>
		<difficult>0</difficult>
		<occluded>0</occluded>
		<bndbox>
			<xmin>254</xmin>
			<xmax>288</xmax>
			<ymin>357</ymin>
			<ymax>526</ymax>
		</bndbox>
		<polygon>
			<x1>281.501187</x1>
			<y1>356.000796</y1>
			<x2>267.308423</x2>
			<y2>362.705601</y2>
			<x3>261.987657</x3>
			<y3>377.744323</y3>
			<x4>253.057736</x4>
			<y4>509.523271</y4>
			<x5>262.649132</x5>
			<y5>525.336744</y5>
			<x6>272.571266</x6>
			<y6>496.345376</y6>
			<x7>287.123729</x7>
			<y7>373.132059</y7>
			<x8>281.501187</x8>
			<y8>356.000796</y8>
		</polygon>
	</object>
	<object>
		<name>RPMD</name>
		<pose>Unspecified</pose>
		<truncated>0</truncated>
		<difficult>0</difficult>
		<occluded>0</occluded>
		<bndbox>
			<xmin>233</xmin>
			<xmax>268</xmax>
			<ymin>355</ymin>
			<ymax>506</ymax>
		</bndbox>
		<polygon>
			<x1>237.513059</x1>
			<y1>504.911007</y1>
			<x2>247.435193</x2>
			<y2>488.438639</y2>
			<x3>256.695852</x3>
			<y3>442.316007</y3>
			<x4>266.617986</x4>
			<y4>369.837586</y4>
			<x5>255.703638</x5>
			<y5>354.024112</y5>
			<x6>238.83601</x6>
			<y6>361.271954</y6>
			<x7>239.166748</x7>
			<y7>417.936902</y7>
			<x8>232.221254</x8>
			<y8>483.826376</y8>
			<x9>237.513059</x9>
			<y9>504.911007</y9>
		</polygon>
	</object>
	<object>
		<name>RPMD</name>
		<pose>Unspecified</pose>
		<truncated>0</truncated>
		<difficult>0</difficult>
		<occluded>0</occluded>
		<bndbox>
			<xmin>205</xmin>
			<xmax>250</xmax>
			<ymin>347</ymin>
			<ymax>497</ymax>
		</bndbox>
		<polygon>
			<x1>237.182321</x1>
			<y1>351.388533</y1>
			<x2>227.921663</x2>
			<y2>346.117375</y2>
			<x3>219.653218</x3>
			<y3>356.659691</y3>
			<x4>212.046248</x4>
			<y4>421.231376</y4>
			<x5>205.100755</x5>
			<y5>466.695112</y5>
			<x6>203.777803</x6>
			<y6>496.345376</y6>
			<x7>212.707724</x7>
			<y7>488.438639</y7>
			<x8>227.260187</x8>
			<y8>447.587165</y8>
			<x9>249.088882</x9>
			<y9>362.589744</y9>
			<x10>242.804864</x10>
			<y10>351.388533</y10>
			<x11>237.182321</x11>
			<y11>351.388533</y11>
		</polygon>
	</object>
	<object>
		<name>RMD</name>
		<pose>Unspecified</pose>
		<truncated>0</truncated>
		<difficult>0</difficult>
		<occluded>0</occluded>
		<bndbox>
			<xmin>161</xmin>
			<xmax>228</xmax>
			<ymin>333</ymin>
			<ymax>473</ymax>
		</bndbox>
		<polygon>
			<x1>172.026974</x1>
			<y1>462.741744</y1>
			<x2>186.579438</x2>
			<y2>431.114797</y2>
			<x3>193.855669</x3>
			<y3>413.983533</y3>
			<x4>184.595011</x4>
			<y4>466.695112</y4>
			<x5>183.602798</x5>
			<y5>471.966271</y5>
			<x6>192.863456</x6>
			<y6>471.307376</y6>
			<x7>203.777803</x7>
			<y7>450.881639</y7>
			<x8>212.707724</x8>
			<y8>400.146744</y8>
			<x9>226.92945</x9>
			<y9>363.248638</y9>
			<x10>226.92945</x10>
			<y10>342.164007</y10>
			<x11>214.361413</x11>
			<y11>337.551744</y11>
			<x12>204.439279</x12>
			<y12>332.280586</y12>
			<x13>188.912792</x13>
			<y13>333.036863</y13>
			<x14>185.917962</x14>
			<y14>347.435164</y14>
			<x15>182.610584</x15>
			<y15>379.721007</y15>
			<x16>160.120414</x16>
			<y16>459.447271</y16>
			<x17>172.026974</x17>
			<y17>462.741744</y17>
		</polygon>
	</object>
	<object>
		<name>RMD</name>
		<pose>Unspecified</pose>
		<truncated>0</truncated>
		<difficult>0</difficult>
		<occluded>0</occluded>
		<bndbox>
			<xmin>129</xmin>
			<xmax>190</xmax>
			<ymin>315</ymin>
			<ymax>458</ymax>
		</bndbox>
		<polygon>
			<x1>156.15156</x1>
			<y1>440.339323</y1>
			<x2>174.011401</x2>
			<y2>388.286639</y2>
			<x3>186.579438</x3>
			<y3>357.318586</y3>
			<x4>188.563864</x4>
			<y4>340.846217</y4>
			<x5>183.951043</x5>
			<y5>329.081031</y5>
			<x6>172.357712</x6>
			<y6>322.397164</y6>
			<x7>153.17492</x7>
			<y7>314.490428</y7>
			<x8>148.875328</x8>
			<y8>338.210638</y8>
			<x9>145.56795</x9>
			<y9>364.566428</y9>
			<x10>127.708109</x10>
			<y10>423.866954</y10>
			<x11>128.369585</x11>
			<y11>444.292691</y11>
			<x12>142.922048</x12>
			<y12>457.470586</y12>
			<x13>156.15156</x13>
			<y13>440.339323</y13>
		</polygon>
	</object>
	<object>
		<name>RMU</name>
		<pose>Unspecified</pose>
		<truncated>0</truncated>
		<difficult>0</difficult>
		<occluded>0</occluded>
		<bndbox>
			<xmin>122</xmin>
			<xmax>158</xmax>
			<ymin>165</ymin>
			<ymax>307</ymax>
		</bndbox>
		<polygon>
			<x1>131.015487</x1>
			<y1>227.427642</y1>
			<x2>121.093353</x2>
			<y2>268.279117</y2>
			<x3>124.400731</x3>
			<y3>282.115906</y3>
			<x4>134.984341</x4>
			<y4>306.495012</y4>
			<x5>153.17492</x5>
			<y5>302.541643</y5>
			<x6>157.488383</x6>
			<y6>186.011783</y6>
			<x7>146.560164</x7>
			<y7>163.514853</y7>
			<x8>134.984341</x8>
			<y8>172.739379</y8>
			<x9>131.015487</x9>
			<y9>227.427642</y9>
		</polygon>
	</object>
	<object>
		<name>RMU</name>
		<pose>Unspecified</pose>
		<truncated>0</truncated>
		<difficult>0</difficult>
		<occluded>0</occluded>
		<bndbox>
			<xmin>154</xmin>
			<xmax>188</xmax>
			<ymin>170</ymin>
			<ymax>323</ymax>
		</bndbox>
		<polygon>
			<x1>175.003615</x1>
			<y1>321.649591</y1>
			<x2>186.579438</x2>
			<y2>301.223854</y2>
			<x3>179.633944</x3>
			<y3>195.800695</y3>
			<x4>168.058121</x4>
			<y4>169.444906</y4>
			<x5>157.474511</x5>
			<y5>178.669432</y5>
			<x6>157.143773</x6>
			<y6>237.969959</y6>
			<x7>153.17492</x7>
			<y7>292.658222</y7>
			<x8>175.003615</x8>
			<y8>321.649591</y8>
		</polygon>
	</object>
	<object>
		<name>RIU</name>
		<pose>Unspecified</pose>
		<truncated>0</truncated>
		<difficult>0</difficult>
		<occluded>0</occluded>
		<bndbox>
			<xmin>292</xmin>
			<xmax>317</xmax>
			<ymin>211</ymin>
			<ymax>355</ymax>
		</bndbox>
		<polygon>
			<x1>316.228656</x1>
			<y1>353.935433</y1>
			<x2>313.582754</x2>
			<y2>266.302433</y2>
			<x3>312.921278</x3>
			<y3>214.908642</y3>
			<x4>305.314309</x4>
			<y4>209.637485</y4>
			<x5>296.715126</x5>
			<y5>212.931959</y5>
			<x6>291.423321</x6>
			<y6>351.299854</y6>
			<x7>316.228656</x7>
			<y7>353.935433</y7>
		</polygon>
	</object>
	<object>
		<name>RIU</name>
		<pose>Unspecified</pose>
		<truncated>0</truncated>
		<difficult>0</difficult>
		<occluded>0</occluded>
		<bndbox>
			<xmin>269</xmin>
			<xmax>295</xmax>
			<ymin>203</ymin>
			<ymax>352</ymax>
		</bndbox>
		<polygon>
			<x1>292.415534</x1>
			<y1>350.640959</y1>
			<x2>292.746272</x2>
			<y2>309.130591</y2>
			<x3>293.738486</x3>
			<y3>219.520906</y3>
			<x4>285.800778</x4>
			<y4>202.389643</y4>
			<x5>274.585654</x5>
			<y5>211.724689</y5>
			<x6>267.610199</x6>
			<y6>351.299854</y6>
			<x7>292.415534</x7>
			<y7>350.640959</y7>
		</polygon>
	</object>
	<object>
		<name>RCU</name>
		<pose>Unspecified</pose>
		<truncated>0</truncated>
		<difficult>0</difficult>
		<occluded>0</occluded>
		<bndbox>
			<xmin>247</xmin>
			<xmax>274</xmax>
			<ymin>186</ymin>
			<ymax>351</ymax>
		</bndbox>
		<polygon>
			<x1>261.656919</x1>
			<y1>184.599484</y1>
			<x2>250.107694</x2>
			<y2>201.175805</y2>
			<x3>246.112242</x3>
			<y3>337.463064</y3>
			<x4>258.680279</x4>
			<y4>349.982064</y4>
			<x5>269.594626</x5>
			<y5>334.168591</y5>
			<x6>273.232742</x6>
			<y6>304.518327</y6>
			<x7>271.248315</x7>
			<y7>193.165116</y7>
			<x8>261.656919</x8>
			<y8>184.599484</y8>
		</polygon>
	</object>
	<object>
		<name>RCD</name>
		<pose>Unspecified</pose>
		<truncated>0</truncated>
		<difficult>0</difficult>
		<occluded>0</occluded>
		<bndbox>
			<xmin>346</xmin>
			<xmax>368</xmax>
			<ymin>368</ymin>
			<ymax>526</ymax>
		</bndbox>
		<polygon>
			<x1>344.501183</x1>
			<y1>380.641611</y1>
			<x2>347.012078</x2>
			<y2>414.887408</y2>
			<x3>352.227012</x3>
			<y3>505.722384</y3>
			<x4>358.407675</x4>
			<y4>524.576812</y4>
			<x5>367.485523</x5>
			<y5>511.494148</y5>
			<x6>367.485523</x6>
			<y6>455.315648</y6>
			<x7>366.906086</x7>
			<y7>412.604596</y7>
			<x8>367.122542</x8>
			<y8>376.865743</y8>
			<x9>352.999595</x9>
			<y9>367.174162</y9>
			<x10>344.501183</x10>
			<y10>380.641611</y10>
		</polygon>
	</object>
	<object>
		<name>RPMD</name>
		<pose>Unspecified</pose>
		<truncated>0</truncated>
		<difficult>0</difficult>
		<occluded>0</occluded>
		<bndbox>
			<xmin>364</xmin>
			<xmax>392</xmax>
			<ymin>369</ymin>
			<ymax>521</ymax>
		</bndbox>
		<polygon>
			<x1>363.043172</x1>
			<y1>384.515346</y1>
			<x2>367.678669</x2>
			<y2>414.143734</y2>
			<x3>368.644398</x3>
			<y3>474.554861</y3>
			<x4>375.018206</x4>
			<y4>507.646306</y4>
			<x5>386.220658</x5>
			<y5>519.959401</y5>
			<x6>386.993241</x6>
			<y6>480.326624</y6>
			<x7>386.800095</x7>
			<y7>427.226398</y7>
			<x8>391.242446</x8>
			<y8>379.128367</y8>
			<x9>375.404498</x9>
			<y9>367.969624</y9>
			<x10>363.043172</x10>
			<y10>384.515346</y10>
		</polygon>
	</object>
	<object>
		<name>RPMD</name>
		<pose>Unspecified</pose>
		<truncated>0</truncated>
		<difficult>0</difficult>
		<occluded>0</occluded>
		<bndbox>
			<xmin>386</xmin>
			<xmax>415</xmax>
			<ymin>366</ymin>
			<ymax>521</ymax>
		</bndbox>
		<polygon>
			<x1>414.063401</x1>
			<y1>379.560911</y1>
			<x2>397.616255</x2>
			<y2>366.815271</y2>
			<x3>391.435592</x3>
			<y3>364.506566</y3>
			<x4>384.675492</x4>
			<y4>376.434877</y4>
			<x5>387.379532</x5>
			<y5>404.139343</y5>
			<x6>394.525924</x6>
			<y6>464.935254</y6>
			<x7>399.354566</x7>
			<y7>497.257131</y7>
			<x8>406.694104</x8>
			<y8>520.344186</y8>
			<x9>413.840495</x9>
			<y9>514.572422</y9>
			<x10>409.011852</x10>
			<y10>419.530713</y10>
			<x11>414.063401</x11>
			<y11>379.560911</y11>
		</polygon>
	</object>
	<metadata>
		<tags>
			<tag>teeth</tag>
		</tags>
	</metadata>
</annotation>
