<annotation>
	<folder></folder>
	<filename>232_jpg.rf.d1c7cc0876caa86123b0b883c22561d8.jpg</filename>
	<path>232_jpg.rf.d1c7cc0876caa86123b0b883c22561d8.jpg</path>
	<source>
		<database>roboflow.com</database>
	</source>
	<size>
		<width>640</width>
		<height>640</height>
		<depth>3</depth>
	</size>
	<segmented>0</segmented>
	<object>
		<name>LIU</name>
		<pose>Unspecified</pose>
		<truncated>0</truncated>
		<difficult>0</difficult>
		<occluded>0</occluded>
		<bndbox>
			<xmin>312</xmin>
			<xmax>344</xmax>
			<ymin>178</ymin>
			<ymax>348</ymax>
		</bndbox>
		<polygon>
			<x1>313.802149</x1>
			<y1>347.333464</y1>
			<x2>329.470371</x2>
			<y2>340.396979</y2>
			<x3>342.527223</x3>
			<y3>330.859314</y3>
			<x4>338.610167</x4>
			<y4>286.639226</y4>
			<x5>331.211285</x5>
			<y5>192.996689</y5>
			<x6>325.988544</x6>
			<y6>176.522539</y6>
			<x7>316.848748</x7>
			<y7>182.591963</y7>
			<x8>311.235709</x8>
			<y8>201.794904</y8>
			<x9>312.931693</x9>
			<y9>270.165076</y9>
			<x10>313.802149</x10>
			<y10>347.333464</y10>
		</polygon>
	</object>
	<object>
		<name>RIU</name>
		<pose>Unspecified</pose>
		<truncated>0</truncated>
		<difficult>0</difficult>
		<occluded>0</occluded>
		<bndbox>
			<xmin>289</xmin>
			<xmax>315</xmax>
			<ymin>187</ymin>
			<ymax>341</ymax>
		</bndbox>
		<polygon>
			<x1>314.237378</x1>
			<y1>320.454587</y1>
			<x2>310.755551</x2>
			<y2>199.066113</y2>
			<x3>307.273724</x3>
			<y3>186.927266</y3>
			<x4>301.615755</x4>
			<y4>186.060206</y4>
			<x5>294.694757</x5>
			<y5>198.324501</y5>
			<x6>289.864588</x6>
			<y6>284.038045</y6>
			<x7>287.688446</x7>
			<y7>336.928737</y7>
			<x8>313.366921</x8>
			<y8>340.396979</y8>
			<x9>314.237378</x9>
			<y9>320.454587</y9>
		</polygon>
	</object>
	<object>
		<name>LIU</name>
		<pose>Unspecified</pose>
		<truncated>0</truncated>
		<difficult>0</difficult>
		<occluded>0</occluded>
		<bndbox>
			<xmin>334</xmin>
			<xmax>364</xmax>
			<ymin>176</ymin>
			<ymax>331</ymax>
		</bndbox>
		<polygon>
			<x1>338.174939</x1>
			<y1>291.84159</y1>
			<x2>340.786309</x2>
			<y2>329.992253</y2>
			<x3>362.982957</x3>
			<y3>319.587527</y3>
			<x4>362.547728</x4>
			<y4>310.049861</y4>
			<x5>357.760216</x5>
			<y5>272.766258</y5>
			<x6>346.494053</x6>
			<y6>182.707686</y6>
			<x7>334.257884</x7>
			<y7>174.788419</y7>
			<x8>332.952198</x8>
			<y8>187.794326</y8>
			<x9>338.174939</x9>
			<y9>291.84159</y9>
		</polygon>
	</object>
	<object>
		<name>RIU</name>
		<pose>Unspecified</pose>
		<truncated>0</truncated>
		<difficult>0</difficult>
		<occluded>0</occluded>
		<bndbox>
			<xmin>267</xmin>
			<xmax>292</xmax>
			<ymin>179</ymin>
			<ymax>341</ymax>
		</bndbox>
		<polygon>
			<x1>275.106789</x1>
			<y1>193.986497</y1>
			<x2>265.927027</x2>
			<y2>331.726374</y2>
			<x3>288.558903</x3>
			<y3>339.529919</y3>
			<x4>291.170273</x4>
			<y4>193.86375</y4>
			<x5>287.688446</x5>
			<y5>178.256661</y5>
			<x6>275.106789</x6>
			<y6>193.986497</y6>
		</polygon>
	</object>
	<object>
		<name>RCU</name>
		<pose>Unspecified</pose>
		<truncated>0</truncated>
		<difficult>0</difficult>
		<occluded>0</occluded>
		<bndbox>
			<xmin>245</xmin>
			<xmax>271</xmax>
			<ymin>172</ymin>
			<ymax>328</ymax>
		</bndbox>
		<polygon>
			<x1>266.797484</x1>
			<y1>316.986345</y1>
			<x2>270.279311</x2>
			<y2>292.70865</y2>
			<x3>269.408854</x3>
			<y3>202.534356</y3>
			<x4>265.927027</x4>
			<y4>171.320176</y4>
			<x5>258.130549</x5>
			<y5>170.561276</y5>
			<x6>244.165608</x6>
			<y6>296.176893</y6>
			<x7>247.647435</x7>
			<y7>322.188708</y7>
			<x8>260.704287</x8>
			<y8>327.391071</y8>
			<x9>266.797484</x9>
			<y9>316.986345</y9>
		</polygon>
	</object>
	<object>
		<name>RPMU</name>
		<pose>Unspecified</pose>
		<truncated>0</truncated>
		<difficult>0</difficult>
		<occluded>0</occluded>
		<bndbox>
			<xmin>223</xmin>
			<xmax>256</xmax>
			<ymin>165</ymin>
			<ymax>328</ymax>
		</bndbox>
		<polygon>
			<x1>249.823577</x1>
			<y1>316.986345</y1>
			<x2>255.046318</x2>
			<y2>289.240408</y2>
			<x3>254.611089</x3>
			<y3>181.724903</y3>
			<x4>253.740633</x4>
			<y4>164.383692</y4>
			<x5>244.201327</x5>
			<y5>174.899279</y5>
			<x6>221.533732</x6>
			<y6>302.246316</y6>
			<x7>226.756473</x7>
			<y7>326.524011</y7>
			<x8>240.248553</x8>
			<y8>319.587527</y8>
			<x9>249.823577</x9>
			<y9>316.986345</y9>
		</polygon>
	</object>
	<object>
		<name>RMU</name>
		<pose>Unspecified</pose>
		<truncated>0</truncated>
		<difficult>0</difficult>
		<occluded>0</occluded>
		<bndbox>
			<xmin>172</xmin>
			<xmax>214</xmax>
			<ymin>158</ymin>
			<ymax>302</ymax>
		</bndbox>
		<polygon>
			<x1>178.881351</x1>
			<y1>160.91545</y1>
			<x2>171.04724</x2>
			<y2>273.633319</y2>
			<x3>172.352925</x3>
			<y3>291.84159</y3>
			<x4>176.705209</x4>
			<y4>300.512195</y4>
			<x5>184.53932</x5>
			<y5>295.309832</y5>
			<x6>195.855257</x6>
			<y6>301.379256</y6>
			<x7>205.86551</x7>
			<y7>292.70865</y7>
			<x8>212.829164</x8>
			<y8>272.766258</y8>
			<x9>201.077998</x9>
			<y9>184.326084</y9>
			<x10>190.197288</x10>
			<y10>157.447208</y10>
			<x11>178.881351</x11>
			<y11>160.91545</y11>
		</polygon>
	</object>
	<object>
		<name>RMU</name>
		<pose>Unspecified</pose>
		<truncated>0</truncated>
		<difficult>0</difficult>
		<occluded>0</occluded>
		<bndbox>
			<xmin>139</xmin>
			<xmax>179</xmax>
			<ymin>158</ymin>
			<ymax>285</ymax>
		</bndbox>
		<polygon>
			<x1>177.575665</x1>
			<y1>192.129629</y1>
			<x2>176.26998</x2>
			<y2>156.580148</y2>
			<x3>164.543587</x3>
			<y3>158.414864</y3>
			<x4>153.638104</x4>
			<y4>206.002598</y4>
			<x5>143.192623</x5>
			<y5>226.81205</y5>
			<x6>137.969882</x6>
			<y6>245.887382</y6>
			<x7>137.969882</x7>
			<y7>268.430956</y7>
			<x8>149.285821</x8>
			<y8>277.101561</y8>
			<x9>162.342672</x9>
			<y9>284.038045</y9>
			<x10>171.482468</x10>
			<y10>282.303924</y10>
			<x11>176.26998</x11>
			<y11>258.893289</y11>
			<x12>177.575665</x12>
			<y12>192.129629</y12>
		</polygon>
	</object>
	<object>
		<name>RMD</name>
		<pose>Unspecified</pose>
		<truncated>0</truncated>
		<difficult>0</difficult>
		<occluded>0</occluded>
		<bndbox>
			<xmin>124</xmin>
			<xmax>185</xmax>
			<ymin>276</ymin>
			<ymax>374</ymax>
		</bndbox>
		<polygon>
			<x1>123.172118</x1>
			<y1>360.339371</y1>
			<x2>131.006228</x2>
			<y2>361.206432</y2>
			<x3>141.337551</x3>
			<y3>356.060925</y3>
			<x4>134.923284</x4>
			<y4>365.541734</y4>
			<x5>144.933537</x5>
			<y5>373.345279</y5>
			<x6>157.990388</x6>
			<y6>368.142916</y6>
			<x7>174.964295</x7>
			<y7>344.732282</y7>
			<x8>183.668863</x8>
			<y8>324.78989</y8>
			<x9>183.233634</x9>
			<y9>309.1828</y9>
			<x10>179.316579</x10>
			<y10>295.309832</y10>
			<x11>173.223381</x11>
			<y11>282.303924</y11>
			<x12>162.342672</x12>
			<y12>281.436863</y12>
			<x13>155.379018</x13>
			<y13>275.36744</y13>
			<x14>151.92023</x14>
			<y14>281.614176</y14>
			<x15>146.67445</x15>
			<y15>295.309832</y15>
			<x16>138.840339</x16>
			<y16>316.986345</y16>
			<x17>129.700543</x17>
			<y17>337.795798</y17>
			<x18>123.172118</x18>
			<y18>360.339371</y18>
		</polygon>
	</object>
	<object>
		<name>RMD</name>
		<pose>Unspecified</pose>
		<truncated>0</truncated>
		<difficult>0</difficult>
		<occluded>0</occluded>
		<bndbox>
			<xmin>153</xmin>
			<xmax>217</xmax>
			<ymin>307</ymin>
			<ymax>429</ymax>
		</bndbox>
		<polygon>
			<x1>152.332419</x1>
			<y1>414.964184</y1>
			<x2>164.083585</x2>
			<y2>411.495942</y2>
			<x3>178.010894</x3>
			<y3>391.553551</y3>
			<x4>164.954042</x4>
			<y4>421.033608</y4>
			<x5>168.871098</x5>
			<y5>427.970093</y5>
			<x6>186.280233</x6>
			<y6>414.097124</y6>
			<x7>202.818912</x7>
			<y7>382.015884</y7>
			<x8>216.310992</x8>
			<y8>358.605251</y8>
			<x9>214.570078</x9>
			<y9>333.460495</y9>
			<x10>202.818912</x10>
			<y10>323.922829</y10>
			<x11>190.197288</x11>
			<y11>305.714558</y11>
			<x12>181.492721</x12>
			<y12>315.252224</y12>
			<x13>173.223381</x13>
			<y13>348.200524</y13>
			<x14>154.073333</x14>
			<y14>401.091216</y14>
			<x15>152.332419</x15>
			<y15>414.964184</y15>
		</polygon>
	</object>
	<object>
		<name>RPMD</name>
		<pose>Unspecified</pose>
		<truncated>0</truncated>
		<difficult>0</difficult>
		<occluded>0</occluded>
		<bndbox>
			<xmin>207</xmin>
			<xmax>242</xmax>
			<ymin>333</ymin>
			<ymax>464</ymax>
		</bndbox>
		<polygon>
			<x1>213.476614</x1>
			<y1>378.632578</y1>
			<x2>206.408713</x2>
			<y2>462.553249</y2>
			<x3>217.434639</x3>
			<y3>462.553249</y3>
			<x4>227.612417</x4>
			<y4>427.633238</y4>
			<x5>232.984022</x5>
			<y5>381.448708</y5>
			<x6>241.465504</x6>
			<y6>349.908052</y6>
			<x7>240.922303</x7>
			<y7>342.712524</y7>
			<x8>235.811183</x8>
			<y8>333.011273</y8>
			<x9>229.874145</x9>
			<y9>337.517081</y9>
			<x10>225.91612</x10>
			<y10>332.448047</y10>
			<x11>223.08896</x11>
			<y11>337.517081</y11>
			<x12>219.130935</x12>
			<y12>334.700951</y12>
			<x13>212.34575</x13>
			<y13>346.528696</y13>
			<x14>213.476614</x14>
			<y14>378.632578</y14>
		</polygon>
	</object>
	<object>
		<name>RPMD</name>
		<pose>Unspecified</pose>
		<truncated>0</truncated>
		<difficult>0</difficult>
		<occluded>0</occluded>
		<bndbox>
			<xmin>235</xmin>
			<xmax>263</xmax>
			<ymin>338</ymin>
			<ymax>465</ymax>
		</bndbox>
		<polygon>
			<x1>254.753159</x1>
			<y1>416.368719</y1>
			<x2>261.563411</x2>
			<y2>354.547639</y2>
			<x3>251.07785</x3>
			<y3>336.953854</y3>
			<x4>236.659331</x4>
			<y4>351.034504</y4>
			<x5>237.224763</x5>
			<y5>387.080968</y5>
			<x6>234.397602</x6>
			<y6>463.679701</y6>
			<x7>243.727232</x7>
			<y7>460.863571</y7>
			<x8>254.753159</x8>
			<y8>416.368719</y8>
		</polygon>
	</object>
	<object>
		<name>RCD</name>
		<pose>Unspecified</pose>
		<truncated>0</truncated>
		<difficult>0</difficult>
		<occluded>0</occluded>
		<bndbox>
			<xmin>258</xmin>
			<xmax>285</xmax>
			<ymin>340</ymin>
			<ymax>486</ymax>
		</bndbox>
		<polygon>
			<x1>280.50799</x1>
			<y1>347.221139</y1>
			<x2>270.585258</x2>
			<y2>339.206759</y2>
			<x3>263.23464</x3>
			<y3>343.149341</y3>
			<x4>259.559332</x4>
			<y4>359.482894</y4>
			<x5>257.297603</x5>
			<y5>431.012594</y5>
			<x6>258.145751</x6>
			<y6>465.932605</y6>
			<x7>267.192665</x7>
			<y7>485.082289</y7>
			<x8>274.543283</x8>
			<y8>467.622283</y8>
			<x9>279.914888</x9>
			<y9>389.333871</y9>
			<x10>284.438345</x10>
			<y10>357.22999</y10>
			<x11>280.50799</x11>
			<y11>347.221139</y11>
		</polygon>
	</object>
	<object>
		<name>RID</name>
		<pose>Unspecified</pose>
		<truncated>0</truncated>
		<difficult>0</difficult>
		<occluded>0</occluded>
		<bndbox>
			<xmin>298</xmin>
			<xmax>317</xmax>
			<ymin>349</ymin>
			<ymax>467</ymax>
		</bndbox>
		<polygon>
			<x1>315.819827</x1>
			<y1>466.495831</y1>
			<x2>314.406247</x2>
			<y2>398.345487</y2>
			<x3>314.406247</x3>
			<y3>353.850634</y3>
			<x4>303.380321</x4>
			<y4>348.218374</y4>
			<x5>296.595135</x5>
			<y5>349.908052</y5>
			<x6>301.118592</x6>
			<y6>397.219035</y6>
			<x7>308.46921</x7>
			<y7>458.047441</y7>
			<x8>315.819827</x8>
			<y8>466.495831</y8>
		</polygon>
	</object>
	<object>
		<name>RID</name>
		<pose>Unspecified</pose>
		<truncated>0</truncated>
		<difficult>0</difficult>
		<occluded>0</occluded>
		<bndbox>
			<xmin>280</xmin>
			<xmax>299</xmax>
			<ymin>349</ymin>
			<ymax>471</ymax>
		</bndbox>
		<polygon>
			<x1>296.591087</x1>
			<y1>386.420423</y1>
			<x2>297.981515</x2>
			<y2>357.137505</y2>
			<x3>296.612084</x3>
			<y3>348.881042</y3>
			<x4>279.905953</x4>
			<y4>348.009428</y4>
			<x5>278.515525</x5>
			<y5>367.399468</y5>
			<x6>281.892278</x6>
			<y6>382.832358</y6>
			<x7>284.474502</x7>
			<y7>416.072426</y7>
			<x8>287.45399</x8>
			<y8>441.002478</y8>
			<x9>290.632111</x9>
			<y9>464.376299</y9>
			<x10>295.399292</x10>
			<y10>470.312025</y10>
			<x11>296.591087</x11>
			<y11>414.12048</y11>
			<x12>296.591087</x12>
			<y12>386.420423</y12>
		</polygon>
	</object>
	<object>
		<name>LID</name>
		<pose>Unspecified</pose>
		<truncated>0</truncated>
		<difficult>0</difficult>
		<occluded>0</occluded>
		<bndbox>
			<xmin>313</xmin>
			<xmax>334</xmax>
			<ymin>350</ymin>
			<ymax>476</ymax>
		</bndbox>
		<polygon>
			<x1>328.199</x1>
			<y1>349.277004</y1>
			<x2>312.688322</x2>
			<y2>350.818638</y2>
			<x3>312.489689</x3>
			<y3>369.812963</y3>
			<x4>322.222685</x4>
			<y4>473.490321</y4>
			<x5>332.551577</x5>
			<y5>475.073181</y5>
			<x6>328.199</x6>
			<y6>349.277004</y6>
		</polygon>
	</object>
	<object>
		<name>LID</name>
		<pose>Unspecified</pose>
		<truncated>0</truncated>
		<difficult>0</difficult>
		<occluded>0</occluded>
		<bndbox>
			<xmin>329</xmin>
			<xmax>348</xmax>
			<ymin>344</ymin>
			<ymax>477</ymax>
		</bndbox>
		<polygon>
			<x1>346.853121</x1>
			<y1>429.170229</y1>
			<x2>345.264061</x2>
			<y2>343.695766</y2>
			<x3>332.551577</x3>
			<y3>342.508621</y3>
			<x4>327.585764</x4>
			<y4>351.610068</y4>
			<x5>329.373456</x5>
			<y5>381.684416</y5>
			<x6>339.503717</x6>
			<y6>475.073181</y6>
			<x7>344.46953</x7>
			<y7>475.864612</y7>
			<x8>346.853121</x8>
			<y8>429.170229</y8>
		</polygon>
	</object>
	<object>
		<name>LCD</name>
		<pose>Unspecified</pose>
		<truncated>0</truncated>
		<difficult>0</difficult>
		<occluded>0</occluded>
		<bndbox>
			<xmin>345</xmin>
			<xmax>371</xmax>
			<ymin>334</ymin>
			<ymax>478</ymax>
		</bndbox>
		<polygon>
			<x1>350.229874</x1>
			<y1>418.090206</y1>
			<x2>352.2162</x2>
			<y2>458.848862</y2>
			<x3>356.784749</x3>
			<y3>477.051757</y3>
			<x4>364.531418</x4>
			<y4>475.864612</y4>
			<x5>368.305437</x5>
			<y5>463.993158</y5>
			<x6>369.894497</x6>
			<y6>430.357374</y6>
			<x7>369.099967</x7>
			<y7>378.914411</y7>
			<x8>364.928683</x8>
			<y8>344.091481</y8>
			<x9>362.169834</x9>
			<y9>336.210268</y9>
			<x10>355.592953</x10>
			<y10>332.615743</y10>
			<x11>351.223037</x11>
			<y11>335.385749</y11>
			<x12>346.654489</x12>
			<y12>340.13433</y12>
			<x13>344.46953</x13>
			<y13>349.631492</y13>
			<x14>346.853121</x14>
			<y14>385.245853</y14>
			<x15>350.229874</x15>
			<y15>418.090206</y15>
		</polygon>
	</object>
	<object>
		<name>LPMD</name>
		<pose>Unspecified</pose>
		<truncated>0</truncated>
		<difficult>0</difficult>
		<occluded>0</occluded>
		<bndbox>
			<xmin>365</xmin>
			<xmax>389</xmax>
			<ymin>330</ymin>
			<ymax>455</ymax>
		</bndbox>
		<polygon>
			<x1>375.456209</x1>
			<y1>431.544519</y1>
			<x2>380.024757</x2>
			<y2>449.747414</y2>
			<x3>387.374162</x3>
			<y3>454.495996</y3>
			<x4>386.579632</x4>
			<y4>416.903061</y4>
			<x5>387.97006</x5>
			<y5>346.465772</y5>
			<x6>386.380999</x6>
			<y6>336.572894</y6>
			<x7>383.401511</x7>
			<y7>334.990034</y7>
			<x8>374.661678</x8>
			<y8>329.450022</y8>
			<x9>371.483558</x9>
			<y9>332.615743</y9>
			<x10>366.915009</x10>
			<y10>340.530045</y10>
			<x11>363.538256</x11>
			<y11>350.027208</y11>
			<x12>365.921846</x12>
			<y12>362.294376</y12>
			<x13>372.278088</x13>
			<y13>403.448747</y13>
			<x14>375.456209</x14>
			<y14>431.544519</y14>
		</polygon>
	</object>
	<object>
		<name>LPMD</name>
		<pose>Unspecified</pose>
		<truncated>0</truncated>
		<difficult>0</difficult>
		<occluded>0</occluded>
		<bndbox>
			<xmin>383</xmin>
			<xmax>420</xmax>
			<ymin>321</ymin>
			<ymax>461</ymax>
		</bndbox>
		<polygon>
			<x1>390.552283</x1>
			<y1>373.374399</y1>
			<x2>396.908524</x2>
			<y2>404.635892</y2>
			<x3>404.059296</x3>
			<y3>432.33595</y3>
			<x4>409.02511</x4>
			<y4>448.164554</y4>
			<x5>415.977249</x5>
			<y5>460.431723</y5>
			<x6>418.758105</x6>
			<y6>449.351699</y6>
			<x7>418.758105</x7>
			<y7>425.213078</y7>
			<x8>416.374514</x8>
			<y8>372.187254</y8>
			<x9>413.593659</x9>
			<y9>335.781464</y9>
			<x10>410.415538</x10>
			<y10>327.075732</y10>
			<x11>403.066133</x11>
			<y11>320.74429</y11>
			<x12>396.511259</x12>
			<y12>320.348575</y12>
			<x13>387.175529</x13>
			<y13>328.658592</y13>
			<x14>381.81245</x14>
			<y14>338.947185</y14>
			<x15>384.196041</x15>
			<y15>354.380074</y15>
			<x16>390.552283</x16>
			<y16>373.374399</y16>
		</polygon>
	</object>
	<object>
		<name>LPMU</name>
		<pose>Unspecified</pose>
		<truncated>0</truncated>
		<difficult>0</difficult>
		<occluded>0</occluded>
		<bndbox>
			<xmin>351</xmin>
			<xmax>384</xmax>
			<ymin>187</ymin>
			<ymax>324</ymax>
		</bndbox>
		<polygon>
			<x1>364.332786</x1>
			<y1>315.124391</y1>
			<x2>368.106804</x2>
			<y2>323.434408</y2>
			<x3>375.257576</x3>
			<y3>321.060117</y3>
			<x4>380.422022</x4>
			<y4>316.707251</y4>
			<x5>383.202878</x5>
			<y5>300.878647</y5>
			<x6>381.81245</x6>
			<y6>279.114316</y6>
			<x7>377.641167</x7>
			<y7>239.938521</y7>
			<x8>377.641167</x8>
			<y8>209.072743</y8>
			<x9>374.463046</x9>
			<y9>193.244138</y9>
			<x10>372.079455</x10>
			<y10>190.078417</y10>
			<x11>365.944371</x11>
			<y11>185.744832</y11>
			<x12>349.832609</x12>
			<y12>260.911421</y12>
			<x13>350.428507</x13>
			<y13>294.547205</y13>
			<x14>351.223037</x14>
			<y14>309.584379</y14>
			<x15>355.791586</x15>
			<y15>317.498681</y15>
			<x16>364.332786</x16>
			<y16>315.124391</y16>
		</polygon>
	</object>
	<object>
		<name>LPMU</name>
		<pose>Unspecified</pose>
		<truncated>0</truncated>
		<difficult>0</difficult>
		<occluded>0</occluded>
		<bndbox>
			<xmin>372</xmin>
			<xmax>407</xmax>
			<ymin>182</ymin>
			<ymax>313</ymax>
		</bndbox>
		<polygon>
			<x1>406.244254</x1>
			<y1>298.900071</y1>
			<x2>404.059296</x2>
			<y2>277.135741</y2>
			<x3>399.888013</x3>
			<y3>244.687102</y3>
			<x4>397.703055</x4>
			<y4>201.949871</y4>
			<x5>395.319464</x5>
			<y5>191.661277</y5>
			<x6>392.737241</x6>
			<y6>184.934121</y6>
			<x7>386.579632</x7>
			<y7>180.97697</y7>
			<x8>378.435697</x8>
			<y8>194.826999</y8>
			<x9>374.860311</x9>
			<y9>229.649928</y9>
			<x10>370.689027</x10>
			<y10>272.782874</y10>
			<x11>372.47672</x11>
			<y11>300.878647</y11>
			<x12>380.620655</x12>
			<y12>311.16724</y12>
			<x13>393.730404</x13>
			<y13>311.562955</y13>
			<x14>406.244254</x14>
			<y14>298.900071</y14>
		</polygon>
	</object>
	<object>
		<name>LMU</name>
		<pose>Unspecified</pose>
		<truncated>0</truncated>
		<difficult>0</difficult>
		<occluded>0</occluded>
		<bndbox>
			<xmin>428</xmin>
			<xmax>467</xmax>
			<ymin>163</ymin>
			<ymax>292</ymax>
		</bndbox>
		<polygon>
			<x1>429.484263</x1>
			<y1>245.082817</y1>
			<x2>427.299305</x2>
			<y2>267.638578</y2>
			<x3>430.477426</x3>
			<y3>282.675752</y3>
			<x4>435.244607</x4>
			<y4>289.402909</y4>
			<x5>439.415891</x5>
			<y5>290.590054</y5>
			<x6>445.5735</x6>
			<y6>289.798624</y6>
			<x7>451.532476</x7>
			<y7>282.675752</y7>
			<x8>457.888718</x8>
			<y8>283.862898</y8>
			<x9>462.060002</x9>
			<y9>279.905746</y9>
			<x10>466.429918</x10>
			<y10>270.804299</y10>
			<x11>466.032653</x11>
			<y11>250.227113</y11>
			<x12>461.265472</x12>
			<y12>232.024219</y12>
			<x13>458.881881</x13>
			<y13>196.409859</y13>
			<x14>455.70376</x14>
			<y14>162.37836</y14>
			<x15>451.929741</x15>
			<y15>162.774075</y15>
			<x16>446.963928</x16>
			<y16>202.741301</y16>
			<x17>439.051196</x17>
			<y17>166.342711</y17>
			<x18>432.066486</x18>
			<y18>213.029893</y18>
			<x19>429.484263</x19>
			<y19>245.082817</y19>
		</polygon>
	</object>
	<object>
		<name>LMU</name>
		<pose>Unspecified</pose>
		<truncated>0</truncated>
		<difficult>0</difficult>
		<occluded>0</occluded>
		<bndbox>
			<xmin>463</xmin>
			<xmax>499</xmax>
			<ymin>150</ymin>
			<ymax>265</ymax>
		</bndbox>
		<polygon>
			<x1>469.045677</x1>
			<y1>264.446228</y1>
			<x2>477.189611</x2>
			<y2>264.446228</y2>
			<x3>488.114402</x3>
			<y3>254.949066</y3>
			<x4>496.854234</x4>
			<y4>247.430478</y4>
			<x5>497.648764</x5>
			<y5>233.58045</y5>
			<x6>494.272011</x6>
			<y6>216.5647</y6>
			<x7>489.902095</x7>
			<y7>199.944666</y7>
			<x8>481.956793</x8>
			<y8>169.474603</y8>
			<x9>473.018328</x9>
			<y9>151.667423</y9>
			<x10>467.655249</x10>
			<y10>148.897417</y10>
			<x11>463.504634</x11>
			<y11>156.839631</y11>
			<x12>461.894905</x12>
			<y12>178.971765</y12>
			<x13>462.888068</x13>
			<y13>214.190409</y13>
			<x14>461.696272</x14>
			<y14>239.120461</y14>
			<x15>464.278495</x15>
			<y15>256.136211</y15>
			<x16>469.045677</x16>
			<y16>264.446228</y16>
		</polygon>
	</object>
	<object>
		<name>LMD</name>
		<pose>Unspecified</pose>
		<truncated>0</truncated>
		<difficult>0</difficult>
		<occluded>0</occluded>
		<bndbox>
			<xmin>425</xmin>
			<xmax>494</xmax>
			<ymin>290</ymin>
			<ymax>411</ymax>
		</bndbox>
		<polygon>
			<x1>424.353352</x1>
			<y1>331.771054</y1>
			<x2>425.942413</x2>
			<y2>348.391089</y2>
			<x3>435.675408</x3>
			<y3>361.053972</y3>
			<x4>453.949603</x4>
			<y4>382.422588</y4>
			<x5>472.819695</x5>
			<y5>402.604059</y5>
			<x6>477.189611</x6>
			<y6>410.122646</y6>
			<x7>485.333546</x7>
			<y7>393.106896</y7>
			<x8>493.477481</x8>
			<y8>383.609733</y8>
			<x9>488.114402</x9>
			<y9>357.888251</y9>
			<x10>470.634737</x10>
			<y10>330.188194</y10>
			<x11>458.716784</x11>
			<y11>301.300991</y11>
			<x12>452.95644</x12>
			<y12>289.825253</y12>
			<x13>448.674508</x13>
			<y13>289.049757</y13>
			<x14>442.82618</x14>
			<y14>292.990974</y14>
			<x15>438.654896</x15>
			<y15>304.070997</y15>
			<x16>433.689082</x16>
			<y16>307.236718</y16>
			<x17>428.127371</x17>
			<y17>318.316741</y17>
			<x18>424.353352</x18>
			<y18>331.771054</y18>
		</polygon>
	</object>
	<object>
		<name>LMD</name>
		<pose>Unspecified</pose>
		<truncated>0</truncated>
		<difficult>0</difficult>
		<occluded>0</occluded>
		<bndbox>
			<xmin>457</xmin>
			<xmax>520</xmax>
			<ymin>258</ymin>
			<ymax>363</ymax>
		</bndbox>
		<polygon>
			<x1>472.025165</x1>
			<y1>264.499486</y1>
			<x2>467.853882</x2>
			<y2>275.579509</y2>
			<x3>460.305844</x3>
			<y3>283.493811</y3>
			<x4>455.737296</x4>
			<y4>292.990974</y4>
			<x5>457.127724</x5>
			<y5>306.841003</y5>
			<x6>464.675761</x6>
			<y6>321.878177</y6>
			<x7>475.799184</x7>
			<y7>336.123921</y7>
			<x8>493.676113</x8>
			<y8>361.845403</y8>
			<x9>508.772187</x9>
			<y9>362.241117</y9>
			<x10>518.505182</x10>
			<y10>343.246793</y10>
			<x11>511.950308</x11>
			<y11>317.921026</y11>
			<x12>498.443295</x12>
			<y12>286.263817</y12>
			<x13>487.319872</x13>
			<y13>256.585184</y13>
			<x14>484.141751</x14>
			<y14>256.585184</y14>
			<x15>481.360895</x15>
			<y15>257.772329</y15>
			<x16>478.977304</x16>
			<y16>262.916626</y16>
			<x17>472.025165</x17>
			<y17>264.499486</y17>
		</polygon>
	</object>
	<metadata>
		<tags>
			<tag>teeth</tag>
		</tags>
	</metadata>
</annotation>
