<annotation>
	<folder></folder>
	<filename>233_jpg.rf.82c75608d3a0832e2846568e96ecb6ae.jpg</filename>
	<path>233_jpg.rf.82c75608d3a0832e2846568e96ecb6ae.jpg</path>
	<source>
		<database>roboflow.com</database>
	</source>
	<size>
		<width>640</width>
		<height>640</height>
		<depth>3</depth>
	</size>
	<segmented>0</segmented>
	<object>
		<name>LIU</name>
		<pose>Unspecified</pose>
		<truncated>0</truncated>
		<difficult>0</difficult>
		<occluded>0</occluded>
		<bndbox>
			<xmin>317</xmin>
			<xmax>349</xmax>
			<ymin>172</ymin>
			<ymax>336</ymax>
		</bndbox>
		<polygon>
			<x1>315.564777</x1>
			<y1>183.689129</y1>
			<x2>317.315495</x2>
			<y2>334.733557</y2>
			<x3>348.079932</x3>
			<y3>331.170254</y3>
			<x4>335.917247</x4>
			<y4>200.040713</y4>
			<x5>327.689549</x5>
			<y5>170.82163</y5>
			<x6>315.564777</x6>
			<y6>183.689129</y6>
		</polygon>
	</object>
	<object>
		<name>LIU</name>
		<pose>Unspecified</pose>
		<truncated>0</truncated>
		<difficult>0</difficult>
		<occluded>0</occluded>
		<bndbox>
			<xmin>338</xmin>
			<xmax>370</xmax>
			<ymin>170</ymin>
			<ymax>325</ymax>
		</bndbox>
		<polygon>
			<x1>355.592178</x1>
			<y1>323.330988</y1>
			<x2>369.185766</x2>
			<y2>318.342364</y2>
			<x3>354.204495</x3>
			<y3>182.976025</y3>
			<x4>346.291302</x4>
			<y4>169.396309</y4>
			<x5>337.348151</x5>
			<y5>182.224199</y5>
			<x6>341.283138</x6>
			<y6>267.030804</y6>
			<x7>343.78722</x7>
			<y7>324.043649</y7>
			<x8>355.592178</x8>
			<y8>323.330988</y8>
		</polygon>
	</object>
	<object>
		<name>LPMU</name>
		<pose>Unspecified</pose>
		<truncated>0</truncated>
		<difficult>0</difficult>
		<occluded>0</occluded>
		<bndbox>
			<xmin>381</xmin>
			<xmax>412</xmax>
			<ymin>170</ymin>
			<ymax>316</ymax>
		</bndbox>
		<polygon>
			<x1>383.494806</x1>
			<y1>173.672273</y1>
			<x2>380.632998</x2>
			<y2>219.995208</y2>
			<x3>379.917546</x3>
			<y3>294.824566</y3>
			<x4>389.933874</x4>
			<y4>315.491722</y4>
			<x5>410.681983</x5>
			<y5>303.376492</y5>
			<x6>395.706414</x6>
			<y6>169.427037</y6>
			<x7>383.494806</x7>
			<y7>173.672273</y7>
		</polygon>
	</object>
	<object>
		<name>LPMU</name>
		<pose>Unspecified</pose>
		<truncated>0</truncated>
		<difficult>0</difficult>
		<occluded>0</occluded>
		<bndbox>
			<xmin>357</xmin>
			<xmax>388</xmax>
			<ymin>169</ymin>
			<ymax>319</ymax>
		</bndbox>
		<polygon>
			<x1>374.909382</x1>
			<y1>167.970988</y1>
			<x2>363.506649</x2>
			<y2>173.705665</y2>
			<x3>355.592178</x3>
			<y3>294.824566</y3>
			<x4>365.966232</x4>
			<y4>318.342364</y4>
			<x5>386.356614</x5>
			<y5>314.779061</y5>
			<x6>387.429792</x6>
			<y6>265.605483</y6>
			<x7>379.55982</x7>
			<y7>174.384933</y7>
			<x8>374.909382</x8>
			<y8>167.970988</y8>
		</polygon>
	</object>
	<object>
		<name>LMU</name>
		<pose>Unspecified</pose>
		<truncated>0</truncated>
		<difficult>0</difficult>
		<occluded>0</occluded>
		<bndbox>
			<xmin>434</xmin>
			<xmax>474</xmax>
			<ymin>149</ymin>
			<ymax>287</ymax>
		</bndbox>
		<polygon>
			<x1>437.869159</x1>
			<y1>281.284016</y1>
			<x2>451.820473</x2>
			<y2>286.272639</y2>
			<x3>462.194528</x3>
			<y3>280.571355</y3>
			<x4>473.284034</x4>
			<y4>262.042181</y4>
			<x5>463.625432</x5>
			<y5>202.891355</y5>
			<x6>459.33272</x6>
			<y6>161.557043</y6>
			<x7>452.178199</x7>
			<y7>148.016492</y7>
			<x8>439.354985</x8>
			<y8>158.017364</y8>
			<x9>432.503269</x9>
			<y9>266.318144</y9>
			<x10>437.869159</x10>
			<y10>281.284016</y10>
		</polygon>
	</object>
	<object>
		<name>LMU</name>
		<pose>Unspecified</pose>
		<truncated>0</truncated>
		<difficult>0</difficult>
		<occluded>0</occluded>
		<bndbox>
			<xmin>463</xmin>
			<xmax>503</xmax>
			<ymin>137</ymin>
			<ymax>265</ymax>
		</bndbox>
		<polygon>
			<x1>496.933426</x1>
			<y1>211.329604</y1>
			<x2>482.624385</x2>
			<y2>146.477494</y2>
			<x3>464.738085</x3>
			<y3>135.787586</y3>
			<x4>463.307181</x4>
			<y4>162.868687</y4>
			<x5>461.876277</x5>
			<y5>234.134742</y5>
			<x6>469.030797</x6>
			<y6>258.365201</y6>
			<x7>479.762577</x7>
			<y7>264.066485</y7>
			<x8>489.778906</x8>
			<y8>253.376577</y8>
			<x9>500.15296</x9>
			<y9>249.813274</y9>
			<x10>501.94159</x10>
			<y10>234.847402</y10>
			<x11>496.933426</x11>
			<y11>211.329604</y11>
		</polygon>
	</object>
	<object>
		<name>LMD</name>
		<pose>Unspecified</pose>
		<truncated>0</truncated>
		<difficult>0</difficult>
		<occluded>0</occluded>
		<bndbox>
			<xmin>425</xmin>
			<xmax>498</xmax>
			<ymin>283</ymin>
			<ymax>421</ymax>
		</bndbox>
		<polygon>
			<x1>496.5757</x1>
			<y1>384.602033</y1>
			<x2>495.502522</x2>
			<y2>351.819648</y2>
			<x3>470.819427</x3>
			<y3>328.30185</y3>
			<x4>459.014469</x4>
			<y4>281.978914</y4>
			<x5>441.501636</x5>
			<y5>288.515506</y5>
			<x6>423.95732</x6>
			<y6>334.003134</y6>
			<x7>437.193183</x7>
			<y7>358.946254</y7>
			<x8>480.478029</x8>
			<y8>419.5224</y8>
			<x9>496.5757</x9>
			<y9>384.602033</y9>
		</polygon>
	</object>
	<object>
		<name>RMU</name>
		<pose>Unspecified</pose>
		<truncated>0</truncated>
		<difficult>0</difficult>
		<occluded>0</occluded>
		<bndbox>
			<xmin>170</xmin>
			<xmax>215</xmax>
			<ymin>154</ymin>
			<ymax>308</ymax>
		</bndbox>
		<polygon>
			<x1>178.165044</x1>
			<y1>152.983802</y1>
			<x2>174.94551</x2>
			<y2>185.053527</y2>
			<x3>169.221894</x3>
			<y3>271.998114</y3>
			<x4>170.652798</x4>
			<y4>293.377931</y4>
			<x5>182.457756</x5>
			<y5>299.791875</y5>
			<x6>191.04318</x6>
			<y6>306.918481</y6>
			<x7>208.92948</x7>
			<y7>291.952609</y7>
			<x8>214.295371</x8>
			<y8>270.572792</y8>
			<x9>194.994546</x9>
			<y9>175.844979</y9>
			<x10>178.165044</x10>
			<y10>152.983802</y10>
		</polygon>
	</object>
	<object>
		<name>RMU</name>
		<pose>Unspecified</pose>
		<truncated>0</truncated>
		<difficult>0</difficult>
		<occluded>0</occluded>
		<bndbox>
			<xmin>134</xmin>
			<xmax>176</xmax>
			<ymin>148</ymin>
			<ymax>284</ymax>
		</bndbox>
		<polygon>
			<x1>163.498278</x1>
			<y1>283.400683</y1>
			<x2>174.587784</x2>
			<y2>263.446187</y2>
			<x3>173.514606</x3>
			<y3>177.926921</y3>
			<x4>174.587784</x4>
			<y4>147.282518</y4>
			<x5>155.639278</x5>
			<y5>153.025631</y5>
			<x6>133.449293</x6>
			<y6>249.192976</y6>
			<x7>137.384279</x7>
			<y7>274.848756</y7>
			<x8>146.327429</x8>
			<y8>274.848756</y8>
			<x9>163.498278</x9>
			<y9>283.400683</y9>
		</polygon>
	</object>
	<object>
		<name>RMD</name>
		<pose>Unspecified</pose>
		<truncated>0</truncated>
		<difficult>0</difficult>
		<occluded>0</occluded>
		<bndbox>
			<xmin>152</xmin>
			<xmax>224</xmax>
			<ymin>309</ymin>
			<ymax>445</ymax>
		</bndbox>
		<polygon>
			<x1>150.620141</x1>
			<y1>391.725086</y1>
			<x2>153.481949</x2>
			<y2>418.093527</y2>
			<x3>170.652798</x3>
			<y3>444.461967</y3>
			<x4>214.653097</x4>
			<y4>368.919949</y4>
			<x5>222.523069</x5>
			<y5>336.137563</y5>
			<x6>193.20567</x6>
			<y6>308.482435</y6>
			<x7>186.392742</x7>
			<y7>307.631141</y7>
			<x8>166.00236</x8>
			<y8>375.333894</y8>
			<x9>150.620141</x9>
			<y9>391.725086</y9>
		</polygon>
	</object>
	<object>
		<name>RMD</name>
		<pose>Unspecified</pose>
		<truncated>0</truncated>
		<difficult>0</difficult>
		<occluded>0</occluded>
		<bndbox>
			<xmin>119</xmin>
			<xmax>186</xmax>
			<ymin>279</ymin>
			<ymax>386</ymax>
		</bndbox>
		<polygon>
			<x1>133.449293</x1>
			<y1>385.311141</y1>
			<x2>155.628305</x2>
			<y2>371.770591</y2>
			<x3>171.725976</x3>
			<y3>351.103435</y3>
			<x4>184.604112</x4>
			<y4>329.010958</y4>
			<x5>182.10003</x5>
			<y5>296.941233</y5>
			<x6>169.221894</x6>
			<y6>291.239949</y6>
			<x7>158.132387</x7>
			<y7>278.412059</y7>
			<x8>149.199325</x8>
			<y8>281.38446</y8>
			<x9>118.424801</x9>
			<y9>361.793343</y9>
			<x10>133.449293</x10>
			<y10>385.311141</y10>
		</polygon>
	</object>
	<object>
		<name>RPMD</name>
		<pose>Unspecified</pose>
		<truncated>0</truncated>
		<difficult>0</difficult>
		<occluded>0</occluded>
		<bndbox>
			<xmin>209</xmin>
			<xmax>249</xmax>
			<ymin>329</ymin>
			<ymax>477</ymax>
		</bndbox>
		<polygon>
			<x1>215.726274</x1>
			<y1>338.988206</y1>
			<x2>207.856302</x2>
			<y2>475.819031</y2>
			<x3>224.669425</x3>
			<y3>467.267105</y3>
			<x4>236.116657</x4>
			<y4>410.966921</y4>
			<x5>247.945271</x5>
			<y5>348.416293</y5>
			<x6>238.978465</x6>
			<y6>328.298297</y6>
			<x7>215.726274</x7>
			<y7>338.988206</y7>
		</polygon>
	</object>
	<object>
		<name>RPMD</name>
		<pose>Unspecified</pose>
		<truncated>0</truncated>
		<difficult>0</difficult>
		<occluded>0</occluded>
		<bndbox>
			<xmin>237</xmin>
			<xmax>269</xmax>
			<ymin>330</ymin>
			<ymax>495</ymax>
		</bndbox>
		<polygon>
			<x1>268.338455</x1>
			<y1>351.268711</y1>
			<x2>249.710245</x2>
			<y2>329.010958</y2>
			<x3>236.474383</x3>
			<y3>351.816096</y3>
			<x4>237.547561</x4>
			<y4>493.635545</y4>
			<x5>260.442025</x5>
			<y5>440.186004</y5>
			<x6>268.338455</x6>
			<y6>351.268711</y6>
		</polygon>
	</object>
	<metadata>
		<tags>
			<tag>teeth</tag>
		</tags>
	</metadata>
</annotation>
