<annotation>
	<folder></folder>
	<filename>239_jpg.rf.adf424638ae604624155510d1e7d151f.jpg</filename>
	<path>239_jpg.rf.adf424638ae604624155510d1e7d151f.jpg</path>
	<source>
		<database>roboflow.com</database>
	</source>
	<size>
		<width>640</width>
		<height>640</height>
		<depth>3</depth>
	</size>
	<segmented>0</segmented>
	<object>
		<name>RPMU</name>
		<pose>Unspecified</pose>
		<truncated>0</truncated>
		<difficult>0</difficult>
		<occluded>0</occluded>
		<bndbox>
			<xmin>236</xmin>
			<xmax>264</xmax>
			<ymin>168</ymin>
			<ymax>325</ymax>
		</bndbox>
		<polygon>
			<x1>254.714919</x1>
			<y1>235.642656</y1>
			<x2>250.807472</x2>
			<y2>181.549816</y2>
			<x3>243.983139</x3>
			<y3>167.227244</y3>
			<x4>239.3327</x4>
			<y4>181.480454</y4>
			<x5>235.397715</x5>
			<y5>314.035317</y5>
			<x6>241.479057</x6>
			<y6>324.012565</y6>
			<x7>254.714919</x7>
			<y7>322.587244</y7>
			<x8>262.584891</x8>
			<y8>316.173299</y8>
			<x9>263.300343</x9>
			<y9>299.069446</y9>
			<x10>260.438535</x10>
			<y10>276.264308</y10>
			<x11>254.714919</x11>
			<y11>235.642656</y11>
		</polygon>
	</object>
	<object>
		<name>RPMU</name>
		<pose>Unspecified</pose>
		<truncated>0</truncated>
		<difficult>0</difficult>
		<occluded>0</occluded>
		<bndbox>
			<xmin>214</xmin>
			<xmax>242</xmax>
			<ymin>162</ymin>
			<ymax>324</ymax>
		</bndbox>
		<polygon>
			<x1>238.259523</x1>
			<y1>180.767794</y1>
			<x2>233.609084</x2>
			<y2>160.813299</y2>
			<x3>223.616559</x3>
			<y3>166.574619</y3>
			<x4>219.300044</x4>
			<y4>262.723758</y4>
			<x5>212.860976</x5>
			<y5>290.517519</y5>
			<x6>213.934154</x6>
			<y6>313.322657</y6>
			<x7>221.804126</x7>
			<y7>322.587244</y7>
			<x8>231.462728</x8>
			<y8>322.587244</y8>
			<x9>237.901797</x9>
			<y9>314.747977</y9>
			<x10>241.12133</x10>
			<y10>294.080822</y10>
			<x11>239.690427</x11>
			<y11>257.022473</y11>
			<x12>238.259523</x12>
			<y12>180.767794</y12>
		</polygon>
	</object>
	<object>
		<name>RPMU</name>
		<pose>Unspecified</pose>
		<truncated>0</truncated>
		<difficult>0</difficult>
		<occluded>0</occluded>
		<bndbox>
			<xmin>195</xmin>
			<xmax>219</xmax>
			<ymin>166</ymin>
			<ymax>314</ymax>
		</bndbox>
		<polygon>
			<x1>193.543772</x1>
			<y1>299.069446</y1>
			<x2>203.917826</x2>
			<y2>312.609996</y2>
			<x3>217.511414</x3>
			<y3>310.472014</y3>
			<x4>217.511414</x4>
			<y4>284.816234</y4>
			<x5>217.153688</x5>
			<y5>227.803391</y5>
			<x6>212.50325</x6>
			<y6>172.215868</y6>
			<x7>209.641442</x7>
			<y7>165.089262</y7>
			<x8>205.370026</x8>
			<y8>170.853247</y8>
			<x9>193.901498</x9>
			<y9>273.413666</y9>
			<x10>193.543772</x10>
			<y10>299.069446</y10>
		</polygon>
	</object>
	<object>
		<name>RPMD</name>
		<pose>Unspecified</pose>
		<truncated>0</truncated>
		<difficult>0</difficult>
		<occluded>0</occluded>
		<bndbox>
			<xmin>200</xmin>
			<xmax>234</xmax>
			<ymin>325</ymin>
			<ymax>454</ymax>
		</bndbox>
		<polygon>
			<x1>232.535906</x1>
			<y1>331.851831</y1>
			<x2>220.373222</x2>
			<y2>324.012565</y2>
			<x3>206.801127</x3>
			<y3>328.449364</y3>
			<x4>205.34873</x4>
			<y4>350.381005</y4>
			<x5>204.633278</x5>
			<y5>376.036785</y5>
			<x6>201.413744</x6>
			<y6>415.233116</y6>
			<x7>198.551936</x7>
			<y7>453.004124</y7>
			<x8>206.779634</x8>
			<y8>447.30284</y8>
			<x9>213.934154</x9>
			<y9>429.486326</y9>
			<x10>219.65777</x10>
			<y10>394.565959</y10>
			<x11>226.096838</x11>
			<y11>365.346877</y11>
			<x12>232.535906</x12>
			<y12>331.851831</y12>
		</polygon>
	</object>
	<object>
		<name>RPMD</name>
		<pose>Unspecified</pose>
		<truncated>0</truncated>
		<difficult>0</difficult>
		<occluded>0</occluded>
		<bndbox>
			<xmin>229</xmin>
			<xmax>252</xmax>
			<ymin>332</ymin>
			<ymax>471</ymax>
		</bndbox>
		<polygon>
			<x1>235.397715</x1>
			<y1>470.107978</y1>
			<x2>239.3327</x2>
			<y2>457.280088</y2>
			<x3>245.414043</x3>
			<y3>395.27862</y3>
			<x4>251.495385</x4>
			<y4>345.392381</y4>
			<x5>244.009744</x5>
			<y5>330.588678</y5>
			<x6>227.885468</x6>
			<y6>336.840455</y6>
			<x7>227.527742</x7>
			<y7>357.507611</y7>
			<x8>229.674098</x8>
			<y8>444.452198</y8>
			<x9>235.397715</x9>
			<y9>470.107978</y9>
		</polygon>
	</object>
	<object>
		<name>RCD</name>
		<pose>Unspecified</pose>
		<truncated>0</truncated>
		<difficult>0</difficult>
		<occluded>0</occluded>
		<bndbox>
			<xmin>247</xmin>
			<xmax>277</xmax>
			<ymin>331</ymin>
			<ymax>481</ymax>
		</bndbox>
		<polygon>
			<x1>275.463027</x1>
			<y1>360.358253</y1>
			<x2>276.178479</x2>
			<y2>346.105042</y2>
			<x3>271.528041</x3>
			<y3>330.42651</y3>
			<x4>253.999467</x4>
			<y4>332.564491</y4>
			<x5>249.706755</x5>
			<y5>342.541739</y5>
			<x6>246.487221</x6>
			<y6>398.841922</y6>
			<x7>245.771769</x7>
			<y7>434.47495</y7>
			<x8>248.633577</x8>
			<y8>454.429446</y8>
			<x9>255.430371</x9>
			<y9>474.383941</y9>
			<x10>259.723083</x10>
			<y10>480.085226</y10>
			<x11>264.015795</x11>
			<y11>448.015501</y11>
			<x12>275.463027</x12>
			<y12>360.358253</y12>
		</polygon>
	</object>
	<object>
		<name>RID</name>
		<pose>Unspecified</pose>
		<truncated>0</truncated>
		<difficult>0</difficult>
		<occluded>0</occluded>
		<bndbox>
			<xmin>274</xmin>
			<xmax>297</xmax>
			<ymin>324</ymin>
			<ymax>463</ymax>
		</bndbox>
		<polygon>
			<x1>279.755739</x1>
			<y1>445.164859</y1>
			<x2>285.479355</x2>
			<y2>462.268712</y2>
			<x3>289.772067</x3>
			<y3>424.497703</y3>
			<x4>295.495683</x4>
			<y4>383.876051</y4>
			<x5>295.529368</x5>
			<y5>322.744527</y5>
			<x6>285.479355</x6>
			<y6>324.725226</y6>
			<x7>278.324835</x7>
			<y7>324.725226</y7>
			<x8>273.316671</x8>
			<y8>330.42651</y8>
			<x9>274.389849</x9>
			<y9>343.2544</y9>
			<x10>275.820753</x10>
			<y10>364.634216</y10>
			<x11>275.820753</x11>
			<y11>384.588712</y11>
			<x12>276.893931</x12>
			<y12>413.095134</y12>
			<x13>279.755739</x13>
			<y13>445.164859</y13>
		</polygon>
	</object>
	<object>
		<name>RID</name>
		<pose>Unspecified</pose>
		<truncated>0</truncated>
		<difficult>0</difficult>
		<occluded>0</occluded>
		<bndbox>
			<xmin>295</xmin>
			<xmax>317</xmax>
			<ymin>329</ymin>
			<ymax>457</ymax>
		</bndbox>
		<polygon>
			<x1>311.271475</x1>
			<y1>330.588678</y1>
			<x2>294.06478</x2>
			<y2>327.575868</y2>
			<x3>294.422505</x3>
			<y3>364.634216</y3>
			<x4>296.926588</x4>
			<y4>393.853299</y4>
			<x5>299.072944</x5>
			<y5>430.198987</y5>
			<x6>309.446998</x6>
			<y6>455.854767</y6>
			<x7>312.308806</x7>
			<y7>418.083758</y7>
			<x8>312.666532</x8>
			<y8>376.036785</y8>
			<x9>315.170614</x9>
			<y9>351.093666</y9>
			<x10>315.52834</x10>
			<y10>331.851831</y10>
			<x11>311.271475</x11>
			<y11>330.588678</y11>
		</polygon>
	</object>
	<object>
		<name>LID</name>
		<pose>Unspecified</pose>
		<truncated>0</truncated>
		<difficult>0</difficult>
		<occluded>0</occluded>
		<bndbox>
			<xmin>313</xmin>
			<xmax>334</xmax>
			<ymin>326</ymin>
			<ymax>435</ymax>
		</bndbox>
		<polygon>
			<x1>331.983736</x1>
			<y1>351.806326</y1>
			<x2>331.983736</x2>
			<y2>326.863207</y2>
			<x3>329.479654</x3>
			<y3>324.725226</y3>
			<x4>312.666532</x4>
			<y4>330.42651</y4>
			<x5>312.308806</x5>
			<y5>346.817702</y5>
			<x6>316.243792</x6>
			<y6>378.174767</y6>
			<x7>319.821052</x7>
			<y7>409.531831</y7>
			<x8>325.186942</x8>
			<y8>434.47495</y8>
			<x9>332.699188</x9>
			<y9>424.497703</y9>
			<x10>331.983736</x10>
			<y10>401.692565</y10>
			<x11>331.62601</x11>
			<y11>373.186143</y11>
			<x12>331.983736</x12>
			<y12>351.806326</y12>
		</polygon>
	</object>
	<object>
		<name>LID</name>
		<pose>Unspecified</pose>
		<truncated>0</truncated>
		<difficult>0</difficult>
		<occluded>0</occluded>
		<bndbox>
			<xmin>332</xmin>
			<xmax>354</xmax>
			<ymin>320</ymin>
			<ymax>457</ymax>
		</bndbox>
		<polygon>
			<x1>352.374118</x1>
			<y1>319.736602</y1>
			<x2>345.577324</x2>
			<y2>319.023941</y2>
			<x3>336.634174</x3>
			<y3>321.874583</y3>
			<x4>331.268284</x4>
			<y4>323.299904</y4>
			<x5>331.268284</x5>
			<y5>342.541739</y5>
			<x6>334.845544</x6>
			<y6>387.439354</y6>
			<x7>338.78053</x7>
			<y7>420.9344</y7>
			<x8>345.219598</x8>
			<y8>446.590179</y8>
			<x9>351.658666</x9>
			<y9>455.854767</y9>
			<x10>352.731845</x10>
			<y10>399.554583</y10>
			<x11>352.374118</x11>
			<y11>319.736602</y11>
		</polygon>
	</object>
	<object>
		<name>LCD</name>
		<pose>Unspecified</pose>
		<truncated>0</truncated>
		<difficult>0</difficult>
		<occluded>0</occluded>
		<bndbox>
			<xmin>351</xmin>
			<xmax>383</xmax>
			<ymin>329</ymin>
			<ymax>473</ymax>
		</bndbox>
		<polygon>
			<x1>381.707651</x1>
			<y1>412.382473</y1>
			<x2>379.561295</x2>
			<y2>365.346877</y2>
			<x3>374.955455</x3>
			<y3>332.014887</y3>
			<x4>357.024557</x4>
			<y4>327.575868</y4>
			<x5>351.300941</x5>
			<y5>338.265776</y5>
			<x6>350.227763</x6>
			<y6>364.634216</y6>
			<x7>357.024557</x7>
			<y7>389.577336</y7>
			<x8>362.748173</x8>
			<y8>437.325592</y8>
			<x9>364.179077</x9>
			<y9>472.245959</y9>
			<x10>375.984035</x10>
			<y10>470.107978</y10>
			<x11>381.349925</x11>
			<y11>444.452198</y11>
			<x12>381.707651</x12>
			<y12>412.382473</y12>
		</polygon>
	</object>
	<object>
		<name>LPMD</name>
		<pose>Unspecified</pose>
		<truncated>0</truncated>
		<difficult>0</difficult>
		<occluded>0</occluded>
		<bndbox>
			<xmin>377</xmin>
			<xmax>402</xmax>
			<ymin>323</ymin>
			<ymax>468</ymax>
		</bndbox>
		<polygon>
			<x1>399.284166</x1>
			<y1>324.883841</y1>
			<x2>385.284911</x2>
			<y2>321.874583</y2>
			<x3>375.626309</x3>
			<y3>336.840455</y3>
			<x4>375.626309</x4>
			<y4>358.932932</y4>
			<x5>381.349925</x5>
			<y5>374.611464</y5>
			<x6>384.211733</x6>
			<y6>399.554583</y6>
			<x7>386.358089</x7>
			<y7>428.061006</y7>
			<x8>390.293075</x8>
			<y8>447.30284</y8>
			<x9>401.382581</x9>
			<y9>466.544675</y9>
			<x10>401.382581</x10>
			<y10>417.371097</y10>
			<x11>399.284166</x11>
			<y11>324.883841</y11>
		</polygon>
	</object>
	<object>
		<name>LPMD</name>
		<pose>Unspecified</pose>
		<truncated>0</truncated>
		<difficult>0</difficult>
		<occluded>0</occluded>
		<bndbox>
			<xmin>397</xmin>
			<xmax>430</xmax>
			<ymin>314</ymin>
			<ymax>463</ymax>
		</bndbox>
		<polygon>
			<x1>428.569758</x1>
			<y1>405.968528</y1>
			<x2>424.992498</x2>
			<y2>371.760822</y2>
			<x3>424.277046</x3>
			<y3>335.415134</y3>
			<x4>417.480252</x4>
			<y4>319.023941</y4>
			<x5>408.537101</x5>
			<y5>313.322657</y5>
			<x6>397.805321</x6>
			<y6>329.001189</y6>
			<x7>396.016691</x7>
			<y7>345.392381</y7>
			<x8>399.951677</x8>
			<y8>363.208895</y8>
			<x9>407.463923</x9>
			<y9>394.565959</y9>
			<x10>416.049348</x10>
			<y10>442.314216</y10>
			<x11>424.277046</x11>
			<y11>462.268712</y11>
			<x12>428.569758</x12>
			<y12>437.325592</y12>
			<x13>428.569758</x13>
			<y13>405.968528</y13>
		</polygon>
	</object>
	<object>
		<name>LPMU</name>
		<pose>Unspecified</pose>
		<truncated>0</truncated>
		<difficult>0</difficult>
		<occluded>0</occluded>
		<bndbox>
			<xmin>361</xmin>
			<xmax>390</xmax>
			<ymin>166</ymin>
			<ymax>323</ymax>
		</bndbox>
		<polygon>
			<x1>387.788993</x1>
			<y1>309.759354</y1>
			<x2>388.862171</x2>
			<y2>193.595684</y2>
			<x3>384.211733</x3>
			<y3>173.641189</y3>
			<x4>379.561295</x4>
			<y4>165.089262</y4>
			<x5>374.59768</x5>
			<y5>174.418769</y5>
			<x6>359.528639</x6>
			<y6>296.931464</y6>
			<x7>361.317269</x7>
			<y7>316.885959</y7>
			<x8>380.276747</x8>
			<y8>321.874583</y8>
			<x9>387.788993</x9>
			<y9>309.759354</y9>
		</polygon>
	</object>
	<object>
		<name>LPMU</name>
		<pose>Unspecified</pose>
		<truncated>0</truncated>
		<difficult>0</difficult>
		<occluded>0</occluded>
		<bndbox>
			<xmin>407</xmin>
			<xmax>435</xmax>
			<ymin>188</ymin>
			<ymax>316</ymax>
		</bndbox>
		<polygon>
			<x1>405.675293</x1>
			<y1>306.908712</y1>
			<x2>423.203868</x2>
			<y2>314.747977</y2>
			<x3>433.577922</x3>
			<y3>294.080822</y3>
			<x4>417.837977</x4>
			<y4>187.181739</y4>
			<x5>407.87077</x5>
			<y5>187.967757</y5>
			<x6>407.106198</x6>
			<y6>262.011097</y6>
			<x7>405.675293</x7>
			<y7>306.908712</y7>
		</polygon>
	</object>
	<object>
		<name>LMU</name>
		<pose>Unspecified</pose>
		<truncated>0</truncated>
		<difficult>0</difficult>
		<occluded>0</occluded>
		<bndbox>
			<xmin>445</xmin>
			<xmax>484</xmax>
			<ymin>169</ymin>
			<ymax>309</ymax>
		</bndbox>
		<polygon>
			<x1>480.082303</x1>
			<y1>188.60706</y1>
			<x2>475.431865</x2>
			<y2>167.939904</y2>
			<x3>459.748169</x3>
			<y3>168.000828</y3>
			<x4>452.895126</x4>
			<y4>209.274216</y4>
			<x5>450.033318</x5>
			<y5>239.205959</y5>
			<x6>444.309702</x6>
			<y6>276.264308</y6>
			<x7>449.675592</x7>
			<y7>298.356785</y7>
			<x8>461.48055</x8>
			<y8>308.334032</y8>
			<x9>475.789591</x9>
			<y9>299.069446</y9>
			<x10>483.301837</x10>
			<y10>279.11495</y10>
			<x11>480.082303</x11>
			<y11>252.033849</y11>
			<x12>480.082303</x12>
			<y12>188.60706</y12>
		</polygon>
	</object>
	<object>
		<name>LMU</name>
		<pose>Unspecified</pose>
		<truncated>0</truncated>
		<difficult>0</difficult>
		<occluded>0</occluded>
		<bndbox>
			<xmin>484</xmin>
			<xmax>519</xmax>
			<ymin>156</ymin>
			<ymax>289</ymax>
		</bndbox>
		<polygon>
			<x1>507.627205</x1>
			<y1>279.11495</y1>
			<x2>518.001259</x2>
			<y2>262.011097</y2>
			<x3>516.212629</x3>
			<y3>242.056601</y3>
			<x4>510.131287</x4>
			<y4>222.102106</y4>
			<x5>502.619041</x5>
			<y5>182.905776</y5>
			<x6>502.976767</x6>
			<y6>172.928528</y6>
			<x7>498.684055</x7>
			<y7>155.112014</y7>
			<x8>491.171809</x8>
			<y8>162.951281</y8>
			<x9>484.076881</x9>
			<y9>176.558083</y9>
			<x10>482.586385</x10>
			<y10>218.538803</y10>
			<x11>482.586385</x11>
			<y11>249.895868</y11>
			<x12>484.732741</x12>
			<y12>274.126326</y12>
			<x13>491.171809</x13>
			<y13>284.816234</y13>
			<x14>498.684055</x14>
			<y14>287.666877</y14>
			<x15>507.627205</x15>
			<y15>279.11495</y15>
		</polygon>
	</object>
	<object>
		<name>RMD</name>
		<pose>Unspecified</pose>
		<truncated>0</truncated>
		<difficult>0</difficult>
		<occluded>0</occluded>
		<bndbox>
			<xmin>162</xmin>
			<xmax>210</xmax>
			<ymin>314</ymin>
			<ymax>449</ymax>
		</bndbox>
		<polygon>
			<x1>179.592458</x1>
			<y1>409.531831</y1>
			<x2>186.746978</x2>
			<y2>381.738069</y2>
			<x3>182.09654</x3>
			<y3>440.888895</y3>
			<x4>191.03969</x4>
			<y4>441.601556</y4>
			<x5>200.340566</x5>
			<y5>410.244491</y5>
			<x6>205.34873</x6>
			<y6>365.346877</y6>
			<x7>208.568264</x7>
			<y7>319.023941</y7>
			<x8>195.690128</x8>
			<y8>313.322657</y8>
			<x9>187.820156</x9>
			<y9>319.023941</y9>
			<x10>175.657471</x10>
			<y10>316.173299</y10>
			<x11>169.234734</x11>
			<y11>327.023155</y11>
			<x12>169.218404</x12>
			<y12>358.932932</y12>
			<x13>163.852513</x13>
			<y13>392.427977</y13>
			<x14>161.348431</x14>
			<y14>443.026877</y14>
			<x15>171.007033</x15>
			<y15>448.015501</y15>
			<x16>179.592458</x16>
			<y16>409.531831</y16>
		</polygon>
	</object>
	<object>
		<name>RMD</name>
		<pose>Unspecified</pose>
		<truncated>0</truncated>
		<difficult>0</difficult>
		<occluded>0</occluded>
		<bndbox>
			<xmin>107</xmin>
			<xmax>167</xmax>
			<ymin>289</ymin>
			<ymax>382</ymax>
		</bndbox>
		<polygon>
			<x1>154.193911</x1>
			<y1>364.634216</y1>
			<x2>166.356595</x2>
			<y2>348.243024</y2>
			<x3>165.998869</x3>
			<y3>329.713849</y3>
			<x4>160.990705</x4>
			<y4>313.322657</y4>
			<x5>155.982541</x5>
			<y5>307.621373</y5>
			<x6>149.543473</x6>
			<y6>288.379537</y6>
			<x7>140.970496</x7>
			<y7>291.367924</y7>
			<x8>129.868543</x8>
			<y8>304.77073</y8>
			<x9>118.063585</x9>
			<y9>316.885959</y9>
			<x10>106.616352</x10>
			<y10>340.403757</y10>
			<x11>106.258626</x11>
			<y11>373.186143</y11>
			<x12>116.274954</x12>
			<y12>381.025409</y12>
			<x13>135.949885</x13>
			<y13>376.749446</y13>
			<x14>154.193911</x14>
			<y14>364.634216</y14>
		</polygon>
	</object>
	<metadata>
		<tags>
			<tag>teeth</tag>
		</tags>
	</metadata>
</annotation>
