<annotation>
	<folder></folder>
	<filename>239_jpg.rf.a6b1d83125f5581961d6344dee0eb3cb.jpg</filename>
	<path>239_jpg.rf.a6b1d83125f5581961d6344dee0eb3cb.jpg</path>
	<source>
		<database>roboflow.com</database>
	</source>
	<size>
		<width>640</width>
		<height>640</height>
		<depth>3</depth>
	</size>
	<segmented>0</segmented>
	<object>
		<name>RPMU</name>
		<pose>Unspecified</pose>
		<truncated>0</truncated>
		<difficult>0</difficult>
		<occluded>0</occluded>
		<bndbox>
			<xmin>237</xmin>
			<xmax>265</xmax>
			<ymin>169</ymin>
			<ymax>326</ymax>
		</bndbox>
		<polygon>
			<x1>255.714919</x1>
			<y1>323.587244</y1>
			<x2>263.584891</x2>
			<y2>317.173299</y2>
			<x3>264.300343</x3>
			<y3>300.069446</y3>
			<x4>261.438535</x4>
			<y4>277.264308</y4>
			<x5>255.714919</x5>
			<y5>236.642656</y5>
			<x6>251.807472</x6>
			<y6>182.549816</y6>
			<x7>244.983139</x7>
			<y7>168.227244</y7>
			<x8>240.3327</x8>
			<y8>182.480454</y8>
			<x9>236.397715</x9>
			<y9>315.035317</y9>
			<x10>242.479057</x10>
			<y10>325.012565</y10>
			<x11>255.714919</x11>
			<y11>323.587244</y11>
		</polygon>
	</object>
	<object>
		<name>RPMU</name>
		<pose>Unspecified</pose>
		<truncated>0</truncated>
		<difficult>0</difficult>
		<occluded>0</occluded>
		<bndbox>
			<xmin>215</xmin>
			<xmax>243</xmax>
			<ymin>163</ymin>
			<ymax>325</ymax>
		</bndbox>
		<polygon>
			<x1>232.462728</x1>
			<y1>323.587244</y1>
			<x2>238.901797</x2>
			<y2>315.747977</y2>
			<x3>242.12133</x3>
			<y3>295.080822</y3>
			<x4>240.690427</x4>
			<y4>258.022473</y4>
			<x5>239.259523</x5>
			<y5>181.767794</y5>
			<x6>234.609084</x6>
			<y6>161.813299</y6>
			<x7>224.616559</x7>
			<y7>167.574619</y7>
			<x8>220.300044</x8>
			<y8>263.723758</y8>
			<x9>213.860976</x9>
			<y9>291.517519</y9>
			<x10>214.934154</x10>
			<y10>314.322657</y10>
			<x11>222.804126</x11>
			<y11>323.587244</y11>
			<x12>232.462728</x12>
			<y12>323.587244</y12>
		</polygon>
	</object>
	<object>
		<name>RPMU</name>
		<pose>Unspecified</pose>
		<truncated>0</truncated>
		<difficult>0</difficult>
		<occluded>0</occluded>
		<bndbox>
			<xmin>196</xmin>
			<xmax>220</xmax>
			<ymin>167</ymin>
			<ymax>315</ymax>
		</bndbox>
		<polygon>
			<x1>213.50325</x1>
			<y1>173.215868</y1>
			<x2>210.641442</x2>
			<y2>166.089262</y2>
			<x3>206.370026</x3>
			<y3>171.853247</y3>
			<x4>194.901498</x4>
			<y4>274.413666</y4>
			<x5>194.543772</x5>
			<y5>300.069446</y5>
			<x6>204.917826</x6>
			<y6>313.609996</y6>
			<x7>218.511414</x7>
			<y7>311.472014</y7>
			<x8>218.511414</x8>
			<y8>285.816234</y8>
			<x9>218.153688</x9>
			<y9>228.803391</y9>
			<x10>213.50325</x10>
			<y10>173.215868</y10>
		</polygon>
	</object>
	<object>
		<name>RPMD</name>
		<pose>Unspecified</pose>
		<truncated>0</truncated>
		<difficult>0</difficult>
		<occluded>0</occluded>
		<bndbox>
			<xmin>201</xmin>
			<xmax>235</xmax>
			<ymin>326</ymin>
			<ymax>455</ymax>
		</bndbox>
		<polygon>
			<x1>207.779634</x1>
			<y1>448.30284</y1>
			<x2>214.934154</x2>
			<y2>430.486326</y2>
			<x3>220.65777</x3>
			<y3>395.565959</y3>
			<x4>227.096838</x4>
			<y4>366.346877</y4>
			<x5>233.535906</x5>
			<y5>332.851831</y5>
			<x6>221.373222</x6>
			<y6>325.012565</y6>
			<x7>207.801127</x7>
			<y7>329.449364</y7>
			<x8>206.34873</x8>
			<y8>351.381005</y8>
			<x9>205.633278</x9>
			<y9>377.036785</y9>
			<x10>202.413744</x10>
			<y10>416.233116</y10>
			<x11>199.551936</x11>
			<y11>454.004124</y11>
			<x12>207.779634</x12>
			<y12>448.30284</y12>
		</polygon>
	</object>
	<object>
		<name>RPMD</name>
		<pose>Unspecified</pose>
		<truncated>0</truncated>
		<difficult>0</difficult>
		<occluded>0</occluded>
		<bndbox>
			<xmin>230</xmin>
			<xmax>253</xmax>
			<ymin>333</ymin>
			<ymax>472</ymax>
		</bndbox>
		<polygon>
			<x1>245.009744</x1>
			<y1>331.588678</y1>
			<x2>228.885468</x2>
			<y2>337.840455</y2>
			<x3>228.527742</x3>
			<y3>358.507611</y3>
			<x4>230.674098</x4>
			<y4>445.452198</y4>
			<x5>236.397715</x5>
			<y5>471.107978</y5>
			<x6>240.3327</x6>
			<y6>458.280088</y6>
			<x7>246.414043</x7>
			<y7>396.27862</y7>
			<x8>252.495385</x8>
			<y8>346.392381</y8>
			<x9>245.009744</x9>
			<y9>331.588678</y9>
		</polygon>
	</object>
	<object>
		<name>RCD</name>
		<pose>Unspecified</pose>
		<truncated>0</truncated>
		<difficult>0</difficult>
		<occluded>0</occluded>
		<bndbox>
			<xmin>248</xmin>
			<xmax>278</xmax>
			<ymin>332</ymin>
			<ymax>482</ymax>
		</bndbox>
		<polygon>
			<x1>249.633577</x1>
			<y1>455.429446</y1>
			<x2>256.430371</x2>
			<y2>475.383941</y2>
			<x3>260.723083</x3>
			<y3>481.085226</y3>
			<x4>265.015795</x4>
			<y4>449.015501</y4>
			<x5>276.463027</x5>
			<y5>361.358253</y5>
			<x6>277.178479</x6>
			<y6>347.105042</y6>
			<x7>272.528041</x7>
			<y7>331.42651</y7>
			<x8>254.999467</x8>
			<y8>333.564491</y8>
			<x9>250.706755</x9>
			<y9>343.541739</y9>
			<x10>247.487221</x10>
			<y10>399.841922</y10>
			<x11>246.771769</x11>
			<y11>435.47495</y11>
			<x12>249.633577</x12>
			<y12>455.429446</y12>
		</polygon>
	</object>
	<object>
		<name>RID</name>
		<pose>Unspecified</pose>
		<truncated>0</truncated>
		<difficult>0</difficult>
		<occluded>0</occluded>
		<bndbox>
			<xmin>275</xmin>
			<xmax>298</xmax>
			<ymin>325</ymin>
			<ymax>464</ymax>
		</bndbox>
		<polygon>
			<x1>275.389849</x1>
			<y1>344.2544</y1>
			<x2>276.820753</x2>
			<y2>365.634216</y2>
			<x3>276.820753</x3>
			<y3>385.588712</y3>
			<x4>277.893931</x4>
			<y4>414.095134</y4>
			<x5>280.755739</x5>
			<y5>446.164859</y5>
			<x6>286.479355</x6>
			<y6>463.268712</y6>
			<x7>290.772067</x7>
			<y7>425.497703</y7>
			<x8>296.495683</x8>
			<y8>384.876051</y8>
			<x9>296.529368</x9>
			<y9>323.744527</y9>
			<x10>286.479355</x10>
			<y10>325.725226</y10>
			<x11>279.324835</x11>
			<y11>325.725226</y11>
			<x12>274.316671</x12>
			<y12>331.42651</y12>
			<x13>275.389849</x13>
			<y13>344.2544</y13>
		</polygon>
	</object>
	<object>
		<name>RID</name>
		<pose>Unspecified</pose>
		<truncated>0</truncated>
		<difficult>0</difficult>
		<occluded>0</occluded>
		<bndbox>
			<xmin>296</xmin>
			<xmax>318</xmax>
			<ymin>330</ymin>
			<ymax>458</ymax>
		</bndbox>
		<polygon>
			<x1>313.308806</x1>
			<y1>419.083758</y1>
			<x2>313.666532</x2>
			<y2>377.036785</y2>
			<x3>316.170614</x3>
			<y3>352.093666</y3>
			<x4>316.52834</x4>
			<y4>332.851831</y4>
			<x5>312.271475</x5>
			<y5>331.588678</y5>
			<x6>295.06478</x6>
			<y6>328.575868</y6>
			<x7>295.422505</x7>
			<y7>365.634216</y7>
			<x8>297.926588</x8>
			<y8>394.853299</y8>
			<x9>300.072944</x9>
			<y9>431.198987</y9>
			<x10>310.446998</x10>
			<y10>456.854767</y10>
			<x11>313.308806</x11>
			<y11>419.083758</y11>
		</polygon>
	</object>
	<object>
		<name>LID</name>
		<pose>Unspecified</pose>
		<truncated>0</truncated>
		<difficult>0</difficult>
		<occluded>0</occluded>
		<bndbox>
			<xmin>314</xmin>
			<xmax>335</xmax>
			<ymin>327</ymin>
			<ymax>436</ymax>
		</bndbox>
		<polygon>
			<x1>326.186942</x1>
			<y1>435.47495</y1>
			<x2>333.699188</x2>
			<y2>425.497703</y2>
			<x3>332.983736</x3>
			<y3>402.692565</y3>
			<x4>332.62601</x4>
			<y4>374.186143</y4>
			<x5>332.983736</x5>
			<y5>352.806326</y5>
			<x6>332.983736</x6>
			<y6>327.863207</y6>
			<x7>330.479654</x7>
			<y7>325.725226</y7>
			<x8>313.666532</x8>
			<y8>331.42651</y8>
			<x9>313.308806</x9>
			<y9>347.817702</y9>
			<x10>317.243792</x10>
			<y10>379.174767</y10>
			<x11>320.821052</x11>
			<y11>410.531831</y11>
			<x12>326.186942</x12>
			<y12>435.47495</y12>
		</polygon>
	</object>
	<object>
		<name>LID</name>
		<pose>Unspecified</pose>
		<truncated>0</truncated>
		<difficult>0</difficult>
		<occluded>0</occluded>
		<bndbox>
			<xmin>333</xmin>
			<xmax>355</xmax>
			<ymin>321</ymin>
			<ymax>458</ymax>
		</bndbox>
		<polygon>
			<x1>339.78053</x1>
			<y1>421.9344</y1>
			<x2>346.219598</x2>
			<y2>447.590179</y2>
			<x3>352.658666</x3>
			<y3>456.854767</y3>
			<x4>353.731845</x4>
			<y4>400.554583</y4>
			<x5>353.374118</x5>
			<y5>320.736602</y5>
			<x6>346.577324</x6>
			<y6>320.023941</y6>
			<x7>337.634174</x7>
			<y7>322.874583</y7>
			<x8>332.268284</x8>
			<y8>324.299904</y8>
			<x9>332.268284</x9>
			<y9>343.541739</y9>
			<x10>335.845544</x10>
			<y10>388.439354</y10>
			<x11>339.78053</x11>
			<y11>421.9344</y11>
		</polygon>
	</object>
	<object>
		<name>LCD</name>
		<pose>Unspecified</pose>
		<truncated>0</truncated>
		<difficult>0</difficult>
		<occluded>0</occluded>
		<bndbox>
			<xmin>352</xmin>
			<xmax>384</xmax>
			<ymin>330</ymin>
			<ymax>474</ymax>
		</bndbox>
		<polygon>
			<x1>363.748173</x1>
			<y1>438.325592</y1>
			<x2>365.179077</x2>
			<y2>473.245959</y2>
			<x3>376.984035</x3>
			<y3>471.107978</y3>
			<x4>382.349925</x4>
			<y4>445.452198</y4>
			<x5>382.707651</x5>
			<y5>413.382473</y5>
			<x6>380.561295</x6>
			<y6>366.346877</y6>
			<x7>375.955455</x7>
			<y7>333.014887</y7>
			<x8>358.024557</x8>
			<y8>328.575868</y8>
			<x9>352.300941</x9>
			<y9>339.265776</y9>
			<x10>351.227763</x10>
			<y10>365.634216</y10>
			<x11>358.024557</x11>
			<y11>390.577336</y11>
			<x12>363.748173</x12>
			<y12>438.325592</y12>
		</polygon>
	</object>
	<object>
		<name>LPMD</name>
		<pose>Unspecified</pose>
		<truncated>0</truncated>
		<difficult>0</difficult>
		<occluded>0</occluded>
		<bndbox>
			<xmin>378</xmin>
			<xmax>403</xmax>
			<ymin>324</ymin>
			<ymax>469</ymax>
		</bndbox>
		<polygon>
			<x1>387.358089</x1>
			<y1>429.061006</y1>
			<x2>391.293075</x2>
			<y2>448.30284</y2>
			<x3>402.382581</x3>
			<y3>467.544675</y3>
			<x4>402.382581</x4>
			<y4>418.371097</y4>
			<x5>400.284166</x5>
			<y5>325.883841</y5>
			<x6>386.284911</x6>
			<y6>322.874583</y6>
			<x7>376.626309</x7>
			<y7>337.840455</y7>
			<x8>376.626309</x8>
			<y8>359.932932</y8>
			<x9>382.349925</x9>
			<y9>375.611464</y9>
			<x10>385.211733</x10>
			<y10>400.554583</y10>
			<x11>387.358089</x11>
			<y11>429.061006</y11>
		</polygon>
	</object>
	<object>
		<name>LPMD</name>
		<pose>Unspecified</pose>
		<truncated>0</truncated>
		<difficult>0</difficult>
		<occluded>0</occluded>
		<bndbox>
			<xmin>398</xmin>
			<xmax>431</xmax>
			<ymin>315</ymin>
			<ymax>464</ymax>
		</bndbox>
		<polygon>
			<x1>408.463923</x1>
			<y1>395.565959</y1>
			<x2>417.049348</x2>
			<y2>443.314216</y2>
			<x3>425.277046</x3>
			<y3>463.268712</y3>
			<x4>429.569758</x4>
			<y4>438.325592</y4>
			<x5>429.569758</x5>
			<y5>406.968528</y5>
			<x6>425.992498</x6>
			<y6>372.760822</y6>
			<x7>425.277046</x7>
			<y7>336.415134</y7>
			<x8>418.480252</x8>
			<y8>320.023941</y8>
			<x9>409.537101</x9>
			<y9>314.322657</y9>
			<x10>398.805321</x10>
			<y10>330.001189</y10>
			<x11>397.016691</x11>
			<y11>346.392381</y11>
			<x12>400.951677</x12>
			<y12>364.208895</y12>
			<x13>408.463923</x13>
			<y13>395.565959</y13>
		</polygon>
	</object>
	<object>
		<name>LPMU</name>
		<pose>Unspecified</pose>
		<truncated>0</truncated>
		<difficult>0</difficult>
		<occluded>0</occluded>
		<bndbox>
			<xmin>362</xmin>
			<xmax>391</xmax>
			<ymin>167</ymin>
			<ymax>324</ymax>
		</bndbox>
		<polygon>
			<x1>375.59768</x1>
			<y1>175.418769</y1>
			<x2>360.528639</x2>
			<y2>297.931464</y2>
			<x3>362.317269</x3>
			<y3>317.885959</y3>
			<x4>381.276747</x4>
			<y4>322.874583</y4>
			<x5>388.788993</x5>
			<y5>310.759354</y5>
			<x6>389.862171</x6>
			<y6>194.595684</y6>
			<x7>385.211733</x7>
			<y7>174.641189</y7>
			<x8>380.561295</x8>
			<y8>166.089262</y8>
			<x9>375.59768</x9>
			<y9>175.418769</y9>
		</polygon>
	</object>
	<object>
		<name>LPMU</name>
		<pose>Unspecified</pose>
		<truncated>0</truncated>
		<difficult>0</difficult>
		<occluded>0</occluded>
		<bndbox>
			<xmin>408</xmin>
			<xmax>436</xmax>
			<ymin>189</ymin>
			<ymax>317</ymax>
		</bndbox>
		<polygon>
			<x1>434.577922</x1>
			<y1>295.080822</y1>
			<x2>418.837977</x2>
			<y2>188.181739</y2>
			<x3>408.87077</x3>
			<y3>188.967757</y3>
			<x4>408.106198</x4>
			<y4>263.011097</y4>
			<x5>406.675293</x5>
			<y5>307.908712</y5>
			<x6>424.203868</x6>
			<y6>315.747977</y6>
			<x7>434.577922</x7>
			<y7>295.080822</y7>
		</polygon>
	</object>
	<object>
		<name>LMU</name>
		<pose>Unspecified</pose>
		<truncated>0</truncated>
		<difficult>0</difficult>
		<occluded>0</occluded>
		<bndbox>
			<xmin>446</xmin>
			<xmax>485</xmax>
			<ymin>170</ymin>
			<ymax>310</ymax>
		</bndbox>
		<polygon>
			<x1>462.48055</x1>
			<y1>309.334032</y1>
			<x2>476.789591</x2>
			<y2>300.069446</y2>
			<x3>484.301837</x3>
			<y3>280.11495</y3>
			<x4>481.082303</x4>
			<y4>253.033849</y4>
			<x5>481.082303</x5>
			<y5>189.60706</y5>
			<x6>476.431865</x6>
			<y6>168.939904</y6>
			<x7>460.748169</x7>
			<y7>169.000828</y7>
			<x8>453.895126</x8>
			<y8>210.274216</y8>
			<x9>451.033318</x9>
			<y9>240.205959</y9>
			<x10>445.309702</x10>
			<y10>277.264308</y10>
			<x11>450.675592</x11>
			<y11>299.356785</y11>
			<x12>462.48055</x12>
			<y12>309.334032</y12>
		</polygon>
	</object>
	<object>
		<name>LMU</name>
		<pose>Unspecified</pose>
		<truncated>0</truncated>
		<difficult>0</difficult>
		<occluded>0</occluded>
		<bndbox>
			<xmin>485</xmin>
			<xmax>520</xmax>
			<ymin>157</ymin>
			<ymax>290</ymax>
		</bndbox>
		<polygon>
			<x1>483.586385</x1>
			<y1>250.895868</y1>
			<x2>485.732741</x2>
			<y2>275.126326</y2>
			<x3>492.171809</x3>
			<y3>285.816234</y3>
			<x4>499.684055</x4>
			<y4>288.666877</y4>
			<x5>508.627205</x5>
			<y5>280.11495</y5>
			<x6>519.001259</x6>
			<y6>263.011097</y6>
			<x7>517.212629</x7>
			<y7>243.056601</y7>
			<x8>511.131287</x8>
			<y8>223.102106</y8>
			<x9>503.619041</x9>
			<y9>183.905776</y9>
			<x10>503.976767</x10>
			<y10>173.928528</y10>
			<x11>499.684055</x11>
			<y11>156.112014</y11>
			<x12>492.171809</x12>
			<y12>163.951281</y12>
			<x13>485.076881</x13>
			<y13>177.558083</y13>
			<x14>483.586385</x14>
			<y14>219.538803</y14>
			<x15>483.586385</x15>
			<y15>250.895868</y15>
		</polygon>
	</object>
	<object>
		<name>RMD</name>
		<pose>Unspecified</pose>
		<truncated>0</truncated>
		<difficult>0</difficult>
		<occluded>0</occluded>
		<bndbox>
			<xmin>163</xmin>
			<xmax>211</xmax>
			<ymin>315</ymin>
			<ymax>450</ymax>
		</bndbox>
		<polygon>
			<x1>170.218404</x1>
			<y1>359.932932</y1>
			<x2>164.852513</x2>
			<y2>393.427977</y2>
			<x3>162.348431</x3>
			<y3>444.026877</y3>
			<x4>172.007033</x4>
			<y4>449.015501</y4>
			<x5>180.592458</x5>
			<y5>410.531831</y5>
			<x6>187.746978</x6>
			<y6>382.738069</y6>
			<x7>183.09654</x7>
			<y7>441.888895</y7>
			<x8>192.03969</x8>
			<y8>442.601556</y8>
			<x9>201.340566</x9>
			<y9>411.244491</y9>
			<x10>206.34873</x10>
			<y10>366.346877</y10>
			<x11>209.568264</x11>
			<y11>320.023941</y11>
			<x12>196.690128</x12>
			<y12>314.322657</y12>
			<x13>188.820156</x13>
			<y13>320.023941</y13>
			<x14>176.657471</x14>
			<y14>317.173299</y14>
			<x15>170.234734</x15>
			<y15>328.023155</y15>
			<x16>170.218404</x16>
			<y16>359.932932</y16>
		</polygon>
	</object>
	<object>
		<name>RMD</name>
		<pose>Unspecified</pose>
		<truncated>0</truncated>
		<difficult>0</difficult>
		<occluded>0</occluded>
		<bndbox>
			<xmin>108</xmin>
			<xmax>168</xmax>
			<ymin>290</ymin>
			<ymax>383</ymax>
		</bndbox>
		<polygon>
			<x1>107.616352</x1>
			<y1>341.403757</y1>
			<x2>107.258626</x2>
			<y2>374.186143</y2>
			<x3>117.274954</x3>
			<y3>382.025409</y3>
			<x4>136.949885</x4>
			<y4>377.749446</y4>
			<x5>155.193911</x5>
			<y5>365.634216</y5>
			<x6>167.356595</x6>
			<y6>349.243024</y6>
			<x7>166.998869</x7>
			<y7>330.713849</y7>
			<x8>161.990705</x8>
			<y8>314.322657</y8>
			<x9>156.982541</x9>
			<y9>308.621373</y9>
			<x10>150.543473</x10>
			<y10>289.379537</y10>
			<x11>141.970496</x11>
			<y11>292.367924</y11>
			<x12>130.868543</x12>
			<y12>305.77073</y12>
			<x13>119.063585</x13>
			<y13>317.885959</y13>
			<x14>107.616352</x14>
			<y14>341.403757</y14>
		</polygon>
	</object>
	<metadata>
		<tags>
			<tag>teeth</tag>
		</tags>
	</metadata>
</annotation>
