<annotation>
	<folder></folder>
	<filename>241_jpg.rf.9a76ea40dd3b923ca988bd2288cfffa9.jpg</filename>
	<path>241_jpg.rf.9a76ea40dd3b923ca988bd2288cfffa9.jpg</path>
	<source>
		<database>roboflow.com</database>
	</source>
	<size>
		<width>640</width>
		<height>640</height>
		<depth>3</depth>
	</size>
	<segmented>0</segmented>
	<object>
		<name>RMU</name>
		<pose>Unspecified</pose>
		<truncated>0</truncated>
		<difficult>0</difficult>
		<occluded>0</occluded>
		<bndbox>
			<xmin>95</xmin>
			<xmax>129</xmax>
			<ymin>235</ymin>
			<ymax>365</ymax>
		</bndbox>
		<polygon>
			<x1>93.666267</x1>
			<y1>326.443659</y1>
			<x2>93.666267</x2>
			<y2>340.696869</y2>
			<x3>95.097171</x3>
			<y3>352.099439</y3>
			<x4>106.544403</x4>
			<y4>354.950081</y4>
			<x5>119.780265</x5>
			<y5>363.502008</y5>
			<x6>125.503882</x6>
			<y6>345.685494</y6>
			<x7>127.650238</x7>
			<y7>306.489163</y7>
			<x8>124.78843</x8>
			<y8>268.005494</y8>
			<x9>118.707088</x9>
			<y9>241.637053</y9>
			<x10>111.194841</x10>
			<y10>233.797787</y10>
			<x11>101.893965</x11>
			<y11>241.637053</y11>
			<x12>102.251691</x12>
			<y12>283.684026</y12>
			<x13>97.601253</x13>
			<y13>305.063842</y13>
			<x14>93.666267</x14>
			<y14>326.443659</y14>
		</polygon>
	</object>
	<object>
		<name>RMU</name>
		<pose>Unspecified</pose>
		<truncated>0</truncated>
		<difficult>0</difficult>
		<occluded>0</occluded>
		<bndbox>
			<xmin>123</xmin>
			<xmax>160</xmax>
			<ymin>265</ymin>
			<ymax>384</ymax>
		</bndbox>
		<polygon>
			<x1>145.178812</x1>
			<y1>380.605861</y1>
			<x2>157.699222</x2>
			<y2>383.456503</y2>
			<x3>159.130126</x3>
			<y3>357.800723</y3>
			<x4>156.626044</x4>
			<y4>286.534668</y4>
			<x5>149.471524</x5>
			<y5>263.72953</y5>
			<x6>140.8861</x6>
			<y6>263.72953</y6>
			<x7>129.448365</x7>
			<y7>275.253414</y7>
			<x8>128.723416</x8>
			<y8>315.753751</y8>
			<x9>121.926622</x9>
			<y9>363.502008</y9>
			<x10>125.503882</x10>
			<y10>374.904576</y10>
			<x11>137.666566</x11>
			<y11>382.743843</y11>
			<x12>145.178812</x12>
			<y12>380.605861</y12>
		</polygon>
	</object>
	<object>
		<name>RMU</name>
		<pose>Unspecified</pose>
		<truncated>0</truncated>
		<difficult>0</difficult>
		<occluded>0</occluded>
		<bndbox>
			<xmin>155</xmin>
			<xmax>192</xmax>
			<ymin>263</ymin>
			<ymax>379</ymax>
		</bndbox>
		<polygon>
			<x1>186.675029</x1>
			<y1>296.511916</y1>
			<x2>176.300975</x2>
			<y2>261.591549</y2>
			<x3>155.208177</x3>
			<y3>269.548577</y3>
			<x4>158.7724</x4>
			<y4>315.04109</y4>
			<x5>153.764236</x5>
			<y5>351.386778</y5>
			<x6>160.203304</x6>
			<y6>377.755218</y6>
			<x7>180.951413</x7>
			<y7>377.755218</y7>
			<x8>189.536837</x8>
			<y8>366.352649</y8>
			<x9>190.967741</x9>
			<y9>343.547512</y9>
			<x10>186.675029</x10>
			<y10>296.511916</y10>
		</polygon>
	</object>
	<object>
		<name>RPMU</name>
		<pose>Unspecified</pose>
		<truncated>0</truncated>
		<difficult>0</difficult>
		<occluded>0</occluded>
		<bndbox>
			<xmin>190</xmin>
			<xmax>217</xmax>
			<ymin>252</ymin>
			<ymax>380</ymax>
		</bndbox>
		<polygon>
			<x1>215.650835</x1>
			<y1>344.972833</y1>
			<x2>209.569493</x2>
			<y2>312.903108</y2>
			<x3>205.992233</x3>
			<y3>272.281457</y3>
			<x4>198.837713</x4>
			<y4>250.90164</y4>
			<x5>189.536837</x5>
			<y5>260.878888</y5>
			<x6>189.179111</x6>
			<y6>362.789347</y6>
			<x7>193.471823</x7>
			<y7>374.191916</y7>
			<x8>200.984069</x8>
			<y8>379.180539</y8>
			<x9>208.138589</x9>
			<y9>370.628613</y9>
			<x10>213.862205</x10>
			<y10>360.651365</y10>
			<x11>215.650835</x11>
			<y11>344.972833</y11>
		</polygon>
	</object>
	<object>
		<name>RPMU</name>
		<pose>Unspecified</pose>
		<truncated>0</truncated>
		<difficult>0</difficult>
		<occluded>0</occluded>
		<bndbox>
			<xmin>209</xmin>
			<xmax>236</xmax>
			<ymin>248</ymin>
			<ymax>377</ymax>
		</bndbox>
		<polygon>
			<x1>223.163081</x1>
			<y1>251.614301</y1>
			<x2>216.724013</x2>
			<y2>246.625677</y2>
			<x3>208.854041</x3>
			<y3>257.315585</y3>
			<x4>208.138589</x4>
			<y4>343.547512</y4>
			<x5>208.138589</x5>
			<y5>363.502008</y5>
			<x6>213.862205</x6>
			<y6>375.617237</y6>
			<x7>223.878533</x7>
			<y7>371.341273</y7>
			<x8>235.325765</x8>
			<y8>352.099439</y8>
			<x9>233.894861</x9>
			<y9>329.294301</y9>
			<x10>223.163081</x10>
			<y10>251.614301</y10>
		</polygon>
	</object>
	<object>
		<name>RCU</name>
		<pose>Unspecified</pose>
		<truncated>0</truncated>
		<difficult>0</difficult>
		<occluded>0</occluded>
		<bndbox>
			<xmin>228</xmin>
			<xmax>259</xmax>
			<ymin>240</ymin>
			<ymax>365</ymax>
		</bndbox>
		<polygon>
			<x1>256.789326</x1>
			<y1>330.006961</y1>
			<x2>237.854241</x2>
			<y2>248.868544</y2>
			<x3>229.602149</x3>
			<y3>238.786411</y3>
			<x4>227.455793</x4>
			<y4>265.867512</y4>
			<x5>229.602149</x5>
			<y5>338.558888</y5>
			<x6>235.325765</x6>
			<y6>363.502008</y6>
			<x7>244.626642</x7>
			<y7>361.364026</y7>
			<x8>257.504778</x8>
			<y8>349.248796</y8>
			<x9>256.789326</x9>
			<y9>330.006961</y9>
		</polygon>
	</object>
	<object>
		<name>RCD</name>
		<pose>Unspecified</pose>
		<truncated>0</truncated>
		<difficult>0</difficult>
		<occluded>0</occluded>
		<bndbox>
			<xmin>247</xmin>
			<xmax>282</xmax>
			<ymin>390</ymin>
			<ymax>506</ymax>
		</bndbox>
		<polygon>
			<x1>257.504778</x1>
			<y1>391.343726</y1>
			<x2>246.415272</x2>
			<y2>503.944094</y2>
			<x3>264.301572</x3>
			<y3>504.656754</y3>
			<x4>281.114694</x4>
			<y4>397.757671</y4>
			<x5>265.402928</x5>
			<y5>389.350151</y5>
			<x6>257.504778</x6>
			<y6>391.343726</y6>
		</polygon>
	</object>
	<object>
		<name>RID</name>
		<pose>Unspecified</pose>
		<truncated>0</truncated>
		<difficult>0</difficult>
		<occluded>0</occluded>
		<bndbox>
			<xmin>280</xmin>
			<xmax>297</xmax>
			<ymin>396</ymin>
			<ymax>510</ymax>
		</bndbox>
		<polygon>
			<x1>278.610612</x1>
			<y1>399.895653</y1>
			<x2>278.968338</x2>
			<y2>420.562809</y2>
			<x3>282.545598</x3>
			<y3>498.242809</y3>
			<x4>293.99283</x4>
			<y4>508.932718</y4>
			<x5>295.813818</x5>
			<y5>395.054987</y5>
			<x6>278.610612</x6>
			<y6>399.895653</y6>
		</polygon>
	</object>
	<object>
		<name>RID</name>
		<pose>Unspecified</pose>
		<truncated>0</truncated>
		<difficult>0</difficult>
		<occluded>0</occluded>
		<bndbox>
			<xmin>299</xmin>
			<xmax>320</xmax>
			<ymin>394</ymin>
			<ymax>521</ymax>
		</bndbox>
		<polygon>
			<x1>299.000995</x1>
			<y1>397.045011</y1>
			<x2>297.57009</x2>
			<y2>411.298222</y2>
			<x3>302.935981</x3>
			<y3>496.817488</y3>
			<x4>319.391377</x4>
			<y4>520.335286</y4>
			<x5>313.344751</x5>
			<y5>392.915674</y5>
			<x6>299.000995</x6>
			<y6>397.045011</y6>
		</polygon>
	</object>
	<object>
		<name>LID</name>
		<pose>Unspecified</pose>
		<truncated>0</truncated>
		<difficult>0</difficult>
		<occluded>0</occluded>
		<bndbox>
			<xmin>315</xmin>
			<xmax>350</xmax>
			<ymin>396</ymin>
			<ymax>511</ymax>
		</bndbox>
		<polygon>
			<x1>314.025487</x1>
			<y1>394.907029</y1>
			<x2>314.025487</x2>
			<y2>413.436204</y2>
			<x3>325.472719</x3>
			<y3>481.138956</y3>
			<x4>348.724909</x4>
			<y4>510.358039</y4>
			<x5>329.407705</x5>
			<y5>396.332351</y5>
			<x6>314.025487</x6>
			<y6>394.907029</y6>
		</polygon>
	</object>
	<object>
		<name>LID</name>
		<pose>Unspecified</pose>
		<truncated>0</truncated>
		<difficult>0</difficult>
		<occluded>0</occluded>
		<bndbox>
			<xmin>329</xmin>
			<xmax>362</xmax>
			<ymin>392</ymin>
			<ymax>498</ymax>
		</bndbox>
		<polygon>
			<x1>356.237155</x1>
			<y1>496.817488</y1>
			<x2>360.529867</x2>
			<y2>491.828864</y2>
			<x3>349.122317</x3>
			<y3>392.202569</y3>
			<x4>328.334527</x4>
			<y4>390.631066</y4>
			<x5>331.196335</x5>
			<y5>414.148864</y5>
			<x6>344.432197</x6>
			<y6>479.000974</y6>
			<x7>356.237155</x7>
			<y7>496.817488</y7>
		</polygon>
	</object>
	<object>
		<name>LCD</name>
		<pose>Unspecified</pose>
		<truncated>0</truncated>
		<difficult>0</difficult>
		<occluded>0</occluded>
		<bndbox>
			<xmin>349</xmin>
			<xmax>379</xmax>
			<ymin>387</ymin>
			<ymax>518</ymax>
		</bndbox>
		<polygon>
			<x1>368.799952</x1>
			<y1>390.77636</y1>
			<x2>356.952608</x2>
			<y2>386.355102</y2>
			<x3>348.009457</x3>
			<y3>391.343726</y3>
			<x4>349.798088</x4>
			<y4>414.861524</y4>
			<x5>357.310334</x5>
			<y5>464.035102</y5>
			<x6>369.830744</x6>
			<y6>511.783359</y6>
			<x7>373.408004</x7>
			<y7>516.771984</y7>
			<x8>377.700716</x8>
			<y8>503.231433</y8>
			<x9>368.799952</x9>
			<y9>390.77636</y9>
		</polygon>
	</object>
	<object>
		<name>LCU</name>
		<pose>Unspecified</pose>
		<truncated>0</truncated>
		<difficult>0</difficult>
		<occluded>0</occluded>
		<bndbox>
			<xmin>357</xmin>
			<xmax>381</xmax>
			<ymin>251</ymin>
			<ymax>365</ymax>
		</bndbox>
		<polygon>
			<x1>370.231052</x1>
			<y1>252.434067</y1>
			<x2>356.952608</x2>
			<y2>323.593016</y2>
			<x3>355.87943</x3>
			<y3>339.984209</y3>
			<x4>358.741238</x4>
			<y4>357.800723</y4>
			<x5>366.968936</x5>
			<y5>364.214668</y5>
			<x6>378.058442</x6>
			<y6>342.122191</y6>
			<x7>379.847072</x7>
			<y7>258.028246</y7>
			<x8>376.627538</x8>
			<y8>250.18898</y8>
			<x9>370.231052</x9>
			<y9>252.434067</y9>
		</polygon>
	</object>
	<object>
		<name>LPMU</name>
		<pose>Unspecified</pose>
		<truncated>0</truncated>
		<difficult>0</difficult>
		<occluded>0</occluded>
		<bndbox>
			<xmin>379</xmin>
			<xmax>407</xmax>
			<ymin>236</ymin>
			<ymax>364</ymax>
		</bndbox>
		<polygon>
			<x1>383.782058</x1>
			<y1>356.375402</y1>
			<x2>393.082934</x2>
			<y2>361.364026</y2>
			<x3>399.879728</x3>
			<y3>362.789347</y3>
			<x4>402.741536</x4>
			<y4>341.40953</y4>
			<x5>405.603344</x5>
			<y5>244.487695</y5>
			<x6>398.80655</x6>
			<y6>235.223108</y6>
			<x7>378.416168</x7>
			<y7>346.398154</y7>
			<x8>383.782058</x8>
			<y8>356.375402</y8>
		</polygon>
	</object>
	<object>
		<name>LPMU</name>
		<pose>Unspecified</pose>
		<truncated>0</truncated>
		<difficult>0</difficult>
		<occluded>0</occluded>
		<bndbox>
			<xmin>403</xmin>
			<xmax>428</xmax>
			<ymin>253</ymin>
			<ymax>388</ymax>
		</bndbox>
		<polygon>
			<x1>423.489645</x1>
			<y1>291.523292</y1>
			<x2>416.384048</x2>
			<y2>252.434067</y2>
			<x3>411.32696</x3>
			<y3>253.752282</y3>
			<x4>402.026084</x4>
			<y4>345.685494</y4>
			<x5>402.38381</x5>
			<y5>366.352649</y5>
			<x6>414.546495</x6>
			<y6>387.019806</y6>
			<x7>426.709179</x7>
			<y7>369.915953</y7>
			<x8>423.847371</x8>
			<y8>343.547512</y8>
			<x9>423.489645</x9>
			<y9>291.523292</y9>
		</polygon>
	</object>
	<object>
		<name>LPMU</name>
		<pose>Unspecified</pose>
		<truncated>0</truncated>
		<difficult>0</difficult>
		<occluded>0</occluded>
		<bndbox>
			<xmin>427</xmin>
			<xmax>446</xmax>
			<ymin>247</ymin>
			<ymax>378</ymax>
		</bndbox>
		<polygon>
			<x1>444.595479</x1>
			<y1>334.995585</y1>
			<x2>434.988357</x2>
			<y2>246.016126</y2>
			<x3>430.286439</x3>
			<y3>250.18898</y3>
			<x4>425.636001</x4>
			<y4>320.742374</y4>
			<x5>425.636001</x5>
			<y5>368.490631</y5>
			<x6>430.644165</x6>
			<y6>377.042557</y6>
			<x7>443.164575</x7>
			<y7>372.053934</y7>
			<x8>445.310931</x8>
			<y8>358.513384</y8>
			<x9>444.595479</x9>
			<y9>334.995585</y9>
		</polygon>
	</object>
	<metadata>
		<tags>
			<tag>teeth</tag>
		</tags>
	</metadata>
</annotation>
