<annotation>
	<folder></folder>
	<filename>242_jpg.rf.f1798c1155509d40ed722d61b886c195.jpg</filename>
	<path>242_jpg.rf.f1798c1155509d40ed722d61b886c195.jpg</path>
	<source>
		<database>roboflow.com</database>
	</source>
	<size>
		<width>640</width>
		<height>640</height>
		<depth>3</depth>
	</size>
	<segmented>0</segmented>
	<object>
		<name>LMU</name>
		<pose>Unspecified</pose>
		<truncated>0</truncated>
		<difficult>0</difficult>
		<occluded>0</occluded>
		<bndbox>
			<xmin>409</xmin>
			<xmax>442</xmax>
			<ymin>197</ymin>
			<ymax>337</ymax>
		</bndbox>
		<polygon>
			<x1>441.487648</x1>
			<y1>315.436119</y1>
			<x2>437.866651</x2>
			<y2>284.776858</y2>
			<x3>441.487648</x3>
			<y3>208.128708</y3>
			<x4>431.982531</x4>
			<y4>196.406049</y4>
			<x5>423.439083</x5>
			<y5>207.319786</y5>
			<x6>417.498543</x6>
			<y6>236.082739</y6>
			<x7>413.424922</x7>
			<y7>277.562915</y7>
			<x8>407.540802</x8>
			<y8>322.650062</y8>
			<x9>412.519672</x9>
			<y9>334.372721</y9>
			<x10>421.11954</x10>
			<y10>336.176206</y10>
			<x11>433.340405</x11>
			<y11>336.176206</y11>
			<x12>439.67715</x12>
			<y12>329.864006</y12>
			<x13>441.487648</x13>
			<y13>315.436119</y13>
		</polygon>
	</object>
	<object>
		<name>LMU</name>
		<pose>Unspecified</pose>
		<truncated>0</truncated>
		<difficult>0</difficult>
		<occluded>0</occluded>
		<bndbox>
			<xmin>441</xmin>
			<xmax>469</xmax>
			<ymin>199</ymin>
			<ymax>326</ymax>
		</bndbox>
		<polygon>
			<x1>463.842033</x1>
			<y1>274.414318</y1>
			<x2>461.286014</x2>
			<y2>224.417802</y2>
			<x3>456.173976</x3>
			<y3>200.345406</y3>
			<x4>451.061938</x4>
			<y4>197.567821</y4>
			<x5>446.414631</x5>
			<y5>213.307465</y5>
			<x6>443.626246</x6>
			<y6>248.490199</y6>
			<x7>440.373131</x7>
			<y7>283.672933</y7>
			<x8>439.676035</x8>
			<y8>305.893606</y8>
			<x9>441.767323</x9>
			<y9>317.466874</y9>
			<x10>449.203015</x10>
			<y10>324.410834</y10>
			<x11>453.617957</x11>
			<y11>325.336696</y11>
			<x12>468.256975</x12>
			<y12>305.430676</y12>
			<x13>463.842033</x13>
			<y13>274.414318</y13>
		</polygon>
	</object>
	<object>
		<name>LPMU</name>
		<pose>Unspecified</pose>
		<truncated>0</truncated>
		<difficult>0</difficult>
		<occluded>0</occluded>
		<bndbox>
			<xmin>370</xmin>
			<xmax>403</xmax>
			<ymin>196</ymin>
			<ymax>328</ymax>
		</bndbox>
		<polygon>
			<x1>387.647098</x1>
			<y1>196.666536</y1>
			<x2>380.422866</x2>
			<y2>233.676416</y2>
			<x3>373.684271</x3>
			<y3>274.414318</y3>
			<x4>368.572232</x4>
			<y4>298.023784</y4>
			<x5>370.895886</x5>
			<y5>312.837567</y5>
			<x6>381.352328</x6>
			<y6>312.374636</y6>
			<x7>388.788019</x7>
			<y7>326.262557</y7>
			<x8>396.456076</x8>
			<y8>326.725488</y8>
			<x9>401.568114</x9>
			<y9>304.967744</y9>
			<x10>394.364788</x10>
			<y10>195.253168</y10>
			<x11>387.647098</x11>
			<y11>196.666536</y11>
		</polygon>
	</object>
	<object>
		<name>LIU</name>
		<pose>Unspecified</pose>
		<truncated>0</truncated>
		<difficult>0</difficult>
		<occluded>0</occluded>
		<bndbox>
			<xmin>338</xmin>
			<xmax>363</xmax>
			<ymin>188</ymin>
			<ymax>336</ymax>
		</bndbox>
		<polygon>
			<x1>337.202908</x1>
			<y1>299.875507</y1>
			<x2>342.08258</x2>
			<y2>335.058241</y2>
			<x3>355.792137</x3>
			<y3>332.280656</y3>
			<x4>362.298367</x4>
			<y4>323.022042</y4>
			<x5>360.904175</x5>
			<y5>298.949646</y5>
			<x6>348.12408</x6>
			<y6>194.790237</y6>
			<x7>343.709138</x7>
			<y7>186.920415</y7>
			<x8>338.829465</x8>
			<y8>191.086791</y8>
			<x9>338.364734</x9>
			<y9>260.989328</y9>
			<x10>337.202908</x10>
			<y10>299.875507</y10>
		</polygon>
	</object>
	<object>
		<name>LIU</name>
		<pose>Unspecified</pose>
		<truncated>0</truncated>
		<difficult>0</difficult>
		<occluded>0</occluded>
		<bndbox>
			<xmin>315</xmin>
			<xmax>343</xmax>
			<ymin>183</ymin>
			<ymax>338</ymax>
		</bndbox>
		<polygon>
			<x1>313.71677</x1>
			<y1>336.452513</y1>
			<x2>330.447077</x2>
			<y2>337.378374</y2>
			<x3>341.368249</x3>
			<y3>332.286137</y3>
			<x4>342.065345</x4>
			<y4>321.1758</y4>
			<x5>336.023846</x5>
			<y5>262.846531</y5>
			<x6>330.911807</x6>
			<y6>199.425024</y6>
			<x7>327.658692</x7>
			<y7>182.296588</y7>
			<x8>320.24996</x8>
			<y8>189.255029</y8>
			<x9>315.575693</x9>
			<y9>279.974967</y9>
			<x10>313.71677</x10>
			<y10>336.452513</y10>
		</polygon>
	</object>
	<object>
		<name>RIU</name>
		<pose>Unspecified</pose>
		<truncated>0</truncated>
		<difficult>0</difficult>
		<occluded>0</occluded>
		<bndbox>
			<xmin>290</xmin>
			<xmax>318</xmax>
			<ymin>193</ymin>
			<ymax>336</ymax>
		</bndbox>
		<polygon>
			<x1>289.318407</x1>
			<y1>320.712869</y1>
			<x2>296.057002</x2>
			<y2>334.60079</y2>
			<x3>305.351617</x3>
			<y3>335.063721</y3>
			<x4>314.181501</x4>
			<y4>331.360275</y4>
			<x5>316.505155</x5>
			<y5>267.475838</y5>
			<x6>313.019674</x6>
			<y6>202.665539</y6>
			<x7>309.534194</x7>
			<y7>192.481064</y7>
			<x8>300.960434</x8>
			<y8>196.203316</y8>
			<x9>294.198079</x9>
			<y9>267.012907</y9>
			<x10>289.318407</x10>
			<y10>320.712869</y10>
		</polygon>
	</object>
	<object>
		<name>RIU</name>
		<pose>Unspecified</pose>
		<truncated>0</truncated>
		<difficult>0</difficult>
		<occluded>0</occluded>
		<bndbox>
			<xmin>270</xmin>
			<xmax>299</xmax>
			<ymin>172</ymin>
			<ymax>325</ymax>
		</bndbox>
		<polygon>
			<x1>269.56735</x1>
			<y1>310.960172</y1>
			<x2>277.932504</x2>
			<y2>322.070509</y2>
			<x3>288.15658</x3>
			<y3>324.385162</y3>
			<x4>291.409695</x4>
			<y4>290.12829</y4>
			<x5>297.68356</x5>
			<y5>205.874902</y5>
			<x6>295.592271</x6>
			<y6>176.247337</y6>
			<x7>288.853676</x7>
			<y7>171.155099</y7>
			<x8>279.346869</x8>
			<y8>181.843522</y8>
			<x9>269.10262</x9>
			<y9>271.611062</y9>
			<x10>269.56735</x10>
			<y10>310.960172</y10>
		</polygon>
	</object>
	<object>
		<name>RCU</name>
		<pose>Unspecified</pose>
		<truncated>0</truncated>
		<difficult>0</difficult>
		<occluded>0</occluded>
		<bndbox>
			<xmin>247</xmin>
			<xmax>273</xmax>
			<ymin>168</ymin>
			<ymax>321</ymax>
		</bndbox>
		<polygon>
			<x1>258.895324</x1>
			<y1>174.432016</y1>
			<x2>246.563179</x2>
			<y2>268.370547</y2>
			<x3>245.633717</x3>
			<y3>293.368805</y3>
			<x4>249.583929</x4>
			<y4>307.256726</y4>
			<x5>255.857794</x5>
			<y5>320.218786</y5>
			<x6>262.131658</x6>
			<y6>318.829994</y6>
			<x7>270.032081</x7>
			<y7>305.867934</y7>
			<x8>271.891004</x8>
			<y8>275.777438</y8>
			<x9>270.496812</x9>
			<y9>172.080961</y9>
			<x10>265.384774</x10>
			<y10>166.988722</y10>
			<x11>258.895324</x11>
			<y11>174.432016</y11>
		</polygon>
	</object>
	<object>
		<name>RPMU</name>
		<pose>Unspecified</pose>
		<truncated>0</truncated>
		<difficult>0</difficult>
		<occluded>0</occluded>
		<bndbox>
			<xmin>227</xmin>
			<xmax>257</xmax>
			<ymin>167</ymin>
			<ymax>307</ymax>
		</bndbox>
		<polygon>
			<x1>255.857794</x1>
			<y1>266.981755</y1>
			<x2>250.048659</x2>
			<y2>202.634387</y2>
			<x3>247.260275</x3>
			<y3>175.784406</y3>
			<x4>244.47189</x4>
			<y4>166.062861</y4>
			<x5>236.106737</x5>
			<y5>175.321476</y5>
			<x6>229.368142</x6>
			<y6>242.909358</y6>
			<x7>225.650296</x7>
			<y7>281.332607</y7>
			<x8>226.812122</x8>
			<y8>295.220528</y8>
			<x9>229.135776</x9>
			<y9>303.09035</y9>
			<x10>235.642006</x10>
			<y10>305.867934</y10>
			<x11>246.795544</x11>
			<y11>302.627419</y11>
			<x12>256.090159</x12>
			<y12>291.517083</y12>
			<x13>255.857794</x13>
			<y13>266.981755</y13>
		</polygon>
	</object>
	<object>
		<name>RPMU</name>
		<pose>Unspecified</pose>
		<truncated>0</truncated>
		<difficult>0</difficult>
		<occluded>0</occluded>
		<bndbox>
			<xmin>181</xmin>
			<xmax>218</xmax>
			<ymin>146</ymin>
			<ymax>297</ymax>
		</bndbox>
		<polygon>
			<x1>196.604625</x1>
			<y1>155.878386</y1>
			<x2>186.148183</x2>
			<y2>243.83522</y2>
			<x3>180.339049</x3>
			<y3>260.963656</y3>
			<x4>184.521625</x4>
			<y4>277.629161</y4>
			<x5>195.675163</x5>
			<y5>296.146389</y5>
			<x6>211.011277</x6>
			<y6>295.220528</y6>
			<x7>217.052777</x7>
			<y7>265.592963</y7>
			<x8>212.637835</x8>
			<y8>164.674069</y8>
			<x9>209.849451</x9>
			<y9>150.786148</y9>
			<x10>200.787201</x10>
			<y10>144.768049</y10>
			<x11>196.604625</x11>
			<y11>155.878386</y11>
		</polygon>
	</object>
	<object>
		<name>RPMD</name>
		<pose>Unspecified</pose>
		<truncated>0</truncated>
		<difficult>0</difficult>
		<occluded>0</occluded>
		<bndbox>
			<xmin>207</xmin>
			<xmax>249</xmax>
			<ymin>310</ymin>
			<ymax>431</ymax>
		</bndbox>
		<polygon>
			<x1>241.218775</x1>
			<y1>315.620631</y1>
			<x2>234.48018</x2>
			<y2>310.528394</y2>
			<x3>229.612429</x3>
			<y3>308.765571</y3>
			<x4>219.841161</x4>
			<y4>325.342176</y4>
			<x5>217.982239</x5>
			<y5>354.04388</y5>
			<x6>209.849451</x6>
			<y6>395.707643</y6>
			<x7>206.36397</x7>
			<y7>416.539525</y7>
			<x8>208.687624</x8>
			<y8>429.501584</y8>
			<x9>217.285143</x9>
			<y9>425.798139</y9>
			<x10>236.339102</x10>
			<y10>377.653346</y10>
			<x11>247.957371</x11>
			<y11>329.508553</y11>
			<x12>241.218775</x12>
			<y12>315.620631</y12>
		</polygon>
	</object>
	<object>
		<name>RPMD</name>
		<pose>Unspecified</pose>
		<truncated>0</truncated>
		<difficult>0</difficult>
		<occluded>0</occluded>
		<bndbox>
			<xmin>232</xmin>
			<xmax>268</xmax>
			<ymin>331</ymin>
			<ymax>463</ymax>
		</bndbox>
		<polygon>
			<x1>256.090159</x1>
			<y1>385.091389</y1>
			<x2>267.011331</x2>
			<y2>352.68624</y2>
			<x3>262.381382</x3>
			<y3>343.507007</y3>
			<x4>254.463601</x4>
			<y4>330.434414</y4>
			<x5>245.633717</x5>
			<y5>330.897344</y5>
			<x6>240.056948</x6>
			<y6>338.767167</y6>
			<x7>237.50093</x7>
			<y7>378.579207</y7>
			<x8>230.762334</x8>
			<y8>447.555882</y8>
			<x9>231.92416</x9>
			<y9>458.666219</y9>
			<x10>237.733295</x10>
			<y10>462.400817</y10>
			<x11>248.189736</x11>
			<y11>424.90343</y11>
			<x12>256.090159</x12>
			<y12>385.091389</y12>
		</polygon>
	</object>
	<object>
		<name>RCD</name>
		<pose>Unspecified</pose>
		<truncated>0</truncated>
		<difficult>0</difficult>
		<occluded>0</occluded>
		<bndbox>
			<xmin>253</xmin>
			<xmax>284</xmax>
			<ymin>343</ymin>
			<ymax>473</ymax>
		</bndbox>
		<polygon>
			<x1>280.276485</x1>
			<y1>346.749541</y1>
			<x2>270.961542</x2>
			<y2>342.038834</y2>
			<x3>258.878543</x3>
			<y3>348.519864</y3>
			<x4>258.646178</x4>
			<y4>363.796577</y4>
			<x5>252.139948</x5>
			<y5>466.567193</y5>
			<x6>253.998871</x6>
			<y6>472.122362</y6>
			<x7>258.181447</x7>
			<y7>469.807708</y7>
			<x8>265.617139</x8>
			<y8>453.142203</y8>
			<x9>274.911754</x9>
			<y9>413.330162</y9>
			<x10>282.579811</x10>
			<y10>351.297448</y10>
			<x11>280.276485</x11>
			<y11>346.749541</y11>
		</polygon>
	</object>
	<object>
		<name>RID</name>
		<pose>Unspecified</pose>
		<truncated>0</truncated>
		<difficult>0</difficult>
		<occluded>0</occluded>
		<bndbox>
			<xmin>276</xmin>
			<xmax>299</xmax>
			<ymin>347</ymin>
			<ymax>460</ymax>
		</bndbox>
		<polygon>
			<x1>296.289367</x1>
			<y1>399.905172</y1>
			<x2>297.939183</x2>
			<y2>346.286322</y2>
			<x3>280.256157</x3>
			<y3>348.056933</y3>
			<x4>279.326696</x4>
			<y4>390.646558</y4>
			<x5>275.144119</x5>
			<y5>455.456856</y5>
			<x6>278.397234</x6>
			<y6>459.160302</y6>
			<x7>287.459484</x7>
			<y7>450.364619</y7>
			<x8>296.289367</x8>
			<y8>399.905172</y8>
		</polygon>
	</object>
	<object>
		<name>RID</name>
		<pose>Unspecified</pose>
		<truncated>0</truncated>
		<difficult>0</difficult>
		<occluded>0</occluded>
		<bndbox>
			<xmin>297</xmin>
			<xmax>316</xmax>
			<ymin>342</ymin>
			<ymax>452</ymax>
		</bndbox>
		<polygon>
			<x1>312.322578</x1>
			<y1>350.834518</y1>
			<x2>298.845387</x2>
			<y2>340.650042</y2>
			<x3>298.380656</x3>
			<y3>356.852616</y3>
			<x4>296.289367</x4>
			<y4>416.570677</y4>
			<x5>296.986464</x5>
			<y5>445.272381</y5>
			<x6>300.239579</x6>
			<y6>450.827549</y6>
			<x7>304.886886</x7>
			<y7>437.402559</y7>
			<x8>310.928386</x8>
			<y8>405.460341</y8>
			<x9>314.646232</x9>
			<y9>367.500023</y9>
			<x10>315.110963</x10>
			<y10>351.760379</y10>
			<x11>312.322578</x11>
			<y11>350.834518</y11>
		</polygon>
	</object>
	<object>
		<name>LID</name>
		<pose>Unspecified</pose>
		<truncated>0</truncated>
		<difficult>0</difficult>
		<occluded>0</occluded>
		<bndbox>
			<xmin>315</xmin>
			<xmax>332</xmax>
			<ymin>346</ymin>
			<ymax>458</ymax>
		</bndbox>
		<polygon>
			<x1>330.214711</x1>
			<y1>362.407785</y1>
			<x2>330.679442</x2>
			<y2>350.834518</y2>
			<x3>328.616501</x3>
			<y3>345.359884</y3>
			<x4>313.949136</x4>
			<y4>349.445725</y4>
			<x5>313.949136</x5>
			<y5>360.556062</y5>
			<x6>315.110963</x6>
			<y6>391.109489</y6>
			<x7>319.525905</x7>
			<y7>431.38446</y7>
			<x8>321.617193</x8>
			<y8>448.512896</y8>
			<x9>325.335039</x9>
			<y9>457.308579</y9>
			<x10>328.588154</x10>
			<y10>451.29048</y10>
			<x11>329.052885</x11>
			<y11>399.905172</y11>
			<x12>330.214711</x12>
			<y12>362.407785</y12>
		</polygon>
	</object>
	<object>
		<name>LID</name>
		<pose>Unspecified</pose>
		<truncated>0</truncated>
		<difficult>0</difficult>
		<occluded>0</occluded>
		<bndbox>
			<xmin>331</xmin>
			<xmax>348</xmax>
			<ymin>345</ymin>
			<ymax>475</ymax>
		</bndbox>
		<polygon>
			<x1>346.511604</x1>
			<y1>358.793239</y1>
			<x2>331.376538</x2>
			<y2>343.890557</y2>
			<x3>329.517615</x3>
			<y3>347.594002</y3>
			<x4>329.517615</x4>
			<y4>360.093131</y4>
			<x5>331.144173</x5>
			<y5>387.406043</y5>
			<x6>332.538365</x6>
			<y6>421.662915</y6>
			<x7>335.559115</x7>
			<y7>457.308579</y7>
			<x8>342.29771</x8>
			<y8>474.437016</y8>
			<x9>345.31846</x9>
			<y9>469.807708</y9>
			<x10>346.712652</x10>
			<y10>410.089648</y10>
			<x11>346.511604</x11>
			<y11>358.793239</y11>
		</polygon>
	</object>
	<object>
		<name>LCD</name>
		<pose>Unspecified</pose>
		<truncated>0</truncated>
		<difficult>0</difficult>
		<occluded>0</occluded>
		<bndbox>
			<xmin>348</xmin>
			<xmax>370</xmax>
			<ymin>349</ymin>
			<ymax>493</ymax>
		</bndbox>
		<polygon>
			<x1>352.289421</x1>
			<y1>449.438758</y1>
			<x2>357.169094</x2>
			<y2>470.270639</y2>
			<x3>362.281132</x3>
			<y3>485.084422</y3>
			<x4>366.463709</x4>
			<y4>492.491313</y4>
			<x5>368.787362</x5>
			<y5>471.659431</y5>
			<x6>367.625536</x6>
			<y6>401.293964</y6>
			<x7>367.625536</x7>
			<y7>365.185369</y7>
			<x8>367.39317</x8>
			<y8>355.926755</y8>
			<x9>363.012282</x9>
			<y9>348.139198</y9>
			<x10>352.754152</x10>
			<y10>349.908656</y10>
			<x11>347.409748</x11>
			<y11>354.075033</y11>
			<x12>346.945018</x12>
			<y12>370.277607</y12>
			<x13>348.106845</x13>
			<y13>392.961211</y13>
			<x14>350.198133</x14>
			<y14>418.885331</y14>
			<x15>352.289421</x15>
			<y15>449.438758</y15>
		</polygon>
	</object>
	<object>
		<name>RMD</name>
		<pose>Unspecified</pose>
		<truncated>0</truncated>
		<difficult>0</difficult>
		<occluded>0</occluded>
		<bndbox>
			<xmin>161</xmin>
			<xmax>220</xmax>
			<ymin>302</ymin>
			<ymax>393</ymax>
		</bndbox>
		<polygon>
			<x1>193.357416</x1>
			<y1>300.890845</y1>
			<x2>183.824529</x2>
			<y2>310.096615</y2>
			<x3>167.558954</x3>
			<y3>337.409527</y3>
			<x4>159.890896</x4>
			<y4>359.16727</y4>
			<x5>161.052723</x5>
			<y5>374.906914</y5>
			<x6>167.791319</x6>
			<y6>391.572419</y6>
			<x7>201.019567</x7>
			<y7>376.295706</y7>
			<x8>218.214604</x8>
			<y8>352.223309</y8>
			<x9>218.679335</x9>
			<y9>331.391428</y9>
			<x10>207.758162</x10>
			<y10>307.319031</y10>
			<x11>193.357416</x11>
			<y11>300.890845</y11>
		</polygon>
	</object>
	<metadata>
		<tags>
			<tag>teeth</tag>
		</tags>
	</metadata>
</annotation>
