<annotation>
	<folder></folder>
	<filename>243_jpg.rf.54aef4faaf2039db216db8cfef7f6f02.jpg</filename>
	<path>243_jpg.rf.54aef4faaf2039db216db8cfef7f6f02.jpg</path>
	<source>
		<database>roboflow.com</database>
	</source>
	<size>
		<width>640</width>
		<height>640</height>
		<depth>3</depth>
	</size>
	<segmented>0</segmented>
	<object>
		<name>LIU</name>
		<pose>Unspecified</pose>
		<truncated>0</truncated>
		<difficult>0</difficult>
		<occluded>0</occluded>
		<bndbox>
			<xmin>323</xmin>
			<xmax>357</xmax>
			<ymin>221</ymin>
			<ymax>386</ymax>
		</bndbox>
		<polygon>
			<x1>344.560926</x1>
			<y1>219.872563</y1>
			<x2>336.513063</x2>
			<y2>232.698902</y2>
			<x3>323.636484</x3>
			<y3>317.673399</y3>
			<x4>322.429305</x4>
			<y4>379.400156</y4>
			<x5>331.684346</x5>
			<y5>385.01168</y5>
			<x6>344.963319</x6>
			<y6>384.210034</y6>
			<x7>349.389643</x7>
			<y7>341.722785</y7>
			<x8>348.182464</x8>
			<y8>302.442121</y8>
			<x9>355.869362</x9>
			<y9>239.210572</y9>
			<x10>344.560926</x10>
			<y10>219.872563</y10>
		</polygon>
	</object>
	<object>
		<name>LIU</name>
		<pose>Unspecified</pose>
		<truncated>0</truncated>
		<difficult>0</difficult>
		<occluded>0</occluded>
		<bndbox>
			<xmin>302</xmin>
			<xmax>328</xmax>
			<ymin>224</ymin>
			<ymax>384</ymax>
		</bndbox>
		<polygon>
			<x1>322.026912</x1>
			<y1>223.079148</y1>
			<x2>306.368208</x2>
			<y2>232.793408</y2>
			<x3>301.10247</x3>
			<y3>338.5162</y3>
			<x4>304.321615</x4>
			<y4>382.606741</y4>
			<x5>323.234091</x5>
			<y5>376.995218</y5>
			<x6>325.64845</x6>
			<y6>320.879984</y6>
			<x7>326.855629</x7>
			<y7>235.905487</y7>
			<x8>322.026912</x8>
			<y8>223.079148</y8>
		</polygon>
	</object>
	<object>
		<name>RIU</name>
		<pose>Unspecified</pose>
		<truncated>0</truncated>
		<difficult>0</difficult>
		<occluded>0</occluded>
		<bndbox>
			<xmin>281</xmin>
			<xmax>307</xmax>
			<ymin>210</ymin>
			<ymax>383</ymax>
		</bndbox>
		<polygon>
			<x1>279.775635</x1>
			<y1>370.582048</y1>
			<x2>286.213925</x2>
			<y2>381.805095</y2>
			<x3>300.700077</x3>
			<y3>379.400156</y3>
			<x4>304.321615</x4>
			<y4>364.168879</y4>
			<x5>305.931187</x5>
			<y5>255.144996</y5>
			<x6>304.321615</x6>
			<y6>224.68244</y6>
			<x7>297.883325</x7>
			<y7>208.649516</y7>
			<x8>282.623697</x8>
			<y8>223.167659</y8>
			<x9>280.580422</x9>
			<y9>322.483276</y9>
			<x10>279.775635</x10>
			<y10>370.582048</y10>
		</polygon>
	</object>
	<object>
		<name>RIU</name>
		<pose>Unspecified</pose>
		<truncated>0</truncated>
		<difficult>0</difficult>
		<occluded>0</occluded>
		<bndbox>
			<xmin>259</xmin>
			<xmax>284</xmax>
			<ymin>211</ymin>
			<ymax>384</ymax>
		</bndbox>
		<polygon>
			<x1>260.86316</x1>
			<y1>368.177109</y1>
			<x2>265.289484</x2>
			<y2>380.201802</y2>
			<x3>283.397173</x3>
			<y3>383.408388</y3>
			<x4>283.397173</x4>
			<y4>329.698092</y4>
			<x5>280.580422</x5>
			<y5>239.913718</y5>
			<x6>278.568456</x6>
			<y6>220.674209</y6>
			<x7>274.142132</x7>
			<y7>210.252809</y7>
			<x8>259.281745</x8>
			<y8>229.584824</y8>
			<x9>258.046408</x9>
			<y9>320.879984</y9>
			<x10>260.86316</x10>
			<y10>368.177109</y10>
		</polygon>
	</object>
	<object>
		<name>RMU</name>
		<pose>Unspecified</pose>
		<truncated>0</truncated>
		<difficult>0</difficult>
		<occluded>0</occluded>
		<bndbox>
			<xmin>158</xmin>
			<xmax>200</xmax>
			<ymin>249</ymin>
			<ymax>385</ymax>
		</bndbox>
		<polygon>
			<x1>192.053938</x1>
			<y1>289.615782</y1>
			<x2>185.213256</x2>
			<y2>259.954873</y2>
			<x3>176.763</x3>
			<y3>247.93018</y3>
			<x4>169.117531</x4>
			<y4>248.731826</y4>
			<x5>162.694128</x5>
			<y5>264.077089</y5>
			<x6>162.679242</x6>
			<y6>316.070107</y6>
			<x7>157.045738</x7>
			<y7>349.739247</y7>
			<x8>162.679242</x8>
			<y8>376.193571</y8>
			<x9>174.348642</x9>
			<y9>384.210034</y9>
			<x10>188.4324</x10>
			<y10>377.796864</y10>
			<x11>198.894621</x11>
			<y11>364.168879</y11>
			<x12>198.894621</x12>
			<y12>344.92937</y12>
			<x13>192.053938</x13>
			<y13>289.615782</y13>
		</polygon>
	</object>
	<object>
		<name>LPMU</name>
		<pose>Unspecified</pose>
		<truncated>0</truncated>
		<difficult>0</difficult>
		<occluded>0</occluded>
		<bndbox>
			<xmin>420</xmin>
			<xmax>452</xmax>
			<ymin>237</ymin>
			<ymax>381</ymax>
		</bndbox>
		<polygon>
			<x1>425.090488</x1>
			<y1>260.066361</y1>
			<x2>418.601257</x2>
			<y2>342.578377</y2>
			<x3>418.601257</x3>
			<y3>369.834347</y3>
			<x4>431.477837</x4>
			<y4>380.255748</y4>
			<x5>447.171168</x5>
			<y5>375.445871</y5>
			<x6>450.390313</x6>
			<y6>365.024471</y6>
			<x7>450.792706</x7>
			<y7>315.322406</y7>
			<x8>446.366381</x8>
			<y8>254.397295</y8>
			<x9>442.744843</x9>
			<y9>235.959432</y9>
			<x10>435.501768</x10>
			<y10>237.562725</y10>
			<x11>425.090488</x11>
			<y11>260.066361</y11>
		</polygon>
	</object>
	<object>
		<name>LPMU</name>
		<pose>Unspecified</pose>
		<truncated>0</truncated>
		<difficult>0</difficult>
		<occluded>0</occluded>
		<bndbox>
			<xmin>396</xmin>
			<xmax>426</xmax>
			<ymin>227</ymin>
			<ymax>385</ymax>
		</bndbox>
		<polygon>
			<x1>413.77254</x1>
			<y1>225.538032</y1>
			<x2>407.785206</x2>
			<y2>242.419156</y2>
			<x3>396.469636</x3>
			<y3>335.363561</y3>
			<x4>395.262457</x4>
			<y4>370.635994</y4>
			<x5>416.589292</x5>
			<y5>384.263979</y5>
			<x6>421.820402</x6>
			<y6>357.809655</y6>
			<x7>425.039547</x7>
			<y7>244.777541</y7>
			<x8>413.77254</x8>
			<y8>225.538032</y8>
		</polygon>
	</object>
	<object>
		<name>LMD</name>
		<pose>Unspecified</pose>
		<truncated>0</truncated>
		<difficult>0</difficult>
		<occluded>0</occluded>
		<bndbox>
			<xmin>465</xmin>
			<xmax>509</xmax>
			<ymin>324</ymin>
			<ymax>452</ymax>
		</bndbox>
		<polygon>
			<x1>508.33492</x1>
			<y1>426.751228</y1>
			<x2>505.518168</x2>
			<y2>384.263979</y2>
			<x3>499.482271</x3>
			<y3>355.404716</y3>
			<x4>492.641589</x4>
			<y4>331.35533</y4>
			<x5>487.812871</x5>
			<y5>322.537222</y5>
			<x6>473.729113</x6>
			<y6>335.363561</y6>
			<x7>465.278857</x7>
			<y7>349.793193</y7>
			<x8>464.071678</x8>
			<y8>365.024471</y8>
			<x9>468.095609</x9>
			<y9>382.660687</y9>
			<x10>474.533899</x10>
			<y10>397.090319</y10>
			<x11>488.617658</x11>
			<y11>435.569336</y11>
			<x12>497.067913</x12>
			<y12>450.800614</y12>
			<x13>508.33492</x13>
			<y13>426.751228</y13>
		</polygon>
	</object>
	<object>
		<name>LMD</name>
		<pose>Unspecified</pose>
		<truncated>0</truncated>
		<difficult>0</difficult>
		<occluded>0</occluded>
		<bndbox>
			<xmin>437</xmin>
			<xmax>484</xmax>
			<ymin>360</ymin>
			<ymax>503</ymax>
		</bndbox>
		<polygon>
			<x1>473.729113</x1>
			<y1>416.329828</y1>
			<x2>470.107575</x2>
			<y2>374.644225</y2>
			<x3>462.462106</x3>
			<y3>358.611301</y3>
			<x4>449.183133</x4>
			<y4>369.032702</y4>
			<x5>435.904161</x5>
			<y5>378.652456</y5>
			<x6>435.501768</x6>
			<y6>397.891965</y6>
			<x7>444.756809</x7>
			<y7>433.164398</y7>
			<x8>457.230995</x8>
			<y8>476.453292</y8>
			<x9>470.107575</x9>
			<y9>502.105971</y9>
			<x10>480.569795</x10>
			<y10>499.701032</y10>
			<x11>482.984154</x11>
			<y11>473.246708</y11>
			<x12>473.729113</x12>
			<y12>416.329828</y12>
		</polygon>
	</object>
	<object>
		<name>LMD</name>
		<pose>Unspecified</pose>
		<truncated>0</truncated>
		<difficult>0</difficult>
		<occluded>0</occluded>
		<bndbox>
			<xmin>405</xmin>
			<xmax>453</xmax>
			<ymin>376</ymin>
			<ymax>515</ymax>
		</bndbox>
		<polygon>
			<x1>403.760722</x1>
			<y1>389.211818</y1>
			<x2>405.322285</x2>
			<y2>409.916658</y2>
			<x3>411.760574</x3>
			<y3>430.759459</y3>
			<x4>413.77254</x4>
			<y4>458.817076</y4>
			<x5>419.808436</x5>
			<y5>483.668108</y5>
			<x6>426.649119</x6>
			<y6>506.915848</y6>
			<x7>436.306554</x7>
			<y7>514.130664</y7>
			<x8>437.916126</x8>
			<y8>505.312555</y8>
			<x9>430.67305</x9>
			<y9>473.246708</y9>
			<x10>435.099375</x10>
			<y10>486.874692</y10>
			<x11>444.756809</x11>
			<y11>502.907617</y11>
			<x12>452.402278</x12>
			<y12>495.692801</y12>
			<x13>445.963988</x13>
			<y13>449.998968</y13>
			<x14>442.744843</x14>
			<y14>410.718304</y14>
			<x15>440.732878</x15>
			<y15>381.859041</y15>
			<x16>433.892195</x16>
			<y16>375.445871</y16>
			<x17>422.222795</x17>
			<y17>377.049164</y17>
			<x18>415.382112</x18>
			<y18>383.462333</y18>
			<x19>408.943823</x19>
			<y19>379.454102</y19>
			<x20>403.760722</x20>
			<y20>389.211818</y20>
		</polygon>
	</object>
	<object>
		<name>LCD</name>
		<pose>Unspecified</pose>
		<truncated>0</truncated>
		<difficult>0</difficult>
		<occluded>0</occluded>
		<bndbox>
			<xmin>372</xmin>
			<xmax>399</xmax>
			<ymin>384</ymin>
			<ymax>530</ymax>
		</bndbox>
		<polygon>
			<x1>376.394231</x1>
			<y1>383.596798</y1>
			<x2>371.118871</x2>
			<y2>394.68538</y2>
			<x3>371.521264</x3>
			<y3>412.321596</y3>
			<x4>377.55716</x4>
			<y4>460.420368</y4>
			<x5>383.190664</x5>
			<y5>495.692801</y5>
			<x6>391.640919</x6>
			<y6>524.552064</y6>
			<x7>397.676816</x7>
			<y7>528.560295</y7>
			<x8>393.652885</x8>
			<y8>471.643415</y8>
			<x9>391.238526</x9>
			<y9>396.288672</y9>
			<x10>383.190664</x10>
			<y10>383.462333</y10>
			<x11>376.394231</x11>
			<y11>383.596798</y11>
		</polygon>
	</object>
	<object>
		<name>LID</name>
		<pose>Unspecified</pose>
		<truncated>0</truncated>
		<difficult>0</difficult>
		<occluded>0</occluded>
		<bndbox>
			<xmin>350</xmin>
			<xmax>377</xmax>
			<ymin>381</ymin>
			<ymax>564</ymax>
		</bndbox>
		<polygon>
			<x1>348.98725</x1>
			<y1>406.710073</y1>
			<x2>353.011181</x2>
			<y2>456.412137</y2>
			<x3>358.644684</x3>
			<y3>514.932309</y3>
			<x4>368.302119</x4>
			<y4>563.031081</y4>
			<x5>375.545195</x5>
			<y5>553.411327</y5>
			<x6>373.935622</x6>
			<y6>445.189091</y6>
			<x7>371.118871</x7>
			<y7>391.478795</y7>
			<x8>363.91833</x8>
			<y8>381.992507</y8>
			<x9>351.804001</x9>
			<y9>380.255748</y9>
			<x10>348.98725</x10>
			<y10>406.710073</y10>
		</polygon>
	</object>
	<metadata>
		<tags>
			<tag>teeth</tag>
		</tags>
	</metadata>
</annotation>
