<annotation>
	<folder></folder>
	<filename>243_jpg.rf.58b4e3592979bd1bc1e5e4b258d01092.jpg</filename>
	<path>243_jpg.rf.58b4e3592979bd1bc1e5e4b258d01092.jpg</path>
	<source>
		<database>roboflow.com</database>
	</source>
	<size>
		<width>640</width>
		<height>640</height>
		<depth>3</depth>
	</size>
	<segmented>0</segmented>
	<object>
		<name>LIU</name>
		<pose>Unspecified</pose>
		<truncated>0</truncated>
		<difficult>0</difficult>
		<occluded>0</occluded>
		<bndbox>
			<xmin>324</xmin>
			<xmax>358</xmax>
			<ymin>222</ymin>
			<ymax>387</ymax>
		</bndbox>
		<polygon>
			<x1>345.963319</x1>
			<y1>385.210034</y1>
			<x2>350.389643</x2>
			<y2>342.722785</y2>
			<x3>349.182464</x3>
			<y3>303.442121</y3>
			<x4>356.869362</x4>
			<y4>240.210572</y4>
			<x5>345.560926</x5>
			<y5>220.872563</y5>
			<x6>337.513063</x6>
			<y6>233.698902</y6>
			<x7>324.636484</x7>
			<y7>318.673399</y7>
			<x8>323.429305</x8>
			<y8>380.400156</y8>
			<x9>332.684346</x9>
			<y9>386.01168</y9>
			<x10>345.963319</x10>
			<y10>385.210034</y10>
		</polygon>
	</object>
	<object>
		<name>LIU</name>
		<pose>Unspecified</pose>
		<truncated>0</truncated>
		<difficult>0</difficult>
		<occluded>0</occluded>
		<bndbox>
			<xmin>303</xmin>
			<xmax>329</xmax>
			<ymin>225</ymin>
			<ymax>385</ymax>
		</bndbox>
		<polygon>
			<x1>305.321615</x1>
			<y1>383.606741</y1>
			<x2>324.234091</x2>
			<y2>377.995218</y2>
			<x3>326.64845</x3>
			<y3>321.879984</y3>
			<x4>327.855629</x4>
			<y4>236.905487</y4>
			<x5>323.026912</x5>
			<y5>224.079148</y5>
			<x6>307.368208</x6>
			<y6>233.793408</y6>
			<x7>302.10247</x7>
			<y7>339.5162</y7>
			<x8>305.321615</x8>
			<y8>383.606741</y8>
		</polygon>
	</object>
	<object>
		<name>RIU</name>
		<pose>Unspecified</pose>
		<truncated>0</truncated>
		<difficult>0</difficult>
		<occluded>0</occluded>
		<bndbox>
			<xmin>282</xmin>
			<xmax>308</xmax>
			<ymin>211</ymin>
			<ymax>384</ymax>
		</bndbox>
		<polygon>
			<x1>305.321615</x1>
			<y1>225.68244</y1>
			<x2>298.883325</x2>
			<y2>209.649516</y2>
			<x3>283.623697</x3>
			<y3>224.167659</y3>
			<x4>281.580422</x4>
			<y4>323.483276</y4>
			<x5>280.775635</x5>
			<y5>371.582048</y5>
			<x6>287.213925</x6>
			<y6>382.805095</y6>
			<x7>301.700077</x7>
			<y7>380.400156</y7>
			<x8>305.321615</x8>
			<y8>365.168879</y8>
			<x9>306.931187</x9>
			<y9>256.144996</y9>
			<x10>305.321615</x10>
			<y10>225.68244</y10>
		</polygon>
	</object>
	<object>
		<name>RIU</name>
		<pose>Unspecified</pose>
		<truncated>0</truncated>
		<difficult>0</difficult>
		<occluded>0</occluded>
		<bndbox>
			<xmin>260</xmin>
			<xmax>285</xmax>
			<ymin>212</ymin>
			<ymax>385</ymax>
		</bndbox>
		<polygon>
			<x1>279.568456</x1>
			<y1>221.674209</y1>
			<x2>275.142132</x2>
			<y2>211.252809</y2>
			<x3>260.281745</x3>
			<y3>230.584824</y3>
			<x4>259.046408</x4>
			<y4>321.879984</y4>
			<x5>261.86316</x5>
			<y5>369.177109</y5>
			<x6>266.289484</x6>
			<y6>381.201802</y6>
			<x7>284.397173</x7>
			<y7>384.408388</y7>
			<x8>284.397173</x8>
			<y8>330.698092</y8>
			<x9>281.580422</x9>
			<y9>240.913718</y9>
			<x10>279.568456</x10>
			<y10>221.674209</y10>
		</polygon>
	</object>
	<object>
		<name>RMU</name>
		<pose>Unspecified</pose>
		<truncated>0</truncated>
		<difficult>0</difficult>
		<occluded>0</occluded>
		<bndbox>
			<xmin>159</xmin>
			<xmax>201</xmax>
			<ymin>250</ymin>
			<ymax>386</ymax>
		</bndbox>
		<polygon>
			<x1>175.348642</x1>
			<y1>385.210034</y1>
			<x2>189.4324</x2>
			<y2>378.796864</y2>
			<x3>199.894621</x3>
			<y3>365.168879</y3>
			<x4>199.894621</x4>
			<y4>345.92937</y4>
			<x5>193.053938</x5>
			<y5>290.615782</y5>
			<x6>186.213256</x6>
			<y6>260.954873</y6>
			<x7>177.763</x7>
			<y7>248.93018</y7>
			<x8>170.117531</x8>
			<y8>249.731826</y8>
			<x9>163.694128</x9>
			<y9>265.077089</y9>
			<x10>163.679242</x10>
			<y10>317.070107</y10>
			<x11>158.045738</x11>
			<y11>350.739247</y11>
			<x12>163.679242</x12>
			<y12>377.193571</y12>
			<x13>175.348642</x13>
			<y13>385.210034</y13>
		</polygon>
	</object>
	<object>
		<name>LPMU</name>
		<pose>Unspecified</pose>
		<truncated>0</truncated>
		<difficult>0</difficult>
		<occluded>0</occluded>
		<bndbox>
			<xmin>421</xmin>
			<xmax>453</xmax>
			<ymin>238</ymin>
			<ymax>382</ymax>
		</bndbox>
		<polygon>
			<x1>451.792706</x1>
			<y1>316.322406</y1>
			<x2>447.366381</x2>
			<y2>255.397295</y2>
			<x3>443.744843</x3>
			<y3>236.959432</y3>
			<x4>436.501768</x4>
			<y4>238.562725</y4>
			<x5>426.090488</x5>
			<y5>261.066361</y5>
			<x6>419.601257</x6>
			<y6>343.578377</y6>
			<x7>419.601257</x7>
			<y7>370.834347</y7>
			<x8>432.477837</x8>
			<y8>381.255748</y8>
			<x9>448.171168</x9>
			<y9>376.445871</y9>
			<x10>451.390313</x10>
			<y10>366.024471</y10>
			<x11>451.792706</x11>
			<y11>316.322406</y11>
		</polygon>
	</object>
	<object>
		<name>LPMU</name>
		<pose>Unspecified</pose>
		<truncated>0</truncated>
		<difficult>0</difficult>
		<occluded>0</occluded>
		<bndbox>
			<xmin>397</xmin>
			<xmax>427</xmax>
			<ymin>228</ymin>
			<ymax>386</ymax>
		</bndbox>
		<polygon>
			<x1>396.262457</x1>
			<y1>371.635994</y1>
			<x2>417.589292</x2>
			<y2>385.263979</y2>
			<x3>422.820402</x3>
			<y3>358.809655</y3>
			<x4>426.039547</x4>
			<y4>245.777541</y4>
			<x5>414.77254</x5>
			<y5>226.538032</y5>
			<x6>408.785206</x6>
			<y6>243.419156</y6>
			<x7>397.469636</x7>
			<y7>336.363561</y7>
			<x8>396.262457</x8>
			<y8>371.635994</y8>
		</polygon>
	</object>
	<object>
		<name>LMD</name>
		<pose>Unspecified</pose>
		<truncated>0</truncated>
		<difficult>0</difficult>
		<occluded>0</occluded>
		<bndbox>
			<xmin>466</xmin>
			<xmax>510</xmax>
			<ymin>325</ymin>
			<ymax>453</ymax>
		</bndbox>
		<polygon>
			<x1>469.095609</x1>
			<y1>383.660687</y1>
			<x2>475.533899</x2>
			<y2>398.090319</y2>
			<x3>489.617658</x3>
			<y3>436.569336</y3>
			<x4>498.067913</x4>
			<y4>451.800614</y4>
			<x5>509.33492</x5>
			<y5>427.751228</y5>
			<x6>506.518168</x6>
			<y6>385.263979</y6>
			<x7>500.482271</x7>
			<y7>356.404716</y7>
			<x8>493.641589</x8>
			<y8>332.35533</y8>
			<x9>488.812871</x9>
			<y9>323.537222</y9>
			<x10>474.729113</x10>
			<y10>336.363561</y10>
			<x11>466.278857</x11>
			<y11>350.793193</y11>
			<x12>465.071678</x12>
			<y12>366.024471</y12>
			<x13>469.095609</x13>
			<y13>383.660687</y13>
		</polygon>
	</object>
	<object>
		<name>LMD</name>
		<pose>Unspecified</pose>
		<truncated>0</truncated>
		<difficult>0</difficult>
		<occluded>0</occluded>
		<bndbox>
			<xmin>438</xmin>
			<xmax>485</xmax>
			<ymin>361</ymin>
			<ymax>504</ymax>
		</bndbox>
		<polygon>
			<x1>458.230995</x1>
			<y1>477.453292</y1>
			<x2>471.107575</x2>
			<y2>503.105971</y2>
			<x3>481.569795</x3>
			<y3>500.701032</y3>
			<x4>483.984154</x4>
			<y4>474.246708</y4>
			<x5>474.729113</x5>
			<y5>417.329828</y5>
			<x6>471.107575</x6>
			<y6>375.644225</y6>
			<x7>463.462106</x7>
			<y7>359.611301</y7>
			<x8>450.183133</x8>
			<y8>370.032702</y8>
			<x9>436.904161</x9>
			<y9>379.652456</y9>
			<x10>436.501768</x10>
			<y10>398.891965</y10>
			<x11>445.756809</x11>
			<y11>434.164398</y11>
			<x12>458.230995</x12>
			<y12>477.453292</y12>
		</polygon>
	</object>
	<object>
		<name>LMD</name>
		<pose>Unspecified</pose>
		<truncated>0</truncated>
		<difficult>0</difficult>
		<occluded>0</occluded>
		<bndbox>
			<xmin>406</xmin>
			<xmax>454</xmax>
			<ymin>377</ymin>
			<ymax>516</ymax>
		</bndbox>
		<polygon>
			<x1>434.892195</x1>
			<y1>376.445871</y1>
			<x2>423.222795</x2>
			<y2>378.049164</y2>
			<x3>416.382112</x3>
			<y3>384.462333</y3>
			<x4>409.943823</x4>
			<y4>380.454102</y4>
			<x5>404.760722</x5>
			<y5>390.211818</y5>
			<x6>406.322285</x6>
			<y6>410.916658</y6>
			<x7>412.760574</x7>
			<y7>431.759459</y7>
			<x8>414.77254</x8>
			<y8>459.817076</y8>
			<x9>420.808436</x9>
			<y9>484.668108</y9>
			<x10>427.649119</x10>
			<y10>507.915848</y10>
			<x11>437.306554</x11>
			<y11>515.130664</y11>
			<x12>438.916126</x12>
			<y12>506.312555</y12>
			<x13>431.67305</x13>
			<y13>474.246708</y13>
			<x14>436.099375</x14>
			<y14>487.874692</y14>
			<x15>445.756809</x15>
			<y15>503.907617</y15>
			<x16>453.402278</x16>
			<y16>496.692801</y16>
			<x17>446.963988</x17>
			<y17>450.998968</y17>
			<x18>443.744843</x18>
			<y18>411.718304</y18>
			<x19>441.732878</x19>
			<y19>382.859041</y19>
			<x20>434.892195</x20>
			<y20>376.445871</y20>
		</polygon>
	</object>
	<object>
		<name>LCD</name>
		<pose>Unspecified</pose>
		<truncated>0</truncated>
		<difficult>0</difficult>
		<occluded>0</occluded>
		<bndbox>
			<xmin>373</xmin>
			<xmax>400</xmax>
			<ymin>385</ymin>
			<ymax>531</ymax>
		</bndbox>
		<polygon>
			<x1>398.676816</x1>
			<y1>529.560295</y1>
			<x2>394.652885</x2>
			<y2>472.643415</y2>
			<x3>392.238526</x3>
			<y3>397.288672</y3>
			<x4>384.190664</x4>
			<y4>384.462333</y4>
			<x5>377.394231</x5>
			<y5>384.596798</y5>
			<x6>372.118871</x6>
			<y6>395.68538</y6>
			<x7>372.521264</x7>
			<y7>413.321596</y7>
			<x8>378.55716</x8>
			<y8>461.420368</y8>
			<x9>384.190664</x9>
			<y9>496.692801</y9>
			<x10>392.640919</x10>
			<y10>525.552064</y10>
			<x11>398.676816</x11>
			<y11>529.560295</y11>
		</polygon>
	</object>
	<object>
		<name>LID</name>
		<pose>Unspecified</pose>
		<truncated>0</truncated>
		<difficult>0</difficult>
		<occluded>0</occluded>
		<bndbox>
			<xmin>351</xmin>
			<xmax>378</xmax>
			<ymin>382</ymin>
			<ymax>565</ymax>
		</bndbox>
		<polygon>
			<x1>374.935622</x1>
			<y1>446.189091</y1>
			<x2>372.118871</x2>
			<y2>392.478795</y2>
			<x3>364.91833</x3>
			<y3>382.992507</y3>
			<x4>352.804001</x4>
			<y4>381.255748</y4>
			<x5>349.98725</x5>
			<y5>407.710073</y5>
			<x6>354.011181</x6>
			<y6>457.412137</y6>
			<x7>359.644684</x7>
			<y7>515.932309</y7>
			<x8>369.302119</x8>
			<y8>564.031081</y8>
			<x9>376.545195</x9>
			<y9>554.411327</y9>
			<x10>374.935622</x10>
			<y10>446.189091</y10>
		</polygon>
	</object>
	<metadata>
		<tags>
			<tag>teeth</tag>
		</tags>
	</metadata>
</annotation>
