<annotation>
	<folder></folder>
	<filename>244_jpg.rf.98dc34844dba1e9be3b31902cccb5f9c.jpg</filename>
	<path>244_jpg.rf.98dc34844dba1e9be3b31902cccb5f9c.jpg</path>
	<source>
		<database>roboflow.com</database>
	</source>
	<size>
		<width>640</width>
		<height>640</height>
		<depth>3</depth>
	</size>
	<segmented>0</segmented>
	<object>
		<name>RIU</name>
		<pose>Unspecified</pose>
		<truncated>0</truncated>
		<difficult>0</difficult>
		<occluded>0</occluded>
		<bndbox>
			<xmin>285</xmin>
			<xmax>314</xmax>
			<ymin>159</ymin>
			<ymax>324</ymax>
		</bndbox>
		<polygon>
			<x1>284.030503</x1>
			<y1>290.456174</y1>
			<x2>285.146608</x2>
			<y2>316.397018</y2>
			<x3>301.51615</x3>
			<y3>323.06752</y3>
			<x4>307.840746</x4>
			<y4>322.326353</y4>
			<x5>312.677202</x5>
			<y5>317.138184</y5>
			<x6>308.998887</x6>
			<y6>173.397604</y6>
			<x7>302.632255</x7>
			<y7>157.787285</y7>
			<x8>291.843239</x8>
			<y8>163.716621</y8>
			<x9>284.030503</x9>
			<y9>290.456174</y9>
		</polygon>
	</object>
	<object>
		<name>RIU</name>
		<pose>Unspecified</pose>
		<truncated>0</truncated>
		<difficult>0</difficult>
		<occluded>0</occluded>
		<bndbox>
			<xmin>265</xmin>
			<xmax>290</xmax>
			<ymin>148</ymin>
			<ymax>318</ymax>
		</bndbox>
		<polygon>
			<x1>281.054223</x1>
			<y1>147.410948</y1>
			<x2>272.906528</x2>
			<y2>168.206202</y2>
			<x3>263.568576</x3>
			<y3>305.279513</y3>
			<x4>274.357592</x4>
			<y4>317.138184</y4>
			<x5>286.262714</x5>
			<y5>317.138184</y5>
			<x6>287.378819</x6>
			<y6>269.703498</y6>
			<x7>288.866959</x7>
			<y7>156.304951</y7>
			<x8>281.054223</x8>
			<y8>147.410948</y8>
		</polygon>
	</object>
	<object>
		<name>RCU</name>
		<pose>Unspecified</pose>
		<truncated>0</truncated>
		<difficult>0</difficult>
		<occluded>0</occluded>
		<bndbox>
			<xmin>243</xmin>
			<xmax>268</xmax>
			<ymin>160</ymin>
			<ymax>316</ymax>
		</bndbox>
		<polygon>
			<x1>266.916891</x1>
			<y1>294.162008</y1>
			<x2>266.916891</x2>
			<y2>260.809494</y2>
			<x3>259.47619</x3>
			<y3>171.869458</y3>
			<x4>253.895664</x4>
			<y4>158.528453</y4>
			<x5>247.604669</x5>
			<y5>168.947831</y5>
			<x6>241.990543</x6>
			<y6>306.02068</y6>
			<x7>248.315139</x7>
			<y7>314.914684</y7>
			<x8>263.940611</x8>
			<y8>310.467682</y8>
			<x9>266.916891</x9>
			<y9>294.162008</y9>
		</polygon>
	</object>
	<object>
		<name>RPMU</name>
		<pose>Unspecified</pose>
		<truncated>0</truncated>
		<difficult>0</difficult>
		<occluded>0</occluded>
		<bndbox>
			<xmin>208</xmin>
			<xmax>244</xmax>
			<ymin>185</ymin>
			<ymax>309</ymax>
		</bndbox>
		<polygon>
			<x1>228.225246</x1>
			<y1>207.445472</y1>
			<x2>214.861086</x2>
			<y2>186.746922</y2>
			<x3>207.391283</x3>
			<y3>183.728129</y3>
			<x4>207.391283</x4>
			<y4>192.622133</y4>
			<x5>217.43623</x5>
			<y5>255.621326</y5>
			<x6>217.808265</x6>
			<y6>291.197341</y6>
			<x7>221.15658</x7>
			<y7>305.279513</y7>
			<x8>229.341351</x8>
			<y8>308.244181</y8>
			<x9>237.526122</x9>
			<y9>301.573678</y9>
			<x10>242.734613</x10>
			<y10>282.303337</y10>
			<x11>228.225246</x11>
			<y11>207.445472</y11>
		</polygon>
	</object>
	<object>
		<name>RMU</name>
		<pose>Unspecified</pose>
		<truncated>0</truncated>
		<difficult>0</difficult>
		<occluded>0</occluded>
		<bndbox>
			<xmin>186</xmin>
			<xmax>228</xmax>
			<ymin>177</ymin>
			<ymax>322</ymax>
		</bndbox>
		<polygon>
			<x1>217.43623</x1>
			<y1>245.986155</y1>
			<x2>204.042968</x2>
			<y2>180.763461</y2>
			<x3>196.230232</x3>
			<y3>175.575292</y3>
			<x4>186.929356</x4>
			<y4>184.469296</y4>
			<x5>184.722106</x5>
			<y5>200.837869</y5>
			<x6>192.509882</x6>
			<y6>263.774162</y6>
			<x7>190.277672</x7>
			<y7>293.420841</y7>
			<x8>195.858197</x8>
			<y8>316.397018</y8>
			<x9>205.159073</x9>
			<y9>320.844019</y9>
			<x10>211.111634</x10>
			<y10>308.985347</y10>
			<x11>225.248966</x11>
			<y11>302.314845</y11>
			<x12>226.737106</x12>
			<y12>283.044504</y12>
			<x13>217.43623</x13>
			<y13>245.986155</y13>
		</polygon>
	</object>
	<object>
		<name>RMU</name>
		<pose>Unspecified</pose>
		<truncated>0</truncated>
		<difficult>0</difficult>
		<occluded>0</occluded>
		<bndbox>
			<xmin>160</xmin>
			<xmax>197</xmax>
			<ymin>167</ymin>
			<ymax>306</ymax>
		</bndbox>
		<polygon>
			<x1>159.04816</x1>
			<y1>180.813892</y1>
			<x2>161.630973</x2>
			<y2>280.079836</y2>
			<x3>168.699639</x3>
			<y3>298.60901</y3>
			<x4>175.024235</x4>
			<y4>305.279513</y4>
			<x5>188.789531</x5>
			<y5>300.091344</y5>
			<x6>193.998022</x6>
			<y6>290.456174</y6>
			<x7>195.858197</x7>
			<y7>276.374001</y7>
			<x8>186.185286</x8>
			<y8>202.998471</y8>
			<x9>181.720865</x9>
			<y9>180.022294</y9>
			<x10>170.559814</x10>
			<y10>165.940122</y10>
			<x11>159.04816</x11>
			<y11>180.813892</y11>
		</polygon>
	</object>
	<object>
		<name>RMD</name>
		<pose>Unspecified</pose>
		<truncated>0</truncated>
		<difficult>0</difficult>
		<occluded>0</occluded>
		<bndbox>
			<xmin>119</xmin>
			<xmax>181</xmax>
			<ymin>274</ymin>
			<ymax>378</ymax>
		</bndbox>
		<polygon>
			<x1>128.147819</x1>
			<y1>370.502207</y1>
			<x2>133.728344</x2>
			<y2>377.172709</y2>
			<x3>147.121606</x3>
			<y3>373.466874</y3>
			<x4>161.258938</x4>
			<y4>355.678867</y4>
			<x5>175.39627</x5>
			<y5>346.784864</y5>
			<x6>180.232725</x6>
			<y6>333.443858</y6>
			<x7>179.488655</x7>
			<y7>314.173517</y7>
			<x8>159.026727</x8>
			<y8>272.668166</y8>
			<x9>149.353816</x9>
			<y9>281.56217</y9>
			<x10>141.913116</x10>
			<y10>297.126676</y10>
			<x11>118.490767</x11>
			<y11>323.206619</y11>
			<x12>118.102873</x12>
			<y12>337.149693</y12>
			<x13>126.659679</x13>
			<y13>336.408526</y13>
			<x14>143.401256</x14>
			<y14>332.702691</y14>
			<x15>129.263924</x15>
			<y15>359.384702</y15>
			<x16>128.147819</x16>
			<y16>370.502207</y16>
		</polygon>
	</object>
	<object>
		<name>RPMD</name>
		<pose>Unspecified</pose>
		<truncated>0</truncated>
		<difficult>0</difficult>
		<occluded>0</occluded>
		<bndbox>
			<xmin>213</xmin>
			<xmax>247</xmax>
			<ymin>328</ymin>
			<ymax>455</ymax>
		</bndbox>
		<polygon>
			<x1>212.227739</x1>
			<y1>454.254074</y1>
			<x2>221.528615</x2>
			<y2>449.065906</y2>
			<x3>231.201526</x3>
			<y3>425.348563</y3>
			<x4>242.362578</x4>
			<y4>366.055205</y4>
			<x5>246.116324</x5>
			<y5>335.072679</y5>
			<x6>241.990543</x6>
			<y6>326.773355</y6>
			<x7>223.760826</x7>
			<y7>327.514522</y7>
			<x8>220.784545</x8>
			<y8>341.596694</y8>
			<x9>212.227739</x9>
			<y9>454.254074</y9>
		</polygon>
	</object>
	<object>
		<name>RPMD</name>
		<pose>Unspecified</pose>
		<truncated>0</truncated>
		<difficult>0</difficult>
		<occluded>0</occluded>
		<bndbox>
			<xmin>238</xmin>
			<xmax>265</xmax>
			<ymin>326</ymin>
			<ymax>459</ymax>
		</bndbox>
		<polygon>
			<x1>240.130368</x1>
			<y1>457.959909</y1>
			<x2>246.454963</x2>
			<y2>456.477576</y2>
			<x3>251.663454</x3>
			<y3>447.583572</y3>
			<x4>259.104155</x4>
			<y4>379.39621</y4>
			<x5>263.604374</x5>
			<y5>342.488968</y5>
			<x6>252.035489</x6>
			<y6>324.549854</y6>
			<x7>237.154087</x7>
			<y7>337.89086</y7>
			<x8>240.130368</x8>
			<y8>376.431542</y8>
			<x9>240.130368</x9>
			<y9>457.959909</y9>
		</polygon>
	</object>
	<object>
		<name>RCD</name>
		<pose>Unspecified</pose>
		<truncated>0</truncated>
		<difficult>0</difficult>
		<occluded>0</occluded>
		<bndbox>
			<xmin>258</xmin>
			<xmax>284</xmax>
			<ymin>336</ymin>
			<ymax>475</ymax>
		</bndbox>
		<polygon>
			<x1>269.521136</x1>
			<y1>473.524416</y1>
			<x2>275.845732</x2>
			<y2>460.924577</y2>
			<x3>279.938118</x3>
			<y3>427.572064</y3>
			<x4>282.542363</x4>
			<y4>346.784864</y4>
			<x5>279.566083</x5>
			<y5>334.926192</y5>
			<x6>257.24398</x6>
			<y6>340.114361</y6>
			<x7>259.848225</x7>
			<y7>377.913876</y7>
			<x8>263.940611</x8>
			<y8>471.300915</y8>
			<x9>269.521136</x9>
			<y9>473.524416</y9>
		</polygon>
	</object>
	<object>
		<name>RID</name>
		<pose>Unspecified</pose>
		<truncated>0</truncated>
		<difficult>0</difficult>
		<occluded>0</occluded>
		<bndbox>
			<xmin>279</xmin>
			<xmax>301</xmax>
			<ymin>328</ymin>
			<ymax>475</ymax>
		</bndbox>
		<polygon>
			<x1>299.655975</x1>
			<y1>449.065906</y1>
			<x2>298.208388</x2>
			<y2>335.814308</y2>
			<x3>288.494924</x3>
			<y3>326.773355</y3>
			<x4>277.705907</x4>
			<y4>334.926192</y4>
			<x5>282.542363</x5>
			<y5>370.502207</y5>
			<x6>285.146608</x6>
			<y6>454.254074</y6>
			<x7>291.099169</x7>
			<y7>474.265583</y7>
			<x8>299.655975</x8>
			<y8>449.065906</y8>
		</polygon>
	</object>
	<object>
		<name>RID</name>
		<pose>Unspecified</pose>
		<truncated>0</truncated>
		<difficult>0</difficult>
		<occluded>0</occluded>
		<bndbox>
			<xmin>298</xmin>
			<xmax>315</xmax>
			<ymin>333</ymin>
			<ymax>464</ymax>
		</bndbox>
		<polygon>
			<x1>298.911905</x1>
			<y1>366.055205</y1>
			<x2>304.864466</x2>
			<y2>459.442243</y2>
			<x3>308.584816</x3>
			<y3>463.148078</y3>
			<x4>311.933132</x4>
			<y4>460.183411</y4>
			<x5>314.208094</x5>
			<y5>332.106164</y5>
			<x6>297.05173</x6>
			<y6>334.185025</y6>
			<x7>298.911905</x7>
			<y7>366.055205</y7>
		</polygon>
	</object>
	<object>
		<name>LID</name>
		<pose>Unspecified</pose>
		<truncated>0</truncated>
		<difficult>0</difficult>
		<occluded>0</occluded>
		<bndbox>
			<xmin>327</xmin>
			<xmax>349</xmax>
			<ymin>328</ymin>
			<ymax>479</ymax>
		</bndbox>
		<polygon>
			<x1>346.532391</x1>
			<y1>431.277898</y1>
			<x2>348.067935</x2>
			<y2>336.555937</y2>
			<x3>336.85948</x3>
			<y3>326.773355</y3>
			<x4>326.442498</x4>
			<y4>328.996856</y4>
			<x5>328.302674</x5>
			<y5>353.455366</y5>
			<x6>331.278954</x6>
			<y6>429.795564</y6>
			<x7>338.34762</x7>
			<y7>477.971418</y7>
			<x8>346.532391</x8>
			<y8>431.277898</y8>
		</polygon>
	</object>
	<object>
		<name>LID</name>
		<pose>Unspecified</pose>
		<truncated>0</truncated>
		<difficult>0</difficult>
		<occluded>0</occluded>
		<bndbox>
			<xmin>314</xmin>
			<xmax>332</xmax>
			<ymin>330</ymin>
			<ymax>474</ymax>
		</bndbox>
		<polygon>
			<x1>313.421272</x1>
			<y1>336.408526</y1>
			<x2>313.793307</x2>
			<y2>370.502207</y2>
			<x3>319.745868</x3>
			<y3>454.254074</y3>
			<x4>326.442498</x4>
			<y4>472.783249</y4>
			<x5>330.579885</x5>
			<y5>338.039194</y5>
			<x6>317.885692</x6>
			<y6>328.996856</y6>
			<x7>313.421272</x7>
			<y7>336.408526</y7>
		</polygon>
	</object>
	<object>
		<name>LIU</name>
		<pose>Unspecified</pose>
		<truncated>0</truncated>
		<difficult>0</difficult>
		<occluded>0</occluded>
		<bndbox>
			<xmin>313</xmin>
			<xmax>342</xmax>
			<ymin>149</ymin>
			<ymax>324</ymax>
		</bndbox>
		<polygon>
			<x1>312.677202</x1>
			<y1>320.794143</y1>
			<x2>330.534884</x2>
			<y2>323.017644</y2>
			<x3>340.57983</x3>
			<y3>322.276477</y3>
			<x4>340.57983</x4>
			<y4>273.359457</y4>
			<x5>338.719655</x5>
			<y5>202.948595</y5>
			<x6>336.11541</x6>
			<y6>169.596081</y6>
			<x7>329.046744</x7>
			<y7>148.102239</y7>
			<x8>319.789386</x8>
			<y8>163.014801</y8>
			<x9>311.561097</x9>
			<y9>263.724286</y9>
			<x10>312.677202</x10>
			<y10>320.794143</y10>
		</polygon>
	</object>
	<object>
		<name>LIU</name>
		<pose>Unspecified</pose>
		<truncated>0</truncated>
		<difficult>0</difficult>
		<occluded>0</occluded>
		<bndbox>
			<xmin>338</xmin>
			<xmax>366</xmax>
			<ymin>134</ymin>
			<ymax>323</ymax>
		</bndbox>
		<polygon>
			<x1>338.719655</x1>
			<y1>307.453138</y1>
			<x2>340.951865</x2>
			<y2>317.088309</y2>
			<x3>347.648496</x3>
			<y3>321.535311</y3>
			<x4>356.205302</x4>
			<y4>321.535311</y4>
			<x5>365.134143</x5>
			<y5>312.641307</y5>
			<x6>352.905056</x6>
			<y6>154.115255</y6>
			<x7>343.556111</x7>
			<y7>132.537733</y7>
			<x8>336.85948</x8>
			<y8>145.878737</y8>
			<x9>338.719655</x9>
			<y9>307.453138</y9>
		</polygon>
	</object>
	<object>
		<name>LCU</name>
		<pose>Unspecified</pose>
		<truncated>0</truncated>
		<difficult>0</difficult>
		<occluded>0</occluded>
		<bndbox>
			<xmin>362</xmin>
			<xmax>388</xmax>
			<ymin>142</ymin>
			<ymax>318</ymax>
		</bndbox>
		<polygon>
			<x1>361.041758</x1>
			<y1>254.830283</y1>
			<x2>360.669723</x2>
			<y2>288.923964</y2>
			<x3>364.390073</x3>
			<y3>312.641307</y3>
			<x4>381.87572</x4>
			<y4>317.088309</y4>
			<x5>387.456246</x5>
			<y5>290.406297</y5>
			<x6>375.92316</x6>
			<y6>148.102239</y6>
			<x7>368.110424</x7>
			<y7>141.431736</y7>
			<x8>363.273968</x8>
			<y8>159.96091</y8>
			<x9>361.041758</x9>
			<y9>254.830283</y9>
		</polygon>
	</object>
	<object>
		<name>LPMU</name>
		<pose>Unspecified</pose>
		<truncated>0</truncated>
		<difficult>0</difficult>
		<occluded>0</occluded>
		<bndbox>
			<xmin>377</xmin>
			<xmax>411</xmax>
			<ymin>138</ymin>
			<ymax>314</ymax>
		</bndbox>
		<polygon>
			<x1>375.551125</x1>
			<y1>280.02996</y1>
			<x2>379.271475</x2>
			<y2>297.817968</y2>
			<x3>387.456246</x3>
			<y3>300.041468</y3>
			<x4>399.733403</x4>
			<y4>313.382474</y4>
			<x5>409.778349</x5>
			<y5>292.629799</y5>
			<x6>391.974104</x6>
			<y6>145.957339</y6>
			<x7>383.735895</x7>
			<y7>136.984734</y7>
			<x8>380.015545</x8>
			<y8>168.854914</y8>
			<x9>375.551125</x9>
			<y9>280.02996</y9>
		</polygon>
	</object>
	<object>
		<name>LPMU</name>
		<pose>Unspecified</pose>
		<truncated>0</truncated>
		<difficult>0</difficult>
		<occluded>0</occluded>
		<bndbox>
			<xmin>394</xmin>
			<xmax>426</xmax>
			<ymin>128</ymin>
			<ymax>303</ymax>
		</bndbox>
		<polygon>
			<x1>424.659751</x1>
			<y1>285.218129</y1>
			<x2>409.462154</x2>
			<y2>140.024308</y2>
			<x3>403.081718</x3>
			<y3>127.349563</y3>
			<x4>398.245262</x4>
			<y4>139.208235</y4>
			<x5>395.641017</x5>
			<y5>233.336441</y5>
			<x6>393.408807</x6>
			<y6>282.994627</y6>
			<x7>397.873227</x7>
			<y7>294.853299</y7>
			<x8>406.802068</x8>
			<y8>297.0768</y8>
			<x9>414.98684</x9>
			<y9>302.264969</y9>
			<x10>420.19533</x10>
			<y10>299.300301</y10>
			<x11>424.659751</x11>
			<y11>285.218129</y11>
		</polygon>
	</object>
	<object>
		<name>LMU</name>
		<pose>Unspecified</pose>
		<truncated>0</truncated>
		<difficult>0</difficult>
		<occluded>0</occluded>
		<bndbox>
			<xmin>424</xmin>
			<xmax>463</xmax>
			<ymin>178</ymin>
			<ymax>305</ymax>
		</bndbox>
		<polygon>
			<x1>422.799575</x1>
			<y1>278.547626</y1>
			<x2>425.775856</x2>
			<y2>298.559134</y2>
			<x3>441.029293</x3>
			<y3>304.48847</y3>
			<x4>451.446274</x4>
			<y4>302.264969</y4>
			<x5>459.25901</x5>
			<y5>287.441629</y5>
			<x6>460.375115</x6>
			<y6>268.912455</y6>
			<x7>458.51494</x7>
			<y7>243.712778</y7>
			<x8>462.298391</x8>
			<y8>194.16321</y8>
			<x9>457.398835</x9>
			<y9>179.972419</y9>
			<x10>446.237783</x10>
			<y10>177.007751</y10>
			<x11>435.448767</x11>
			<y11>187.384088</y11>
			<x12>432.844522</x12>
			<y12>214.066099</y12>
			<x13>428.008066</x13>
			<y13>252.606782</y13>
			<x14>422.799575</x14>
			<y14>278.547626</y14>
		</polygon>
	</object>
	<object>
		<name>LCD</name>
		<pose>Unspecified</pose>
		<truncated>0</truncated>
		<difficult>0</difficult>
		<occluded>0</occluded>
		<bndbox>
			<xmin>347</xmin>
			<xmax>372</xmax>
			<ymin>331</ymin>
			<ymax>485</ymax>
		</bndbox>
		<polygon>
			<x1>349.508671</x1>
			<y1>426.781021</y1>
			<x2>353.973092</x2>
			<y2>465.321703</y2>
			<x3>363.273968</x3>
			<y3>483.850878</y3>
			<x4>365.878213</x4>
			<y4>453.463032</y4>
			<x5>371.137278</x5>
			<y5>341.747339</y5>
			<x6>361.785828</x6>
			<y6>329.688147</y6>
			<x7>351.740882</x7>
			<y7>329.688147</y7>
			<x8>345.788321</x8>
			<y8>343.770319</y8>
			<x9>349.508671</x9>
			<y9>426.781021</y9>
		</polygon>
	</object>
	<object>
		<name>LPMD</name>
		<pose>Unspecified</pose>
		<truncated>0</truncated>
		<difficult>0</difficult>
		<occluded>0</occluded>
		<bndbox>
			<xmin>364</xmin>
			<xmax>393</xmax>
			<ymin>327</ymin>
			<ymax>456</ymax>
		</bndbox>
		<polygon>
			<x1>377.039265</x1>
			<y1>420.851685</y1>
			<x2>384.852001</x2>
			<y2>449.757197</y2>
			<x3>391.920667</x3>
			<y3>454.945366</y3>
			<x4>388.944386</x4>
			<y4>398.616676</y4>
			<x5>389.688456</x5>
			<y5>335.617483</y5>
			<x6>371.086704</x6>
			<y6>325.982313</y6>
			<x7>362.529898</x7>
			<y7>349.699656</y7>
			<x8>370.342634</x8>
			<y8>374.158166</y8>
			<x9>377.039265</x9>
			<y9>420.851685</y9>
		</polygon>
	</object>
	<object>
		<name>LPMD</name>
		<pose>Unspecified</pose>
		<truncated>0</truncated>
		<difficult>0</difficult>
		<occluded>0</occluded>
		<bndbox>
			<xmin>383</xmin>
			<xmax>422</xmax>
			<ymin>321</ymin>
			<ymax>457</ymax>
		</bndbox>
		<polygon>
			<x1>381.87572</x1>
			<y1>337.840984</y1>
			<x2>385.968106</x2>
			<y2>354.887824</y2>
			<x3>394.524912</x3>
			<y3>379.346334</y3>
			<x4>403.825788</x4>
			<y4>424.557519</y4>
			<x5>413.126664</x5>
			<y5>449.757197</y5>
			<x6>421.311435</x6>
			<y6>456.427699</y6>
			<x7>409.406314</x7>
			<y7>337.840984</y7>
			<x8>404.252948</x8>
			<y8>326.173134</y8>
			<x9>390.432526</x9>
			<y9>320.052976</y9>
			<x10>381.87572</x10>
			<y10>337.840984</y10>
		</polygon>
	</object>
	<metadata>
		<tags>
			<tag>teeth</tag>
		</tags>
	</metadata>
</annotation>
