<annotation>
	<folder></folder>
	<filename>245_jpg.rf.b0347ab97f1b4e17f6fc9fe5c9e816a5.jpg</filename>
	<path>245_jpg.rf.b0347ab97f1b4e17f6fc9fe5c9e816a5.jpg</path>
	<source>
		<database>roboflow.com</database>
	</source>
	<size>
		<width>640</width>
		<height>640</height>
		<depth>3</depth>
	</size>
	<segmented>0</segmented>
	<object>
		<name>LMD</name>
		<pose>Unspecified</pose>
		<truncated>0</truncated>
		<difficult>0</difficult>
		<occluded>0</occluded>
		<bndbox>
			<xmin>403</xmin>
			<xmax>476</xmax>
			<ymin>259</ymin>
			<ymax>383</ymax>
		</bndbox>
		<polygon>
			<x1>445.2827</x1>
			<y1>380.776244</y1>
			<x2>456.11636</x2>
			<y2>381.547058</y2>
			<x3>462.307023</x3>
			<y3>376.151363</y3>
			<x4>441.413535</x4>
			<y4>339.152308</y4>
			<x5>459.211692</x5>
			<y5>353.797767</y5>
			<x6>474.688349</x6>
			<y6>356.881021</y6>
			<x7>468.11077</x7>
			<y7>331.444171</y7>
			<x8>446.830365</x8>
			<y8>295.215929</y8>
			<x9>426.00064</x9>
			<y9>257.622902</y9>
			<x10>413.942467</x10>
			<y10>275.174774</y10>
			<x11>401.948057</x11>
			<y11>300.611624</y11>
			<x12>405.043389</x12>
			<y12>322.194407</y12>
			<x13>420.520047</x13>
			<y13>334.527425</y13>
			<x14>434.062122</x14>
			<y14>353.026953</y14>
			<x15>445.2827</x15>
			<y15>380.776244</y15>
		</polygon>
	</object>
	<object>
		<name>LPMD</name>
		<pose>Unspecified</pose>
		<truncated>0</truncated>
		<difficult>0</difficult>
		<occluded>0</occluded>
		<bndbox>
			<xmin>360</xmin>
			<xmax>393</xmax>
			<ymin>312</ymin>
			<ymax>450</ymax>
		</bndbox>
		<polygon>
			<x1>366.351744</x1>
			<y1>316.850583</y1>
			<x2>361.763683</x2>
			<y2>331.66712</y2>
			<x3>358.613415</x3>
			<y3>346.912315</y3>
			<x4>364.417162</x4>
			<y4>353.849638</y4>
			<x5>376.798488</x5>
			<y5>427.076934</y5>
			<x6>383.762984</x6>
			<y6>449.430531</y6>
			<x7>392.275146</x7>
			<y7>424.764494</y7>
			<x8>388.792898</x8>
			<y8>390.848693</y8>
			<x9>388.792898</x9>
			<y9>332.266856</y9>
			<x10>380.280736</x10>
			<y10>310.684073</y10>
			<x11>366.351744</x11>
			<y11>316.850583</y11>
		</polygon>
	</object>
	<object>
		<name>LPMD</name>
		<pose>Unspecified</pose>
		<truncated>0</truncated>
		<difficult>0</difficult>
		<occluded>0</occluded>
		<bndbox>
			<xmin>342</xmin>
			<xmax>367</xmax>
			<ymin>327</ymin>
			<ymax>460</ymax>
		</bndbox>
		<polygon>
			<x1>360.934914</x1>
			<y1>458.680294</y1>
			<x2>366.351744</x2>
			<y2>427.847748</y2>
			<x3>364.804078</x3>
			<y3>332.266856</y3>
			<x4>356.291916</x4>
			<y4>326.100346</y4>
			<x5>341.254293</x5>
			<y5>330.124532</y5>
			<x6>340.815258</x6>
			<y6>351.537197</y6>
			<x7>344.684423</x7>
			<y7>383.91137</y7>
			<x8>354.74425</x8>
			<y8>458.680294</y8>
			<x9>360.934914</x9>
			<y9>458.680294</y9>
		</polygon>
	</object>
	<object>
		<name>LID</name>
		<pose>Unspecified</pose>
		<truncated>0</truncated>
		<difficult>0</difficult>
		<occluded>0</occluded>
		<bndbox>
			<xmin>324</xmin>
			<xmax>345</xmax>
			<ymin>336</ymin>
			<ymax>489</ymax>
		</bndbox>
		<polygon>
			<x1>323.790935</x1>
			<y1>377.744861</y1>
			<x2>326.112433</x2>
			<y2>459.451108</y2>
			<x3>325.725517</x3>
			<y3>487.971213</y3>
			<x4>337.719927</x4>
			<y4>467.159244</y4>
			<x5>343.523673</x5>
			<y5>413.202289</y5>
			<x6>342.749841</x6>
			<y6>339.204178</y6>
			<x7>338.106843</x7>
			<y7>334.579296</y7>
			<x8>324.6146</x8>
			<y8>335.523589</y8>
			<x9>323.017102</x9>
			<y9>360.016147</y9>
			<x10>323.790935</x10>
			<y10>377.744861</y10>
		</polygon>
	</object>
	<object>
		<name>RID</name>
		<pose>Unspecified</pose>
		<truncated>0</truncated>
		<difficult>0</difficult>
		<occluded>0</occluded>
		<bndbox>
			<xmin>293</xmin>
			<xmax>309</xmax>
			<ymin>337</ymin>
			<ymax>465</ymax>
		</bndbox>
		<polygon>
			<x1>308.314277</x1>
			<y1>458.680294</y1>
			<x2>307.540444</x2>
			<y2>340.745806</y2>
			<x3>304.445112</x3>
			<y3>337.662551</y3>
			<x4>299.802115</x4>
			<y4>336.120924</y4>
			<x5>294.817939</x5>
			<y5>339.380059</y5>
			<x6>292.063786</x6>
			<y6>339.974992</y6>
			<x7>292.063786</x7>
			<y7>363.099401</y7>
			<x8>300.575948</x8>
			<y8>464.07599</y8>
			<x9>308.314277</x9>
			<y9>458.680294</y9>
		</polygon>
	</object>
	<object>
		<name>LID</name>
		<pose>Unspecified</pose>
		<truncated>0</truncated>
		<difficult>0</difficult>
		<occluded>0</occluded>
		<bndbox>
			<xmin>309</xmin>
			<xmax>324</xmax>
			<ymin>337</ymin>
			<ymax>462</ymax>
		</bndbox>
		<polygon>
			<x1>313.344191</x1>
			<y1>451.742971</y1>
			<x2>318.374104</x2>
			<y2>460.992735</y2>
			<x3>323.404018</x3>
			<y3>389.307066</y3>
			<x4>323.017102</x4>
			<y4>336.120924</y4>
			<x5>307.587937</x5>
			<y5>338.608766</y5>
			<x6>308.314277</x6>
			<y6>370.807538</y6>
			<x7>313.344191</x7>
			<y7>451.742971</y7>
		</polygon>
	</object>
	<object>
		<name>RID</name>
		<pose>Unspecified</pose>
		<truncated>0</truncated>
		<difficult>0</difficult>
		<occluded>0</occluded>
		<bndbox>
			<xmin>276</xmin>
			<xmax>295</xmax>
			<ymin>330</ymin>
			<ymax>463</ymax>
		</bndbox>
		<polygon>
			<x1>287.807705</x1>
			<y1>457.909481</y1>
			<x2>292.450702</x2>
			<y2>369.265911</y2>
			<x3>294.385285</x3>
			<y3>333.037669</y3>
			<x4>279.68246</x4>
			<y4>329.183601</y4>
			<x5>275.082488</x5>
			<y5>341.693941</y5>
			<x6>276.587128</x6>
			<y6>370.807538</y6>
			<x7>274.652546</x7>
			<y7>444.034835</y7>
			<x8>275.039462</x8>
			<y8>461.763549</y8>
			<x9>287.807705</x9>
			<y9>457.909481</y9>
		</polygon>
	</object>
	<object>
		<name>RCD</name>
		<pose>Unspecified</pose>
		<truncated>0</truncated>
		<difficult>0</difficult>
		<occluded>0</occluded>
		<bndbox>
			<xmin>254</xmin>
			<xmax>281</xmax>
			<ymin>321</ymin>
			<ymax>464</ymax>
		</bndbox>
		<polygon>
			<x1>255.69364</x1>
			<y1>366.182656</y1>
			<x2>255.306723</x2>
			<y2>424.764494</y2>
			<x3>259.949721</x3>
			<y3>458.680294</y3>
			<x4>264.592718</x4>
			<y4>463.305176</y4>
			<x5>272.331047</x5>
			<y5>409.348221</y5>
			<x6>280.069376</x6>
			<y6>335.35011</y6>
			<x7>278.908627</x7>
			<y7>324.558719</y7>
			<x8>261.538552</x8>
			<y8>320.097711</y8>
			<x9>252.985225</x9>
			<y9>329.954414</y9>
			<x10>255.69364</x10>
			<y10>366.182656</y10>
		</polygon>
	</object>
	<object>
		<name>RPMD</name>
		<pose>Unspecified</pose>
		<truncated>0</truncated>
		<difficult>0</difficult>
		<occluded>0</occluded>
		<bndbox>
			<xmin>233</xmin>
			<xmax>262</xmax>
			<ymin>312</ymin>
			<ymax>434</ymax>
		</bndbox>
		<polygon>
			<x1>240.603898</x1>
			<y1>432.876528</y1>
			<x2>250.27681</x2>
			<y2>411.293746</y2>
			<x3>258.788971</x3>
			<y3>346.545399</y3>
			<x4>260.723554</x4>
			<y4>318.796108</y4>
			<x5>242.925397</x5>
			<y5>310.684073</y5>
			<x6>231.70482</x6>
			<y6>324.558719</y6>
			<x7>236.347817</x7>
			<y7>353.849638</y7>
			<x8>235.187068</x8>
			<y8>418.231069</y8>
			<x9>240.603898</x9>
			<y9>432.876528</y9>
		</polygon>
	</object>
	<object>
		<name>RPMD</name>
		<pose>Unspecified</pose>
		<truncated>0</truncated>
		<difficult>0</difficult>
		<occluded>0</occluded>
		<bndbox>
			<xmin>209</xmin>
			<xmax>242</xmax>
			<ymin>305</ymin>
			<ymax>434</ymax>
		</bndbox>
		<polygon>
			<x1>214.715228</x1>
			<y1>312.770418</y1>
			<x2>210.424415</x2>
			<y2>324.191803</y2>
			<x3>213.13283</x3>
			<y3>366.586554</y3>
			<x4>208.489833</x4>
			<y4>432.876528</y4>
			<x5>215.454329</x5>
			<y5>432.876528</y5>
			<x6>223.192658</x6>
			<y6>419.001882</y6>
			<x7>232.478653</x7>
			<y7>362.732486</y7>
			<x8>240.990815</x8>
			<y8>330.358313</y8>
			<x9>236.347817</x9>
			<y9>312.629598</y9>
			<x10>227.835655</x10>
			<y10>304.150648</y10>
			<x11>214.715228</x11>
			<y11>312.770418</y11>
		</polygon>
	</object>
	<object>
		<name>RMD</name>
		<pose>Unspecified</pose>
		<truncated>0</truncated>
		<difficult>0</difficult>
		<occluded>0</occluded>
		<bndbox>
			<xmin>117</xmin>
			<xmax>177</xmax>
			<ymin>263</ymin>
			<ymax>377</ymax>
		</bndbox>
		<polygon>
			<x1>156.282815</x1>
			<y1>268.03537</y1>
			<x2>145.035536</x2>
			<y2>261.755898</y2>
			<x3>139.231789</x3>
			<y3>267.922406</y3>
			<x4>134.201875</x4>
			<y4>294.900884</y4>
			<x5>116.790635</x5>
			<y5>328.045871</y5>
			<x6>116.403718</x6>
			<y6>349.628654</y6>
			<x7>128.398128</x7>
			<y7>343.462144</y7>
			<x8>136.91029</x8>
			<y8>333.441567</y8>
			<x9>135.749541</x9>
			<y9>343.462144</y9>
			<x10>129.171961</x10>
			<y10>358.878417</y10>
			<x11>124.91588</x11>
			<y11>363.503299</y11>
			<x12>135.749541</x12>
			<y12>375.836318</y12>
			<x13>145.035536</x13>
			<y13>366.586554</y13>
			<x14>154.32153</x14>
			<y14>352.711908</y14>
			<x15>160.512193</x15>
			<y15>337.295635</y15>
			<x16>171.345854</x16>
			<y16>321.879362</y16>
			<x17>175.988852</x17>
			<y17>306.463089</y17>
			<x18>173.280436</x18>
			<y18>289.505189</y18>
			<x19>169.411272</x19>
			<y19>280.255425</y19>
			<x20>164.381358</x20>
			<y20>280.255425</y20>
			<x21>156.282815</x21>
			<y21>268.03537</y21>
		</polygon>
	</object>
	<object>
		<name>RMU</name>
		<pose>Unspecified</pose>
		<truncated>0</truncated>
		<difficult>0</difficult>
		<occluded>0</occluded>
		<bndbox>
			<xmin>144</xmin>
			<xmax>183</xmax>
			<ymin>141</ymin>
			<ymax>267</ymax>
		</bndbox>
		<polygon>
			<x1>179.471099</x1>
			<y1>215.840374</y1>
			<x2>181.405682</x2>
			<y2>173.445623</y2>
			<x3>175.988852</x3>
			<y3>143.383891</y3>
			<x4>172.89352</x4>
			<y4>187.320269</y4>
			<x5>169.798188</x5>
			<y5>139.529822</y5>
			<x6>166.31594</x6>
			<y6>139.529822</y6>
			<x7>161.31342</x7>
			<y7>150.413044</y7>
			<x8>143.48787</x8>
			<y8>229.715019</y8>
			<x9>147.357034</x9>
			<y9>252.839429</y9>
			<x10>156.256113</x10>
			<y10>262.860007</y10>
			<x11>164.381358</x11>
			<y11>263.63082</y11>
			<x12>174.828102</x12>
			<y12>265.943261</y12>
			<x13>182.179515</x13>
			<y13>256.693498</y13>
			<x14>179.471099</x14>
			<y14>215.840374</y14>
		</polygon>
	</object>
	<object>
		<name>RPMU</name>
		<pose>Unspecified</pose>
		<truncated>0</truncated>
		<difficult>0</difficult>
		<occluded>0</occluded>
		<bndbox>
			<xmin>216</xmin>
			<xmax>244</xmax>
			<ymin>178</ymin>
			<ymax>295</ymax>
		</bndbox>
		<polygon>
			<x1>214.680496</x1>
			<y1>275.193025</y1>
			<x2>220.097326</x2>
			<y2>290.609298</y2>
			<x3>229.383321</x3>
			<y3>293.692553</y3>
			<x4>238.669316</x4>
			<y4>288.296857</y4>
			<x5>243.312314</x5>
			<y5>274.422211</y5>
			<x6>243.312314</x6>
			<y6>228.944206</y6>
			<x7>243.312314</x7>
			<y7>190.403523</y7>
			<x8>234.837648</x8>
			<y8>176.637038</y8>
			<x9>216.228162</x9>
			<y9>257.464311</y9>
			<x10>214.680496</x10>
			<y10>275.193025</y10>
		</polygon>
	</object>
	<object>
		<name>RCU</name>
		<pose>Unspecified</pose>
		<truncated>0</truncated>
		<difficult>0</difficult>
		<occluded>0</occluded>
		<bndbox>
			<xmin>254</xmin>
			<xmax>280</xmax>
			<ymin>191</ymin>
			<ymax>322</ymax>
		</bndbox>
		<polygon>
			<x1>257.241306</x1>
			<y1>312.19208</y1>
			<x2>264.205802</x2>
			<y2>321.441844</y2>
			<x3>274.265629</x3>
			<y3>319.129403</y3>
			<x4>279.295543</x4>
			<y4>307.567198</y4>
			<x5>278.134794</x5>
			<y5>253.610242</y5>
			<x6>277.360961</x6>
			<y6>218.923628</y6>
			<x7>271.944131</x7>
			<y7>195.799219</y7>
			<x8>262.658136</x8>
			<y8>189.632709</y8>
			<x9>253.372141</x9>
			<y9>296.775807</y9>
			<x10>257.241306</x10>
			<y10>312.19208</y10>
		</polygon>
	</object>
	<object>
		<name>RIU</name>
		<pose>Unspecified</pose>
		<truncated>0</truncated>
		<difficult>0</difficult>
		<occluded>0</occluded>
		<bndbox>
			<xmin>276</xmin>
			<xmax>294</xmax>
			<ymin>206</ymin>
			<ymax>326</ymax>
		</bndbox>
		<polygon>
			<x1>275.039462</x1>
			<y1>319.900217</y1>
			<x2>278.52171</x2>
			<y2>324.525099</y2>
			<x3>292.837619</x3>
			<y3>323.754285</y3>
			<x4>293.224535</x4>
			<y4>312.19208</y4>
			<x5>292.837619</x5>
			<y5>272.109771</y5>
			<x6>287.465516</x6>
			<y6>205.174914</y6>
			<x7>279.295543</x7>
			<y7>208.903051</y7>
			<x8>278.52171</x8>
			<y8>263.63082</y8>
			<x9>275.039462</x9>
			<y9>319.900217</y9>
		</polygon>
	</object>
	<object>
		<name>RIU</name>
		<pose>Unspecified</pose>
		<truncated>0</truncated>
		<difficult>0</difficult>
		<occluded>0</occluded>
		<bndbox>
			<xmin>293</xmin>
			<xmax>319</xmax>
			<ymin>200</ymin>
			<ymax>333</ymax>
		</bndbox>
		<polygon>
			<x1>297.480616</x1>
			<y1>198.882474</y1>
			<x2>294.385285</x2>
			<y2>240.506411</y2>
			<x3>293.224535</x3>
			<y3>289.067671</y3>
			<x4>292.450702</x4>
			<y4>326.837539</y4>
			<x5>298.641366</x5>
			<y5>332.233235</y5>
			<x6>310.635776</x6>
			<y6>329.149981</y6>
			<x7>317.987188</x7>
			<y7>325.295912</y7>
			<x8>315.665689</x8>
			<y8>296.775807</y8>
			<x9>311.844602</x9>
			<y9>213.659148</y9>
			<x10>297.480616</x10>
			<y10>198.882474</y10>
		</polygon>
	</object>
	<object>
		<name>LIU</name>
		<pose>Unspecified</pose>
		<truncated>0</truncated>
		<difficult>0</difficult>
		<occluded>0</occluded>
		<bndbox>
			<xmin>317</xmin>
			<xmax>342</xmax>
			<ymin>196</ymin>
			<ymax>332</ymax>
		</bndbox>
		<polygon>
			<x1>326.886266</x1>
			<y1>331.462422</y1>
			<x2>336.946094</x2>
			<y2>326.066726</y2>
			<x3>340.815258</x3>
			<y3>319.129403</y3>
			<x4>340.041425</x4>
			<y4>306.025571</y4>
			<x5>338.106843</x5>
			<y5>287.526043</y5>
			<x6>331.967023</x6>
			<y6>205.174914</y6>
			<x7>324.564768</x7>
			<y7>195.028405</y7>
			<x8>321.469436</x8>
			<y8>207.361424</y8>
			<x9>319.147937</x9>
			<y9>279.047093</y9>
			<x10>316.439522</x10>
			<y10>309.879639</y10>
			<x11>316.826438</x11>
			<y11>326.066726</y11>
			<x12>319.92177</x12>
			<y12>331.462422</y12>
			<x13>326.886266</x13>
			<y13>331.462422</y13>
		</polygon>
	</object>
	<object>
		<name>LIU</name>
		<pose>Unspecified</pose>
		<truncated>0</truncated>
		<difficult>0</difficult>
		<occluded>0</occluded>
		<bndbox>
			<xmin>340</xmin>
			<xmax>361</xmax>
			<ymin>200</ymin>
			<ymax>326</ymax>
		</bndbox>
		<polygon>
			<x1>359.774164</x1>
			<y1>311.421267</y1>
			<x2>356.678833</x2>
			<y2>290.609298</y2>
			<x3>353.583501</x3>
			<y3>262.860007</y3>
			<x4>349.32742</x4>
			<y4>198.882474</y4>
			<x5>340.041425</x5>
			<y5>205.819796</y5>
			<x6>339.267593</x6>
			<y6>237.423156</y6>
			<x7>339.267593</x7>
			<y7>289.067671</y7>
			<x8>340.041425</x8>
			<y8>312.962894</y8>
			<x9>341.589091</x9>
			<y9>324.525099</y9>
			<x10>350.101253</x10>
			<y10>323.754285</y10>
			<x11>356.291916</x11>
			<y11>319.900217</y11>
			<x12>359.774164</x12>
			<y12>311.421267</y12>
		</polygon>
	</object>
	<object>
		<name>LCU</name>
		<pose>Unspecified</pose>
		<truncated>0</truncated>
		<difficult>0</difficult>
		<occluded>0</occluded>
		<bndbox>
			<xmin>357</xmin>
			<xmax>380</xmax>
			<ymin>185</ymin>
			<ymax>320</ymax>
		</bndbox>
		<polygon>
			<x1>363.256413</x1>
			<y1>319.129403</y1>
			<x2>371.381658</x2>
			<y2>316.816962</y2>
			<x3>377.185404</x3>
			<y3>310.650453</y3>
			<x4>379.119987</x4>
			<y4>297.546621</y4>
			<x5>377.185404</x5>
			<y5>268.255702</y5>
			<x6>369.503076</x6>
			<y6>196.690681</y6>
			<x7>360.547997</x7>
			<y7>184.237014</y7>
			<x8>355.905</x8>
			<y8>204.278169</y8>
			<x9>355.518083</x9>
			<y9>244.360479</y9>
			<x10>355.518083</x10>
			<y10>288.296857</y10>
			<x11>357.065749</x11>
			<y11>306.025571</y11>
			<x12>359.000331</x12>
			<y12>314.504521</y12>
			<x13>363.256413</x13>
			<y13>319.129403</y13>
		</polygon>
	</object>
	<metadata>
		<tags>
			<tag>teeth</tag>
		</tags>
	</metadata>
</annotation>
