<annotation>
	<folder></folder>
	<filename>247_jpg.rf.374e6996e780316243f9af85e45fbb6a.jpg</filename>
	<path>247_jpg.rf.374e6996e780316243f9af85e45fbb6a.jpg</path>
	<source>
		<database>roboflow.com</database>
	</source>
	<size>
		<width>640</width>
		<height>640</height>
		<depth>3</depth>
	</size>
	<segmented>0</segmented>
	<object>
		<name>LIU</name>
		<pose>Unspecified</pose>
		<truncated>0</truncated>
		<difficult>0</difficult>
		<occluded>0</occluded>
		<bndbox>
			<xmin>317</xmin>
			<xmax>351</xmax>
			<ymin>199</ymin>
			<ymax>377</ymax>
		</bndbox>
		<polygon>
			<x1>350.287867</x1>
			<y1>347.52025</y1>
			<x2>343.878103</x2>
			<y2>304.877284</y2>
			<x3>338.480407</x3>
			<y3>210.453574</y3>
			<x4>332.745355</x4>
			<y4>198.269869</y4>
			<x5>325.02257</x5>
			<y5>207.421768</y5>
			<x6>318.239047</x6>
			<y6>278.073134</y6>
			<x7>316.214911</x7>
			<y7>327.417137</y7>
			<x8>316.889624</x8>
			<y8>371.278474</y8>
			<x9>329.371795</x9>
			<y9>376.151956</y9>
			<x10>346.239595</x10>
			<y10>368.232548</y10>
			<x11>350.287867</x11>
			<y11>347.52025</y11>
		</polygon>
	</object>
	<object>
		<name>LIU</name>
		<pose>Unspecified</pose>
		<truncated>0</truncated>
		<difficult>0</difficult>
		<occluded>0</occluded>
		<bndbox>
			<xmin>345</xmin>
			<xmax>371</xmax>
			<ymin>199</ymin>
			<ymax>359</ymax>
		</bndbox>
		<polygon>
			<x1>345.266711</x1>
			<y1>204.983509</y1>
			<x2>343.878103</x2>
			<y2>286.560733</y2>
			<x3>346.239595</x3>
			<y3>337.123107</y3>
			<x4>351.299935</x4>
			<y4>358.444589</y4>
			<x5>364.794175</x5>
			<y5>346.260885</y5>
			<x6>370.191871</x6>
			<y6>312.146512</y6>
			<x7>355.348207</x7>
			<y7>207.975839</y7>
			<x8>350.962579</x8>
			<y8>197.61969</y8>
			<x9>345.266711</x9>
			<y9>204.983509</y9>
		</polygon>
	</object>
	<object>
		<name>RIU</name>
		<pose>Unspecified</pose>
		<truncated>0</truncated>
		<difficult>0</difficult>
		<occluded>0</occluded>
		<bndbox>
			<xmin>286</xmin>
			<xmax>318</xmax>
			<ymin>202</ymin>
			<ymax>377</ymax>
		</bndbox>
		<polygon>
			<x1>284.840804</x1>
			<y1>336.513921</y1>
			<x2>284.503448</x2>
			<y2>366.973183</y2>
			<x3>290.575856</x3>
			<y3>375.501776</y3>
			<x4>302.383316</x4>
			<y4>375.501776</y4>
			<x5>316.889624</x5>
			<y5>370.019109</y5>
			<x6>316.889624</x6>
			<y6>318.238365</y6>
			<x7>311.491928</x7>
			<y7>286.560733</y7>
			<x8>297.692979</x8>
			<y8>216.565241</y8>
			<x9>287.539652</x9>
			<y9>200.665616</y9>
			<x10>284.503448</x10>
			<y10>215.895247</y10>
			<x11>288.55172</x11>
			<y11>297.526067</y11>
			<x12>284.840804</x12>
			<y12>336.513921</y12>
		</polygon>
	</object>
	<object>
		<name>RIU</name>
		<pose>Unspecified</pose>
		<truncated>0</truncated>
		<difficult>0</difficult>
		<occluded>0</occluded>
		<bndbox>
			<xmin>264</xmin>
			<xmax>289</xmax>
			<ymin>181</ymin>
			<ymax>357</ymax>
		</bndbox>
		<polygon>
			<x1>285.852872</x1>
			<y1>346.260885</y1>
			<x2>287.877008</x2>
			<y2>302.399549</y2>
			<x3>284.840804</x3>
			<y3>203.711543</y3>
			<x4>276.406904</x4>
			<y4>179.953319</y4>
			<x5>268.676376</x5>
			<y5>200.106991</y5>
			<x6>268.647716</x6>
			<y6>248.182064</y6>
			<x7>262.912664</x7>
			<y7>328.594514</y7>
			<x8>264.262088</x8>
			<y8>341.387403</y8>
			<x9>271.009208</x9>
			<y9>353.571108</y9>
			<x10>279.105752</x10>
			<y10>356.007849</y10>
			<x11>285.852872</x11>
			<y11>346.260885</y11>
		</polygon>
	</object>
	<object>
		<name>RID</name>
		<pose>Unspecified</pose>
		<truncated>0</truncated>
		<difficult>0</difficult>
		<occluded>0</occluded>
		<bndbox>
			<xmin>303</xmin>
			<xmax>329</xmax>
			<ymin>410</ymin>
			<ymax>535</ymax>
		</bndbox>
		<polygon>
			<x1>319.624132</x1>
			<y1>412.235542</y1>
			<x2>311.154571</x2>
			<y2>409.129947</y2>
			<x3>302.720671</x3>
			<y3>411.566688</y3>
			<x4>302.04596</x4>
			<y4>423.750392</y4>
			<x5>309.130435</x5>
			<y5>466.393358</y5>
			<x6>320.263183</x6>
			<y6>526.702695</y6>
			<x7>327.685015</x7>
			<y7>534.012918</y7>
			<x8>322.287319</x8>
			<y8>445.071875</y8>
			<x9>319.624132</x9>
			<y9>412.235542</y9>
		</polygon>
	</object>
	<object>
		<name>RID</name>
		<pose>Unspecified</pose>
		<truncated>0</truncated>
		<difficult>0</difficult>
		<occluded>0</occluded>
		<bndbox>
			<xmin>283</xmin>
			<xmax>320</xmax>
			<ymin>416</ymin>
			<ymax>527</ymax>
		</bndbox>
		<polygon>
			<x1>286.86494</x1>
			<y1>421.922836</y1>
			<x2>282.141956</x2>
			<y2>436.543282</y2>
			<x3>289.226432</x3>
			<y3>465.784172</y3>
			<x4>312.841352</x4>
			<y4>525.484325</y4>
			<x5>319.251115</x5>
			<y5>526.09351</y5>
			<x6>304.103624</x6>
			<y6>419.55032</y6>
			<x7>294.961484</x7>
			<y7>415.221799</y7>
			<x8>286.86494</x8>
			<y8>421.922836</y8>
		</polygon>
	</object>
	<object>
		<name>LID</name>
		<pose>Unspecified</pose>
		<truncated>0</truncated>
		<difficult>0</difficult>
		<occluded>0</occluded>
		<bndbox>
			<xmin>321</xmin>
			<xmax>347</xmax>
			<ymin>408</ymin>
			<ymax>540</ymax>
		</bndbox>
		<polygon>
			<x1>343.203391</x1>
			<y1>538.8864</y1>
			<x2>345.902239</x2>
			<y2>512.08225</y2>
			<x3>340.167187</x3>
			<y3>410.348317</y3>
			<x4>336.456271</x4>
			<y4>407.302391</y4>
			<x5>327.010303</x5>
			<y5>410.348317</y5>
			<x6>319.588471</x6>
			<y6>410.348317</y6>
			<x7>321.949963</x7>
			<y7>442.635134</y7>
			<x8>331.058575</x8>
			<y8>495.634249</y8>
			<x9>333.757423</x9>
			<y9>523.047584</y9>
			<x10>343.203391</x10>
			<y10>538.8864</y10>
		</polygon>
	</object>
	<object>
		<name>LID</name>
		<pose>Unspecified</pose>
		<truncated>0</truncated>
		<difficult>0</difficult>
		<occluded>0</occluded>
		<bndbox>
			<xmin>339</xmin>
			<xmax>364</xmax>
			<ymin>408</ymin>
			<ymax>547</ymax>
		</bndbox>
		<polygon>
			<x1>363.107395</x1>
			<y1>540.10477</y1>
			<x2>361.420615</x2>
			<y2>463.347432</y2>
			<x3>358.088001</x3>
			<y3>408.578154</y3>
			<x4>345.227527</x4>
			<y4>407.302391</y4>
			<x5>338.480407</x5>
			<y5>415.221799</y5>
			<x6>342.528679</x6>
			<y6>458.47395</y6>
			<x7>347.926375</x7>
			<y7>493.806693</y7>
			<x8>353.998783</x8>
			<y8>529.748621</y8>
			<x9>359.059123</x9>
			<y9>546.196622</y9>
			<x10>363.107395</x10>
			<y10>540.10477</y10>
		</polygon>
	</object>
	<object>
		<name>LMD</name>
		<pose>Unspecified</pose>
		<truncated>0</truncated>
		<difficult>0</difficult>
		<occluded>0</occluded>
		<bndbox>
			<xmin>424</xmin>
			<xmax>497</xmax>
			<ymin>339</ymin>
			<ymax>488</ymax>
		</bndbox>
		<polygon>
			<x1>468.386805</x1>
			<y1>364.57402</y1>
			<x2>464.675889</x2>
			<y2>338.988241</y2>
			<x3>455.567277</x3>
			<y3>340.815796</y3>
			<x4>444.097173</x4>
			<y4>338.379056</y4>
			<x5>436.337985</x5>
			<y5>355.436242</y5>
			<x6>423.518457</x6>
			<y6>355.436242</y6>
			<x7>422.506389</x7>
			<y7>376.148539</y7>
			<x8>429.590865</x8>
			<y8>396.251652</y8>
			<x9>438.699477</x9>
			<y9>412.090468</y9>
			<x10>450.169581</x10>
			<y10>446.814026</y10>
			<x11>460.290261</x11>
			<y11>475.445731</y11>
			<x12>473.784501</x12>
			<y12>487.020251</y12>
			<x13>475.808637</x13>
			<y13>477.273287</y13>
			<x14>461.639685</x14>
			<y14>433.411951</y14>
			<x15>459.615549</x15>
			<y15>424.274173</y15>
			<x16>464.001177</x16>
			<y16>421.228246</y16>
			<x17>481.543689</x17>
			<y17>451.078323</y17>
			<x18>490.314944</x18>
			<y18>466.307953</y18>
			<x19>496.387352</x19>
			<y19>457.77936</y19>
			<x20>479.519553</x20>
			<y20>407.216986</y20>
			<x21>468.386805</x21>
			<y21>364.57402</y21>
		</polygon>
	</object>
	<object>
		<name>LMD</name>
		<pose>Unspecified</pose>
		<truncated>0</truncated>
		<difficult>0</difficult>
		<occluded>0</occluded>
		<bndbox>
			<xmin>475</xmin>
			<xmax>523</xmax>
			<ymin>349</ymin>
			<ymax>441</ymax>
		</bndbox>
		<polygon>
			<x1>522.363764</x1>
			<y1>396.860837</y1>
			<x2>519.664916</x2>
			<y2>390.159799</y2>
			<x3>508.869524</x3>
			<y3>370.056687</y3>
			<x4>501.110336</x4>
			<y4>349.344389</y4>
			<x5>496.760369</x5>
			<y5>349.450367</y5>
			<x6>492.676436</x6>
			<y6>348.126019</y6>
			<x7>487.27874</x7>
			<y7>352.999501</y7>
			<x8>482.893112</x8>
			<y8>373.102613</y8>
			<x9>475.471281</x9>
			<y9>374.320984</y9>
			<x10>474.796569</x10>
			<y10>384.067948</y10>
			<x11>474.459213</x11>
			<y11>404.17106</y11>
			<x12>482.893112</x12>
			<y12>413.918023</y12>
			<x13>491.327012</x13>
			<y13>424.274173</y13>
			<x14>502.122404</x14>
			<y14>437.676247</y14>
			<x15>508.869524</x15>
			<y15>439.503803</y15>
			<x16>503.134472</x16>
			<y16>423.055802</y16>
			<x17>500.098268</x17>
			<y17>403.561874</y17>
			<x18>502.122404</x18>
			<y18>394.424096</y18>
			<x19>506.508032</x19>
			<y19>392.596541</y19>
			<x20>522.363764</x20>
			<y20>396.860837</y20>
		</polygon>
	</object>
	<object>
		<name>LMU</name>
		<pose>Unspecified</pose>
		<truncated>0</truncated>
		<difficult>0</difficult>
		<occluded>0</occluded>
		<bndbox>
			<xmin>447</xmin>
			<xmax>487</xmax>
			<ymin>150</ymin>
			<ymax>249</ymax>
		</bndbox>
		<polygon>
			<x1>457.591413</x1>
			<y1>154.932314</y1>
			<x2>450.844293</x2>
			<y2>160.414981</y2>
			<x3>446.121309</x3>
			<y3>184.173204</y3>
			<x4>451.181649</x4>
			<y4>226.206985</y4>
			<x5>456.579345</x5>
			<y5>248.137653</y5>
			<x6>471.760365</x6>
			<y6>246.919283</y6>
			<x7>476.483349</x7>
			<y7>239.60906</y7>
			<x8>483.230468</x8>
			<y8>238.999875</y8>
			<x9>485.929317</x9>
			<y9>218.287577</y9>
			<x10>482.218401</x10>
			<y10>199.402835</y10>
			<x11>476.483349</x11>
			<y11>179.908908</y11>
			<x12>475.166618</x12>
			<y12>157.437454</y12>
			<x13>467.374737</x13>
			<y13>148.840461</y13>
			<x14>457.591413</x14>
			<y14>154.932314</y14>
		</polygon>
	</object>
	<object>
		<name>LMU</name>
		<pose>Unspecified</pose>
		<truncated>0</truncated>
		<difficult>0</difficult>
		<occluded>0</occluded>
		<bndbox>
			<xmin>425</xmin>
			<xmax>468</xmax>
			<ymin>180</ymin>
			<ymax>320</ymax>
		</bndbox>
		<polygon>
			<x1>450.844293</x1>
			<y1>319.412324</y1>
			<x2>454.217853</x2>
			<y2>304.182694</y2>
			<x3>462.989109</x3>
			<y3>306.010249</y3>
			<x4>467.037381</x4>
			<y4>285.297952</y4>
			<x5>467.037381</x5>
			<y5>265.804025</y5>
			<x6>457.928769</x6>
			<y6>245.700913</y6>
			<x7>443.422461</x7>
			<y7>178.690538</y7>
			<x8>431.952357</x8>
			<y8>186.00076</y8>
			<x9>424.218862</x9>
			<y9>204.983509</y9>
			<x10>429.253509</x10>
			<y10>287.125507</y10>
			<x11>433.301781</x11>
			<y11>309.056176</y11>
			<x12>437.350053</x12>
			<y12>319.412324</y12>
			<x13>450.844293</x13>
			<y13>319.412324</y13>
		</polygon>
	</object>
	<object>
		<name>RMD</name>
		<pose>Unspecified</pose>
		<truncated>0</truncated>
		<difficult>0</difficult>
		<occluded>0</occluded>
		<bndbox>
			<xmin>152</xmin>
			<xmax>225</xmax>
			<ymin>334</ymin>
			<ymax>489</ymax>
		</bndbox>
		<polygon>
			<x1>217.35565</x1>
			<y1>352.372855</y1>
			<x2>206.560258</x2>
			<y2>355.418781</y2>
			<x3>199.138426</x3>
			<y3>335.924854</y3>
			<x4>191.041883</x4>
			<y4>342.016706</y4>
			<x5>184.632119</x5>
			<y5>332.878928</y5>
			<x6>180.246491</x6>
			<y6>339.579965</y6>
			<x7>173.499371</x7>
			<y7>362.729004</y7>
			<x8>150.559163</x8>
			<y8>452.279232</y8>
			<x9>151.908587</x9>
			<y9>463.244566</y9>
			<x10>160.679843</x10>
			<y10>452.888418</y10>
			<x11>173.499371</x11>
			<y11>424.256712</y11>
			<x12>185.644187</x12>
			<y12>412.682192</y12>
			<x13>179.571779</x13>
			<y13>432.785305</y13>
			<x14>171.137879</x14>
			<y14>460.19864</y14>
			<x15>164.390759</x15>
			<y15>473.600715</y15>
			<x16>169.451099</x16>
			<y16>487.611975</y16>
			<x17>181.93327</x17>
			<y17>474.2099</y17>
			<x18>197.451646</x18>
			<y18>441.923083</y18>
			<x19>210.60853</x19>
			<y19>399.889302</y19>
			<x20>221.066566</x20>
			<y20>385.878042</y20>
			<x21>224.440126</x21>
			<y21>354.809596</y21>
			<x22>217.35565</x22>
			<y22>352.372855</y22>
		</polygon>
	</object>
	<object>
		<name>RMD</name>
		<pose>Unspecified</pose>
		<truncated>0</truncated>
		<difficult>0</difficult>
		<occluded>0</occluded>
		<bndbox>
			<xmin>118</xmin>
			<xmax>172</xmax>
			<ymin>347</ymin>
			<ymax>433</ymax>
		</bndbox>
		<polygon>
			<x1>116.823563</x1>
			<y1>389.533154</y1>
			<x2>126.269531</x2>
			<y2>393.188265</y2>
			<x3>135.715499</x3>
			<y3>389.533154</y3>
			<x4>139.763771</x4>
			<y4>398.061747</y4>
			<x5>146.173535</x5>
			<y5>402.326044</y5>
			<x6>134.366075</x6>
			<y6>427.911823</y6>
			<x7>143.812043</x7>
			<y7>432.176119</y7>
			<x8>160.005131</x8>
			<y8>415.728119</y8>
			<x9>170.800523</x9>
			<y9>393.188265</y9>
			<x10>169.113743</x10>
			<y10>369.430041</y10>
			<x11>161.354555</x11>
			<y11>367.602486</y11>
			<x12>156.294215</x12>
			<y12>346.281002</y12>
			<x13>151.260356</x13>
			<y13>346.402544</y13>
			<x14>135.715499</x14>
			<y14>351.154484</y14>
			<x15>116.823563</x15>
			<y15>389.533154</y15>
		</polygon>
	</object>
	<object>
		<name>RMU</name>
		<pose>Unspecified</pose>
		<truncated>0</truncated>
		<difficult>0</difficult>
		<occluded>0</occluded>
		<bndbox>
			<xmin>163</xmin>
			<xmax>210</xmax>
			<ymin>179</ymin>
			<ymax>321</ymax>
		</bndbox>
		<polygon>
			<x1>196.102223</x1>
			<y1>310.257086</y1>
			<x2>206.560258</x2>
			<y2>266.395749</y2>
			<x3>208.92175</x3>
			<y3>188.420041</y3>
			<x4>193.74073</x4>
			<y4>178.063892</y4>
			<x5>182.270627</x5>
			<y5>198.167004</y5>
			<x6>170.463167</x6>
			<y6>253.602859</y6>
			<x7>162.366623</x7>
			<y7>277.361084</y7>
			<x8>166.752251</x8>
			<y8>304.774419</y8>
			<x9>177.547643</x9>
			<y9>300.510122</y9>
			<x10>183.282695</x10>
			<y10>320.004049</y10>
			<x11>196.102223</x11>
			<y11>310.257086</y11>
		</polygon>
	</object>
	<object>
		<name>RMU</name>
		<pose>Unspecified</pose>
		<truncated>0</truncated>
		<difficult>0</difficult>
		<occluded>0</occluded>
		<bndbox>
			<xmin>145</xmin>
			<xmax>188</xmax>
			<ymin>132</ymin>
			<ymax>244</ymax>
		</bndbox>
		<polygon>
			<x1>186.993611</x1>
			<y1>162.225076</y1>
			<x2>184.969474</x2>
			<y2>156.742409</y2>
			<x3>175.186151</x3>
			<y3>171.362854</y3>
			<x4>168.101675</x4>
			<y4>130.547444</y4>
			<x5>161.354555</x5>
			<y5>140.903593</y5>
			<x6>144.486755</x6>
			<y6>204.868042</y6>
			<x7>147.860315</x7>
			<y7>228.01708</y7>
			<x8>160.342487</x8>
			<y8>229.844636</y8>
			<x9>168.101675</x9>
			<y9>243.246711</y9>
			<x10>179.909135</x10>
			<y10>226.189524</y10>
			<x11>186.993611</x11>
			<y11>162.225076</y11>
		</polygon>
	</object>
	<metadata>
		<tags>
			<tag>teeth</tag>
		</tags>
	</metadata>
</annotation>
