<annotation>
	<folder></folder>
	<filename>248_jpg.rf.bb521d73b34f50b184848c778b25b94b.jpg</filename>
	<path>248_jpg.rf.bb521d73b34f50b184848c778b25b94b.jpg</path>
	<source>
		<database>roboflow.com</database>
	</source>
	<size>
		<width>640</width>
		<height>640</height>
		<depth>3</depth>
	</size>
	<segmented>0</segmented>
	<object>
		<name>LMU</name>
		<pose>Unspecified</pose>
		<truncated>0</truncated>
		<difficult>0</difficult>
		<occluded>0</occluded>
		<bndbox>
			<xmin>444</xmin>
			<xmax>487</xmax>
			<ymin>225</ymin>
			<ymax>332</ymax>
		</bndbox>
		<polygon>
			<x1>478.624787</x1>
			<y1>283.849344</y1>
			<x2>484.483463</x2>
			<y2>243.831166</y2>
			<x3>486.157371</x3>
			<y3>226.323212</y3>
			<x4>481.135648</x4>
			<y4>223.822076</y4>
			<x5>472.807996</x5>
			<y5>230.585902</y5>
			<x6>452.679219</x6>
			<y6>267.175102</y6>
			<x7>442.635773</x7>
			<y7>307.193281</y7>
			<x8>446.820542</x8>
			<y8>327.20237</y8>
			<x9>458.537896</x9>
			<y9>330.537218</y9>
			<x10>464.396572</x10>
			<y10>328.869794</y10>
			<x11>473.603064</x11>
			<y11>330.537218</y11>
			<x12>476.532402</x12>
			<y12>313.029265</y12>
			<x13>478.624787</x13>
			<y13>283.849344</y13>
		</polygon>
	</object>
	<object>
		<name>LMD</name>
		<pose>Unspecified</pose>
		<truncated>0</truncated>
		<difficult>0</difficult>
		<occluded>0</occluded>
		<bndbox>
			<xmin>414</xmin>
			<xmax>473</xmax>
			<ymin>335</ymin>
			<ymax>468</ymax>
		</bndbox>
		<polygon>
			<x1>452.679219</x1>
			<y1>353.881156</y1>
			<x2>446.820542</x2>
			<y2>337.206914</y2>
			<x3>439.324289</x3>
			<y3>334.030611</y3>
			<x4>423.385836</x4>
			<y4>344.710323</y4>
			<x5>412.505437</x5>
			<y5>354.714868</y5>
			<x6>418.78259</x6>
			<y6>387.229637</y6>
			<x7>438.869481</x7>
			<y7>432.250088</y7>
			<x8>456.027034</x8>
			<y8>467.265994</y8>
			<x9>471.929156</x9>
			<y9>461.430009</y9>
			<x10>471.092202</x10>
			<y10>425.580391</y10>
			<x11>461.048757</x11>
			<y11>400.56903</y11>
			<x12>452.679219</x12>
			<y12>353.881156</y12>
		</polygon>
	</object>
	<object>
		<name>LPMU</name>
		<pose>Unspecified</pose>
		<truncated>0</truncated>
		<difficult>0</difficult>
		<occluded>0</occluded>
		<bndbox>
			<xmin>374</xmin>
			<xmax>405</xmax>
			<ymin>225</ymin>
			<ymax>369</ymax>
		</bndbox>
		<polygon>
			<x1>372.546758</x1>
			<y1>327.20237</y1>
			<x2>375.476097</x2>
			<y2>358.049716</y2>
			<x3>383.427158</x3>
			<y3>364.719412</y3>
			<x4>398.492327</x4>
			<y4>368.05426</y4>
			<x5>403.932526</x5>
			<y5>343.042899</y5>
			<x6>398.492327</x6>
			<y6>244.664878</y6>
			<x7>391.796696</x7>
			<y7>227.156924</y7>
			<x8>384.494718</x8>
			<y8>223.91205</y8>
			<x9>378.823912</x9>
			<y9>292.186464</y9>
			<x10>372.546758</x10>
			<y10>327.20237</y10>
		</polygon>
	</object>
	<object>
		<name>LCU</name>
		<pose>Unspecified</pose>
		<truncated>0</truncated>
		<difficult>0</difficult>
		<occluded>0</occluded>
		<bndbox>
			<xmin>356</xmin>
			<xmax>382</xmax>
			<ymin>202</ymin>
			<ymax>375</ymax>
		</bndbox>
		<polygon>
			<x1>370.085005</x1>
			<y1>210.564346</y1>
			<x2>357.48159</x2>
			<y2>319.698962</y2>
			<x3>354.970729</x3>
			<y3>346.377747</y3>
			<x4>355.389206</x4>
			<y4>365.553124</y4>
			<x5>371.291328</x5>
			<y5>373.890244</y5>
			<x6>380.916297</x6>
			<y6>358.049716</y6>
			<x7>380.079343</x7>
			<y7>268.008815</y7>
			<x8>378.405435</x8>
			<y8>221.32094</y8>
			<x9>376.731528</x9>
			<y9>207.147836</y9>
			<x10>375.05762</x10>
			<y10>201.311851</y10>
			<x11>370.085005</x11>
			<y11>210.564346</y11>
		</polygon>
	</object>
	<object>
		<name>LIU</name>
		<pose>Unspecified</pose>
		<truncated>0</truncated>
		<difficult>0</difficult>
		<occluded>0</occluded>
		<bndbox>
			<xmin>335</xmin>
			<xmax>360</xmax>
			<ymin>220</ymin>
			<ymax>372</ymax>
		</bndbox>
		<polygon>
			<x1>352.878344</x1>
			<y1>222.988364</y1>
			<x2>348.275098</x2>
			<y2>218.819804</y2>
			<x3>343.298039</x3>
			<y3>227.248976</y3>
			<x4>336.976222</x4>
			<y4>298.856161</y4>
			<x5>334.883837</x5>
			<y5>332.204642</y5>
			<x6>334.465361</x6>
			<y6>360.550852</y6>
			<x7>341.579468</x7>
			<y7>368.887973</y7>
			<x8>354.970729</x8>
			<y8>370.555396</y8>
			<x9>358.737021</x9>
			<y9>359.71714</y9>
			<x10>357.063113</x10>
			<y10>314.696689</y10>
			<x11>356.22616</x11>
			<y11>244.664878</y11>
			<x12>352.878344</x12>
			<y12>222.988364</y12>
		</polygon>
	</object>
	<object>
		<name>LIU</name>
		<pose>Unspecified</pose>
		<truncated>0</truncated>
		<difficult>0</difficult>
		<occluded>0</occluded>
		<bndbox>
			<xmin>308</xmin>
			<xmax>336</xmax>
			<ymin>205</ymin>
			<ymax>376</ymax>
		</bndbox>
		<polygon>
			<x1>308.101316</x1>
			<y1>368.05426</y1>
			<x2>320.655623</x2>
			<y2>373.056533</y2>
			<x3>331.117545</x3>
			<y3>374.723957</y3>
			<x4>334.046884</x4>
			<y4>362.218276</y4>
			<x5>334.883837</x5>
			<y5>323.867522</y5>
			<x6>334.883837</x6>
			<y6>221.32094</y6>
			<x7>325.258869</x7>
			<y7>203.812987</y7>
			<x8>314.836888</x8>
			<y8>216.403966</y8>
			<x9>306.845885</x9>
			<y9>324.701234</y9>
			<x10>308.101316</x10>
			<y10>368.05426</y10>
		</polygon>
	</object>
	<object>
		<name>RIU</name>
		<pose>Unspecified</pose>
		<truncated>0</truncated>
		<difficult>0</difficult>
		<occluded>0</occluded>
		<bndbox>
			<xmin>279</xmin>
			<xmax>312</xmax>
			<ymin>226</ymin>
			<ymax>378</ymax>
		</bndbox>
		<polygon>
			<x1>286.340517</x1>
			<y1>225.489501</y1>
			<x2>277.970979</x2>
			<y2>226.323212</y2>
			<x3>277.586264</x3>
			<y3>237.259754</y3>
			<x4>282.992702</x4>
			<y4>293.853888</y4>
			<x5>283.829656</x5>
			<y5>330.537218</y5>
			<x6>282.992702</x6>
			<y6>357.216004</y6>
			<x7>286.758994</x7>
			<y7>375.557669</y7>
			<x8>303.079593</x8>
			<y8>377.225093</y8>
			<x9>310.612177</x9>
			<y9>360.550852</y9>
			<x10>305.590455</x10>
			<y10>308.026993</y10>
			<x11>295.128532</x11>
			<y11>242.163741</y11>
			<x12>286.340517</x12>
			<y12>225.489501</y12>
		</polygon>
	</object>
	<object>
		<name>RIU</name>
		<pose>Unspecified</pose>
		<truncated>0</truncated>
		<difficult>0</difficult>
		<occluded>0</occluded>
		<bndbox>
			<xmin>262</xmin>
			<xmax>286</xmax>
			<ymin>236</ymin>
			<ymax>375</ymax>
		</bndbox>
		<polygon>
			<x1>274.623164</x1>
			<y1>249.66715</y1>
			<x2>267.927533</x2>
			<y2>235.494045</y2>
			<x3>260.813426</x3>
			<y3>236.327757</y3>
			<x4>260.813426</x4>
			<y4>298.856161</y4>
			<x5>261.65038</x5>
			<y5>358.049716</y5>
			<x6>265.416672</x6>
			<y6>370.555396</y6>
			<x7>273.78621</x7>
			<y7>373.890244</y7>
			<x8>283.411179</x8>
			<y8>370.555396</y8>
			<x9>285.085086</x9>
			<y9>359.71714</y9>
			<x10>282.574225</x10>
			<y10>327.20237</y10>
			<x11>277.970979</x11>
			<y11>277.179647</y11>
			<x12>274.623164</x12>
			<y12>249.66715</y12>
		</polygon>
	</object>
	<object>
		<name>RCU</name>
		<pose>Unspecified</pose>
		<truncated>0</truncated>
		<difficult>0</difficult>
		<occluded>0</occluded>
		<bndbox>
			<xmin>240</xmin>
			<xmax>265</xmax>
			<ymin>205</ymin>
			<ymax>379</ymax>
		</bndbox>
		<polygon>
			<x1>251.188457</x1>
			<y1>213.817532</y1>
			<x2>248.677596</x2>
			<y2>203.812987</y2>
			<x3>242.009825</x3>
			<y3>211.398577</y3>
			<x4>240.726535</x4>
			<y4>288.851616</y4>
			<x5>240.726535</x5>
			<y5>323.03381</y5>
			<x6>239.471104</x6>
			<y6>353.881156</y6>
			<x7>248.677596</x7>
			<y7>377.225093</y7>
			<x8>257.884088</x8>
			<y8>378.058805</y8>
			<x9>264.161241</x9>
			<y9>360.550852</y9>
			<x10>263.742765</x10>
			<y10>327.20237</y10>
			<x11>257.884088</x11>
			<y11>253.001998</y11>
			<x12>251.188457</x12>
			<y12>213.817532</y12>
		</polygon>
	</object>
	<object>
		<name>RMU</name>
		<pose>Unspecified</pose>
		<truncated>0</truncated>
		<difficult>0</difficult>
		<occluded>0</occluded>
		<bndbox>
			<xmin>181</xmin>
			<xmax>217</xmax>
			<ymin>235</ymin>
			<ymax>375</ymax>
		</bndbox>
		<polygon>
			<x1>192.601691</x1>
			<y1>233.826621</y1>
			<x2>185.906061</x2>
			<y2>233.826621</y2>
			<x3>180.064966</x3>
			<y3>243.099375</y3>
			<x4>182.139769</x4>
			<y4>308.026993</y4>
			<x5>180.047384</x5>
			<y5>343.876611</y5>
			<x6>182.558246</x6>
			<y6>367.220548</y6>
			<x7>193.857122</x7>
			<y7>373.890244</y7>
			<x8>209.340767</x8>
			<y8>363.8857</y8>
			<x9>215.617921</x9>
			<y9>342.209187</y9>
			<x10>208.085337</x10>
			<y10>291.352752</y10>
			<x11>202.22666</x11>
			<y11>249.66715</y11>
			<x12>192.601691</x12>
			<y12>233.826621</y12>
		</polygon>
	</object>
	<object>
		<name>RMU</name>
		<pose>Unspecified</pose>
		<truncated>0</truncated>
		<difficult>0</difficult>
		<occluded>0</occluded>
		<bndbox>
			<xmin>153</xmin>
			<xmax>182</xmax>
			<ymin>235</ymin>
			<ymax>376</ymax>
		</bndbox>
		<polygon>
			<x1>171.677846</x1>
			<y1>247.999726</y1>
			<x2>160.797447</x2>
			<y2>233.826621</y2>
			<x3>157.449632</x3>
			<y3>253.83571</y3>
			<x4>157.031155</x4>
			<y4>295.521313</y4>
			<x5>152.427909</x5>
			<y5>343.876611</y5>
			<x6>152.846386</x6>
			<y6>363.8857</y6>
			<x7>164.145262</x7>
			<y7>373.056533</y7>
			<x8>175.862615</x8>
			<y8>374.723957</y8>
			<x9>178.373477</x9>
			<y9>371.389108</y9>
			<x10>181.302815</x10>
			<y10>357.216004</y10>
			<x11>178.373477</x11>
			<y11>297.188736</y11>
			<x12>171.677846</x12>
			<y12>247.999726</y12>
		</polygon>
	</object>
	<object>
		<name>RMU</name>
		<pose>Unspecified</pose>
		<truncated>0</truncated>
		<difficult>0</difficult>
		<occluded>0</occluded>
		<bndbox>
			<xmin>127</xmin>
			<xmax>158</xmax>
			<ymin>238</ymin>
			<ymax>357</ymax>
		</bndbox>
		<polygon>
			<x1>126.482341</x1>
			<y1>341.375475</y1>
			<x2>138.199694</x2>
			<y2>350.546308</y2>
			<x3>150.754001</x3>
			<y3>356.382292</y3>
			<x4>155.775724</x4>
			<y4>333.872066</y4>
			<x5>157.449632</x5>
			<y5>313.862977</y5>
			<x6>149.498571</x6>
			<y6>253.83571</y6>
			<x7>143.221417</x7>
			<y7>237.161469</y7>
			<x8>133.606323</x8>
			<y8>242.265144</y8>
			<x9>128.993202</x9>
			<y9>296.355024</y9>
			<x10>126.482341</x10>
			<y10>341.375475</y10>
		</polygon>
	</object>
	<object>
		<name>RPMD</name>
		<pose>Unspecified</pose>
		<truncated>0</truncated>
		<difficult>0</difficult>
		<occluded>0</occluded>
		<bndbox>
			<xmin>211</xmin>
			<xmax>247</xmax>
			<ymin>366</ymin>
			<ymax>503</ymax>
		</bndbox>
		<polygon>
			<x1>243.68401</x1>
			<y1>373.239493</y1>
			<x2>232.775474</x2>
			<y2>364.719412</y2>
			<x3>218.128782</x3>
			<y3>378.892517</y3>
			<x4>219.384213</x4>
			<y4>417.243271</y4>
			<x5>210.177721</x5>
			<y5>487.275083</y5>
			<x6>217.291829</x6>
			<y6>502.281899</y6>
			<x7>228.590705</x7>
			<y7>490.609931</y7>
			<x8>238.215673</x8>
			<y8>421.411831</y8>
			<x9>246.166735</x9>
			<y9>383.061077</y9>
			<x10>242.818919</x10>
			<y10>373.890244</y10>
			<x11>243.68401</x11>
			<y11>373.239493</y11>
		</polygon>
	</object>
	<object>
		<name>RPMD</name>
		<pose>Unspecified</pose>
		<truncated>0</truncated>
		<difficult>0</difficult>
		<occluded>0</occluded>
		<bndbox>
			<xmin>237</xmin>
			<xmax>269</xmax>
			<ymin>373</ymin>
			<ymax>524</ymax>
		</bndbox>
		<polygon>
			<x1>238.63415</x1>
			<y1>384.728501</y1>
			<x2>242.400442</x2>
			<y2>420.578119</y2>
			<x3>236.541766</x3>
			<y3>487.275083</y3>
			<x4>235.704812</x4>
			<y4>523.124701</y4>
			<x5>248.677596</x5>
			<y5>508.117884</y5>
			<x6>260.394949</x6>
			<y6>450.591752</y6>
			<x7>267.927533</x7>
			<y7>393.065622</y7>
			<x8>265.866966</x8>
			<y8>386.587198</y8>
			<x9>254.95475</x9>
			<y9>372.222821</y9>
			<x10>238.63415</x10>
			<y10>384.728501</y10>
		</polygon>
	</object>
	<object>
		<name>RCD</name>
		<pose>Unspecified</pose>
		<truncated>0</truncated>
		<difficult>0</difficult>
		<occluded>0</occluded>
		<bndbox>
			<xmin>254</xmin>
			<xmax>286</xmax>
			<ymin>381</ymin>
			<ymax>525</ymax>
		</bndbox>
		<polygon>
			<x1>285.085086</x1>
			<y1>388.063349</y1>
			<x2>275.912078</x2>
			<y2>379.913345</y2>
			<x3>262.905811</x3>
			<y3>391.398197</y3>
			<x4>261.231903</x4>
			<y4>434.751224</y4>
			<x5>252.862365</x5>
			<y5>523.958413</y5>
			<x6>266.253626</x6>
			<y6>521.457277</y6>
			<x7>281.318794</x7>
			<y7>444.755769</y7>
			<x8>285.085086</x8>
			<y8>388.063349</y8>
		</polygon>
	</object>
	<object>
		<name>RID</name>
		<pose>Unspecified</pose>
		<truncated>0</truncated>
		<difficult>0</difficult>
		<occluded>0</occluded>
		<bndbox>
			<xmin>282</xmin>
			<xmax>302</xmax>
			<ymin>385</ymin>
			<ymax>509</ymax>
		</bndbox>
		<polygon>
			<x1>298.868799</x1>
			<y1>383.807073</y1>
			<x2>286.766436</x2>
			<y2>383.707501</y2>
			<x3>281.422033</x3>
			<y3>384.633363</y3>
			<x4>282.816225</x4>
			<y4>411.483343</y4>
			<x5>282.119129</x5>
			<y5>465.183305</y5>
			<x6>283.513321</x6>
			<y6>507.77293</y6>
			<x7>290.949013</x7>
			<y7>508.235861</y7>
			<x8>297.222878</x8>
			<y8>486.478117</y8>
			<x9>297.919974</x9>
			<y9>428.148849</y9>
			<x10>300.940723</x10>
			<y10>385.096293</y10>
			<x11>298.868799</x11>
			<y11>383.807073</y11>
		</polygon>
	</object>
	<object>
		<name>RID</name>
		<pose>Unspecified</pose>
		<truncated>0</truncated>
		<difficult>0</difficult>
		<occluded>0</occluded>
		<bndbox>
			<xmin>300</xmin>
			<xmax>317</xmax>
			<ymin>385</ymin>
			<ymax>499</ymax>
		</bndbox>
		<polygon>
			<x1>298.849435</x1>
			<y1>404.539382</y1>
			<x2>300.708358</x2>
			<y2>460.553998</y2>
			<x3>302.10255</x3>
			<y3>481.84881</y3>
			<x4>307.214589</x4>
			<y4>497.588454</y4>
			<x5>310.235338</x5>
			<y5>491.107424</y5>
			<x6>313.023723</x6>
			<y6>451.758314</y6>
			<x7>315.812107</x7>
			<y7>399.447145</y7>
			<x8>314.439862</x8>
			<y8>383.807073</y8>
			<x9>299.546531</x9>
			<y9>385.096293</y9>
			<x10>298.849435</x10>
			<y10>404.539382</y10>
		</polygon>
	</object>
	<object>
		<name>LID</name>
		<pose>Unspecified</pose>
		<truncated>0</truncated>
		<difficult>0</difficult>
		<occluded>0</occluded>
		<bndbox>
			<xmin>315</xmin>
			<xmax>333</xmax>
			<ymin>382</ymin>
			<ymax>496</ymax>
		</bndbox>
		<polygon>
			<x1>316.509203</x1>
			<y1>418.427304</y1>
			<x2>321.15651</x2>
			<y2>471.664335</y2>
			<x3>324.409626</x3>
			<y3>489.718632</y3>
			<x4>329.986394</x4>
			<y4>495.273801</y4>
			<x5>331.612952</x5>
			<y5>485.552256</y5>
			<x6>331.845318</x6>
			<y6>444.351423</y6>
			<x7>331.612952</x7>
			<y7>384.633363</y7>
			<x8>328.824568</x8>
			<y8>381.392848</y8>
			<x9>313.953184</x9>
			<y9>384.633363</y9>
			<x10>316.509203</x10>
			<y10>418.427304</y10>
		</polygon>
	</object>
	<object>
		<name>LID</name>
		<pose>Unspecified</pose>
		<truncated>0</truncated>
		<difficult>0</difficult>
		<occluded>0</occluded>
		<bndbox>
			<xmin>331</xmin>
			<xmax>349</xmax>
			<ymin>380</ymin>
			<ymax>498</ymax>
		</bndbox>
		<polygon>
			<x1>347.646162</x1>
			<y1>470.275543</y1>
			<x2>347.878528</x2>
			<y2>423.982473</y2>
			<x3>347.673623</x3>
			<y3>383.807073</y3>
			<x4>338.583913</x4>
			<y4>378.615263</y4>
			<x5>331.148221</x5>
			<y5>381.855778</y5>
			<x6>330.451125</x6>
			<y6>389.262669</y6>
			<x7>333.23951</x7>
			<y7>419.816096</y7>
			<x8>333.936606</x8>
			<y8>452.221245</y8>
			<x9>336.26026</x9>
			<y9>478.145364</y9>
			<x10>341.837028</x10>
			<y10>496.662593</y10>
			<x11>347.413797</x11>
			<y11>496.662593</y11>
			<x12>347.646162</x12>
			<y12>470.275543</y12>
		</polygon>
	</object>
	<object>
		<name>LPMD</name>
		<pose>Unspecified</pose>
		<truncated>0</truncated>
		<difficult>0</difficult>
		<occluded>0</occluded>
		<bndbox>
			<xmin>348</xmin>
			<xmax>375</xmax>
			<ymin>375</ymin>
			<ymax>526</ymax>
		</bndbox>
		<polygon>
			<x1>355.546585</x1>
			<y1>483.700533</y1>
			<x2>366.003027</x2>
			<y2>515.705056</y2>
			<x3>372.973988</x3>
			<y3>524.50074</y3>
			<x4>374.36818</x4>
			<y4>512.464542</y4>
			<x5>372.276891</x5>
			<y5>488.392145</y5>
			<x6>368.094315</x6>
			<y6>457.838718</y6>
			<x7>366.932488</x7>
			<y7>411.545648</y7>
			<x8>369.953238</x8>
			<y8>387.473251</y8>
			<x9>363.679373</x9>
			<y9>379.140499</y9>
			<x10>359.264431</x10>
			<y10>374.511192</y10>
			<x11>354.878145</x11>
			<y11>373.616252</y11>
			<x12>349.040355</x12>
			<y12>376.763541</y12>
			<x13>346.716701</x13>
			<y13>387.410946</y13>
			<x14>347.413797</x14>
			<y14>404.076452</y14>
			<x15>350.202182</x15>
			<y15>444.814354</y15>
			<x16>355.546585</x16>
			<y16>483.700533</y16>
		</polygon>
	</object>
	<object>
		<name>LPMD</name>
		<pose>Unspecified</pose>
		<truncated>0</truncated>
		<difficult>0</difficult>
		<occluded>0</occluded>
		<bndbox>
			<xmin>365</xmin>
			<xmax>390</xmax>
			<ymin>373</ymin>
			<ymax>510</ymax>
		</bndbox>
		<polygon>
			<x1>388.774833</x1>
			<y1>386.084459</y1>
			<x2>382.036237</x2>
			<y2>374.511192</y2>
			<x3>377.886134</x3>
			<y3>372.226594</y3>
			<x4>364.8412</x4>
			<y4>377.751706</y4>
			<x5>363.679373</x5>
			<y5>394.880142</y5>
			<x6>366.700123</x6>
			<y6>416.637886</y6>
			<x7>370.417969</x7>
			<y7>478.6706</y7>
			<x8>379.944949</x8>
			<y8>508.761096</y8>
			<x9>384.127525</x9>
			<y9>491.169729</y9>
			<x10>384.127525</x10>
			<y10>432.840461</y10>
			<x11>386.451179</x11>
			<y11>407.379272</y11>
			<x12>388.774833</x12>
			<y12>386.084459</y12>
		</polygon>
	</object>
	<metadata>
		<tags>
			<tag>teeth</tag>
		</tags>
	</metadata>
</annotation>
