<annotation>
	<folder></folder>
	<filename>248_jpg.rf.064ec799575699adc096df2e10aae7fb.jpg</filename>
	<path>248_jpg.rf.064ec799575699adc096df2e10aae7fb.jpg</path>
	<source>
		<database>roboflow.com</database>
	</source>
	<size>
		<width>640</width>
		<height>640</height>
		<depth>3</depth>
	</size>
	<segmented>0</segmented>
	<object>
		<name>LMU</name>
		<pose>Unspecified</pose>
		<truncated>0</truncated>
		<difficult>0</difficult>
		<occluded>0</occluded>
		<bndbox>
			<xmin>445</xmin>
			<xmax>488</xmax>
			<ymin>226</ymin>
			<ymax>333</ymax>
		</bndbox>
		<polygon>
			<x1>459.537896</x1>
			<y1>331.537218</y1>
			<x2>465.396572</x2>
			<y2>329.869794</y2>
			<x3>474.603064</x3>
			<y3>331.537218</y3>
			<x4>477.532402</x4>
			<y4>314.029265</y4>
			<x5>479.624787</x5>
			<y5>284.849344</y5>
			<x6>485.483463</x6>
			<y6>244.831166</y6>
			<x7>487.157371</x7>
			<y7>227.323212</y7>
			<x8>482.135648</x8>
			<y8>224.822076</y8>
			<x9>473.807996</x9>
			<y9>231.585902</y9>
			<x10>453.679219</x10>
			<y10>268.175102</y10>
			<x11>443.635773</x11>
			<y11>308.193281</y11>
			<x12>447.820542</x12>
			<y12>328.20237</y12>
			<x13>459.537896</x13>
			<y13>331.537218</y13>
		</polygon>
	</object>
	<object>
		<name>LMD</name>
		<pose>Unspecified</pose>
		<truncated>0</truncated>
		<difficult>0</difficult>
		<occluded>0</occluded>
		<bndbox>
			<xmin>415</xmin>
			<xmax>474</xmax>
			<ymin>336</ymin>
			<ymax>469</ymax>
		</bndbox>
		<polygon>
			<x1>457.027034</x1>
			<y1>468.265994</y1>
			<x2>472.929156</x2>
			<y2>462.430009</y2>
			<x3>472.092202</x3>
			<y3>426.580391</y3>
			<x4>462.048757</x4>
			<y4>401.56903</y4>
			<x5>453.679219</x5>
			<y5>354.881156</y5>
			<x6>447.820542</x6>
			<y6>338.206914</y6>
			<x7>440.324289</x7>
			<y7>335.030611</y7>
			<x8>424.385836</x8>
			<y8>345.710323</y8>
			<x9>413.505437</x9>
			<y9>355.714868</y9>
			<x10>419.78259</x10>
			<y10>388.229637</y10>
			<x11>439.869481</x11>
			<y11>433.250088</y11>
			<x12>457.027034</x12>
			<y12>468.265994</y12>
		</polygon>
	</object>
	<object>
		<name>LPMU</name>
		<pose>Unspecified</pose>
		<truncated>0</truncated>
		<difficult>0</difficult>
		<occluded>0</occluded>
		<bndbox>
			<xmin>375</xmin>
			<xmax>406</xmax>
			<ymin>226</ymin>
			<ymax>370</ymax>
		</bndbox>
		<polygon>
			<x1>399.492327</x1>
			<y1>245.664878</y1>
			<x2>392.796696</x2>
			<y2>228.156924</y2>
			<x3>385.494718</x3>
			<y3>224.91205</y3>
			<x4>379.823912</x4>
			<y4>293.186464</y4>
			<x5>373.546758</x5>
			<y5>328.20237</y5>
			<x6>376.476097</x6>
			<y6>359.049716</y6>
			<x7>384.427158</x7>
			<y7>365.719412</y7>
			<x8>399.492327</x8>
			<y8>369.05426</y8>
			<x9>404.932526</x9>
			<y9>344.042899</y9>
			<x10>399.492327</x10>
			<y10>245.664878</y10>
		</polygon>
	</object>
	<object>
		<name>LCU</name>
		<pose>Unspecified</pose>
		<truncated>0</truncated>
		<difficult>0</difficult>
		<occluded>0</occluded>
		<bndbox>
			<xmin>357</xmin>
			<xmax>383</xmax>
			<ymin>203</ymin>
			<ymax>376</ymax>
		</bndbox>
		<polygon>
			<x1>381.079343</x1>
			<y1>269.008815</y1>
			<x2>379.405435</x2>
			<y2>222.32094</y2>
			<x3>377.731528</x3>
			<y3>208.147836</y3>
			<x4>376.05762</x4>
			<y4>202.311851</y4>
			<x5>371.085005</x5>
			<y5>211.564346</y5>
			<x6>358.48159</x6>
			<y6>320.698962</y6>
			<x7>355.970729</x7>
			<y7>347.377747</y7>
			<x8>356.389206</x8>
			<y8>366.553124</y8>
			<x9>372.291328</x9>
			<y9>374.890244</y9>
			<x10>381.916297</x10>
			<y10>359.049716</y10>
			<x11>381.079343</x11>
			<y11>269.008815</y11>
		</polygon>
	</object>
	<object>
		<name>LIU</name>
		<pose>Unspecified</pose>
		<truncated>0</truncated>
		<difficult>0</difficult>
		<occluded>0</occluded>
		<bndbox>
			<xmin>336</xmin>
			<xmax>361</xmax>
			<ymin>221</ymin>
			<ymax>373</ymax>
		</bndbox>
		<polygon>
			<x1>355.970729</x1>
			<y1>371.555396</y1>
			<x2>359.737021</x2>
			<y2>360.71714</y2>
			<x3>358.063113</x3>
			<y3>315.696689</y3>
			<x4>357.22616</x4>
			<y4>245.664878</y4>
			<x5>353.878344</x5>
			<y5>223.988364</y5>
			<x6>349.275098</x6>
			<y6>219.819804</y6>
			<x7>344.298039</x7>
			<y7>228.248976</y7>
			<x8>337.976222</x8>
			<y8>299.856161</y8>
			<x9>335.883837</x9>
			<y9>333.204642</y9>
			<x10>335.465361</x10>
			<y10>361.550852</y10>
			<x11>342.579468</x11>
			<y11>369.887973</y11>
			<x12>355.970729</x12>
			<y12>371.555396</y12>
		</polygon>
	</object>
	<object>
		<name>LIU</name>
		<pose>Unspecified</pose>
		<truncated>0</truncated>
		<difficult>0</difficult>
		<occluded>0</occluded>
		<bndbox>
			<xmin>309</xmin>
			<xmax>337</xmax>
			<ymin>206</ymin>
			<ymax>377</ymax>
		</bndbox>
		<polygon>
			<x1>335.883837</x1>
			<y1>222.32094</y1>
			<x2>326.258869</x2>
			<y2>204.812987</y2>
			<x3>315.836888</x3>
			<y3>217.403966</y3>
			<x4>307.845885</x4>
			<y4>325.701234</y4>
			<x5>309.101316</x5>
			<y5>369.05426</y5>
			<x6>321.655623</x6>
			<y6>374.056533</y6>
			<x7>332.117545</x7>
			<y7>375.723957</y7>
			<x8>335.046884</x8>
			<y8>363.218276</y8>
			<x9>335.883837</x9>
			<y9>324.867522</y9>
			<x10>335.883837</x10>
			<y10>222.32094</y10>
		</polygon>
	</object>
	<object>
		<name>RIU</name>
		<pose>Unspecified</pose>
		<truncated>0</truncated>
		<difficult>0</difficult>
		<occluded>0</occluded>
		<bndbox>
			<xmin>280</xmin>
			<xmax>313</xmax>
			<ymin>227</ymin>
			<ymax>379</ymax>
		</bndbox>
		<polygon>
			<x1>304.079593</x1>
			<y1>378.225093</y1>
			<x2>311.612177</x2>
			<y2>361.550852</y2>
			<x3>306.590455</x3>
			<y3>309.026993</y3>
			<x4>296.128532</x4>
			<y4>243.163741</y4>
			<x5>287.340517</x5>
			<y5>226.489501</y5>
			<x6>278.970979</x6>
			<y6>227.323212</y6>
			<x7>278.586264</x7>
			<y7>238.259754</y7>
			<x8>283.992702</x8>
			<y8>294.853888</y8>
			<x9>284.829656</x9>
			<y9>331.537218</y9>
			<x10>283.992702</x10>
			<y10>358.216004</y10>
			<x11>287.758994</x11>
			<y11>376.557669</y11>
			<x12>304.079593</x12>
			<y12>378.225093</y12>
		</polygon>
	</object>
	<object>
		<name>RIU</name>
		<pose>Unspecified</pose>
		<truncated>0</truncated>
		<difficult>0</difficult>
		<occluded>0</occluded>
		<bndbox>
			<xmin>263</xmin>
			<xmax>287</xmax>
			<ymin>237</ymin>
			<ymax>376</ymax>
		</bndbox>
		<polygon>
			<x1>284.411179</x1>
			<y1>371.555396</y1>
			<x2>286.085086</x2>
			<y2>360.71714</y2>
			<x3>283.574225</x3>
			<y3>328.20237</y3>
			<x4>278.970979</x4>
			<y4>278.179647</y4>
			<x5>275.623164</x5>
			<y5>250.66715</y5>
			<x6>268.927533</x6>
			<y6>236.494045</y6>
			<x7>261.813426</x7>
			<y7>237.327757</y7>
			<x8>261.813426</x8>
			<y8>299.856161</y8>
			<x9>262.65038</x9>
			<y9>359.049716</y9>
			<x10>266.416672</x10>
			<y10>371.555396</y10>
			<x11>274.78621</x11>
			<y11>374.890244</y11>
			<x12>284.411179</x12>
			<y12>371.555396</y12>
		</polygon>
	</object>
	<object>
		<name>RCU</name>
		<pose>Unspecified</pose>
		<truncated>0</truncated>
		<difficult>0</difficult>
		<occluded>0</occluded>
		<bndbox>
			<xmin>241</xmin>
			<xmax>266</xmax>
			<ymin>206</ymin>
			<ymax>380</ymax>
		</bndbox>
		<polygon>
			<x1>258.884088</x1>
			<y1>379.058805</y1>
			<x2>265.161241</x2>
			<y2>361.550852</y2>
			<x3>264.742765</x3>
			<y3>328.20237</y3>
			<x4>258.884088</x4>
			<y4>254.001998</y4>
			<x5>252.188457</x5>
			<y5>214.817532</y5>
			<x6>249.677596</x6>
			<y6>204.812987</y6>
			<x7>243.009825</x7>
			<y7>212.398577</y7>
			<x8>241.726535</x8>
			<y8>289.851616</y8>
			<x9>241.726535</x9>
			<y9>324.03381</y9>
			<x10>240.471104</x10>
			<y10>354.881156</y10>
			<x11>249.677596</x11>
			<y11>378.225093</y11>
			<x12>258.884088</x12>
			<y12>379.058805</y12>
		</polygon>
	</object>
	<object>
		<name>RMU</name>
		<pose>Unspecified</pose>
		<truncated>0</truncated>
		<difficult>0</difficult>
		<occluded>0</occluded>
		<bndbox>
			<xmin>182</xmin>
			<xmax>218</xmax>
			<ymin>236</ymin>
			<ymax>376</ymax>
		</bndbox>
		<polygon>
			<x1>210.340767</x1>
			<y1>364.8857</y1>
			<x2>216.617921</x2>
			<y2>343.209187</y2>
			<x3>209.085337</x3>
			<y3>292.352752</y3>
			<x4>203.22666</x4>
			<y4>250.66715</y4>
			<x5>193.601691</x5>
			<y5>234.826621</y5>
			<x6>186.906061</x6>
			<y6>234.826621</y6>
			<x7>181.064966</x7>
			<y7>244.099375</y7>
			<x8>183.139769</x8>
			<y8>309.026993</y8>
			<x9>181.047384</x9>
			<y9>344.876611</y9>
			<x10>183.558246</x10>
			<y10>368.220548</y10>
			<x11>194.857122</x11>
			<y11>374.890244</y11>
			<x12>210.340767</x12>
			<y12>364.8857</y12>
		</polygon>
	</object>
	<object>
		<name>RMU</name>
		<pose>Unspecified</pose>
		<truncated>0</truncated>
		<difficult>0</difficult>
		<occluded>0</occluded>
		<bndbox>
			<xmin>154</xmin>
			<xmax>183</xmax>
			<ymin>236</ymin>
			<ymax>377</ymax>
		</bndbox>
		<polygon>
			<x1>176.862615</x1>
			<y1>375.723957</y1>
			<x2>179.373477</x2>
			<y2>372.389108</y2>
			<x3>182.302815</x3>
			<y3>358.216004</y3>
			<x4>179.373477</x4>
			<y4>298.188736</y4>
			<x5>172.677846</x5>
			<y5>248.999726</y5>
			<x6>161.797447</x6>
			<y6>234.826621</y6>
			<x7>158.449632</x7>
			<y7>254.83571</y7>
			<x8>158.031155</x8>
			<y8>296.521313</y8>
			<x9>153.427909</x9>
			<y9>344.876611</y9>
			<x10>153.846386</x10>
			<y10>364.8857</y10>
			<x11>165.145262</x11>
			<y11>374.056533</y11>
			<x12>176.862615</x12>
			<y12>375.723957</y12>
		</polygon>
	</object>
	<object>
		<name>RMU</name>
		<pose>Unspecified</pose>
		<truncated>0</truncated>
		<difficult>0</difficult>
		<occluded>0</occluded>
		<bndbox>
			<xmin>128</xmin>
			<xmax>159</xmax>
			<ymin>239</ymin>
			<ymax>358</ymax>
		</bndbox>
		<polygon>
			<x1>150.498571</x1>
			<y1>254.83571</y1>
			<x2>144.221417</x2>
			<y2>238.161469</y2>
			<x3>134.606323</x3>
			<y3>243.265144</y3>
			<x4>129.993202</x4>
			<y4>297.355024</y4>
			<x5>127.482341</x5>
			<y5>342.375475</y5>
			<x6>139.199694</x6>
			<y6>351.546308</y6>
			<x7>151.754001</x7>
			<y7>357.382292</y7>
			<x8>156.775724</x8>
			<y8>334.872066</y8>
			<x9>158.449632</x9>
			<y9>314.862977</y9>
			<x10>150.498571</x10>
			<y10>254.83571</y10>
		</polygon>
	</object>
	<object>
		<name>RPMD</name>
		<pose>Unspecified</pose>
		<truncated>0</truncated>
		<difficult>0</difficult>
		<occluded>0</occluded>
		<bndbox>
			<xmin>212</xmin>
			<xmax>248</xmax>
			<ymin>367</ymin>
			<ymax>504</ymax>
		</bndbox>
		<polygon>
			<x1>229.590705</x1>
			<y1>491.609931</y1>
			<x2>239.215673</x2>
			<y2>422.411831</y2>
			<x3>247.166735</x3>
			<y3>384.061077</y3>
			<x4>243.818919</x4>
			<y4>374.890244</y4>
			<x5>244.68401</x5>
			<y5>374.239493</y5>
			<x6>233.775474</x6>
			<y6>365.719412</y6>
			<x7>219.128782</x7>
			<y7>379.892517</y7>
			<x8>220.384213</x8>
			<y8>418.243271</y8>
			<x9>211.177721</x9>
			<y9>488.275083</y9>
			<x10>218.291829</x10>
			<y10>503.281899</y10>
			<x11>229.590705</x11>
			<y11>491.609931</y11>
		</polygon>
	</object>
	<object>
		<name>RPMD</name>
		<pose>Unspecified</pose>
		<truncated>0</truncated>
		<difficult>0</difficult>
		<occluded>0</occluded>
		<bndbox>
			<xmin>238</xmin>
			<xmax>270</xmax>
			<ymin>374</ymin>
			<ymax>525</ymax>
		</bndbox>
		<polygon>
			<x1>261.394949</x1>
			<y1>451.591752</y1>
			<x2>268.927533</x2>
			<y2>394.065622</y2>
			<x3>266.866966</x3>
			<y3>387.587198</y3>
			<x4>255.95475</x4>
			<y4>373.222821</y4>
			<x5>239.63415</x5>
			<y5>385.728501</y5>
			<x6>243.400442</x6>
			<y6>421.578119</y6>
			<x7>237.541766</x7>
			<y7>488.275083</y7>
			<x8>236.704812</x8>
			<y8>524.124701</y8>
			<x9>249.677596</x9>
			<y9>509.117884</y9>
			<x10>261.394949</x10>
			<y10>451.591752</y10>
		</polygon>
	</object>
	<object>
		<name>RCD</name>
		<pose>Unspecified</pose>
		<truncated>0</truncated>
		<difficult>0</difficult>
		<occluded>0</occluded>
		<bndbox>
			<xmin>255</xmin>
			<xmax>287</xmax>
			<ymin>382</ymin>
			<ymax>526</ymax>
		</bndbox>
		<polygon>
			<x1>262.231903</x1>
			<y1>435.751224</y1>
			<x2>253.862365</x2>
			<y2>524.958413</y2>
			<x3>267.253626</x3>
			<y3>522.457277</y3>
			<x4>282.318794</x4>
			<y4>445.755769</y4>
			<x5>286.085086</x5>
			<y5>389.063349</y5>
			<x6>276.912078</x6>
			<y6>380.913345</y6>
			<x7>263.905811</x7>
			<y7>392.398197</y7>
			<x8>262.231903</x8>
			<y8>435.751224</y8>
		</polygon>
	</object>
	<object>
		<name>RID</name>
		<pose>Unspecified</pose>
		<truncated>0</truncated>
		<difficult>0</difficult>
		<occluded>0</occluded>
		<bndbox>
			<xmin>283</xmin>
			<xmax>303</xmax>
			<ymin>386</ymin>
			<ymax>510</ymax>
		</bndbox>
		<polygon>
			<x1>291.949013</x1>
			<y1>509.235861</y1>
			<x2>298.222878</x2>
			<y2>487.478117</y2>
			<x3>298.919974</x3>
			<y3>429.148849</y3>
			<x4>301.940723</x4>
			<y4>386.096293</y4>
			<x5>299.868799</x5>
			<y5>384.807073</y5>
			<x6>287.766436</x6>
			<y6>384.707501</y6>
			<x7>282.422033</x7>
			<y7>385.633363</y7>
			<x8>283.816225</x8>
			<y8>412.483343</y8>
			<x9>283.119129</x9>
			<y9>466.183305</y9>
			<x10>284.513321</x10>
			<y10>508.77293</y10>
			<x11>291.949013</x11>
			<y11>509.235861</y11>
		</polygon>
	</object>
	<object>
		<name>RID</name>
		<pose>Unspecified</pose>
		<truncated>0</truncated>
		<difficult>0</difficult>
		<occluded>0</occluded>
		<bndbox>
			<xmin>301</xmin>
			<xmax>318</xmax>
			<ymin>386</ymin>
			<ymax>500</ymax>
		</bndbox>
		<polygon>
			<x1>314.023723</x1>
			<y1>452.758314</y1>
			<x2>316.812107</x2>
			<y2>400.447145</y2>
			<x3>315.439862</x3>
			<y3>384.807073</y3>
			<x4>300.546531</x4>
			<y4>386.096293</y4>
			<x5>299.849435</x5>
			<y5>405.539382</y5>
			<x6>301.708358</x6>
			<y6>461.553998</y6>
			<x7>303.10255</x7>
			<y7>482.84881</y7>
			<x8>308.214589</x8>
			<y8>498.588454</y8>
			<x9>311.235338</x9>
			<y9>492.107424</y9>
			<x10>314.023723</x10>
			<y10>452.758314</y10>
		</polygon>
	</object>
	<object>
		<name>LID</name>
		<pose>Unspecified</pose>
		<truncated>0</truncated>
		<difficult>0</difficult>
		<occluded>0</occluded>
		<bndbox>
			<xmin>316</xmin>
			<xmax>334</xmax>
			<ymin>383</ymin>
			<ymax>497</ymax>
		</bndbox>
		<polygon>
			<x1>332.845318</x1>
			<y1>445.351423</y1>
			<x2>332.612952</x2>
			<y2>385.633363</y2>
			<x3>329.824568</x3>
			<y3>382.392848</y3>
			<x4>314.953184</x4>
			<y4>385.633363</y4>
			<x5>317.509203</x5>
			<y5>419.427304</y5>
			<x6>322.15651</x6>
			<y6>472.664335</y6>
			<x7>325.409626</x7>
			<y7>490.718632</y7>
			<x8>330.986394</x8>
			<y8>496.273801</y8>
			<x9>332.612952</x9>
			<y9>486.552256</y9>
			<x10>332.845318</x10>
			<y10>445.351423</y10>
		</polygon>
	</object>
	<object>
		<name>LID</name>
		<pose>Unspecified</pose>
		<truncated>0</truncated>
		<difficult>0</difficult>
		<occluded>0</occluded>
		<bndbox>
			<xmin>332</xmin>
			<xmax>350</xmax>
			<ymin>381</ymin>
			<ymax>499</ymax>
		</bndbox>
		<polygon>
			<x1>334.936606</x1>
			<y1>453.221245</y1>
			<x2>337.26026</x2>
			<y2>479.145364</y2>
			<x3>342.837028</x3>
			<y3>497.662593</y3>
			<x4>348.413797</x4>
			<y4>497.662593</y4>
			<x5>348.646162</x5>
			<y5>471.275543</y5>
			<x6>348.878528</x6>
			<y6>424.982473</y6>
			<x7>348.673623</x7>
			<y7>384.807073</y7>
			<x8>339.583913</x8>
			<y8>379.615263</y8>
			<x9>332.148221</x9>
			<y9>382.855778</y9>
			<x10>331.451125</x10>
			<y10>390.262669</y10>
			<x11>334.23951</x11>
			<y11>420.816096</y11>
			<x12>334.936606</x12>
			<y12>453.221245</y12>
		</polygon>
	</object>
	<object>
		<name>LPMD</name>
		<pose>Unspecified</pose>
		<truncated>0</truncated>
		<difficult>0</difficult>
		<occluded>0</occluded>
		<bndbox>
			<xmin>349</xmin>
			<xmax>376</xmax>
			<ymin>376</ymin>
			<ymax>527</ymax>
		</bndbox>
		<polygon>
			<x1>350.040355</x1>
			<y1>377.763541</y1>
			<x2>347.716701</x2>
			<y2>388.410946</y2>
			<x3>348.413797</x3>
			<y3>405.076452</y3>
			<x4>351.202182</x4>
			<y4>445.814354</y4>
			<x5>356.546585</x5>
			<y5>484.700533</y5>
			<x6>367.003027</x6>
			<y6>516.705056</y6>
			<x7>373.973988</x7>
			<y7>525.50074</y7>
			<x8>375.36818</x8>
			<y8>513.464542</y8>
			<x9>373.276891</x9>
			<y9>489.392145</y9>
			<x10>369.094315</x10>
			<y10>458.838718</y10>
			<x11>367.932488</x11>
			<y11>412.545648</y11>
			<x12>370.953238</x12>
			<y12>388.473251</y12>
			<x13>364.679373</x13>
			<y13>380.140499</y13>
			<x14>360.264431</x14>
			<y14>375.511192</y14>
			<x15>355.878145</x15>
			<y15>374.616252</y15>
			<x16>350.040355</x16>
			<y16>377.763541</y16>
		</polygon>
	</object>
	<object>
		<name>LPMD</name>
		<pose>Unspecified</pose>
		<truncated>0</truncated>
		<difficult>0</difficult>
		<occluded>0</occluded>
		<bndbox>
			<xmin>366</xmin>
			<xmax>391</xmax>
			<ymin>374</ymin>
			<ymax>511</ymax>
		</bndbox>
		<polygon>
			<x1>380.944949</x1>
			<y1>509.761096</y1>
			<x2>385.127525</x2>
			<y2>492.169729</y2>
			<x3>385.127525</x3>
			<y3>433.840461</y3>
			<x4>387.451179</x4>
			<y4>408.379272</y4>
			<x5>389.774833</x5>
			<y5>387.084459</y5>
			<x6>383.036237</x6>
			<y6>375.511192</y6>
			<x7>378.886134</x7>
			<y7>373.226594</y7>
			<x8>365.8412</x8>
			<y8>378.751706</y8>
			<x9>364.679373</x9>
			<y9>395.880142</y9>
			<x10>367.700123</x10>
			<y10>417.637886</y10>
			<x11>371.417969</x11>
			<y11>479.6706</y11>
			<x12>380.944949</x12>
			<y12>509.761096</y12>
		</polygon>
	</object>
	<metadata>
		<tags>
			<tag>teeth</tag>
		</tags>
	</metadata>
</annotation>
