<annotation>
	<folder></folder>
	<filename>249_jpg.rf.e23de5a80dbc82da33e6a8f70b05ce76.jpg</filename>
	<path>249_jpg.rf.e23de5a80dbc82da33e6a8f70b05ce76.jpg</path>
	<source>
		<database>roboflow.com</database>
	</source>
	<size>
		<width>640</width>
		<height>640</height>
		<depth>3</depth>
	</size>
	<segmented>0</segmented>
	<object>
		<name>RIU</name>
		<pose>Unspecified</pose>
		<truncated>0</truncated>
		<difficult>0</difficult>
		<occluded>0</occluded>
		<bndbox>
			<xmin>294</xmin>
			<xmax>325</xmax>
			<ymin>208</ymin>
			<ymax>381</ymax>
		</bndbox>
		<polygon>
			<x1>308.61662</x1>
			<y1>207.027242</y1>
			<x2>302.845433</x2>
			<y2>221.456874</y2>
			<x3>298.406059</x3>
			<y3>322.464296</y3>
			<x4>292.634871</x4>
			<y4>369.761421</y4>
			<x5>294.854559</x5>
			<y5>373.769652</y5>
			<x6>306.84087</x6>
			<y6>380.182822</y6>
			<x7>321.934745</x7>
			<y7>380.182822</y7>
			<x8>323.710494</x8>
			<y8>347.315327</y8>
			<x9>318.431697</x9>
			<y9>218.354784</y9>
			<x10>308.61662</x10>
			<y10>207.027242</y10>
		</polygon>
	</object>
	<object>
		<name>RIU</name>
		<pose>Unspecified</pose>
		<truncated>0</truncated>
		<difficult>0</difficult>
		<occluded>0</occluded>
		<bndbox>
			<xmin>271</xmin>
			<xmax>302</xmax>
			<ymin>214</ymin>
			<ymax>372</ymax>
		</bndbox>
		<polygon>
			<x1>269.550123</x1>
			<y1>356.133436</y1>
			<x2>274.877372</x2>
			<y2>361.744959</y2>
			<x3>287.751559</x3>
			<y3>370.563068</y3>
			<x4>294.854559</x4>
			<y4>368.959775</y4>
			<x5>298.406059</x5>
			<y5>313.646187</y5>
			<x6>301.069683</x6>
			<y6>215.845351</y6>
			<x7>296.630309</x7>
			<y7>212.638766</y7>
			<x8>291.347789</x8>
			<y8>215.146202</y8>
			<x9>269.99406</x9>
			<y9>344.910389</y9>
			<x10>269.550123</x10>
			<y10>356.133436</y10>
		</polygon>
	</object>
	<object>
		<name>RCU</name>
		<pose>Unspecified</pose>
		<truncated>0</truncated>
		<difficult>0</difficult>
		<occluded>0</occluded>
		<bndbox>
			<xmin>244</xmin>
			<xmax>275</xmax>
			<ymin>174</ymin>
			<ymax>367</ymax>
		</bndbox>
		<polygon>
			<x1>246.909311</x1>
			<y1>288.795155</y1>
			<x2>243.357812</x2>
			<y2>335.290634</y2>
			<x3>250.460811</x3>
			<y3>357.736728</y3>
			<x4>262.003185</x4>
			<y4>365.75319</y4>
			<x5>273.54556</x5>
			<y5>338.497219</y5>
			<x6>269.147865</x6>
			<y6>198.301142</y6>
			<x7>257.119873</x7>
			<y7>172.556456</y7>
			<x8>251.348686</x8>
			<y8>190.994319</y8>
			<x9>246.909311</x9>
			<y9>288.795155</y9>
		</polygon>
	</object>
	<object>
		<name>RCD</name>
		<pose>Unspecified</pose>
		<truncated>0</truncated>
		<difficult>0</difficult>
		<occluded>0</occluded>
		<bndbox>
			<xmin>245</xmin>
			<xmax>273</xmax>
			<ymin>377</ymin>
			<ymax>544</ymax>
		</bndbox>
		<polygon>
			<x1>243.801749</x1>
			<y1>402.628915</y1>
			<x2>245.133561</x2>
			<y2>445.116164</y2>
			<x3>243.801749</x3>
			<y3>513.256091</y3>
			<x4>249.572936</x4>
			<y4>542.917</y4>
			<x5>260.671373</x5>
			<y5>542.115354</y5>
			<x6>265.554685</x6>
			<y6>490.809997</y6>
			<x7>271.76981</x7>
			<y7>426.678301</y7>
			<x8>269.99406</x8>
			<y8>397.819038</y8>
			<x9>258.007748</x9>
			<y9>376.174591</y9>
			<x10>243.801749</x10>
			<y10>402.628915</y10>
		</polygon>
	</object>
	<object>
		<name>RID</name>
		<pose>Unspecified</pose>
		<truncated>0</truncated>
		<difficult>0</difficult>
		<occluded>0</occluded>
		<bndbox>
			<xmin>295</xmin>
			<xmax>315</xmax>
			<ymin>396</ymin>
			<ymax>523</ymax>
		</bndbox>
		<polygon>
			<x1>308.61662</x1>
			<y1>493.214936</y1>
			<x2>313.991712</x2>
			<y2>397.233275</y2>
			<x3>293.522746</x3>
			<y3>394.612453</y3>
			<x4>293.522746</x4>
			<y4>409.843731</y4>
			<x5>295.298496</x5>
			<y5>449.926041</y5>
			<x6>297.074246</x6>
			<y6>513.256091</y6>
			<x7>300.625746</x7>
			<y7>522.074199</y7>
			<x8>308.61662</x8>
			<y8>493.214936</y8>
		</polygon>
	</object>
	<object>
		<name>RID</name>
		<pose>Unspecified</pose>
		<truncated>0</truncated>
		<difficult>0</difficult>
		<occluded>0</occluded>
		<bndbox>
			<xmin>270</xmin>
			<xmax>294</xmax>
			<ymin>389</ymin>
			<ymax>537</ymax>
		</bndbox>
		<polygon>
			<x1>282.868247</x1>
			<y1>535.702184</y1>
			<x2>289.971246</x2>
			<y2>514.057737</y2>
			<x3>292.634871</x3>
			<y3>445.91781</y3>
			<x4>293.078809</x4>
			<y4>393.009161</y4>
			<x5>279.803829</x5>
			<y5>387.607527</y5>
			<x6>268.662247</x6>
			<y6>397.819038</y6>
			<x7>270.437997</x7>
			<y7>429.083239</y7>
			<x8>277.09706</x8>
			<y8>503.636336</y8>
			<x9>282.868247</x9>
			<y9>535.702184</y9>
		</polygon>
	</object>
	<object>
		<name>RPMU</name>
		<pose>Unspecified</pose>
		<truncated>0</truncated>
		<difficult>0</difficult>
		<occluded>0</occluded>
		<bndbox>
			<xmin>222</xmin>
			<xmax>254</xmax>
			<ymin>194</ymin>
			<ymax>360</ymax>
		</bndbox>
		<polygon>
			<x1>226.524011</x1>
			<y1>218.354784</y1>
			<x2>221.160938</x2>
			<y2>338.497219</y2>
			<x3>226.04425</x3>
			<y3>356.935082</y3>
			<x4>234.035125</x4>
			<y4>358.538374</y4>
			<x5>239.806312</x5>
			<y5>352.926851</y5>
			<x6>247.797186</x6>
			<y6>352.926851</y6>
			<x7>253.124436</x7>
			<y7>333.687342</y7>
			<x8>253.124436</x8>
			<y8>308.83631</y8>
			<x9>246.021436</x9>
			<y9>208.630535</y9>
			<x10>236.254812</x10>
			<y10>192.597611</y10>
			<x11>226.524011</x11>
			<y11>218.354784</y11>
		</polygon>
	</object>
	<object>
		<name>RPMU</name>
		<pose>Unspecified</pose>
		<truncated>0</truncated>
		<difficult>0</difficult>
		<occluded>0</occluded>
		<bndbox>
			<xmin>199</xmin>
			<xmax>228</xmax>
			<ymin>197</ymin>
			<ymax>360</ymax>
		</bndbox>
		<polygon>
			<x1>197.632252</x1>
			<y1>347.315327</y1>
			<x2>209.174626</x2>
			<y2>359.340021</y2>
			<x3>220.717</x3>
			<y3>356.133436</y3>
			<x4>227.376062</x4>
			<y4>333.687342</y4>
			<x5>227.376062</x5>
			<y5>307.233018</y5>
			<x6>225.600312</x6>
			<y6>214.242059</y6>
			<x7>218.497313</x7>
			<y7>195.804196</y7>
			<x8>210.540066</x8>
			<y8>211.937619</y8>
			<x9>197.632252</x9>
			<y9>330.480757</y9>
			<x10>197.632252</x10>
			<y10>347.315327</y10>
		</polygon>
	</object>
	<object>
		<name>RPMD</name>
		<pose>Unspecified</pose>
		<truncated>0</truncated>
		<difficult>0</difficult>
		<occluded>0</occluded>
		<bndbox>
			<xmin>216</xmin>
			<xmax>246</xmax>
			<ymin>385</ymin>
			<ymax>527</ymax>
		</bndbox>
		<polygon>
			<x1>245.133561</x1>
			<y1>403.430561</y1>
			<x2>232.703312</x2>
			<y2>384.191053</y2>
			<x3>227.82</x3>
			<y3>384.191053</y3>
			<x4>214.945813</x4>
			<y4>401.827269</y4>
			<x5>218.497313</x5>
			<y5>423.471716</y5>
			<x6>218.94125</x6>
			<y6>446.719456</y6>
			<x7>218.94125</x7>
			<y7>526.082429</y7>
			<x8>230.483625</x8>
			<y8>526.082429</y8>
			<x9>238.474499</x9>
			<y9>500.429751</y9>
			<x10>243.357812</x10>
			<y10>433.091471</y10>
			<x11>245.133561</x11>
			<y11>403.430561</y11>
		</polygon>
	</object>
	<object>
		<name>RPMD</name>
		<pose>Unspecified</pose>
		<truncated>0</truncated>
		<difficult>0</difficult>
		<occluded>0</occluded>
		<bndbox>
			<xmin>186</xmin>
			<xmax>223</xmax>
			<ymin>376</ymin>
			<ymax>529</ymax>
		</bndbox>
		<polygon>
			<x1>204.291313</x1>
			<y1>503.636336</y1>
			<x2>221.640028</x2>
			<y2>401.244004</y2>
			<x3>208.730688</x3>
			<y3>375.372944</y3>
			<x4>189.641377</x4>
			<y4>389.00093</y4>
			<x5>191.417127</x5>
			<y5>429.884886</y5>
			<x6>184.758065</x6>
			<y6>514.859383</y6>
			<x7>193.636814</x7>
			<y7>528.487368</y7>
			<x8>204.291313</x8>
			<y8>503.636336</y8>
		</polygon>
	</object>
	<object>
		<name>RMU</name>
		<pose>Unspecified</pose>
		<truncated>0</truncated>
		<difficult>0</difficult>
		<occluded>0</occluded>
		<bndbox>
			<xmin>159</xmin>
			<xmax>202</xmax>
			<ymin>194</ymin>
			<ymax>356</ymax>
		</bndbox>
		<polygon>
			<x1>180.762627</x1>
			<y1>355.385735</y1>
			<x2>198.964064</x2>
			<y2>349.774212</y2>
			<x3>201.183751</x3>
			<y3>294.460624</y3>
			<x4>199.884102</x4>
			<y4>209.531182</y4>
			<x5>186.533815</x5>
			<y5>192.651557</y5>
			<x6>175.879315</x6>
			<y6>208.684481</y6>
			<x7>167.444503</x7>
			<y7>287.245809</y7>
			<x8>158.121816</x8>
			<y8>317.708364</y8>
			<x9>161.229378</x9>
			<y9>335.344581</y9>
			<x10>167.444503</x10>
			<y10>346.567627</y10>
			<x11>176.76719</x11>
			<y11>348.170919</y11>
			<x12>180.762627</x12>
			<y12>355.385735</y12>
		</polygon>
	</object>
	<object>
		<name>RMU</name>
		<pose>Unspecified</pose>
		<truncated>0</truncated>
		<difficult>0</difficult>
		<occluded>0</occluded>
		<bndbox>
			<xmin>131</xmin>
			<xmax>173</xmax>
			<ymin>190</ymin>
			<ymax>348</ymax>
		</bndbox>
		<polygon>
			<x1>170.108128</x1>
			<y1>199.866373</y1>
			<x2>163.893003</x2>
			<y2>189.444973</y2>
			<x3>156.372251</x3>
			<y3>203.916162</y3>
			<x4>149.243067</x4>
			<y4>254.378314</y4>
			<x5>133.261318</x5>
			<y5>290.452393</y5>
			<x6>129.709818</x6>
			<y6>312.898487</y6>
			<x7>134.59313</x7>
			<y7>325.724826</y7>
			<x8>139.476442</x8>
			<y8>346.567627</y8>
			<x9>162.561191</x9>
			<y9>338.551165</y9>
			<x10>166.556628</x10>
			<y10>314.501779</y10>
			<x11>171.883878</x11>
			<y11>219.105882</y11>
			<x12>170.108128</x12>
			<y12>199.866373</y12>
		</polygon>
	</object>
	<object>
		<name>RMU</name>
		<pose>Unspecified</pose>
		<truncated>0</truncated>
		<difficult>0</difficult>
		<occluded>0</occluded>
		<bndbox>
			<xmin>119</xmin>
			<xmax>163</xmax>
			<ymin>159</ymin>
			<ymax>267</ymax>
		</bndbox>
		<polygon>
			<x1>147.467317</x1>
			<y1>158.180771</y1>
			<x2>135.037067</x2>
			<y2>170.205464</y2>
			<x3>133.28433</x3>
			<y3>195.092559</y3>
			<x4>119.943193</x4>
			<y4>222.312466</y4>
			<x5>118.167443</x5>
			<y5>243.956914</y5>
			<x6>124.382568</x6>
			<y6>247.965145</y6>
			<x7>131.485568</x7>
			<y7>265.601361</y7>
			<x8>143.915817</x8>
			<y8>261.59313</y8>
			<x9>151.018817</x9>
			<y9>250.370083</y9>
			<x10>161.673316</x10>
			<y10>184.635095</y10>
			<x11>158.121816</x11>
			<y11>161.387356</y11>
			<x12>147.467317</x12>
			<y12>158.180771</y12>
		</polygon>
	</object>
	<object>
		<name>RMU</name>
		<pose>Unspecified</pose>
		<truncated>0</truncated>
		<difficult>0</difficult>
		<occluded>0</occluded>
		<bndbox>
			<xmin>152</xmin>
			<xmax>196</xmax>
			<ymin>362</ymin>
			<ymax>512</ymax>
		</bndbox>
		<polygon>
			<x1>166.556628</x1>
			<y1>360.997259</y1>
			<x2>152.794567</x2>
			<y2>379.435121</y2>
			<x3>152.350629</x3>
			<y3>405.087799</y3>
			<x4>154.570316</x4>
			<y4>420.319077</y4>
			<x5>152.350629</x5>
			<y5>437.955294</y5>
			<x6>151.018817</x6>
			<y6>471.624434</y6>
			<x7>160.785441</x7>
			<y7>469.219496</y7>
			<x8>168.776316</x8>
			<y8>445.971756</y8>
			<x9>168.776316</x9>
			<y9>477.235957</y9>
			<x10>168.776316</x10>
			<y10>510.905098</y10>
			<x11>182.982315</x11>
			<y11>484.450773</y11>
			<x12>184.758065</x12>
			<y12>446.773402</y12>
			<x13>185.202002</x13>
			<y13>430.740478</y13>
			<x14>194.968627</x14>
			<y14>397.071338</y14>
			<x15>194.112122</x15>
			<y15>383.596798</y15>
			<x16>184.314127</x16>
			<y16>369.815367</y16>
			<x17>177.655065</x17>
			<y17>372.220306</y17>
			<x18>166.556628</x18>
			<y18>360.997259</y18>
		</polygon>
	</object>
	<object>
		<name>RMU</name>
		<pose>Unspecified</pose>
		<truncated>0</truncated>
		<difficult>0</difficult>
		<occluded>0</occluded>
		<bndbox>
			<xmin>85</xmin>
			<xmax>150</xmax>
			<ymin>377</ymin>
			<ymax>456</ymax>
		</bndbox>
		<polygon>
			<x1>87.535757</x1>
			<y1>408.294384</y1>
			<x2>83.54032</x2>
			<y2>423.525662</y2>
			<x3>96.414507</x3>
			<y3>426.732247</y3>
			<x4>105.293257</x4>
			<y4>426.732247</y4>
			<x5>87.09182</x5>
			<y5>438.75694</y5>
			<x6>92.863007</x6>
			<y6>449.178341</y6>
			<x7>108.400819</x7>
			<y7>453.988218</y7>
			<x8>126.158318</x8>
			<y8>449.178341</y8>
			<x9>139.476442</x9>
			<y9>454.789864</y9>
			<x10>149.243067</x10>
			<y10>439.558586</y10>
			<x11>148.799129</x11>
			<y11>416.310846</y11>
			<x12>143.915817</x12>
			<y12>413.905908</y12>
			<x13>145.247629</x13>
			<y13>398.67463</y13>
			<x14>139.032505</x14>
			<y14>388.253229</y14>
			<x15>138.612312</x15>
			<y15>375.575341</y15>
			<x16>124.382568</x16>
			<y16>380.236767</y16>
			<x17>111.952319</x17>
			<y17>397.872984</y17>
			<x18>87.535757</x18>
			<y18>408.294384</y18>
		</polygon>
	</object>
	<object>
		<name>RMU</name>
		<pose>Unspecified</pose>
		<truncated>0</truncated>
		<difficult>0</difficult>
		<occluded>0</occluded>
		<bndbox>
			<xmin>99</xmin>
			<xmax>172</xmax>
			<ymin>433</ymin>
			<ymax>530</ymax>
		</bndbox>
		<polygon>
			<x1>123.050755</x1>
			<y1>496.475466</y1>
			<x2>112.840194</x2>
			<y2>510.103451</y2>
			<x3>110.620506</x3>
			<y3>518.92156</y3>
			<x4>126.158318</x4>
			<y4>529.34296</y4>
			<x5>146.135504</x5>
			<y5>517.318268</y5>
			<x6>164.336941</x6>
			<y6>507.698513</y6>
			<x7>170.552065</x7>
			<y7>493.268881</y7>
			<x8>168.776316</x8>
			<y8>474.831019</y8>
			<x9>165.224816</x9>
			<y9>474.029373</y9>
			<x10>163.449066</x10>
			<y10>436.352001</y10>
			<x11>151.018817</x11>
			<y11>431.542124</y11>
			<x12>130.597693</x12>
			<y12>465.211264</y12>
			<x13>99.078132</x13>
			<y13>474.831019</y13>
			<x14>97.74632</x14>
			<y14>494.872174</y14>
			<x15>123.050755</x15>
			<y15>496.475466</y15>
		</polygon>
	</object>
	<object>
		<name>LIU</name>
		<pose>Unspecified</pose>
		<truncated>0</truncated>
		<difficult>0</difficult>
		<occluded>0</occluded>
		<bndbox>
			<xmin>322</xmin>
			<xmax>351</xmax>
			<ymin>205</ymin>
			<ymax>384</ymax>
		</bndbox>
		<polygon>
			<x1>350.346743</x1>
			<y1>379.435121</y1>
			<x2>349.014931</x2>
			<y2>233.535513</y2>
			<x3>344.575556</x3>
			<y3>205.477896</y3>
			<x4>339.248306</x4>
			<y4>203.874604</y4>
			<x5>332.19565</x5>
			<y5>218.354784</y5>
			<x6>323.710494</x6>
			<y6>341.75775</y6>
			<x7>321.490807</x7>
			<y7>379.435121</y7>
			<x8>335.252869</x8>
			<y8>383.443353</y8>
			<x9>350.346743</x9>
			<y9>379.435121</y9>
		</polygon>
	</object>
	<object>
		<name>LIU</name>
		<pose>Unspecified</pose>
		<truncated>0</truncated>
		<difficult>0</difficult>
		<occluded>0</occluded>
		<bndbox>
			<xmin>349</xmin>
			<xmax>378</xmax>
			<ymin>206</ymin>
			<ymax>384</ymax>
		</bndbox>
		<polygon>
			<x1>362.333055</x1>
			<y1>255.981607</y1>
			<x2>362.387547</x2>
			<y2>217.552639</y2>
			<x3>354.34218</x3>
			<y3>204.67625</y3>
			<x4>349.458868</x4>
			<y4>213.494358</y4>
			<x5>348.127056</x5>
			<y5>327.328118</y5>
			<x6>349.458868</x6>
			<y6>380.236767</y6>
			<x7>363.664867</x7>
			<y7>382.641706</y7>
			<x8>376.539054</x8>
			<y8>375.42689</y8>
			<x9>375.651179</x9>
			<y9>364.203844</y9>
			<x10>369.436054</x10>
			<y10>312.898487</y10>
			<x11>362.333055</x11>
			<y11>255.981607</y11>
		</polygon>
	</object>
	<object>
		<name>LID</name>
		<pose>Unspecified</pose>
		<truncated>0</truncated>
		<difficult>0</difficult>
		<occluded>0</occluded>
		<bndbox>
			<xmin>315</xmin>
			<xmax>335</xmax>
			<ymin>392</ymin>
			<ymax>536</ymax>
		</bndbox>
		<polygon>
			<x1>317.939307</x1>
			<y1>534.954484</y1>
			<x2>328.593807</x2>
			<y2>493.268881</y2>
			<x3>333.921057</x3>
			<y3>393.864753</y3>
			<x4>319.27112</x4>
			<y4>391.459814</y4>
			<x5>313.547714</x5>
			<y5>395.628984</y5>
			<x6>314.387807</x6>
			<y6>482.045834</y6>
			<x7>317.939307</x7>
			<y7>534.954484</y7>
		</polygon>
	</object>
	<object>
		<name>LID</name>
		<pose>Unspecified</pose>
		<truncated>0</truncated>
		<difficult>0</difficult>
		<occluded>0</occluded>
		<bndbox>
			<xmin>330</xmin>
			<xmax>356</xmax>
			<ymin>392</ymin>
			<ymax>534</ymax>
		</bndbox>
		<polygon>
			<x1>329.481682</x1>
			<y1>399.476276</y1>
			<x2>331.257432</x2>
			<y2>425.930601</y2>
			<x3>334.808931</x3>
			<y3>445.971756</y3>
			<x4>335.696806</x4>
			<y4>519.723206</y4>
			<x5>343.243743</x5>
			<y5>532.549545</y5>
			<x6>348.570993</x6>
			<y6>504.491928</y6>
			<x7>353.010368</x7>
			<y7>441.161879</y7>
			<x8>355.283571</x8>
			<y8>397.233275</y8>
			<x9>340.136181</x9>
			<y9>390.658168</y9>
			<x10>329.481682</x10>
			<y10>399.476276</y10>
		</polygon>
	</object>
	<object>
		<name>LCU</name>
		<pose>Unspecified</pose>
		<truncated>0</truncated>
		<difficult>0</difficult>
		<occluded>0</occluded>
		<bndbox>
			<xmin>368</xmin>
			<xmax>401</xmax>
			<ymin>219</ymin>
			<ymax>384</ymax>
		</bndbox>
		<polygon>
			<x1>381.866304</x1>
			<y1>227.92399</y1>
			<x2>367.216367</x2>
			<y2>320.914949</y2>
			<x3>376.539054</x3>
			<y3>368.212074</y3>
			<x4>380.090554</x4>
			<y4>382.641706</y4>
			<x5>392.135445</x5>
			<y5>381.992507</y5>
			<x6>399.623803</x6>
			<y6>349.774212</y6>
			<x7>398.735928</x7>
			<y7>231.130574</y7>
			<x8>395.184428</x8>
			<y8>218.304236</y8>
			<x9>381.866304</x9>
			<y9>227.92399</y9>
		</polygon>
	</object>
	<object>
		<name>LCU</name>
		<pose>Unspecified</pose>
		<truncated>0</truncated>
		<difficult>0</difficult>
		<occluded>0</occluded>
		<bndbox>
			<xmin>353</xmin>
			<xmax>382</xmax>
			<ymin>386</ymin>
			<ymax>536</ymax>
		</bndbox>
		<polygon>
			<x1>381.035483</x1>
			<y1>406.056877</y1>
			<x2>371.211804</x2>
			<y2>385.046644</y2>
			<x3>360.557305</x3>
			<y3>386.649937</y3>
			<x4>352.56643</x4>
			<y4>397.872984</y4>
			<x5>351.678555</x5>
			<y5>432.34377</y5>
			<x6>355.230055</x6>
			<y6>453.988218</y6>
			<x7>356.11793</x7>
			<y7>513.310036</y7>
			<x8>357.005805</x8>
			<y8>532.549545</y8>
			<x9>369.436054</x9>
			<y9>534.954484</y9>
			<x10>378.314804</x10>
			<y10>504.491928</y10>
			<x11>381.035483</x11>
			<y11>406.056877</y11>
		</polygon>
	</object>
	<object>
		<name>LCD</name>
		<pose>Unspecified</pose>
		<truncated>0</truncated>
		<difficult>0</difficult>
		<occluded>0</occluded>
		<bndbox>
			<xmin>378</xmin>
			<xmax>412</xmax>
			<ymin>388</ymin>
			<ymax>530</ymax>
		</bndbox>
		<polygon>
			<x1>410.783381</x1>
			<y1>405.254732</y1>
			<x2>391.632928</x2>
			<y2>386.649937</y2>
			<x3>376.539054</x3>
			<y3>411.500969</y3>
			<x4>381.866304</x4>
			<y4>433.145416</y4>
			<x5>385.417804</x5>
			<y5>464.409618</y5>
			<x6>388.081428</x6>
			<y6>498.078759</y6>
			<x7>392.964741</x7>
			<y7>522.128144</y7>
			<x8>400.511678</x8>
			<y8>528.541314</y8>
			<x9>407.614677</x9>
			<y9>504.491928</y9>
			<x10>406.282865</x10>
			<y10>449.178341</y10>
			<x11>410.783381</x11>
			<y11>405.254732</y11>
		</polygon>
	</object>
	<object>
		<name>LPMD</name>
		<pose>Unspecified</pose>
		<truncated>0</truncated>
		<difficult>0</difficult>
		<occluded>0</occluded>
		<bndbox>
			<xmin>404</xmin>
			<xmax>439</xmax>
			<ymin>386</ymin>
			<ymax>546</ymax>
		</bndbox>
		<polygon>
			<x1>434.759299</x1>
			<y1>406.859023</y1>
			<x2>416.493427</x2>
			<y2>385.046644</y2>
			<x3>402.731365</x3>
			<y3>405.087799</y3>
			<x4>406.726802</x4>
			<y4>429.938832</y4>
			<x5>414.273739</x5>
			<y5>478.037604</y5>
			<x6>418.269177</x6>
			<y6>518.92156</y6>
			<x7>426.260051</x7>
			<y7>545.375884</y7>
			<x8>431.587301</x8>
			<y8>534.152838</y8>
			<x9>438.246363</x9>
			<y9>511.706744</y9>
			<x10>432.475176</x10>
			<y10>434.748709</y10>
			<x11>434.759299</x11>
			<y11>406.859023</y11>
		</polygon>
	</object>
	<object>
		<name>LPMU</name>
		<pose>Unspecified</pose>
		<truncated>0</truncated>
		<difficult>0</difficult>
		<occluded>0</occluded>
		<bndbox>
			<xmin>390</xmin>
			<xmax>427</xmax>
			<ymin>219</ymin>
			<ymax>383</ymax>
		</bndbox>
		<polygon>
			<x1>391.632928</x1>
			<y1>366.608782</y1>
			<x2>401.84349</x2>
			<y2>366.608782</y2>
			<x3>413.385865</x3>
			<y3>381.84006</y3>
			<x4>425.816114</x4>
			<y4>359.393966</y4>
			<x5>421.820676</x5>
			<y5>300.072148</y5>
			<x6>418.713114</x6>
			<y6>227.92399</y6>
			<x7>412.054052</x7>
			<y7>218.304236</y7>
			<x8>404.951052</x8>
			<y8>221.51082</y8>
			<x9>388.969304</x9>
			<y9>345.765981</y9>
			<x10>391.632928</x10>
			<y10>366.608782</y10>
		</polygon>
	</object>
	<object>
		<name>LPMU</name>
		<pose>Unspecified</pose>
		<truncated>0</truncated>
		<difficult>0</difficult>
		<occluded>0</occluded>
		<bndbox>
			<xmin>417</xmin>
			<xmax>451</xmax>
			<ymin>222</ymin>
			<ymax>380</ymax>
		</bndbox>
		<polygon>
			<x1>428.035801</x1>
			<y1>220.709174</y1>
			<x2>421.820676</x2>
			<y2>224.717405</y2>
			<x3>416.493427</x3>
			<y3>311.295194</y3>
			<x4>415.605552</x4>
			<y4>336.947873</y4>
			<x5>416.493427</x5>
			<y5>362.600551</y5>
			<x6>427.147926</x6>
			<y6>371.418659</y6>
			<x7>437.358488</x7>
			<y7>379.435121</y7>
			<x8>450.232675</x8>
			<y8>350.575858</y8>
			<x9>433.363051</x9>
			<y9>226.320698</y9>
			<x10>428.035801</x10>
			<y10>220.709174</y10>
		</polygon>
	</object>
	<object>
		<name>LMU</name>
		<pose>Unspecified</pose>
		<truncated>0</truncated>
		<difficult>0</difficult>
		<occluded>0</occluded>
		<bndbox>
			<xmin>441</xmin>
			<xmax>481</xmax>
			<ymin>220</ymin>
			<ymax>373</ymax>
		</bndbox>
		<polygon>
			<x1>441.797863</x1>
			<y1>355.385735</y1>
			<x2>450.676612</x2>
			<y2>372.220306</y2>
			<x3>463.106862</x3>
			<y3>363.402197</y3>
			<x4>470.653799</x4>
			<y4>372.220306</y4>
			<x5>479.088611</x5>
			<y5>357.790674</y5>
			<x6>479.532548</x6>
			<y6>333.741288</y6>
			<x7>472.429549</x7>
			<y7>312.898487</y7>
			<x8>468.503184</x8>
			<y8>235.199844</y8>
			<x9>457.335675</x9>
			<y9>219.907528</y9>
			<x10>444.017551</x10>
			<y10>219.105882</y10>
			<x11>440.46605</x11>
			<y11>240.750329</y11>
			<x12>441.353926</x12>
			<y12>314.501779</y12>
			<x13>440.022113</x13>
			<y13>336.947873</y13>
			<x14>441.797863</x14>
			<y14>355.385735</y14>
		</polygon>
	</object>
	<object>
		<name>LMU</name>
		<pose>Unspecified</pose>
		<truncated>0</truncated>
		<difficult>0</difficult>
		<occluded>0</occluded>
		<bndbox>
			<xmin>470</xmin>
			<xmax>515</xmax>
			<ymin>234</ymin>
			<ymax>363</ymax>
		</bndbox>
		<polygon>
			<x1>468.998208</x1>
			<y1>255.156236</y1>
			<x2>473.741703</x2>
			<y2>309.844499</y2>
			<x3>482.134041</x3>
			<y3>359.261605</y3>
			<x4>499.2836</x4>
			<y4>361.897184</y4>
			<x5>505.851517</x5>
			<y5>345.424815</y5>
			<x6>511.689665</x6>
			<y6>340.812552</y6>
			<x7>514.243854</x7>
			<y7>313.138973</y7>
			<x8>500.013369</x8>
			<y8>288.759868</y8>
			<x9>481.404272</x9>
			<y9>241.978341</y9>
			<x10>473.741703</x10>
			<y10>233.412709</y10>
			<x11>468.998208</x11>
			<y11>255.156236</y11>
		</polygon>
	</object>
	<object>
		<name>LMU</name>
		<pose>Unspecified</pose>
		<truncated>0</truncated>
		<difficult>0</difficult>
		<occluded>0</occluded>
		<bndbox>
			<xmin>476</xmin>
			<xmax>524</xmax>
			<ymin>174</ymin>
			<ymax>279</ymax>
		</bndbox>
		<polygon>
			<x1>513.514086</x1>
			<y1>255.156236</y1>
			<x2>520.082002</x2>
			<y2>254.497341</y2>
			<x3>523.001076</x3>
			<y3>245.931709</y3>
			<x4>517.892697</x4>
			<y4>227.482657</y4>
			<x5>508.405706</x5>
			<y5>213.645867</y5>
			<x6>498.222704</x6>
			<y6>178.100119</y6>
			<x7>481.404272</x7>
			<y7>173.453288</y7>
			<x8>475.20124</x8>
			<y8>199.809078</y8>
			<x9>481.769156</x9>
			<y9>250.543972</y9>
			<x10>493.080568</x10>
			<y10>275.581973</y10>
			<x11>499.2836</x11>
			<y11>278.217552</y11>
			<x12>505.851517</x12>
			<y12>276.240867</y12>
			<x13>513.514086</x13>
			<y13>255.156236</y13>
		</polygon>
	</object>
	<object>
		<name>LMD</name>
		<pose>Unspecified</pose>
		<truncated>0</truncated>
		<difficult>0</difficult>
		<occluded>0</occluded>
		<bndbox>
			<xmin>431</xmin>
			<xmax>475</xmax>
			<ymin>378</ymin>
			<ymax>532</ymax>
		</bndbox>
		<polygon>
			<x1>468.083037</x1>
			<y1>393.442774</y1>
			<x2>459.422624</x2>
			<y2>379.038744</y2>
			<x3>449.394776</x3>
			<y3>385.623443</y3>
			<x4>436.647696</x4>
			<y4>377.409288</y4>
			<x5>430.47861</x5>
			<y5>400.850561</y5>
			<x6>432.52976</x6>
			<y6>419.781571</y6>
			<x7>437.77159</x7>
			<y7>436.24332</y7>
			<x8>434.353005</x8>
			<y8>470.401448</y8>
			<x9>437.087873</x9>
			<y9>497.151789</y9>
			<x10>446.204098</x10>
			<y10>520.198237</y10>
			<x11>456.004039</x11>
			<y11>530.898373</y11>
			<x12>457.827284</x12>
			<y12>520.198237</y12>
			<x13>449.166871</x13>
			<y13>483.159303</y13>
			<x14>450.990116</x14>
			<y14>461.347486</y14>
			<x15>457.143568</x15>
			<y15>482.747759</y15>
			<x16>461.245869</x16>
			<y16>512.378906</y16>
			<x17>469.450471</x17>
			<y17>531.309917</y17>
			<x18>472.413244</x18>
			<y18>520.198237</y18>
			<x19>471.957433</x19>
			<y19>472.87071</y19>
			<x20>466.487698</x20>
			<y20>450.647349</y20>
			<x21>465.576075</x21>
			<y21>439.947213</y21>
			<x22>472.869055</x22>
			<y22>416.900766</y22>
			<x23>473.552772</x23>
			<y23>392.619686</y23>
			<x24>468.083037</x24>
			<y24>393.442774</y24>
		</polygon>
	</object>
	<object>
		<name>LMD</name>
		<pose>Unspecified</pose>
		<truncated>0</truncated>
		<difficult>0</difficult>
		<occluded>0</occluded>
		<bndbox>
			<xmin>467</xmin>
			<xmax>528</xmax>
			<ymin>405</ymin>
			<ymax>538</ymax>
		</bndbox>
		<polygon>
			<x1>513.436256</x1>
			<y1>476.574604</y1>
			<x2>507.51071</x2>
			<y2>454.351243</y2>
			<x3>508.422333</x3>
			<y3>433.774058</y3>
			<x4>503.86422</x4>
			<y4>418.54694</y4>
			<x5>494.771617</x5>
			<y5>404.176298</y5>
			<x6>484.948053</x6>
			<y6>418.54694</y6>
			<x7>472.413244</x7>
			<y7>412.373784</y7>
			<x8>468.310943</x8>
			<y8>426.777814</y8>
			<x9>465.576075</x9>
			<y9>442.416476</y9>
			<x10>466.031887</x10>
			<y10>452.293524</y10>
			<x11>476.28764</x11>
			<y11>476.986147</y11>
			<x12>481.073658</x12>
			<y12>503.324944</y12>
			<x13>492.696845</x13>
			<y13>527.606024</y13>
			<x14>510.017672</x14>
			<y14>537.071529</y14>
			<x15>511.840917</x15>
			<y15>529.252198</y15>
			<x16>497.482863</x16>
			<y16>500.855683</y16>
			<x17>496.115429</x17>
			<y17>486.451652</y17>
			<x18>499.989825</x18>
			<y18>494.270983</y18>
			<x19>510.017672</x19>
			<y19>511.555819</y19>
			<x20>522.324575</x20>
			<y20>530.075286</y20>
			<x21>527.338499</x21>
			<y21>529.252198</y21>
			<x22>527.338499</x22>
			<y22>521.432868</y22>
			<x23>520.957142</x23>
			<y23>492.213264</y23>
			<x24>513.436256</x24>
			<y24>476.574604</y24>
		</polygon>
	</object>
	<object>
		<name>LMD</name>
		<pose>Unspecified</pose>
		<truncated>0</truncated>
		<difficult>0</difficult>
		<occluded>0</occluded>
		<bndbox>
			<xmin>501</xmin>
			<xmax>572</xmax>
			<ymin>367</ymin>
			<ymax>469</ymax>
		</bndbox>
		<polygon>
			<x1>501.585164</x1>
			<y1>419.726183</y1>
			<x2>507.738616</x2>
			<y2>434.130212</y2>
			<x3>506.371182</x3>
			<y3>451.003505</y3>
			<x4>510.017672</x4>
			<y4>465.407534</y4>
			<x5>516.171124</x5>
			<y5>467.876797</y5>
			<x6>523.69201</x6>
			<y6>464.995991</y6>
			<x7>532.808234</x7>
			<y7>448.122699</y7>
			<x8>557.194136</x8>
			<y8>425.487794</y8>
			<x9>571.324285</x9>
			<y9>406.968327</y9>
			<x10>565.398738</x10>
			<y10>378.571812</y10>
			<x11>554.491096</x11>
			<y11>365.878884</y11>
			<x12>542.38027</x12>
			<y12>371.164025</y12>
			<x13>528.250122</x13>
			<y13>387.625773</y13>
			<x14>510.017672</x14>
			<y14>387.625773</y14>
			<x15>499.989825</x15>
			<y15>396.679735</y15>
			<x16>501.585164</x16>
			<y16>419.726183</y16>
		</polygon>
	</object>
	<metadata>
		<tags>
			<tag>teeth</tag>
		</tags>
	</metadata>
</annotation>
