<annotation>
	<folder></folder>
	<filename>250_jpg.rf.42633a966d6e1529890fa92fa2b6a043.jpg</filename>
	<path>250_jpg.rf.42633a966d6e1529890fa92fa2b6a043.jpg</path>
	<source>
		<database>roboflow.com</database>
	</source>
	<size>
		<width>640</width>
		<height>640</height>
		<depth>3</depth>
	</size>
	<segmented>0</segmented>
	<object>
		<name>RIU</name>
		<pose>Unspecified</pose>
		<truncated>0</truncated>
		<difficult>0</difficult>
		<occluded>0</occluded>
		<bndbox>
			<xmin>295</xmin>
			<xmax>328</xmax>
			<ymin>207</ymin>
			<ymax>383</ymax>
		</bndbox>
		<polygon>
			<x1>297.010687</x1>
			<y1>325.828374</y1>
			<x2>294.354329</x2>
			<y2>371.74016</y2>
			<x3>310.292473</x3>
			<y3>382.018918</y3>
			<x4>323.57426</x4>
			<y4>375.166412</y4>
			<x5>326.989576</x5>
			<y5>355.294148</y5>
			<x6>322.435821</x6>
			<y6>234.690054</y6>
			<x7>308.774555</x7>
			<y7>205.909532</y7>
			<x8>301.564442</x8>
			<y8>229.20805</y8>
			<x9>297.010687</x9>
			<y9>325.828374</y9>
		</polygon>
	</object>
	<object>
		<name>RIU</name>
		<pose>Unspecified</pose>
		<truncated>0</truncated>
		<difficult>0</difficult>
		<occluded>0</occluded>
		<bndbox>
			<xmin>269</xmin>
			<xmax>304</xmax>
			<ymin>197</ymin>
			<ymax>369</ymax>
		</bndbox>
		<polygon>
			<x1>296.631207</x1>
			<y1>195.603448</y1>
			<x2>290.213022</x2>
			<y2>209.382837</y2>
			<x3>267.790756</x3>
			<y3>351.182644</y3>
			<x4>276.139308</x4>
			<y4>364.860329</y4>
			<x5>295.113288</x5>
			<y5>368.286581</y5>
			<x6>297.390166</x6>
			<y6>318.263292</y6>
			<x7>302.702881</x7>
			<y7>211.36421</y7>
			<x8>296.631207</x8>
			<y8>195.603448</y8>
		</polygon>
	</object>
	<object>
		<name>RCU</name>
		<pose>Unspecified</pose>
		<truncated>0</truncated>
		<difficult>0</difficult>
		<occluded>0</occluded>
		<bndbox>
			<xmin>243</xmin>
			<xmax>275</xmax>
			<ymin>160</ymin>
			<ymax>373</ymax>
		</bndbox>
		<polygon>
			<x1>245.401459</x1>
			<y1>310.725537</y1>
			<x2>241.986142</x2>
			<y2>337.450307</y2>
			<x3>257.165327</x3>
			<y3>371.712834</y3>
			<x4>267.790756</x4>
			<y4>353.211069</y4>
			<x5>274.24191</x5>
			<y5>323.745297</y5>
			<x6>269.338775</x6>
			<y6>181.270059</y6>
			<x7>259.442205</x7>
			<y7>159.285169</y7>
			<x8>251.473133</x8>
			<y8>175.731182</y8>
			<x9>245.401459</x9>
			<y9>310.725537</y9>
		</polygon>
	</object>
	<object>
		<name>RPMU</name>
		<pose>Unspecified</pose>
		<truncated>0</truncated>
		<difficult>0</difficult>
		<occluded>0</occluded>
		<bndbox>
			<xmin>219</xmin>
			<xmax>254</xmax>
			<ymin>179</ymin>
			<ymax>362</ymax>
		</bndbox>
		<polygon>
			<x1>243.88354</x1>
			<y1>351.840568</y1>
			<x2>252.611572</x2>
			<y2>342.932311</y2>
			<x3>252.611572</x3>
			<y3>325.801048</y3>
			<x4>245.428274</x4>
			<y4>205.954449</y4>
			<x5>233.637591</x5>
			<y5>178.472184</y5>
			<x6>225.668519</x6>
			<y6>199.0297</y6>
			<x7>223.771121</x7>
			<y7>298.391027</y7>
			<x8>218.078927</x8>
			<y8>321.689545</y8>
			<x9>219.976325</x9>
			<y9>340.191309</y9>
			<x10>233.258111</x10>
			<y10>361.434076</y10>
			<x11>241.227183</x11>
			<y11>352.525819</y11>
			<x12>243.88354</x12>
			<y12>351.840568</y12>
		</polygon>
	</object>
	<object>
		<name>RPMU</name>
		<pose>Unspecified</pose>
		<truncated>0</truncated>
		<difficult>0</difficult>
		<occluded>0</occluded>
		<bndbox>
			<xmin>197</xmin>
			<xmax>229</xmax>
			<ymin>194</ymin>
			<ymax>362</ymax>
		</bndbox>
		<polygon>
			<x1>218.458406</x1>
			<y1>192.862446</y1>
			<x2>207.475098</x2>
			<y2>212.125547</y2>
			<x3>195.689629</x3>
			<y3>342.932311</y3>
			<x4>208.591936</x4>
			<y4>361.434076</y4>
			<x5>223.771121</x5>
			<y5>351.840568</y5>
			<x6>228.324876</x6>
			<y6>321.004294</y6>
			<x7>223.771121</x7>
			<y7>201.085452</y7>
			<x8>218.458406</x8>
			<y8>192.862446</y8>
		</polygon>
	</object>
	<object>
		<name>RMU</name>
		<pose>Unspecified</pose>
		<truncated>0</truncated>
		<difficult>0</difficult>
		<occluded>0</occluded>
		<bndbox>
			<xmin>158</xmin>
			<xmax>205</xmax>
			<ymin>190</ymin>
			<ymax>356</ymax>
		</bndbox>
		<polygon>
			<x1>176.353493</x1>
			<y1>211.439869</y1>
			<x2>167.987618</x2>
			<y2>284.686016</y2>
			<x3>156.982709</x3>
			<y3>319.633794</y3>
			<x4>161.536464</x4>
			<y4>344.988063</y4>
			<x5>174.059291</x5>
			<y5>350.470068</y5>
			<x6>181.269404</x6>
			<y6>355.266821</y6>
			<x7>201.002344</x7>
			<y7>346.358564</y7>
			<x8>200.243385</x8>
			<y8>310.040286</y8>
			<x9>204.038181</x9>
			<y9>204.511704</y9>
			<x10>195.689629</x10>
			<y10>188.750942</y10>
			<x11>176.353493</x11>
			<y11>211.439869</y11>
		</polygon>
	</object>
	<object>
		<name>RMU</name>
		<pose>Unspecified</pose>
		<truncated>0</truncated>
		<difficult>0</difficult>
		<occluded>0</occluded>
		<bndbox>
			<xmin>131</xmin>
			<xmax>177</xmax>
			<ymin>182</ymin>
			<ymax>349</ymax>
		</bndbox>
		<polygon>
			<x1>130.039656</x1>
			<y1>297.020526</y1>
			<x2>130.039656</x2>
			<y2>324.430547</y2>
			<x3>137.629248</x3>
			<y3>348.414316</y3>
			<x4>161.915944</x4>
			<y4>340.191309</y4>
			<x5>167.228658</x5>
			<y5>321.689545</y5>
			<x6>176.336169</x6>
			<y6>194.918197</y6>
			<x7>164.572301</x7>
			<y7>180.527936</y7>
			<x8>155.479246</x8>
			<y8>194.297932</y8>
			<x9>149.013637</x9>
			<y9>260.016998</y9>
			<x10>130.039656</x10>
			<y10>297.020526</y10>
		</polygon>
	</object>
	<object>
		<name>RMU</name>
		<pose>Unspecified</pose>
		<truncated>0</truncated>
		<difficult>0</difficult>
		<occluded>0</occluded>
		<bndbox>
			<xmin>118</xmin>
			<xmax>162</xmax>
			<ymin>154</ymin>
			<ymax>269</ymax>
		</bndbox>
		<polygon>
			<x1>117.516829</x1>
			<y1>223.698719</y1>
			<x2>116.75787</x2>
			<y2>244.256235</y2>
			<x3>127.762778</x3>
			<y3>257.961246</y3>
			<x4>137.249769</x4>
			<y4>268.240004</y4>
			<x5>149.772596</x5>
			<y5>255.905494</y5>
			<x6>160.777505</x6>
			<y6>172.99018</y6>
			<x7>155.46479</x7>
			<y7>153.117915</y7>
			<x8>139.918444</x8>
			<y8>162.756767</y8>
			<x9>127.762778</x9>
			<y9>207.252707</y9>
			<x10>117.516829</x10>
			<y10>223.698719</y10>
		</polygon>
	</object>
	<object>
		<name>RMD</name>
		<pose>Unspecified</pose>
		<truncated>0</truncated>
		<difficult>0</difficult>
		<occluded>0</occluded>
		<bndbox>
			<xmin>152</xmin>
			<xmax>195</xmax>
			<ymin>362</ymin>
			<ymax>502</ymax>
		</bndbox>
		<polygon>
			<x1>170.643975</x1>
			<y1>360.864962</y1>
			<x2>164.572301</x2>
			<y2>362.920714</y2>
			<x3>150.531555</x3>
			<y3>386.904482</y3>
			<x4>156.22375</x4>
			<y4>425.963762</y4>
			<x5>152.428953</x5>
			<y5>436.242521</y5>
			<x6>160.018545</x6>
			<y6>438.983522</y6>
			<x7>163.054383</x7>
			<y7>450.632781</y7>
			<x8>163.054383</x8>
			<y8>465.023042</y8>
			<x9>170.643975</x9>
			<y9>443.780276</y9>
			<x10>170.264495</x10>
			<y10>493.118314</y10>
			<x11>175.19773</x11>
			<y11>500.65607</y11>
			<x12>185.823159</x12>
			<y12>473.176025</y12>
			<x13>187.341078</x13>
			<y13>423.152737</y13>
			<x14>194.171711</x14>
			<y14>402.595221</y14>
			<x15>193.412752</x15>
			<y15>387.519709</y15>
			<x16>188.118978</x16>
			<y16>373.25976</y16>
			<x17>178.233567</x17>
			<y17>374.569973</y17>
			<x18>170.643975</x18>
			<y18>360.864962</y18>
		</polygon>
	</object>
	<object>
		<name>RMD</name>
		<pose>Unspecified</pose>
		<truncated>0</truncated>
		<difficult>0</difficult>
		<occluded>0</occluded>
		<bndbox>
			<xmin>98</xmin>
			<xmax>173</xmax>
			<ymin>437</ymin>
			<ymax>532</ymax>
		</bndbox>
		<polygon>
			<x1>135.73185</x1>
			<y1>458.170537</y1>
			<x2>99.681287</x2>
			<y2>478.042802</y2>
			<x3>97.02493</x3>
			<y3>496.544567</y3>
			<x4>108.788798</x4>
			<y4>502.026571</y4>
			<x5>127.762778</x5>
			<y5>496.544567</y5>
			<x6>111.824634</x6>
			<y6>510.934828</y6>
			<x7>116.75787</x7>
			<y7>524.639839</y7>
			<x8>126.24486</x8>
			<y8>530.807094</y8>
			<x9>137.249769</x9>
			<y9>522.584087</y9>
			<x10>145.59832</x10>
			<y10>514.361081</y10>
			<x11>158.500627</x11>
			<y11>510.934828</y11>
			<x12>167.608138</x12>
			<y12>502.026571</y12>
			<x13>171.023454</x13>
			<y13>487.63631</y13>
			<x14>171.782414</x14>
			<y14>465.708293</y14>
			<x15>163.433862</x15>
			<y15>465.023042</y15>
			<x16>163.433862</x16>
			<y16>449.262281</y16>
			<x17>160.398025</x17>
			<y17>438.983522</y17>
			<x18>154.705831</x18>
			<y18>436.242521</y18>
			<x19>147.129547</x19>
			<y19>441.827511</y19>
			<x20>135.73185</x20>
			<y20>458.170537</y20>
		</polygon>
	</object>
	<object>
		<name>RMD</name>
		<pose>Unspecified</pose>
		<truncated>0</truncated>
		<difficult>0</difficult>
		<occluded>0</occluded>
		<bndbox>
			<xmin>82</xmin>
			<xmax>150</xmax>
			<ymin>376</ymin>
			<ymax>463</ymax>
		</bndbox>
		<polygon>
			<x1>123.588502</x1>
			<y1>452.688533</y1>
			<x2>132.696013</x2>
			<y2>454.059034</y2>
			<x3>141.424045</x3>
			<y3>450.632781</y3>
			<x4>148.634157</x4>
			<y4>438.298272</y4>
			<x5>149.393116</x5>
			<y5>422.53751</y5>
			<x6>145.218841</x6>
			<y6>408.147249</y6>
			<x7>141.424045</x7>
			<y7>393.071737</y7>
			<x8>138.779848</x8>
			<y8>378.059503</y8>
			<x9>128.142258</x9>
			<y9>374.569973</y9>
			<x10>112.204114</x10>
			<y10>397.18324</y10>
			<x11>87.15846</x11>
			<y11>404.720996</y11>
			<x12>81.086786</x12>
			<y12>429.390015</y12>
			<x13>92.850654</x13>
			<y13>462.282041</y13>
			<x14>123.588502</x14>
			<y14>452.688533</y14>
		</polygon>
	</object>
	<object>
		<name>RPMD</name>
		<pose>Unspecified</pose>
		<truncated>0</truncated>
		<difficult>0</difficult>
		<occluded>0</occluded>
		<bndbox>
			<xmin>187</xmin>
			<xmax>221</xmax>
			<ymin>378</ymin>
			<ymax>526</ymax>
		</bndbox>
		<polygon>
			<x1>202.140783</x1>
			<y1>499.970819</y1>
			<x2>211.627773</x2>
			<y2>436.927771</y2>
			<x3>219.976325</x3>
			<y3>394.442238</y3>
			<x4>208.591936</x4>
			<y4>376.625724</y4>
			<x5>202.520263</x5>
			<y5>384.16348</y5>
			<x6>193.412752</x6>
			<y6>380.051977</y6>
			<x7>188.479517</x7>
			<y7>395.127489</y7>
			<x8>191.135874</x8>
			<y8>420.481758</y8>
			<x9>185.823159</x9>
			<y9>491.747813</y9>
			<x10>188.479517</x10>
			<y10>525.325089</y10>
			<x11>195.31015</x11>
			<y11>521.898837</y11>
			<x12>202.140783</x12>
			<y12>499.970819</y12>
		</polygon>
	</object>
	<object>
		<name>RPMD</name>
		<pose>Unspecified</pose>
		<truncated>0</truncated>
		<difficult>0</difficult>
		<occluded>0</occluded>
		<bndbox>
			<xmin>216</xmin>
			<xmax>249</xmax>
			<ymin>382</ymin>
			<ymax>528</ymax>
		</bndbox>
		<polygon>
			<x1>218.458406</x1>
			<y1>523.954588</y1>
			<x2>227.945397</x2>
			<y2>527.380841</y2>
			<x3>235.534989</x3>
			<y3>510.249577</y3>
			<x4>240.468224</x4>
			<y4>442.409775</y4>
			<x5>248.084996</x5>
			<y5>401.372538</y5>
			<x6>232.499152</x6>
			<y6>381.422478</y6>
			<x7>215.42257</x7>
			<y7>403.350495</y7>
			<x8>219.217365</x8>
			<y8>432.131017</y8>
			<x9>218.458406</x9>
			<y9>523.954588</y9>
		</polygon>
	</object>
	<object>
		<name>RCD</name>
		<pose>Unspecified</pose>
		<truncated>0</truncated>
		<difficult>0</difficult>
		<occluded>0</occluded>
		<bndbox>
			<xmin>245</xmin>
			<xmax>275</xmax>
			<ymin>377</ymin>
			<ymax>550</ymax>
		</bndbox>
		<polygon>
			<x1>245.021979</x1>
			<y1>442.409775</y1>
			<x2>243.504061</x2>
			<y2>532.177594</y2>
			<x3>258.683245</x3>
			<y3>549.308858</y3>
			<x4>269.308675</x4>
			<y4>485.580559</y4>
			<x5>273.513625</x5>
			<y5>401.372538</y5>
			<x6>258.303766</x6>
			<y6>375.940474</y6>
			<x7>249.196255</x7>
			<y7>386.904482</y7>
			<x8>243.504061</x8>
			<y8>408.832499</y8>
			<x9>245.021979</x9>
			<y9>442.409775</y9>
		</polygon>
	</object>
	<object>
		<name>RID</name>
		<pose>Unspecified</pose>
		<truncated>0</truncated>
		<difficult>0</difficult>
		<occluded>0</occluded>
		<bndbox>
			<xmin>269</xmin>
			<xmax>296</xmax>
			<ymin>385</ymin>
			<ymax>548</ymax>
		</bndbox>
		<polygon>
			<x1>292.077451</x1>
			<y1>446.521278</y1>
			<x2>295.146935</x2>
			<y2>401.372538</y2>
			<x3>282.969941</x3>
			<y3>384.16348</y3>
			<x4>267.790756</x4>
			<y4>400.609492</y4>
			<x5>271.965032</x5>
			<y5>435.55727</y5>
			<x6>279.175144</x6>
			<y6>541.085851</y6>
			<x7>292.077451</x7>
			<y7>546.567856</y7>
			<x8>292.077451</x8>
			<y8>446.521278</y8>
		</polygon>
	</object>
	<object>
		<name>RID</name>
		<pose>Unspecified</pose>
		<truncated>0</truncated>
		<difficult>0</difficult>
		<occluded>0</occluded>
		<bndbox>
			<xmin>293</xmin>
			<xmax>316</xmax>
			<ymin>393</ymin>
			<ymax>540</ymax>
		</bndbox>
		<polygon>
			<x1>292.456931</x1>
			<y1>396.497989</y1>
			<x2>294.733809</x2>
			<y2>444.465527</y2>
			<x3>298.149125</x3>
			<y3>539.0301</y3>
			<x4>309.154034</x4>
			<y4>536.974348</y4>
			<x5>314.882587</x5>
			<y5>398.629828</y5>
			<x6>297.769646</x6>
			<y6>392.386486</y6>
			<x7>292.456931</x7>
			<y7>396.497989</y7>
		</polygon>
	</object>
	<object>
		<name>LID</name>
		<pose>Unspecified</pose>
		<truncated>0</truncated>
		<difficult>0</difficult>
		<occluded>0</occluded>
		<bndbox>
			<xmin>314</xmin>
			<xmax>336</xmax>
			<ymin>392</ymin>
			<ymax>537</ymax>
		</bndbox>
		<polygon>
			<x1>313.32831</x1>
			<y1>400.609492</y1>
			<x2>313.32831</x2>
			<y2>458.855788</y2>
			<x3>314.846228</x3>
			<y3>536.289098</y3>
			<x4>328.128015</x4>
			<y4>535.603847</y4>
			<x5>334.579168</x5>
			<y5>397.18324</y5>
			<x6>315.984667</x6>
			<y6>391.015986</y6>
			<x7>313.32831</x7>
			<y7>400.609492</y7>
		</polygon>
	</object>
	<object>
		<name>LIU</name>
		<pose>Unspecified</pose>
		<truncated>0</truncated>
		<difficult>0</difficult>
		<occluded>0</occluded>
		<bndbox>
			<xmin>323</xmin>
			<xmax>352</xmax>
			<ymin>211</ymin>
			<ymax>386</ymax>
		</bndbox>
		<polygon>
			<x1>333.446205</x1>
			<y1>385.464384</y1>
			<x2>350.902268</x2>
			<y2>381.352881</y2>
			<x3>344.071634</x3>
			<y3>225.801011</y3>
			<x4>333.066726</x4>
			<y4>210.040249</y4>
			<x5>328.89245</x5>
			<y5>234.024018</y5>
			<x6>324.338695</x6>
			<y6>339.552599</y6>
			<x7>322.061817</x7>
			<y7>377.241378</y7>
			<x8>333.446205</x8>
			<y8>385.464384</y8>
		</polygon>
	</object>
	<object>
		<name>LIU</name>
		<pose>Unspecified</pose>
		<truncated>0</truncated>
		<difficult>0</difficult>
		<occluded>0</occluded>
		<bndbox>
			<xmin>347</xmin>
			<xmax>378</xmax>
			<ymin>205</ymin>
			<ymax>384</ymax>
		</bndbox>
		<polygon>
			<x1>352.799665</x1>
			<y1>203.872994</y1>
			<x2>345.969032</x2>
			<y2>221.004258</y2>
			<x3>348.24591</x3>
			<y3>313.513079</y3>
			<x4>350.143308</x4>
			<y4>379.297129</y4>
			<x5>352.420186</x5>
			<y5>382.723383</y5>
			<x6>369.496769</x6>
			<y6>379.98238</y6>
			<x7>377.086361</x7>
			<y7>369.703622</y7>
			<x8>372.153126</x8>
			<y8>338.182098</y8>
			<x9>362.666136</x9>
			<y9>228.542013</y9>
			<x10>352.799665</x10>
			<y10>203.872994</y10>
		</polygon>
	</object>
	<object>
		<name>LCU</name>
		<pose>Unspecified</pose>
		<truncated>0</truncated>
		<difficult>0</difficult>
		<occluded>0</occluded>
		<bndbox>
			<xmin>369</xmin>
			<xmax>400</xmax>
			<ymin>221</ymin>
			<ymax>384</ymax>
		</bndbox>
		<polygon>
			<x1>382.399076</x1>
			<y1>379.98238</y1>
			<x2>389.988668</x2>
			<y2>383.408633</y2>
			<x3>399.475658</x3>
			<y3>357.369112</y3>
			<x4>398.337219</x4>
			<y4>226.486261</y4>
			<x5>390.78894</x5>
			<y5>219.667999</y5>
			<x6>377.46584</x6>
			<y6>255.266784</y6>
			<x7>368.35833</x7>
			<y7>318.995083</y7>
			<x8>376.327402</x8>
			<y8>366.96262</y8>
			<x9>382.399076</x9>
			<y9>379.98238</y9>
		</polygon>
	</object>
	<object>
		<name>LID</name>
		<pose>Unspecified</pose>
		<truncated>0</truncated>
		<difficult>0</difficult>
		<occluded>0</occluded>
		<bndbox>
			<xmin>330</xmin>
			<xmax>354</xmax>
			<ymin>392</ymin>
			<ymax>537</ymax>
		</bndbox>
		<polygon>
			<x1>353.215295</x1>
			<y1>391.087376</y1>
			<x2>329.271929</x2>
			<y2>397.113644</y2>
			<x3>333.446205</x3>
			<y3>460.156693</y3>
			<x4>337.620481</x4>
			<y4>536.219501</y4>
			<x5>350.143308</x5>
			<y5>533.478499</y5>
			<x6>353.215295</x6>
			<y6>391.087376</y6>
		</polygon>
	</object>
	<object>
		<name>LCD</name>
		<pose>Unspecified</pose>
		<truncated>0</truncated>
		<difficult>0</difficult>
		<occluded>0</occluded>
		<bndbox>
			<xmin>353</xmin>
			<xmax>382</xmax>
			<ymin>383</ymin>
			<ymax>544</ymax>
		</bndbox>
		<polygon>
			<x1>354.317584</x1>
			<y1>447.822182</y1>
			<x2>356.214982</x2>
			<y2>541.016255</y2>
			<x3>369.876248</x3>
			<y3>543.072006</y3>
			<x4>377.086361</x4>
			<y4>510.865231</y4>
			<x5>380.501677</x5>
			<y5>403.966149</y5>
			<x6>366.840411</x6>
			<y6>382.038132</y6>
			<x7>353.938104</x7>
			<y7>395.743142</y7>
			<x8>351.661227</x8>
			<y8>417.671159</y8>
			<x9>354.317584</x9>
			<y9>447.822182</y9>
		</polygon>
	</object>
	<object>
		<name>LPMD</name>
		<pose>Unspecified</pose>
		<truncated>0</truncated>
		<difficult>0</difficult>
		<occluded>0</occluded>
		<bndbox>
			<xmin>377</xmin>
			<xmax>408</xmax>
			<ymin>389</ymin>
			<ymax>532</ymax>
		</bndbox>
		<polygon>
			<x1>386.573351</x1>
			<y1>494.419219</y1>
			<x2>399.855138</x2>
			<y2>531.422748</y2>
			<x3>406.685771</x3>
			<y3>511.550482</y3>
			<x4>405.926812</x4>
			<y4>436.858174</y4>
			<x5>407.06525</x5>
			<y5>406.707151</y5>
			<x6>391.127107</x6>
			<y6>388.205387</y6>
			<x7>375.947922</x7>
			<y7>414.930158</y7>
			<x8>383.537514</x8>
			<y8>442.340178</y8>
			<x9>386.573351</x9>
			<y9>494.419219</y9>
		</polygon>
	</object>
	<object>
		<name>LPMD</name>
		<pose>Unspecified</pose>
		<truncated>0</truncated>
		<difficult>0</difficult>
		<occluded>0</occluded>
		<bndbox>
			<xmin>401</xmin>
			<xmax>439</xmax>
			<ymin>386</ymin>
			<ymax>542</ymax>
		</bndbox>
		<polygon>
			<x1>433.628824</x1>
			<y1>406.021901</y1>
			<x2>417.3112</x2>
			<y2>385.464384</y2>
			<x3>399.855138</x3>
			<y3>401.910397</y3>
			<x4>406.685771</x4>
			<y4>426.579416</y4>
			<x5>413.136924</x5>
			<y5>467.009198</y5>
			<x6>419.208598</x6>
			<y6>516.347236</y6>
			<x7>425.659751</x7>
			<y7>541.016255</y7>
			<x8>430.592987</x8>
			<y8>539.645754</y8>
			<x9>438.182579</x9>
			<y9>512.920983</y9>
			<x10>434.008303</x10>
			<y10>449.192684</y10>
			<x11>433.628824</x11>
			<y11>406.021901</y11>
		</polygon>
	</object>
	<object>
		<name>LMD</name>
		<pose>Unspecified</pose>
		<truncated>0</truncated>
		<difficult>0</difficult>
		<occluded>0</occluded>
		<bndbox>
			<xmin>430</xmin>
			<xmax>476</xmax>
			<ymin>377</ymin>
			<ymax>532</ymax>
		</bndbox>
		<polygon>
			<x1>465.884591</x1>
			<y1>445.081181</y1>
			<x2>470.058867</x2>
			<y2>427.949917</y2>
			<x3>473.474183</x3>
			<y3>417.671159</y3>
			<x4>474.66546</x4>
			<y4>398.629828</y4>
			<x5>458.674478</x5>
			<y5>379.297129</y5>
			<x6>447.29009</x6>
			<y6>385.464384</y6>
			<x7>435.526221</x7>
			<y7>375.870877</y7>
			<x8>429.075068</x8>
			<y8>403.280898</y8>
			<x9>436.66466</x9>
			<y9>431.37617</y9>
			<x10>435.146742</x10>
			<y10>480.714208</y10>
			<x11>439.700497</x11>
			<y11>506.753728</y11>
			<x12>448.428528</x12>
			<y12>527.311244</y12>
			<x13>459.433437</x13>
			<y13>530.737497</y13>
			<x14>452.982284</x14>
			<y14>503.327476</y14>
			<x15>450.325926</x15>
			<y15>480.028957</y15>
			<x16>451.464365</x16>
			<y16>462.212444</y16>
			<x17>457.536039</x17>
			<y17>481.399459</y17>
			<x18>460.192396</x18>
			<y18>505.383227</y18>
			<x19>465.505111</x19>
			<y19>526.625994</y19>
			<x20>472.715224</x20>
			<y20>525.255493</y20>
			<x21>472.715224</x21>
			<y21>483.45521</y21>
			<x22>469.679387</x22>
			<y22>461.527193</y22>
			<x23>467.02303</x23>
			<y23>450.563185</y23>
			<x24>465.884591</x24>
			<y24>445.081181</y24>
		</polygon>
	</object>
	<object>
		<name>LMD</name>
		<pose>Unspecified</pose>
		<truncated>0</truncated>
		<difficult>0</difficult>
		<occluded>0</occluded>
		<bndbox>
			<xmin>465</xmin>
			<xmax>529</xmax>
			<ymin>400</ymin>
			<ymax>545</ymax>
		</bndbox>
		<polygon>
			<x1>487.135449</x1>
			<y1>524.570242</y1>
			<x2>508.765787</x2>
			<y2>543.757257</y2>
			<x3>525.083411</x3>
			<y3>532.793248</y3>
			<x4>528.119248</x4>
			<y4>515.661985</y4>
			<x5>514.078502</x5>
			<y5>468.379699</y5>
			<x6>507.627348</x6>
			<y6>457.41569</y6>
			<x7>509.145267</x7>
			<y7>429.320418</y7>
			<x8>492.827643</x8>
			<y8>399.169395</y8>
			<x9>483.720132</x9>
			<y9>419.041661</y9>
			<x10>471.956264</x10>
			<y10>411.503904</y10>
			<x11>463.987193</x11>
			<y11>439.599176</y11>
			<x12>471.576785</x12>
			<y12>464.953446</y12>
			<x13>479.925337</x13>
			<y13>494.419219</y13>
			<x14>487.135449</x14>
			<y14>524.570242</y14>
		</polygon>
	</object>
	<object>
		<name>LMD</name>
		<pose>Unspecified</pose>
		<truncated>0</truncated>
		<difficult>0</difficult>
		<occluded>0</occluded>
		<bndbox>
			<xmin>502</xmin>
			<xmax>568</xmax>
			<ymin>360</ymin>
			<ymax>471</ymax>
		</bndbox>
		<polygon>
			<x1>521.668094</x1>
			<y1>469.750199</y1>
			<x2>532.293523</x2>
			<y2>447.822182</y2>
			<x3>556.580218</x3>
			<y3>432.061421</y3>
			<x4>567.205648</x4>
			<y4>406.021901</y4>
			<x5>563.031372</x5>
			<y5>384.093883</y5>
			<x6>555.821259</x6>
			<y6>358.739614</y6>
			<x7>544.436871</x7>
			<y7>364.221618</y7>
			<x8>531.534564</x8>
			<y8>382.723383</y8>
			<x9>523.625057</x9>
			<y9>390.401698</y9>
			<x10>508.006828</x10>
			<y10>386.149635</y10>
			<x11>500.796715</x11>
			<y11>403.966149</y11>
			<x12>506.488909</x12>
			<y12>425.894166</y12>
			<x13>506.488909</x13>
			<y13>453.304187</y13>
			<x14>509.524746</x14>
			<y14>467.009198</y14>
			<x15>521.668094</x15>
			<y15>469.750199</y15>
		</polygon>
	</object>
	<object>
		<name>LMU</name>
		<pose>Unspecified</pose>
		<truncated>0</truncated>
		<difficult>0</difficult>
		<occluded>0</occluded>
		<bndbox>
			<xmin>476</xmin>
			<xmax>526</xmax>
			<ymin>170</ymin>
			<ymax>282</ymax>
		</bndbox>
		<polygon>
			<x1>517.873298</x1>
			<y1>257.961672</y1>
			<x2>524.703931</x2>
			<y2>243.571412</y2>
			<x3>511.422144</x3>
			<y3>210.679386</y3>
			<x4>497.816897</x4>
			<y4>171.670574</y4>
			<x5>492.068684</x5>
			<y5>168.879104</y5>
			<x6>476.13054</x6>
			<y6>179.843112</y6>
			<x7>474.992101</x7>
			<y7>211.364637</y7>
			<x8>482.202214</x8>
			<y8>238.774658</y8>
			<x9>488.653368</x9>
			<y9>271.666683</y9>
			<x10>502.694113</x10>
			<y10>280.57494</y10>
			<x11>512.181104</x11>
			<y11>271.666683</y11>
			<x12>517.873298</x12>
			<y12>257.961672</y12>
		</polygon>
	</object>
	<object>
		<name>LMU</name>
		<pose>Unspecified</pose>
		<truncated>0</truncated>
		<difficult>0</difficult>
		<occluded>0</occluded>
		<bndbox>
			<xmin>467</xmin>
			<xmax>515</xmax>
			<ymin>230</ymin>
			<ymax>365</ymax>
		</bndbox>
		<polygon>
			<x1>465.556697</x1>
			<y1>243.666712</y1>
			<x2>476.13054</x2>
			<y2>321.689972</y2>
			<x3>480.684296</x3>
			<y3>353.211496</y3>
			<x4>498.140358</x4>
			<y4>364.175505</y4>
			<x5>503.073593</x5>
			<y5>348.414743</y5>
			<x6>513.699022</x6>
			<y6>335.394982</y6>
			<x7>513.319543</x7>
			<y7>315.522717</y7>
			<x8>504.970991</x8>
			<y8>294.965201</y8>
			<x9>492.827643</x9>
			<y9>274.407686</y9>
			<x10>477.648459</x10>
			<y10>229.181151</y10>
			<x11>465.556697</x11>
			<y11>243.666712</y11>
		</polygon>
	</object>
	<object>
		<name>LMU</name>
		<pose>Unspecified</pose>
		<truncated>0</truncated>
		<difficult>0</difficult>
		<occluded>0</occluded>
		<bndbox>
			<xmin>439</xmin>
			<xmax>483</xmax>
			<ymin>220</ymin>
			<ymax>374</ymax>
		</bndbox>
		<polygon>
			<x1>473.094703</x1>
			<y1>307.984961</y1>
			<x2>463.228233</x2>
			<y2>235.348405</y2>
			<x3>452.602804</x3>
			<y3>218.902392</y3>
			<x4>442.356855</x4>
			<y4>220.272894</y4>
			<x5>438.182579</x5>
			<y5>239.459909</y5>
			<x6>441.597895</x6>
			<y6>326.486726</y6>
			<x7>439.700497</x7>
			<y7>351.840996</y7>
			<x8>445.772171</x8>
			<y8>365.546006</y8>
			<x9>462.848754</x9>
			<y9>373.083762</y9>
			<x10>465.505111</x10>
			<y10>366.231256</y10>
			<x11>475.751061</x11>
			<y11>368.972259</y11>
			<x12>481.822735</x12>
			<y12>349.099993</y12>
			<x13>473.094703</x13>
			<y13>307.984961</y13>
		</polygon>
	</object>
	<object>
		<name>LPMU</name>
		<pose>Unspecified</pose>
		<truncated>0</truncated>
		<difficult>0</difficult>
		<occluded>0</occluded>
		<bndbox>
			<xmin>417</xmin>
			<xmax>449</xmax>
			<ymin>218</ymin>
			<ymax>379</ymax>
		</bndbox>
		<polygon>
			<x1>448.049049</x1>
			<y1>358.693501</y1>
			<x2>442.736334</x2>
			<y2>277.833938</y2>
			<x3>430.592987</x3>
			<y3>216.846641</y3>
			<x4>417.69068</x4>
			<y4>222.328645</y4>
			<x5>416.172761</x5>
			<y5>327.857227</y5>
			<x6>416.93172</x6>
			<y6>361.434503</y6>
			<x7>436.66466</x7>
			<y7>377.880516</y7>
			<x8>448.049049</x8>
			<y8>358.693501</y8>
		</polygon>
	</object>
	<object>
		<name>LPMU</name>
		<pose>Unspecified</pose>
		<truncated>0</truncated>
		<difficult>0</difficult>
		<occluded>0</occluded>
		<bndbox>
			<xmin>388</xmin>
			<xmax>426</xmax>
			<ymin>214</ymin>
			<ymax>383</ymax>
		</bndbox>
		<polygon>
			<x1>399.138639</x1>
			<y1>219.667999</y1>
			<x2>388.09127</x2>
			<y2>328.542477</y2>
			<x3>386.952831</x3>
			<y3>360.064002</y3>
			<x4>395.680862</x4>
			<y4>368.972259</y4>
			<x5>400.993576</x5>
			<y5>365.546006</y5>
			<x6>412.377965</x6>
			<y6>381.992019</y6>
			<x7>425.280272</x7>
			<y7>362.805004</y7>
			<x8>424.141833</x8>
			<y8>327.171976</y8>
			<x9>416.93172</x9>
			<y9>233.977904</y9>
			<x10>409.342128</x10>
			<y10>212.735138</y10>
			<x11>399.138639</x11>
			<y11>219.667999</y11>
		</polygon>
	</object>
	<metadata>
		<tags>
			<tag>teeth</tag>
		</tags>
	</metadata>
</annotation>
