<annotation>
	<folder></folder>
	<filename>253_jpg.rf.da69082fba326aa2d2e650c18a2b6d96.jpg</filename>
	<path>253_jpg.rf.da69082fba326aa2d2e650c18a2b6d96.jpg</path>
	<source>
		<database>roboflow.com</database>
	</source>
	<size>
		<width>640</width>
		<height>640</height>
		<depth>3</depth>
	</size>
	<segmented>0</segmented>
	<object>
		<name>RIU</name>
		<pose>Unspecified</pose>
		<truncated>0</truncated>
		<difficult>0</difficult>
		<occluded>0</occluded>
		<bndbox>
			<xmin>273</xmin>
			<xmax>299</xmax>
			<ymin>181</ymin>
			<ymax>339</ymax>
		</bndbox>
		<polygon>
			<x1>290.14127</x1>
			<y1>337.949807</y1>
			<x2>291.880479</x2>
			<y2>329.279202</y2>
			<x3>297.532909</x3>
			<y3>195.751881</y3>
			<x4>292.750084</x4>
			<y4>180.144791</y4>
			<x5>282.79135</x5>
			<y5>192.383694</y5>
			<x6>278.401608</x6>
			<y6>245.174331</y6>
			<x7>276.227596</x7>
			<y7>289.394418</y7>
			<x8>272.749177</x8>
			<y8>317.140354</y8>
			<x9>272.314375</x9>
			<y9>333.614504</y9>
			<x10>280.575619</x10>
			<y10>337.949807</y10>
			<x11>290.14127</x11>
			<y11>337.949807</y11>
		</polygon>
	</object>
	<object>
		<name>RIU</name>
		<pose>Unspecified</pose>
		<truncated>0</truncated>
		<difficult>0</difficult>
		<occluded>0</occluded>
		<bndbox>
			<xmin>292</xmin>
			<xmax>318</xmax>
			<ymin>191</ymin>
			<ymax>344</ymax>
		</bndbox>
		<polygon>
			<x1>311.011781</x1>
			<y1>337.082747</y1>
			<x2>317.099014</x2>
			<y2>202.688365</y2>
			<x3>312.316188</x3>
			<y3>191.416578</y3>
			<x4>302.315735</x4>
			<y4>189.682457</y4>
			<x5>294.924096</x5>
			<y5>261.648481</y5>
			<x6>291.010875</x6>
			<y6>334.481565</y6>
			<x7>293.619689</x7>
			<y7>343.152171</y7>
			<x8>301.880933</x8>
			<y8>343.152171</y8>
			<x9>311.011781</x9>
			<y9>337.082747</y9>
		</polygon>
	</object>
	<object>
		<name>RID</name>
		<pose>Unspecified</pose>
		<truncated>0</truncated>
		<difficult>0</difficult>
		<occluded>0</occluded>
		<bndbox>
			<xmin>281</xmin>
			<xmax>296</xmax>
			<ymin>350</ymin>
			<ymax>502</ymax>
		</bndbox>
		<polygon>
			<x1>280.575619</x1>
			<y1>457.60416</y1>
			<x2>285.358444</x2>
			<y2>500.957186</y2>
			<x3>289.706468</x3>
			<y3>492.286581</y3>
			<x4>295.358898</x4>
			<y4>446.332373</y4>
			<x5>294.924096</x5>
			<y5>349.221594</y5>
			<x6>282.356487</x6>
			<y6>352.022239</y6>
			<x7>280.140817</x7>
			<y7>387.372257</y7>
			<x8>280.575619</x8>
			<y8>457.60416</y8>
		</polygon>
	</object>
	<object>
		<name>RID</name>
		<pose>Unspecified</pose>
		<truncated>0</truncated>
		<difficult>0</difficult>
		<occluded>0</occluded>
		<bndbox>
			<xmin>296</xmin>
			<xmax>310</xmax>
			<ymin>349</ymin>
			<ymax>502</ymax>
		</bndbox>
		<polygon>
			<x1>308.883074</x1>
			<y1>354.625041</y1>
			<x2>295.7937</x2>
			<y2>348.354534</y2>
			<x3>294.924096</x3>
			<y3>467.141826</y3>
			<x4>299.706921</x4>
			<y4>500.957186</y4>
			<x5>306.228956</x5>
			<y5>475.812431</y5>
			<x6>308.883074</x6>
			<y6>354.625041</y6>
		</polygon>
	</object>
	<object>
		<name>RCD</name>
		<pose>Unspecified</pose>
		<truncated>0</truncated>
		<difficult>0</difficult>
		<occluded>0</occluded>
		<bndbox>
			<xmin>261</xmin>
			<xmax>283</xmax>
			<ymin>336</ymin>
			<ymax>516</ymax>
		</bndbox>
		<polygon>
			<x1>281.880026</x1>
			<y1>346.620412</y1>
			<x2>269.270759</x2>
			<y2>335.348626</y2>
			<x3>262.787694</x3>
			<y3>340.743429</y3>
			<x4>259.705108</x4>
			<y4>375.23341</y4>
			<x5>259.705108</x5>
			<y5>431.592344</y5>
			<x6>259.705108</x6>
			<y6>480.147734</y6>
			<x7>264.922736</x7>
			<y7>514.830155</y7>
			<x8>272.314375</x8>
			<y8>500.090126</y8>
			<x9>280.575619</x9>
			<y9>417.719376</y9>
			<x10>281.880026</x10>
			<y10>346.620412</y10>
		</polygon>
	</object>
	<object>
		<name>RPMD</name>
		<pose>Unspecified</pose>
		<truncated>0</truncated>
		<difficult>0</difficult>
		<occluded>0</occluded>
		<bndbox>
			<xmin>235</xmin>
			<xmax>262</xmax>
			<ymin>345</ymin>
			<ymax>479</ymax>
		</bndbox>
		<polygon>
			<x1>234.486574</x1>
			<y1>477.546553</y1>
			<x2>243.617422</x2>
			<y2>462.806523</y2>
			<x3>251.878666</x3>
			<y3>421.187618</y3>
			<x4>259.270306</x4>
			<y4>377.834591</y4>
			<x5>261.444317</x5>
			<y5>359.626321</y5>
			<x6>257.531096</x6>
			<y6>344.019231</y6>
			<x7>237.53019</x7>
			<y7>352.689836</y7>
			<x8>234.486574</x8>
			<y8>477.546553</y8>
		</polygon>
	</object>
	<object>
		<name>RPMD</name>
		<pose>Unspecified</pose>
		<truncated>0</truncated>
		<difficult>0</difficult>
		<occluded>0</occluded>
		<bndbox>
			<xmin>210</xmin>
			<xmax>247</xmax>
			<ymin>335</ymin>
			<ymax>465</ymax>
		</bndbox>
		<polygon>
			<x1>208.833237</x1>
			<y1>463.673584</y1>
			<x2>220.572899</x2>
			<y2>460.205342</y2>
			<x3>236.225783</x3>
			<y3>391.70756</y3>
			<x4>246.226236</x4>
			<y4>348.354534</y4>
			<x5>242.313015</x5>
			<y5>334.481565</y5>
			<x6>226.694143</x6>
			<y6>341.611029</y6>
			<x7>219.268493</x7>
			<y7>356.158078</y7>
			<x8>208.833237</x8>
			<y8>463.673584</y8>
		</polygon>
	</object>
	<object>
		<name>RPMU</name>
		<pose>Unspecified</pose>
		<truncated>0</truncated>
		<difficult>0</difficult>
		<occluded>0</occluded>
		<bndbox>
			<xmin>226</xmin>
			<xmax>257</xmax>
			<ymin>187</ymin>
			<ymax>329</ymax>
		</bndbox>
		<polygon>
			<x1>254.052678</x1>
			<y1>313.672113</y1>
			<x2>256.264763</x2>
			<y2>191.516094</y2>
			<x3>243.617422</x3>
			<y3>186.214215</y3>
			<x4>241.443411</x4>
			<y4>209.624849</y4>
			<x5>230.138551</x5>
			<y5>296.330902</y5>
			<x6>225.355725</x6>
			<y6>320.608597</y6>
			<x7>228.834144</x7>
			<y7>328.412141</y7>
			<x8>239.269399</x8>
			<y8>327.545081</y8>
			<x9>254.052678</x9>
			<y9>313.672113</y9>
		</polygon>
	</object>
	<object>
		<name>RPMU</name>
		<pose>Unspecified</pose>
		<truncated>0</truncated>
		<difficult>0</difficult>
		<occluded>0</occluded>
		<bndbox>
			<xmin>209</xmin>
			<xmax>236</xmax>
			<ymin>172</ymin>
			<ymax>322</ymax>
		</bndbox>
		<polygon>
			<x1>219.703295</x1>
			<y1>320.608597</y1>
			<x2>226.660132</x2>
			<y2>317.140354</y2>
			<x3>233.616969</x3>
			<y3>310.203871</y3>
			<x4>235.356178</x4>
			<y4>296.330902</y4>
			<x5>234.051771</x5>
			<y5>278.989691</y5>
			<x6>231.87776</x6>
			<y6>178.41067</y6>
			<x7>228.399341</x7>
			<y7>171.474186</y7>
			<x8>220.572899</x8>
			<y8>170.607126</y8>
			<x9>217.562039</x9>
			<y9>179.369683</y9>
			<x10>212.746458</x10>
			<y10>286.793236</y10>
			<x11>207.52883</x11>
			<y11>306.735628</y11>
			<x12>211.007249</x12>
			<y12>320.608597</y12>
			<x13>219.703295</x13>
			<y13>320.608597</y13>
		</polygon>
	</object>
	<object>
		<name>RMU</name>
		<pose>Unspecified</pose>
		<truncated>0</truncated>
		<difficult>0</difficult>
		<occluded>0</occluded>
		<bndbox>
			<xmin>180</xmin>
			<xmax>217</xmax>
			<ymin>185</ymin>
			<ymax>335</ymax>
		</bndbox>
		<polygon>
			<x1>179.26668</x1>
			<y1>317.140354</y1>
			<x2>186.223516</x2>
			<y2>333.614504</y2>
			<x3>198.832784</x3>
			<y3>328.412141</y3>
			<x4>209.268039</x4>
			<y4>331.013323</y4>
			<x5>215.790074</x5>
			<y5>313.672113</y5>
			<x6>215.790074</x6>
			<y6>298.065023</y6>
			<x7>211.876853</x7>
			<y7>272.920267</y7>
			<x8>211.876853</x8>
			<y8>219.162515</y8>
			<x9>209.268039</x9>
			<y9>196.618941</y9>
			<x10>203.180807</x10>
			<y10>184.480094</y10>
			<x11>192.745551</x11>
			<y11>196.618941</y11>
			<x12>184.91911</x12>
			<y12>272.053207</y12>
			<x13>181.005889</x13>
			<y13>299.799144</y13>
			<x14>179.26668</x14>
			<y14>317.140354</y14>
		</polygon>
	</object>
	<object>
		<name>RMU</name>
		<pose>Unspecified</pose>
		<truncated>0</truncated>
		<difficult>0</difficult>
		<occluded>0</occluded>
		<bndbox>
			<xmin>153</xmin>
			<xmax>188</xmax>
			<ymin>176</ymin>
			<ymax>325</ymax>
		</bndbox>
		<polygon>
			<x1>162.744192</x1>
			<y1>320.608597</y1>
			<x2>172.744645</x2>
			<y2>324.076839</y2>
			<x3>183.1799</x3>
			<y3>314.539173</y3>
			<x4>185.353912</x4>
			<y4>285.926176</y4>
			<x5>186.658319</x5>
			<y5>191.416578</y5>
			<x6>176.223063</x6>
			<y6>174.942428</y6>
			<x7>165.378591</x7>
			<y7>178.502082</y7>
			<x8>156.656959</x8>
			<y8>231.301363</y8>
			<x9>153.178541</x9>
			<y9>268.584965</y9>
			<x10>151.874134</x10>
			<y10>298.932084</y10>
			<x11>154.048145</x11>
			<y11>310.203871</y11>
			<x12>162.744192</x12>
			<y12>320.608597</y12>
		</polygon>
	</object>
	<object>
		<name>LIU</name>
		<pose>Unspecified</pose>
		<truncated>0</truncated>
		<difficult>0</difficult>
		<occluded>0</occluded>
		<bndbox>
			<xmin>316</xmin>
			<xmax>342</xmax>
			<ymin>189</ymin>
			<ymax>343</ymax>
		</bndbox>
		<polygon>
			<x1>316.229409</x1>
			<y1>339.683928</y1>
			<x2>339.273932</x2>
			<y2>342.28511</y2>
			<x3>341.447943</x3>
			<y3>320.608597</y3>
			<x4>337.534722</x4>
			<y4>194.88482</y4>
			<x5>332.751897</x5>
			<y5>187.948336</y5>
			<x6>322.363798</x6>
			<y6>194.986497</y6>
			<x7>315.359804</x7>
			<y7>320.608597</y7>
			<x8>316.229409</x8>
			<y8>339.683928</y8>
		</polygon>
	</object>
	<object>
		<name>LIU</name>
		<pose>Unspecified</pose>
		<truncated>0</truncated>
		<difficult>0</difficult>
		<occluded>0</occluded>
		<bndbox>
			<xmin>339</xmin>
			<xmax>360</xmax>
			<ymin>187</ymin>
			<ymax>340</ymax>
		</bndbox>
		<polygon>
			<x1>353.187606</x1>
			<y1>188.815396</y1>
			<x2>341.882746</x2>
			<y2>186.214215</y2>
			<x3>338.404327</x3>
			<y3>331.013323</y3>
			<x4>346.665571</x4>
			<y4>338.816867</y4>
			<x5>355.79642</x5>
			<y5>338.816867</y5>
			<x6>358.840036</x6>
			<y6>327.545081</y6>
			<x7>354.978453</x7>
			<y7>201.059702</y7>
			<x8>353.187606</x8>
			<y8>188.815396</y8>
		</polygon>
	</object>
	<object>
		<name>LID</name>
		<pose>Unspecified</pose>
		<truncated>0</truncated>
		<difficult>0</difficult>
		<occluded>0</occluded>
		<bndbox>
			<xmin>308</xmin>
			<xmax>326</xmax>
			<ymin>350</ymin>
			<ymax>485</ymax>
		</bndbox>
		<polygon>
			<x1>309.707374</x1>
			<y1>353.556897</y1>
			<x2>306.663758</x2>
			<y2>475.812431</y2>
			<x3>315.359804</x3>
			<y3>483.615976</y3>
			<x4>325.360258</x4>
			<y4>349.221594</y4>
			<x5>309.707374</x5>
			<y5>353.556897</y5>
		</polygon>
	</object>
	<object>
		<name>LID</name>
		<pose>Unspecified</pose>
		<truncated>0</truncated>
		<difficult>0</difficult>
		<occluded>0</occluded>
		<bndbox>
			<xmin>322</xmin>
			<xmax>339</xmax>
			<ymin>351</ymin>
			<ymax>494</ymax>
		</bndbox>
		<polygon>
			<x1>326.229862</x1>
			<y1>493.153642</y1>
			<x2>336.230316</x2>
			<y2>427.257042</y2>
			<x3>337.534722</x3>
			<y3>350.088654</y3>
			<x4>324.055851</x4>
			<y4>350.955715</y4>
			<x5>323.186246</x5>
			<y5>377.834591</y5>
			<x6>321.012235</x6>
			<y6>487.084218</y6>
			<x7>326.229862</x7>
			<y7>493.153642</y7>
		</polygon>
	</object>
	<object>
		<name>LCD</name>
		<pose>Unspecified</pose>
		<truncated>0</truncated>
		<difficult>0</difficult>
		<occluded>0</occluded>
		<bndbox>
			<xmin>337</xmin>
			<xmax>363</xmax>
			<ymin>348</ymin>
			<ymax>507</ymax>
		</bndbox>
		<polygon>
			<x1>350.14399</x1>
			<y1>506.159549</y1>
			<x2>362.318455</x2>
			<y2>376.967531</y2>
			<x3>359.327074</x3>
			<y3>356.360243</y3>
			<x4>341.013141</x4>
			<y4>346.620412</y4>
			<x5>338.404327</x5>
			<y5>371.765168</y5>
			<x6>335.795513</x6>
			<y6>493.153642</y6>
			<x7>350.14399</x7>
			<y7>506.159549</y7>
		</polygon>
	</object>
	<object>
		<name>LPMD</name>
		<pose>Unspecified</pose>
		<truncated>0</truncated>
		<difficult>0</difficult>
		<occluded>0</occluded>
		<bndbox>
			<xmin>360</xmin>
			<xmax>389</xmax>
			<ymin>347</ymin>
			<ymax>493</ymax>
		</bndbox>
		<polygon>
			<x1>388.406593</x1>
			<y1>369.163986</y1>
			<x2>370.144896</x2>
			<y2>345.753352</y2>
			<x3>366.666478</x3>
			<y3>350.955715</y3>
			<x4>363.188059</x4>
			<y4>376.967531</y4>
			<x5>359.274838</x5>
			<y5>417.719376</y5>
			<x6>359.709641</x6>
			<y6>465.407705</y6>
			<x7>365.796873</x7>
			<y7>492.286581</y7>
			<x8>374.058117</x8>
			<y8>464.540644</y8>
			<x9>388.406593</x9>
			<y9>369.163986</y9>
		</polygon>
	</object>
	<object>
		<name>LPMU</name>
		<pose>Unspecified</pose>
		<truncated>0</truncated>
		<difficult>0</difficult>
		<occluded>0</occluded>
		<bndbox>
			<xmin>360</xmin>
			<xmax>387</xmax>
			<ymin>189</ymin>
			<ymax>342</ymax>
		</bndbox>
		<polygon>
			<x1>376.721556</x1>
			<y1>188.045691</y1>
			<x2>362.318455</x2>
			<y2>247.775512</y2>
			<x3>360.144443</x3>
			<y3>301.533265</y3>
			<x4>358.840036</x4>
			<y4>324.076839</y4>
			<x5>366.231675</x5>
			<y5>339.683928</y5>
			<x6>382.319361</x6>
			<y6>341.418049</y6>
			<x7>383.623768</x7>
			<y7>324.076839</y7>
			<x8>385.79778</x8>
			<y8>204.422486</y8>
			<x9>376.721556</x9>
			<y9>188.045691</y9>
		</polygon>
	</object>
	<object>
		<name>LPMU</name>
		<pose>Unspecified</pose>
		<truncated>0</truncated>
		<difficult>0</difficult>
		<occluded>0</occluded>
		<bndbox>
			<xmin>382</xmin>
			<xmax>408</xmax>
			<ymin>201</ymin>
			<ymax>346</ymax>
		</bndbox>
		<polygon>
			<x1>386.232582</x1>
			<y1>209.624849</y1>
			<x2>381.449756</x2>
			<y2>311.070931</y2>
			<x3>384.493372</x3>
			<y3>331.013323</y3>
			<x4>398.841849</x4>
			<y4>344.886291</y4>
			<x5>404.059477</x5>
			<y5>340.550989</y5>
			<x6>407.103093</x6>
			<y6>311.937991</y6>
			<x7>391.941729</x7>
			<y7>200.192101</y7>
			<x8>386.232582</x8>
			<y8>209.624849</y8>
		</polygon>
	</object>
	<object>
		<name>LMU</name>
		<pose>Unspecified</pose>
		<truncated>0</truncated>
		<difficult>0</difficult>
		<occluded>0</occluded>
		<bndbox>
			<xmin>426</xmin>
			<xmax>468</xmax>
			<ymin>178</ymin>
			<ymax>314</ymax>
		</bndbox>
		<polygon>
			<x1>425.799592</x1>
			<y1>305.001507</y1>
			<x2>435.365244</x2>
			<y2>308.469749</y2>
			<x3>442.322081</x3>
			<y3>312.805052</y3>
			<x4>451.018127</x4>
			<y4>310.203871</y4>
			<x5>457.974964</x5>
			<y5>299.799144</y5>
			<x6>460.148975</x6>
			<y6>263.382602</y6>
			<x7>466.67101</x7>
			<y7>213.093091</y7>
			<x8>462.322987</x8>
			<y8>183.613033</y8>
			<x9>456.235755</x9>
			<y9>176.676549</y9>
			<x10>441.452476</x10>
			<y10>206.156607</y10>
			<x11>431.886825</x11>
			<y11>258.180239</y11>
			<x12>425.36479</x12>
			<y12>285.059115</y12>
			<x13>425.799592</x13>
			<y13>305.001507</y13>
		</polygon>
	</object>
	<object>
		<name>LMU</name>
		<pose>Unspecified</pose>
		<truncated>0</truncated>
		<difficult>0</difficult>
		<occluded>0</occluded>
		<bndbox>
			<xmin>456</xmin>
			<xmax>485</xmax>
			<ymin>200</ymin>
			<ymax>321</ymax>
		</bndbox>
		<polygon>
			<x1>456.670557</x1>
			<y1>313.672113</y1>
			<x2>463.192592</x2>
			<y2>319.741536</y2>
			<x3>472.758243</x3>
			<y3>315.406234</y3>
			<x4>477.106266</x4>
			<y4>307.602689</y4>
			<x5>477.106266</x5>
			<y5>286.793236</y5>
			<x6>481.019487</x6>
			<y6>248.642573</y6>
			<x7>484.063103</x7>
			<y7>223.497817</y7>
			<x8>478.914142</x8>
			<y8>199.324501</y8>
			<x9>469.279824</x9>
			<y9>205.289546</y9>
			<x10>461.453383</x10>
			<y10>260.78142</y10>
			<x11>455.36615</x11>
			<y11>295.463841</y11>
			<x12>456.670557</x12>
			<y12>313.672113</y12>
		</polygon>
	</object>
	<metadata>
		<tags>
			<tag>teeth</tag>
		</tags>
	</metadata>
</annotation>
