<annotation>
	<folder></folder>
	<filename>254_jpg.rf.e951d55cd7222c3e56b27aeba09e7e74.jpg</filename>
	<path>254_jpg.rf.e951d55cd7222c3e56b27aeba09e7e74.jpg</path>
	<source>
		<database>roboflow.com</database>
	</source>
	<size>
		<width>640</width>
		<height>640</height>
		<depth>3</depth>
	</size>
	<segmented>0</segmented>
	<object>
		<name>RMU</name>
		<pose>Unspecified</pose>
		<truncated>0</truncated>
		<difficult>0</difficult>
		<occluded>0</occluded>
		<bndbox>
			<xmin>175</xmin>
			<xmax>210</xmax>
			<ymin>159</ymin>
			<ymax>303</ymax>
		</bndbox>
		<polygon>
			<x1>192.857937</x1>
			<y1>301.9402</y1>
			<x2>209.333942</x2>
			<y2>275.681446</y2>
			<x3>204.626512</x3>
			<y3>173.459865</y3>
			<x4>195.682395</x4>
			<y4>158.454862</y4>
			<x5>180.618618</x5>
			<y5>169.708614</y5>
			<x6>174.969702</x6>
			<y6>257.863005</y6>
			<x7>173.557473</x7>
			<y7>279.432696</y7>
			<x8>180.618618</x8>
			<y8>297.251137</y8>
			<x9>192.857937</x9>
			<y9>301.9402</y9>
		</polygon>
	</object>
	<object>
		<name>RMD</name>
		<pose>Unspecified</pose>
		<truncated>0</truncated>
		<difficult>0</difficult>
		<occluded>0</occluded>
		<bndbox>
			<xmin>175</xmin>
			<xmax>234</xmax>
			<ymin>302</ymin>
			<ymax>441</ymax>
		</bndbox>
		<polygon>
			<x1>191.916451</x1>
			<y1>331.012393</y1>
			<x2>190.974965</x2>
			<y2>349.768646</y2>
			<x3>173.557473</x3>
			<y3>416.353346</y3>
			<x4>175.911188</x4>
			<y4>428.54491</y4>
			<x5>186.267534</x5>
			<y5>424.793659</y5>
			<x6>197.565367</x6>
			<y6>394.783654</y6>
			<x7>189.562736</x7>
			<y7>433.233974</y7>
			<x8>197.094624</x8>
			<y8>439.798662</y8>
			<x9>207.921713</x9>
			<y9>424.793659</y9>
			<x10>218.27806</x10>
			<y10>391.032404</y10>
			<x11>232.871094</x11>
			<y11>333.825831</y11>
			<x12>230.517378</x12>
			<y12>314.131765</y12>
			<x13>223.926976</x13>
			<y13>312.256139</y13>
			<x14>217.336574</x14>
			<y14>314.131765</y14>
			<x15>210.782476</x15>
			<y15>305.85869</y15>
			<x16>206.038741</x16>
			<y16>301.002387</y16>
			<x17>197.565367</x17>
			<y17>313.193952</y17>
			<x18>191.916451</x18>
			<y18>331.012393</y18>
		</polygon>
	</object>
	<object>
		<name>RPMD</name>
		<pose>Unspecified</pose>
		<truncated>0</truncated>
		<difficult>0</difficult>
		<occluded>0</occluded>
		<bndbox>
			<xmin>207</xmin>
			<xmax>252</xmax>
			<ymin>332</ymin>
			<ymax>482</ymax>
		</bndbox>
		<polygon>
			<x1>206.038741</x1>
			<y1>467.933042</y1>
			<x2>206.980227</x2>
			<y2>481.062419</y2>
			<x3>222.98549</x3>
			<y3>464.181791</y3>
			<x4>238.52001</x4>
			<y4>407.913031</y4>
			<x5>250.801132</x5>
			<y5>346.209761</y5>
			<x6>237.107781</x6>
			<y6>331.012393</y6>
			<x7>227.222177</x7>
			<y7>340.390519</y7>
			<x8>223.456233</x8>
			<y8>372.27615</y8>
			<x9>206.038741</x9>
			<y9>467.933042</y9>
		</polygon>
	</object>
	<object>
		<name>RPMD</name>
		<pose>Unspecified</pose>
		<truncated>0</truncated>
		<difficult>0</difficult>
		<occluded>0</occluded>
		<bndbox>
			<xmin>244</xmin>
			<xmax>271</xmax>
			<ymin>340</ymin>
			<ymax>482</ymax>
		</bndbox>
		<polygon>
			<x1>248.405613</x1>
			<y1>385.405528</y1>
			<x2>248.405613</x2>
			<y2>422.918034</y2>
			<x3>243.22744</x3>
			<y3>459.492728</y3>
			<x4>243.698183</x4>
			<y4>481.062419</y4>
			<x5>256.878987</x5>
			<y5>480.124607</y5>
			<x6>265.352362</x6>
			<y6>436.047411</y6>
			<x7>269.589049</x7>
			<y7>349.768646</y7>
			<x8>259.275671</x8>
			<y8>338.702585</y8>
			<x9>246.993384</x9>
			<y9>356.333335</y9>
			<x10>248.405613</x10>
			<y10>385.405528</y10>
		</polygon>
	</object>
	<object>
		<name>RCD</name>
		<pose>Unspecified</pose>
		<truncated>0</truncated>
		<difficult>0</difficult>
		<occluded>0</occluded>
		<bndbox>
			<xmin>266</xmin>
			<xmax>289</xmax>
			<ymin>345</ymin>
			<ymax>521</ymax>
		</bndbox>
		<polygon>
			<x1>265.823105</x1>
			<y1>413.539908</y1>
			<x2>265.352362</x2>
			<y2>462.306166</y2>
			<x3>276.179451</x3>
			<y3>520.450552</y3>
			<x4>285.594312</x4>
			<y4>487.627108</y4>
			<x5>287.994941</x5>
			<y5>353.716937</y5>
			<x6>273.825736</x6>
			<y6>344.14177</y6>
			<x7>271.001278</x7>
			<y7>345.079583</y7>
			<x8>267.235334</x8>
			<y8>367.587087</y8>
			<x9>265.823105</x9>
			<y9>413.539908</y9>
		</polygon>
	</object>
	<object>
		<name>RID</name>
		<pose>Unspecified</pose>
		<truncated>0</truncated>
		<difficult>0</difficult>
		<occluded>0</occluded>
		<bndbox>
			<xmin>284</xmin>
			<xmax>306</xmax>
			<ymin>344</ymin>
			<ymax>518</ymax>
		</bndbox>
		<polygon>
			<x1>304.894776</x1>
			<y1>469.808668</y1>
			<x2>304.944019</x2>
			<y2>355.593731</y2>
			<x3>293.596943</x3>
			<y3>343.203958</y3>
			<x4>283.240597</x4>
			<y4>349.768646</y4>
			<x5>286.065055</x5>
			<y5>413.539908</y5>
			<x6>289.830999</x6>
			<y6>492.316172</y6>
			<x7>300.658088</x7>
			<y7>516.699301</y7>
			<x8>304.894776</x8>
			<y8>469.808668</y8>
		</polygon>
	</object>
	<object>
		<name>RID</name>
		<pose>Unspecified</pose>
		<truncated>0</truncated>
		<difficult>0</difficult>
		<occluded>0</occluded>
		<bndbox>
			<xmin>308</xmin>
			<xmax>323</xmax>
			<ymin>358</ymin>
			<ymax>527</ymax>
		</bndbox>
		<polygon>
			<x1>321.893096</x1>
			<y1>357.470525</y1>
			<x2>307.248491</x2>
			<y2>358.20896</y2>
			<x3>308.189977</x3>
			<y3>500.756486</y3>
			<x4>322.312267</x4>
			<y4>526.077427</y4>
			<x5>321.893096</x5>
			<y5>357.470525</y5>
		</polygon>
	</object>
	<object>
		<name>LID</name>
		<pose>Unspecified</pose>
		<truncated>0</truncated>
		<difficult>0</difficult>
		<occluded>0</occluded>
		<bndbox>
			<xmin>325</xmin>
			<xmax>342</xmax>
			<ymin>364</ymin>
			<ymax>520</ymax>
		</bndbox>
		<polygon>
			<x1>324.665982</x1>
			<y1>402.286156</y1>
			<x2>325.607468</x2>
			<y2>458.554916</y2>
			<x3>329.844155</x3>
			<y3>506.383362</y3>
			<x4>340.671245</x4>
			<y4>518.574926</y4>
			<x5>338.842174</x5>
			<y5>363.100908</y5>
			<x6>324.195239</x6>
			<y6>365.711461</y6>
			<x7>324.665982</x7>
			<y7>402.286156</y7>
		</polygon>
	</object>
	<object>
		<name>LID</name>
		<pose>Unspecified</pose>
		<truncated>0</truncated>
		<difficult>0</difficult>
		<occluded>0</occluded>
		<bndbox>
			<xmin>344</xmin>
			<xmax>363</xmax>
			<ymin>349</ymin>
			<ymax>493</ymax>
		</bndbox>
		<polygon>
			<x1>344.437189</x1>
			<y1>406.037406</y1>
			<x2>344.437189</x2>
			<y2>492.316172</y2>
			<x3>353.85205</x3>
			<y3>489.502734</y3>
			<x4>360.442452</x4>
			<y4>457.617103</y4>
			<x5>362.382559</x5>
			<y5>353.716937</y5>
			<x6>355.264279</x6>
			<y6>347.893021</y6>
			<x7>348.203133</x7>
			<y7>347.893021</y7>
			<x8>343.02496</x8>
			<y8>357.271147</y8>
			<x9>344.437189</x9>
			<y9>406.037406</y9>
		</polygon>
	</object>
	<object>
		<name>LCD</name>
		<pose>Unspecified</pose>
		<truncated>0</truncated>
		<difficult>0</difficult>
		<occluded>0</occluded>
		<bndbox>
			<xmin>361</xmin>
			<xmax>382</xmax>
			<ymin>355</ymin>
			<ymax>513</ymax>
		</bndbox>
		<polygon>
			<x1>365.149882</x1>
			<y1>481.062419</y1>
			<x2>367.503597</x2>
			<y2>499.818673</y2>
			<x3>377.859943</x3>
			<y3>512.010238</y3>
			<x4>381.155145</x4>
			<y4>482.938045</y4>
			<x5>379.802444</x5>
			<y5>361.224113</y5>
			<x6>369.857312</x6>
			<y6>353.519897</y6>
			<x7>359.971709</x7>
			<y7>383.529903</y7>
			<x8>360.442452</x8>
			<y8>403.223968</y8>
			<x9>365.149882</x9>
			<y9>481.062419</y9>
		</polygon>
	</object>
	<object>
		<name>LPMD</name>
		<pose>Unspecified</pose>
		<truncated>0</truncated>
		<difficult>0</difficult>
		<occluded>0</occluded>
		<bndbox>
			<xmin>385</xmin>
			<xmax>412</xmax>
			<ymin>347</ymin>
			<ymax>502</ymax>
		</bndbox>
		<polygon>
			<x1>402.809324</x1>
			<y1>346.017396</y1>
			<x2>385.862575</x2>
			<y2>362.898024</y2>
			<x3>383.979603</x3>
			<y3>487.627108</y3>
			<x4>395.748178</x4>
			<y4>500.756486</y4>
			<x5>411.282698</x5>
			<y5>381.654277</y5>
			<x6>402.809324</x6>
			<y6>346.017396</y6>
		</polygon>
	</object>
	<object>
		<name>LMD</name>
		<pose>Unspecified</pose>
		<truncated>0</truncated>
		<difficult>0</difficult>
		<occluded>0</occluded>
		<bndbox>
			<xmin>432</xmin>
			<xmax>490</xmax>
			<ymin>313</ymin>
			<ymax>455</ymax>
		</bndbox>
		<polygon>
			<x1>431.053905</x1>
			<y1>352.582084</y1>
			<x2>434.819849</x2>
			<y2>378.840839</y2>
			<x3>451.295855</x3>
			<y3>414.47772</y3>
			<x4>477.657464</x4>
			<y4>453.865853</y4>
			<x5>488.955296</x5>
			<y5>417.291158</y5>
			<x6>473.89152</x6>
			<y6>366.649274</y6>
			<x7>457.886257</x7>
			<y7>312.256139</y7>
			<x8>444.234709</x8>
			<y8>325.385517</y8>
			<x9>435.290592</x9>
			<y9>331.950206</y9>
			<x10>431.053905</x10>
			<y10>352.582084</y10>
		</polygon>
	</object>
	<object>
		<name>LMD</name>
		<pose>Unspecified</pose>
		<truncated>0</truncated>
		<difficult>0</difficult>
		<occluded>0</occluded>
		<bndbox>
			<xmin>461</xmin>
			<xmax>513</xmax>
			<ymin>278</ymin>
			<ymax>391</ymax>
		</bndbox>
		<polygon>
			<x1>489.896782</x1>
			<y1>388.218966</y1>
			<x2>504.019073</x2>
			<y2>390.094591</y2>
			<x3>512.492447</x3>
			<y3>371.338337</y3>
			<x4>509.667989</x4>
			<y4>346.017396</y4>
			<x5>499.311643</x5>
			<y5>314.131765</y5>
			<x6>492.72124</x6>
			<y6>283.183947</y6>
			<x7>483.777123</x7>
			<y7>276.619258</y7>
			<x8>473.89152</x8>
			<y8>289.748636</y8>
			<x9>465.418145</x9>
			<y9>300.064575</y9>
			<x10>460.239972</x10>
			<y10>316.945203</y10>
			<x11>460.710715</x11>
			<y11>336.639269</y11>
			<x12>470.596319</x12>
			<y12>349.768646</y12>
			<x13>482.364894</x13>
			<y13>372.27615</y13>
			<x14>489.896782</x14>
			<y14>388.218966</y14>
		</polygon>
	</object>
	<object>
		<name>LMU</name>
		<pose>Unspecified</pose>
		<truncated>0</truncated>
		<difficult>0</difficult>
		<occluded>0</occluded>
		<bndbox>
			<xmin>447</xmin>
			<xmax>479</xmax>
			<ymin>171</ymin>
			<ymax>287</ymax>
		</bndbox>
		<polygon>
			<x1>451.295855</x1>
			<y1>173.333647</y1>
			<x2>447.059167</x2>
			<y2>216.473029</y2>
			<x3>446.117681</x3>
			<y3>259.612412</y3>
			<x4>449.883626</x4>
			<y4>276.49304</y4>
			<x5>456.944771</x5>
			<y5>285.871167</y5>
			<x6>464.476659</x6>
			<y6>285.871167</y6>
			<x7>474.362263</x7>
			<y7>270.866164</y7>
			<x8>478.128207</x8>
			<y8>258.674599</y8>
			<x9>467.77186</x9>
			<y9>201.468027</y9>
			<x10>464.005916</x10>
			<y10>169.582396</y10>
			<x11>451.295855</x11>
			<y11>173.333647</y11>
		</polygon>
	</object>
	<object>
		<name>LMU</name>
		<pose>Unspecified</pose>
		<truncated>0</truncated>
		<difficult>0</difficult>
		<occluded>0</occluded>
		<bndbox>
			<xmin>420</xmin>
			<xmax>455</xmax>
			<ymin>189</ymin>
			<ymax>311</ymax>
		</bndbox>
		<polygon>
			<x1>445.176196</x1>
			<y1>308.44178</y1>
			<x2>453.64957</x2>
			<y2>296.250215</y2>
			<x3>448.471397</x3>
			<y3>257.799896</y3>
			<x4>440.939508</x4>
			<y4>191.215196</y4>
			<x5>436.232078</x5>
			<y5>188.401759</y5>
			<x6>427.758704</x6>
			<y6>190.277384</y6>
			<x7>419.8211</x7>
			<y7>203.573416</y7>
			<x8>419.285329</x8>
			<y8>235.292392</y8>
			<x9>420.226815</x9>
			<y9>259.675521</y9>
			<x10>419.756072</x10>
			<y10>284.058651</y10>
			<x11>419.756072</x11>
			<y11>299.063653</y11>
			<x12>423.99276</x12>
			<y12>310.317405</y12>
			<x13>432.936877</x13>
			<y13>310.317405</y13>
			<x14>445.176196</x14>
			<y14>308.44178</y14>
		</polygon>
	</object>
	<object>
		<name>LPMU</name>
		<pose>Unspecified</pose>
		<truncated>0</truncated>
		<difficult>0</difficult>
		<occluded>0</occluded>
		<bndbox>
			<xmin>399</xmin>
			<xmax>426</xmax>
			<ymin>188</ymin>
			<ymax>339</ymax>
		</bndbox>
		<polygon>
			<x1>406.575268</x1>
			<y1>186.526133</y1>
			<x2>400.926352</x2>
			<y2>186.526133</y2>
			<x3>398.101893</x3>
			<y3>198.717698</y3>
			<x4>399.043379</x4>
			<y4>255.924271</y4>
			<x5>402.809324</x5>
			<y5>292.498964</y5>
			<x6>401.867838</x6>
			<y6>322.50897</y6>
			<x7>406.575268</x7>
			<y7>337.513973</y7>
			<x8>416.931614</x8>
			<y8>338.451785</y8>
			<x9>425.404988</x9>
			<y9>322.50897</y9>
			<x10>424.934245</x10>
			<y10>308.44178</y10>
			<x11>415.990128</x11>
			<y11>242.794893</y11>
			<x12>406.575268</x12>
			<y12>186.526133</y12>
		</polygon>
	</object>
	<object>
		<name>LCU</name>
		<pose>Unspecified</pose>
		<truncated>0</truncated>
		<difficult>0</difficult>
		<occluded>0</occluded>
		<bndbox>
			<xmin>365</xmin>
			<xmax>390</xmax>
			<ymin>199</ymin>
			<ymax>341</ymax>
		</bndbox>
		<polygon>
			<x1>376.918457</x1>
			<y1>197.779885</y1>
			<x2>368.445083</x2>
			<y2>200.593323</y2>
			<x3>364.208396</x3>
			<y3>297.188028</y3>
			<x4>364.679139</x4>
			<y4>330.011471</y4>
			<x5>374.093999</x5>
			<y5>340.327411</y5>
			<x6>385.862575</x6>
			<y6>333.762722</y6>
			<x7>389.157776</x7>
			<y7>309.379593</y7>
			<x8>376.918457</x8>
			<y8>197.779885</y8>
		</polygon>
	</object>
	<object>
		<name>LIU</name>
		<pose>Unspecified</pose>
		<truncated>0</truncated>
		<difficult>0</difficult>
		<occluded>0</occluded>
		<bndbox>
			<xmin>323</xmin>
			<xmax>349</xmax>
			<ymin>198</ymin>
			<ymax>353</ymax>
		</bndbox>
		<polygon>
			<x1>346.320161</x1>
			<y1>297.251137</y1>
			<x2>348.203133</x2>
			<y2>223.163936</y2>
			<x3>344.437189</x3>
			<y3>206.283308</y3>
			<x4>329.373412</x4>
			<y4>196.905181</y4>
			<x5>330.314899</x5>
			<y5>199.718619</y5>
			<x6>321.841524</x6>
			<y6>316.00739</y6>
			<x7>323.724496</x7>
			<y7>351.644271</y7>
			<x8>346.320161</x8>
			<y8>349.768646</y8>
			<x9>346.320161</x9>
			<y9>297.251137</y9>
		</polygon>
	</object>
	<object>
		<name>RIU</name>
		<pose>Unspecified</pose>
		<truncated>0</truncated>
		<difficult>0</difficult>
		<occluded>0</occluded>
		<bndbox>
			<xmin>297</xmin>
			<xmax>324</xmax>
			<ymin>167</ymin>
			<ymax>355</ymax>
		</bndbox>
		<polygon>
			<x1>296.31543</x1>
			<y1>335.512767</y1>
			<x2>304.975452</x2>
			<y2>349.31474</y2>
			<x3>323.450165</x3>
			<y3>353.915398</y3>
			<x4>322.87283</x4>
			<y4>268.803231</y4>
			<x5>321.140826</x5>
			<y5>212.445174</y5>
			<x6>317.676817</x6>
			<y6>179.090406</y6>
			<x7>312.480804</x7>
			<y7>166.438597</y7>
			<x8>303.299794</x8>
			<y8>190.729075</y8>
			<x9>299.779439</x9>
			<y9>298.707506</y9>
			<x10>296.31543</x10>
			<y10>335.512767</y10>
		</polygon>
	</object>
	<metadata>
		<tags>
			<tag>teeth</tag>
		</tags>
	</metadata>
</annotation>
