<annotation>
	<folder></folder>
	<filename>255_jpg.rf.e46cf5ee312b01e381f4b8284666b7bf.jpg</filename>
	<path>255_jpg.rf.e46cf5ee312b01e381f4b8284666b7bf.jpg</path>
	<source>
		<database>roboflow.com</database>
	</source>
	<size>
		<width>640</width>
		<height>640</height>
		<depth>3</depth>
	</size>
	<segmented>0</segmented>
	<object>
		<name>RIU</name>
		<pose>Unspecified</pose>
		<truncated>0</truncated>
		<difficult>0</difficult>
		<occluded>0</occluded>
		<bndbox>
			<xmin>279</xmin>
			<xmax>310</xmax>
			<ymin>222</ymin>
			<ymax>381</ymax>
		</bndbox>
		<polygon>
			<x1>278.469899</x1>
			<y1>337.922794</y1>
			<x2>281.350875</x2>
			<y2>376.940518</y2>
			<x3>292.394619</x3>
			<y3>380.40876</y3>
			<x4>308.720153</x4>
			<y4>374.339336</y4>
			<x5>308.239991</x5>
			<y5>319.714523</y5>
			<x6>300.077223</x6>
			<y6>259.887347</y6>
			<x7>299.597061</x7>
			<y7>242.546136</y7>
			<x8>286.152503</x8>
			<y8>220.869623</y8>
			<x9>282.311201</x9>
			<y9>230.407289</y9>
			<x10>282.311201</x10>
			<y10>306.708616</y10>
			<x11>278.469899</x11>
			<y11>337.922794</y11>
		</polygon>
	</object>
	<object>
		<name>RIU</name>
		<pose>Unspecified</pose>
		<truncated>0</truncated>
		<difficult>0</difficult>
		<occluded>0</occluded>
		<bndbox>
			<xmin>257</xmin>
			<xmax>285</xmax>
			<ymin>236</ymin>
			<ymax>384</ymax>
		</bndbox>
		<polygon>
			<x1>281.350875</x1>
			<y1>253.817923</y1>
			<x2>275.108759</x2>
			<y2>234.742591</y2>
			<x3>269.86598</x3>
			<y3>249.645346</y3>
			<x4>256.382411</x4>
			<y4>353.529884</y4>
			<x5>259.263388</x5>
			<y5>372.605216</y5>
			<x6>268.38648</x6>
			<y6>383.009942</y6>
			<x7>279.430224</x7>
			<y7>382.142881</y7>
			<x8>283.751689</x8>
			<y8>354.396944</y8>
			<x9>280.870712</x9>
			<y9>330.98631</y9>
			<x10>281.350875</x10>
			<y10>253.817923</y10>
		</polygon>
	</object>
	<object>
		<name>RID</name>
		<pose>Unspecified</pose>
		<truncated>0</truncated>
		<difficult>0</difficult>
		<occluded>0</occluded>
		<bndbox>
			<xmin>295</xmin>
			<xmax>316</xmax>
			<ymin>383</ymin>
			<ymax>506</ymax>
		</bndbox>
		<polygon>
			<x1>314.706474</x1>
			<y1>386.193218</y1>
			<x2>302.081675</x2>
			<y2>381.759073</y2>
			<x3>294.583969</x3>
			<y3>390.424087</y3>
			<x4>293.684244</x4>
			<y4>425.084149</y4>
			<x5>293.684244</x5>
			<y5>479.782057</y5>
			<x6>300.282225</x6>
			<y6>505.235539</y6>
			<x7>308.679656</x7>
			<y7>475.991112</y7>
			<x8>312.878372</x8>
			<y8>424.001021</y8>
			<x9>314.706474</x9>
			<y9>386.193218</y9>
		</polygon>
	</object>
	<object>
		<name>RID</name>
		<pose>Unspecified</pose>
		<truncated>0</truncated>
		<difficult>0</difficult>
		<occluded>0</occluded>
		<bndbox>
			<xmin>273</xmin>
			<xmax>296</xmax>
			<ymin>384</ymin>
			<ymax>507</ymax>
		</bndbox>
		<polygon>
			<x1>295.209758</x1>
			<y1>390.528425</y1>
			<x2>284.986904</x2>
			<y2>383.383763</y2>
			<x3>275.689748</x3>
			<y3>389.340961</y3>
			<x4>271.790941</x4>
			<y4>398.547539</y4>
			<x5>273.590391</x5>
			<y5>431.58291</y5>
			<x6>275.689748</x6>
			<y6>494.40427</y6>
			<x7>283.787271</x7>
			<y7>505.777102</y7>
			<x8>290.085345</x8>
			<y8>475.991112</y8>
			<x9>295.209758</x9>
			<y9>390.528425</y9>
		</polygon>
	</object>
	<object>
		<name>RCD</name>
		<pose>Unspecified</pose>
		<truncated>0</truncated>
		<difficult>0</difficult>
		<occluded>0</occluded>
		<bndbox>
			<xmin>245</xmin>
			<xmax>273</xmax>
			<ymin>383</ymin>
			<ymax>537</ymax>
		</bndbox>
		<polygon>
			<x1>249.597731</x1>
			<y1>509.568046</y1>
			<x2>257.395345</x2>
			<y2>535.563092</y2>
			<x3>261.294152</x3>
			<y3>520.399315</y3>
			<x4>267.292317</x4>
			<y4>460.827336</y4>
			<x5>272.413599</x5>
			<y5>405.70165</y5>
			<x6>261.594061</x6>
			<y6>381.759073</y6>
			<x7>255.295988</x7>
			<y7>381.759073</y7>
			<x8>246.898557</x8>
			<y8>396.381286</y8>
			<x9>245.399015</x9>
			<y9>424.001021</y9>
			<x10>244.49929</x10>
			<y10>471.658605</y10>
			<x11>249.597731</x11>
			<y11>509.568046</y11>
		</polygon>
	</object>
	<object>
		<name>RCU</name>
		<pose>Unspecified</pose>
		<truncated>0</truncated>
		<difficult>0</difficult>
		<occluded>0</occluded>
		<bndbox>
			<xmin>236</xmin>
			<xmax>265</xmax>
			<ymin>221</ymin>
			<ymax>379</ymax>
		</bndbox>
		<polygon>
			<x1>250.497455</x1>
			<y1>377.895241</y1>
			<x2>264.293235</x2>
			<y2>344.859871</y2>
			<x3>263.693419</x3>
			<y3>334.028601</y3>
			<x4>250.817237</x4>
			<y4>230.667663</y4>
			<x5>244.199382</x5>
			<y5>220.300277</y5>
			<x6>238.801034</x6>
			<y6>232.756237</y6>
			<x7>236.701676</x7>
			<y7>308.575119</y7>
			<x8>235.202134</x8>
			<y8>348.109251</y8>
			<x9>240.600483</x9>
			<y9>363.814591</y9>
			<x10>250.497455</x10>
			<y10>377.895241</y10>
		</polygon>
	</object>
	<object>
		<name>RPMU</name>
		<pose>Unspecified</pose>
		<truncated>0</truncated>
		<difficult>0</difficult>
		<occluded>0</occluded>
		<bndbox>
			<xmin>216</xmin>
			<xmax>248</xmax>
			<ymin>228</ymin>
			<ymax>376</ymax>
		</bndbox>
		<polygon>
			<x1>236.101859</x1>
			<y1>241.421252</y1>
			<x2>227.40452</x2>
			<y2>226.799039</y2>
			<x3>221.706263</x3>
			<y3>240.879689</y3>
			<x4>217.807456</x4>
			<y4>327.52984</y4>
			<x5>214.508465</x5>
			<y5>357.857393</y5>
			<x6>229.803786</x6>
			<y6>375.187424</y6>
			<x7>243.899474</x7>
			<y7>354.066449</y7>
			<x8>246.598648</x8>
			<y8>323.738896</y8>
			<x9>240.900391</x9>
			<y9>297.202287</y9>
			<x10>236.101859</x10>
			<y10>241.421252</y10>
		</polygon>
	</object>
	<object>
		<name>RPMU</name>
		<pose>Unspecified</pose>
		<truncated>0</truncated>
		<difficult>0</difficult>
		<occluded>0</occluded>
		<bndbox>
			<xmin>193</xmin>
			<xmax>223</xmax>
			<ymin>235</ymin>
			<ymax>371</ymax>
		</bndbox>
		<polygon>
			<x1>222.006172</x1>
			<y1>238.713435</y1>
			<x2>219.306997</x2>
			<y2>233.839364</y2>
			<x3>210.324059</x3>
			<y3>238.796176</y3>
			<x4>197.113786</x4>
			<y4>304.784176</y4>
			<x5>192.315255</x5>
			<y5>337.277982</y5>
			<x6>194.414612</x6>
			<y6>355.691139</y6>
			<x7>204.011676</x7>
			<y7>369.771789</y7>
			<x8>216.907731</x8>
			<y8>360.023647</y8>
			<x9>218.707181</x9>
			<y9>322.655769</y9>
			<x10>222.006172</x10>
			<y10>238.713435</y10>
		</polygon>
	</object>
	<object>
		<name>RMU</name>
		<pose>Unspecified</pose>
		<truncated>0</truncated>
		<difficult>0</difficult>
		<occluded>0</occluded>
		<bndbox>
			<xmin>161</xmin>
			<xmax>196</xmax>
			<ymin>219</ymin>
			<ymax>361</ymax>
		</bndbox>
		<polygon>
			<x1>163.524062</x1>
			<y1>343.23518</y1>
			<x2>173.720943</x2>
			<y2>349.192378</y2>
			<x3>182.118374</x3>
			<y3>360.023647</y3>
			<x4>192.315255</x4>
			<y4>350.275505</y4>
			<x5>195.314337</x5>
			<y5>314.532318</y5>
			<x6>193.22694</x6>
			<y6>223.08105</y6>
			<x7>182.418282</x7>
			<y7>218.134024</y7>
			<x8>176.120209</x8>
			<y8>236.005618</y8>
			<x9>165.023604</x9>
			<y9>296.11916</y9>
			<x10>159.925164</x10>
			<y10>323.197333</y10>
			<x11>163.524062</x11>
			<y11>343.23518</y11>
		</polygon>
	</object>
	<object>
		<name>RMU</name>
		<pose>Unspecified</pose>
		<truncated>0</truncated>
		<difficult>0</difficult>
		<occluded>0</occluded>
		<bndbox>
			<xmin>132</xmin>
			<xmax>182</xmax>
			<ymin>203</ymin>
			<ymax>333</ymax>
		</bndbox>
		<polygon>
			<x1>134.133054</x1>
			<y1>316.157007</y1>
			<x2>142.230576</x2>
			<y2>315.073881</y2>
			<x3>148.228742</x3>
			<y3>332.403911</y3>
			<x4>159.625255</x4>
			<y4>331.862347</y4>
			<x5>162.624338</x5>
			<y5>323.738896</y5>
			<x6>172.821218</x6>
			<y6>265.791607</y6>
			<x7>180.918741</x7>
			<y7>209.469009</y7>
			<x8>171.321677</x8>
			<y8>201.88712</y8>
			<x9>164.123879</x9>
			<y9>206.219628</y9>
			<x10>150.028191</x10>
			<y10>249.544704</y10>
			<x11>134.133054</x11>
			<y11>276.622876</y11>
			<x12>130.534155</x12>
			<y12>305.867302</y12>
			<x13>134.133054</x13>
			<y13>316.157007</y13>
		</polygon>
	</object>
	<object>
		<name>RMU</name>
		<pose>Unspecified</pose>
		<truncated>0</truncated>
		<difficult>0</difficult>
		<occluded>0</occluded>
		<bndbox>
			<xmin>132</xmin>
			<xmax>171</xmax>
			<ymin>168</ymin>
			<ymax>245</ymax>
		</bndbox>
		<polygon>
			<x1>160.52498</x1>
			<y1>227.340602</y1>
			<x2>169.822136</x2>
			<y2>199.720866</y2>
			<x3>162.024521</x3>
			<y3>175.892075</y3>
			<x4>150.328099</x4>
			<y4>167.227059</y4>
			<x5>141.335682</x5>
			<y5>175.935673</y5>
			<x6>130.834063</x6>
			<y6>192.680542</y6>
			<x7>131.733788</x7>
			<y7>216.509333</y7>
			<x8>137.432045</x8>
			<y8>237.088744</y8>
			<x9>147.329017</x9>
			<y9>243.587506</y9>
			<x10>153.327182</x10>
			<y10>240.338125</y10>
			<x11>160.52498</x11>
			<y11>227.340602</y11>
		</polygon>
	</object>
	<object>
		<name>RMD</name>
		<pose>Unspecified</pose>
		<truncated>0</truncated>
		<difficult>0</difficult>
		<occluded>0</occluded>
		<bndbox>
			<xmin>151</xmin>
			<xmax>196</xmax>
			<ymin>360</ymin>
			<ymax>497</ymax>
		</bndbox>
		<polygon>
			<x1>165.923328</x1>
			<y1>477.652247</y1>
			<x2>159.325347</x2>
			<y2>496.065404</y2>
			<x3>175.220484</x3>
			<y3>494.440714</y3>
			<x4>185.417365</x4>
			<y4>453.823455</y4>
			<x5>194.114704</x5>
			<y5>405.624308</y5>
			<x6>195.026636</x6>
			<y6>373.729497</y6>
			<x7>191.715438</x7>
			<y7>366.63174</y7>
			<x8>179.719108</x8>
			<y8>373.672065</y8>
			<x9>176.120209</x9>
			<y9>365.548613</y9>
			<x10>168.622503</x10>
			<y10>358.508288</y10>
			<x11>159.925164</x11>
			<y11>376.921446</y11>
			<x12>158.72553</x12>
			<y12>393.709912</y12>
			<x13>160.225072</x13>
			<y13>412.123069</y13>
			<x14>154.826723</x14>
			<y14>434.327171</y14>
			<x15>150.028191</x15>
			<y15>472.778176</y15>
			<x16>150.927916</x16>
			<y16>490.108206</y16>
			<x17>156.926081</x17>
			<y17>489.025079</y17>
			<x18>168.022686</x18>
			<y18>445.700003</y18>
			<x19>171.621585</x19>
			<y19>438.118115</y19>
			<x20>172.221402</x20>
			<y20>453.281892</y20>
			<x21>165.923328</x21>
			<y21>477.652247</y21>
		</polygon>
	</object>
	<object>
		<name>RMD</name>
		<pose>Unspecified</pose>
		<truncated>0</truncated>
		<difficult>0</difficult>
		<occluded>0</occluded>
		<bndbox>
			<xmin>117</xmin>
			<xmax>162</xmax>
			<ymin>356</ymin>
			<ymax>470</ymax>
		</bndbox>
		<polygon>
			<x1>126.935256</x1>
			<y1>357.425161</y1>
			<x2>123.036449</x2>
			<y2>381.253953</y2>
			<x3>124.53599</x3>
			<y3>401.833364</y3>
			<x4>115.83865</x4>
			<y4>455.448146</y4>
			<x5>129.034614</x5>
			<y5>468.987232</y5>
			<x6>137.731953</x6>
			<y6>467.362541</y6>
			<x7>147.928833</x7>
			<y7>444.075313</y7>
			<x8>158.125714</x8>
			<y8>401.833364</y8>
			<x9>160.824888</x9>
			<y9>379.087699</y9>
			<x10>153.93356</x10>
			<y10>358.556273</y10>
			<x11>144.030026</x11>
			<y11>362.299233</y11>
			<x12>137.731953</x12>
			<y12>355.258907</y12>
			<x13>126.935256</x13>
			<y13>357.425161</y13>
		</polygon>
	</object>
	<object>
		<name>LID</name>
		<pose>Unspecified</pose>
		<truncated>0</truncated>
		<difficult>0</difficult>
		<occluded>0</occluded>
		<bndbox>
			<xmin>314</xmin>
			<xmax>336</xmax>
			<ymin>384</ymin>
			<ymax>517</ymax>
		</bndbox>
		<polygon>
			<x1>314.078005</x1>
			<y1>388.22139</y1>
			<x2>312.878372</x2>
			<y2>420.715197</y2>
			<x3>316.177363</x3>
			<y3>515.561688</y3>
			<x4>324.874702</x4>
			<y4>511.770744</y4>
			<x5>334.471766</x5>
			<y5>426.745282</y5>
			<x6>334.503138</x6>
			<y6>384.025614</y6>
			<x7>316.177363</x7>
			<y7>382.805756</y7>
			<x8>314.078005</x8>
			<y8>388.22139</y8>
		</polygon>
	</object>
	<object>
		<name>LID</name>
		<pose>Unspecified</pose>
		<truncated>0</truncated>
		<difficult>0</difficult>
		<occluded>0</occluded>
		<bndbox>
			<xmin>333</xmin>
			<xmax>361</xmax>
			<ymin>376</ymin>
			<ymax>513</ymax>
		</bndbox>
		<polygon>
			<x1>356.06516</x1>
			<y1>435.951861</y1>
			<x2>359.664059</x2>
			<y2>399.66711</y2>
			<x3>356.699399</x3>
			<y3>385.109416</y3>
			<x4>345.568371</x4>
			<y4>375.223867</y4>
			<x5>332.372408</x5>
			<y5>387.679827</y5>
			<x6>333.272133</x6>
			<y6>437.503664</y6>
			<x7>335.671399</x7>
			<y7>485.702811</y7>
			<x8>340.469931</x8>
			<y8>511.770744</y8>
			<x9>348.567454</x9>
			<y9>482.526318</y9>
			<x10>356.06516</x10>
			<y10>435.951861</y10>
		</polygon>
	</object>
	<object>
		<name>LIU</name>
		<pose>Unspecified</pose>
		<truncated>0</truncated>
		<difficult>0</difficult>
		<occluded>0</occluded>
		<bndbox>
			<xmin>309</xmin>
			<xmax>340</xmax>
			<ymin>218</ymin>
			<ymax>375</ymax>
		</bndbox>
		<polygon>
			<x1>308.07984</x1>
			<y1>374.104297</y1>
			<x2>336.871032</x2>
			<y2>373.562733</y2>
			<x3>338.370573</x3>
			<y3>368.688662</y3>
			<x4>339.270298</x4>
			<y4>336.194855</y4>
			<x5>335.671399</x5>
			<y5>316.698571</y5>
			<x6>330.903745</x6>
			<y6>230.125762</y6>
			<x7>323.675069</x7>
			<y7>217.050897</y7>
			<x8>314.078005</x8>
			<y8>231.67311</y8>
			<x9>311.678739</x9>
			<y9>274.456622</y9>
			<x10>309.279473</x10>
			<y10>327.52984</y10>
			<x11>308.07984</x11>
			<y11>374.104297</y11>
		</polygon>
	</object>
	<object>
		<name>LIU</name>
		<pose>Unspecified</pose>
		<truncated>0</truncated>
		<difficult>0</difficult>
		<occluded>0</occluded>
		<bndbox>
			<xmin>331</xmin>
			<xmax>369</xmax>
			<ymin>208</ymin>
			<ymax>375</ymax>
		</bndbox>
		<polygon>
			<x1>353.665894</x1>
			<y1>374.104297</y1>
			<x2>365.962132</x2>
			<y2>364.356154</y2>
			<x3>368.06149</x3>
			<y3>349.192378</y3>
			<x4>343.501622</x4>
			<y4>217.12014</y4>
			<x5>333.272133</x5>
			<y5>206.761191</y5>
			<x6>330.27305</x6>
			<y6>220.300277</y6>
			<x7>334.471766</x7>
			<y7>312.366064</y7>
			<x8>338.97039</x8>
			<y8>354.066449</y8>
			<x9>342.569289</x9>
			<y9>372.479606</y9>
			<x10>353.665894</x10>
			<y10>374.104297</y10>
		</polygon>
	</object>
	<object>
		<name>LCU</name>
		<pose>Unspecified</pose>
		<truncated>0</truncated>
		<difficult>0</difficult>
		<occluded>0</occluded>
		<bndbox>
			<xmin>356</xmin>
			<xmax>399</xmax>
			<ymin>212</ymin>
			<ymax>367</ymax>
		</bndbox>
		<polygon>
			<x1>383.956627</x1>
			<y1>269.040988</y1>
			<x2>367.161765</x2>
			<y2>213.801516</y2>
			<x3>356.06516</x3>
			<y3>210.552136</y3>
			<x4>354.865527</x4>
			<y4>234.922491</y4>
			<x5>362.063325</x5>
			<y5>319.406388</y5>
			<x6>364.462591</x6>
			<y6>339.444236</y6>
			<x7>385.15626</x7>
			<y7>365.980845</y7>
			<x8>398.052315</x8>
			<y8>332.403911</y8>
			<x9>383.956627</x9>
			<y9>269.040988</y9>
		</polygon>
	</object>
	<object>
		<name>LPMU</name>
		<pose>Unspecified</pose>
		<truncated>0</truncated>
		<difficult>0</difficult>
		<occluded>0</occluded>
		<bndbox>
			<xmin>375</xmin>
			<xmax>421</xmax>
			<ymin>218</ymin>
			<ymax>350</ymax>
		</bndbox>
		<polygon>
			<x1>408.549104</x1>
			<y1>295.036033</y1>
			<x2>386.394396</x2>
			<y2>217.12014</y2>
			<x3>374.059655</x3>
			<y3>223.008095</y3>
			<x4>378.858187</x4>
			<y4>252.794084</y4>
			<x5>378.558279</x5>
			<y5>318.864825</y5>
			<x6>390.554609</x6>
			<y6>339.985799</y6>
			<x7>412.74782</x7>
			<y7>349.192378</y7>
			<x8>419.645709</x8>
			<y8>317.240134</y8>
			<x9>408.549104</x9>
			<y9>295.036033</y9>
		</polygon>
	</object>
	<object>
		<name>LMU</name>
		<pose>Unspecified</pose>
		<truncated>0</truncated>
		<difficult>0</difficult>
		<occluded>0</occluded>
		<bndbox>
			<xmin>422</xmin>
			<xmax>470</xmax>
			<ymin>203</ymin>
			<ymax>332</ymax>
		</bndbox>
		<polygon>
			<x1>467.63103</x1>
			<y1>315.073881</y1>
			<x2>468.530754</x2>
			<y2>296.660724</y2>
			<x3>456.834332</x3>
			<y3>238.171871</y3>
			<x4>445.437819</x4>
			<y4>201.88712</y4>
			<x5>426.287675</x5>
			<y5>218.203942</y5>
			<x6>420.845342</x6>
			<y6>297.202287</y6>
			<x7>425.343966</x7>
			<y7>318.864825</y7>
			<x8>443.63837</x8>
			<y8>330.779221</y8>
			<x9>450.836168</x9>
			<y9>321.031079</y9>
			<x10>461.632865</x10>
			<y10>327.52984</y10>
			<x11>467.63103</x11>
			<y11>315.073881</y11>
		</polygon>
	</object>
	<object>
		<name>LMU</name>
		<pose>Unspecified</pose>
		<truncated>0</truncated>
		<difficult>0</difficult>
		<occluded>0</occluded>
		<bndbox>
			<xmin>460</xmin>
			<xmax>506</xmax>
			<ymin>198</ymin>
			<ymax>312</ymax>
		</bndbox>
		<polygon>
			<x1>493.723047</x1>
			<y1>297.743851</y1>
			<x2>504.519745</x2>
			<y2>292.869779</y2>
			<x3>505.419469</x3>
			<y3>271.207242</y3>
			<x4>494.92268</x4>
			<y4>240.879689</y4>
			<x5>468.830663</x5>
			<y5>197.554613</y5>
			<x6>458.93369</x6>
			<y6>197.013049</y6>
			<x7>458.982167</x7>
			<y7>213.326834</y7>
			<x8>460.133323</x8>
			<y8>278.78913</y8>
			<x9>460.133323</x9>
			<y9>292.869779</y9>
			<x10>471.529837</x10>
			<y10>311.282937</y10>
			<x11>483.226259</x11>
			<y11>310.19981</y11>
			<x12>493.723047</x12>
			<y12>297.743851</y12>
		</polygon>
	</object>
	<object>
		<name>LMU</name>
		<pose>Unspecified</pose>
		<truncated>0</truncated>
		<difficult>0</difficult>
		<occluded>0</occluded>
		<bndbox>
			<xmin>464</xmin>
			<xmax>519</xmax>
			<ymin>144</ymin>
			<ymax>221</ymax>
		</bndbox>
		<polygon>
			<x1>472.129653</x1>
			<y1>207.844318</y1>
			<x2>485.925433</x2>
			<y2>219.758714</y2>
			<x3>507.218919</x3>
			<y3>212.718389</y3>
			<x4>511.117726</x4>
			<y4>193.222105</y4>
			<x5>517.715708</x5>
			<y5>180.224582</y5>
			<x6>514.416717</x6>
			<y6>165.060806</y6>
			<x7>500.321029</x7>
			<y7>143.939831</y7>
			<x8>486.525249</x8>
			<y8>142.856704</y8>
			<x9>473.329286</x9>
			<y9>148.272339</y9>
			<x10>466.480903</x10>
			<y10>152.092033</y10>
			<x11>462.532589</x11>
			<y11>164.519242</y11>
			<x12>464.631947</x12>
			<y12>182.390836</y12>
			<x13>472.129653</x13>
			<y13>207.844318</y13>
		</polygon>
	</object>
	<object>
		<name>LMD</name>
		<pose>Unspecified</pose>
		<truncated>0</truncated>
		<difficult>0</difficult>
		<occluded>0</occluded>
		<bndbox>
			<xmin>485</xmin>
			<xmax>536</xmax>
			<ymin>327</ymin>
			<ymax>443</ymax>
		</bndbox>
		<polygon>
			<x1>533.023599</x1>
			<y1>356.824208</y1>
			<x2>525.525892</x2>
			<y2>331.912289</y2>
			<x3>519.227819</x3>
			<y3>325.955091</y3>
			<x4>508.73103</x4>
			<y4>335.16167</y4>
			<x5>500.333599</x5>
			<y5>330.287599</y5>
			<x6>495.535067</x6>
			<y6>330.287599</y6>
			<x7>487.477366</x7>
			<y7>338.50594</y7>
			<x8>484.438462</x8>
			<y8>351.408573</y8>
			<x9>485.638095</x9>
			<y9>367.655477</y9>
			<x10>491.936168</x10>
			<y10>381.736126</y10>
			<x11>496.434792</x11>
			<y11>408.272736</y11>
			<x12>499.133967</x12>
			<y12>418.020878</y12>
			<x13>507.531398</x13>
			<y13>435.892471</y13>
			<x14>522.826718</x14>
			<y14>442.391233</y14>
			<x15>517.42837</x15>
			<y15>431.559964</y15>
			<x16>511.130296</x16>
			<y16>415.31306</y16>
			<x17>509.930663</x17>
			<y17>398.524593</y17>
			<x18>518.028186</x18>
			<y18>413.146806</y18>
			<x19>525.525892</x19>
			<y19>427.227456</y19>
			<x20>533.323507</x20>
			<y20>434.809344</y20>
			<x21>535.422865</x21>
			<y21>426.144329</y21>
			<x22>527.325342</x22>
			<y22>385.527071</y22>
			<x23>533.023599</x23>
			<y23>356.824208</y23>
		</polygon>
	</object>
	<object>
		<name>LMD</name>
		<pose>Unspecified</pose>
		<truncated>0</truncated>
		<difficult>0</difficult>
		<occluded>0</occluded>
		<bndbox>
			<xmin>441</xmin>
			<xmax>503</xmax>
			<ymin>339</ymin>
			<ymax>475</ymax>
		</bndbox>
		<polygon>
			<x1>501.833141</x1>
			<y1>461.887517</y1>
			<x2>499.133967</x2>
			<y2>433.726217</y2>
			<x3>487.737453</x3>
			<y3>396.899903</y3>
			<x4>487.437544</x4>
			<y4>377.945182</y4>
			<x5>485.938003</x5>
			<y5>353.574827</y5>
			<x6>480.839563</x6>
			<y6>343.826685</y6>
			<x7>470.642682</x7>
			<y7>338.411051</y7>
			<x8>462.281611</x8>
			<y8>353.679165</y8>
			<x9>454.447637</x9>
			<y9>353.033264</y9>
			<x10>443.950848</x10>
			<y10>351.408573</y10>
			<x11>440.351949</x11>
			<y11>361.156716</y11>
			<x12>440.052041</x12>
			<y12>384.443944</y12>
			<x13>443.950848</x13>
			<y13>396.899903</y13>
			<x14>454.747545</x14>
			<y14>413.146806</y14>
			<x15>461.945343</x15>
			<y15>448.889994</y15>
			<x16>476.640848</x16>
			<y16>471.635659</y16>
			<x17>485.938003</x17>
			<y17>473.801913</y17>
			<x18>488.637178</x18>
			<y18>465.136898</y18>
			<x19>478.740205</x19>
			<y19>447.265304</y19>
			<x20>470.642682</x20>
			<y20>423.436512</y20>
			<x21>473.941673</x21>
			<y21>419.645568</y21>
			<x22>496.134884</x22>
			<y22>465.136898</y22>
			<x23>501.833141</x23>
			<y23>461.887517</y23>
		</polygon>
	</object>
	<object>
		<name>LPMD</name>
		<pose>Unspecified</pose>
		<truncated>0</truncated>
		<difficult>0</difficult>
		<occluded>0</occluded>
		<bndbox>
			<xmin>411</xmin>
			<xmax>458</xmax>
			<ymin>360</ymin>
			<ymax>506</ymax>
		</bndbox>
		<polygon>
			<x1>431.65461</x1>
			<y1>470.552532</y1>
			<x2>451.748463</x2>
			<y2>504.129466</y2>
			<x3>457.146811</x3>
			<y3>505.212592</y3>
			<x4>444.550665</x4>
			<y4>428.852146</y4>
			<x5>443.950848</x5>
			<y5>408.272736</y5>
			<x6>449.649105</x6>
			<y6>382.27769</y6>
			<x7>439.752132</x7>
			<y7>365.489223</y7>
			<x8>435.553417</x8>
			<y8>364.947659</y8>
			<x9>426.887574</x9>
			<y9>359.098174</y9>
			<x10>410.361124</x10>
			<y10>375.237365</y10>
			<x11>412.160574</x11>
			<y11>395.275212</y11>
			<x12>419.958188</x12>
			<y12>413.146806</y12>
			<x13>431.65461</x13>
			<y13>470.552532</y13>
		</polygon>
	</object>
	<object>
		<name>LPMD</name>
		<pose>Unspecified</pose>
		<truncated>0</truncated>
		<difficult>0</difficult>
		<occluded>0</occluded>
		<bndbox>
			<xmin>384</xmin>
			<xmax>420</xmax>
			<ymin>363</ymin>
			<ymax>512</ymax>
		</bndbox>
		<polygon>
			<x1>409.761307</x1>
			<y1>481.383801</y1>
			<x2>415.759472</x2>
			<y2>427.227456</y2>
			<x3>419.358372</x3>
			<y3>389.859578</y3>
			<x4>407.062133</x4>
			<y4>362.781406</y4>
			<x5>399.592172</x5>
			<y5>362.349579</y5>
			<x6>382.769565</x6>
			<y6>386.610197</y6>
			<x7>384.569014</x7>
			<y7>402.315538</y7>
			<x8>389.967363</x8>
			<y8>426.144329</y8>
			<x9>395.965528</x9>
			<y9>502.504775</y9>
			<x10>405.562592</x10>
			<y10>511.169791</y10>
			<x11>409.761307</x11>
			<y11>481.383801</y11>
		</polygon>
	</object>
	<object>
		<name>LCD</name>
		<pose>Unspecified</pose>
		<truncated>0</truncated>
		<difficult>0</difficult>
		<occluded>0</occluded>
		<bndbox>
			<xmin>357</xmin>
			<xmax>388</xmax>
			<ymin>368</ymin>
			<ymax>521</ymax>
		</bndbox>
		<polygon>
			<x1>370.797024</x1>
			<y1>366.684786</y1>
			<x2>356.377639</x2>
			<y2>388.776451</y2>
			<x3>358.177088</x3>
			<y3>418.562441</y3>
			<x4>367.774152</x4>
			<y4>496.547577</y4>
			<x5>373.172501</x5>
			<y5>519.834806</y5>
			<x6>381.569932</x6>
			<y6>508.461973</y6>
			<x7>386.96828</x7>
			<y7>425.061202</y7>
			<x8>385.168831</x8>
			<y8>379.569873</y8>
			<x9>370.797024</x9>
			<y9>366.684786</y9>
		</polygon>
	</object>
	<metadata>
		<tags>
			<tag>teeth</tag>
		</tags>
	</metadata>
</annotation>
