<annotation>
	<folder></folder>
	<filename>255_jpg.rf.001cf8f7d26bbf23271150ae2e4aa5a1.jpg</filename>
	<path>255_jpg.rf.001cf8f7d26bbf23271150ae2e4aa5a1.jpg</path>
	<source>
		<database>roboflow.com</database>
	</source>
	<size>
		<width>640</width>
		<height>640</height>
		<depth>3</depth>
	</size>
	<segmented>0</segmented>
	<object>
		<name>RIU</name>
		<pose>Unspecified</pose>
		<truncated>0</truncated>
		<difficult>0</difficult>
		<occluded>0</occluded>
		<bndbox>
			<xmin>278</xmin>
			<xmax>309</xmax>
			<ymin>221</ymin>
			<ymax>380</ymax>
		</bndbox>
		<polygon>
			<x1>307.239991</x1>
			<y1>318.714523</y1>
			<x2>299.077223</x2>
			<y2>258.887347</y2>
			<x3>298.597061</x3>
			<y3>241.546136</y3>
			<x4>285.152503</x4>
			<y4>219.869623</y4>
			<x5>281.311201</x5>
			<y5>229.407289</y5>
			<x6>281.311201</x6>
			<y6>305.708616</y6>
			<x7>277.469899</x7>
			<y7>336.922794</y7>
			<x8>280.350875</x8>
			<y8>375.940518</y8>
			<x9>291.394619</x9>
			<y9>379.40876</y9>
			<x10>307.720153</x10>
			<y10>373.339336</y10>
			<x11>307.239991</x11>
			<y11>318.714523</y11>
		</polygon>
	</object>
	<object>
		<name>RIU</name>
		<pose>Unspecified</pose>
		<truncated>0</truncated>
		<difficult>0</difficult>
		<occluded>0</occluded>
		<bndbox>
			<xmin>256</xmin>
			<xmax>284</xmax>
			<ymin>235</ymin>
			<ymax>383</ymax>
		</bndbox>
		<polygon>
			<x1>258.263388</x1>
			<y1>371.605216</y1>
			<x2>267.38648</x2>
			<y2>382.009942</y2>
			<x3>278.430224</x3>
			<y3>381.142881</y3>
			<x4>282.751689</x4>
			<y4>353.396944</y4>
			<x5>279.870712</x5>
			<y5>329.98631</y5>
			<x6>280.350875</x6>
			<y6>252.817923</y6>
			<x7>274.108759</x7>
			<y7>233.742591</y7>
			<x8>268.86598</x8>
			<y8>248.645346</y8>
			<x9>255.382411</x9>
			<y9>352.529884</y9>
			<x10>258.263388</x10>
			<y10>371.605216</y10>
		</polygon>
	</object>
	<object>
		<name>RID</name>
		<pose>Unspecified</pose>
		<truncated>0</truncated>
		<difficult>0</difficult>
		<occluded>0</occluded>
		<bndbox>
			<xmin>294</xmin>
			<xmax>315</xmax>
			<ymin>382</ymin>
			<ymax>505</ymax>
		</bndbox>
		<polygon>
			<x1>292.684244</x1>
			<y1>478.782057</y1>
			<x2>299.282225</x2>
			<y2>504.235539</y2>
			<x3>307.679656</x3>
			<y3>474.991112</y3>
			<x4>311.878372</x4>
			<y4>423.001021</y4>
			<x5>313.706474</x5>
			<y5>385.193218</y5>
			<x6>301.081675</x6>
			<y6>380.759073</y6>
			<x7>293.583969</x7>
			<y7>389.424087</y7>
			<x8>292.684244</x8>
			<y8>424.084149</y8>
			<x9>292.684244</x9>
			<y9>478.782057</y9>
		</polygon>
	</object>
	<object>
		<name>RID</name>
		<pose>Unspecified</pose>
		<truncated>0</truncated>
		<difficult>0</difficult>
		<occluded>0</occluded>
		<bndbox>
			<xmin>272</xmin>
			<xmax>295</xmax>
			<ymin>383</ymin>
			<ymax>506</ymax>
		</bndbox>
		<polygon>
			<x1>272.590391</x1>
			<y1>430.58291</y1>
			<x2>274.689748</x2>
			<y2>493.40427</y2>
			<x3>282.787271</x3>
			<y3>504.777102</y3>
			<x4>289.085345</x4>
			<y4>474.991112</y4>
			<x5>294.209758</x5>
			<y5>389.528425</y5>
			<x6>283.986904</x6>
			<y6>382.383763</y6>
			<x7>274.689748</x7>
			<y7>388.340961</y7>
			<x8>270.790941</x8>
			<y8>397.547539</y8>
			<x9>272.590391</x9>
			<y9>430.58291</y9>
		</polygon>
	</object>
	<object>
		<name>RCD</name>
		<pose>Unspecified</pose>
		<truncated>0</truncated>
		<difficult>0</difficult>
		<occluded>0</occluded>
		<bndbox>
			<xmin>244</xmin>
			<xmax>272</xmax>
			<ymin>382</ymin>
			<ymax>536</ymax>
		</bndbox>
		<polygon>
			<x1>271.413599</x1>
			<y1>404.70165</y1>
			<x2>260.594061</x2>
			<y2>380.759073</y2>
			<x3>254.295988</x3>
			<y3>380.759073</y3>
			<x4>245.898557</x4>
			<y4>395.381286</y4>
			<x5>244.399015</x5>
			<y5>423.001021</y5>
			<x6>243.49929</x6>
			<y6>470.658605</y6>
			<x7>248.597731</x7>
			<y7>508.568046</y7>
			<x8>256.395345</x8>
			<y8>534.563092</y8>
			<x9>260.294152</x9>
			<y9>519.399315</y9>
			<x10>266.292317</x10>
			<y10>459.827336</y10>
			<x11>271.413599</x11>
			<y11>404.70165</y11>
		</polygon>
	</object>
	<object>
		<name>RCU</name>
		<pose>Unspecified</pose>
		<truncated>0</truncated>
		<difficult>0</difficult>
		<occluded>0</occluded>
		<bndbox>
			<xmin>235</xmin>
			<xmax>264</xmax>
			<ymin>220</ymin>
			<ymax>378</ymax>
		</bndbox>
		<polygon>
			<x1>243.199382</x1>
			<y1>219.300277</y1>
			<x2>237.801034</x2>
			<y2>231.756237</y2>
			<x3>235.701676</x3>
			<y3>307.575119</y3>
			<x4>234.202134</x4>
			<y4>347.109251</y4>
			<x5>239.600483</x5>
			<y5>362.814591</y5>
			<x6>249.497455</x6>
			<y6>376.895241</y6>
			<x7>263.293235</x7>
			<y7>343.859871</y7>
			<x8>262.693419</x8>
			<y8>333.028601</y8>
			<x9>249.817237</x9>
			<y9>229.667663</y9>
			<x10>243.199382</x10>
			<y10>219.300277</y10>
		</polygon>
	</object>
	<object>
		<name>RPMU</name>
		<pose>Unspecified</pose>
		<truncated>0</truncated>
		<difficult>0</difficult>
		<occluded>0</occluded>
		<bndbox>
			<xmin>215</xmin>
			<xmax>247</xmax>
			<ymin>227</ymin>
			<ymax>375</ymax>
		</bndbox>
		<polygon>
			<x1>213.508465</x1>
			<y1>356.857393</y1>
			<x2>228.803786</x2>
			<y2>374.187424</y2>
			<x3>242.899474</x3>
			<y3>353.066449</y3>
			<x4>245.598648</x4>
			<y4>322.738896</y4>
			<x5>239.900391</x5>
			<y5>296.202287</y5>
			<x6>235.101859</x6>
			<y6>240.421252</y6>
			<x7>226.40452</x7>
			<y7>225.799039</y7>
			<x8>220.706263</x8>
			<y8>239.879689</y8>
			<x9>216.807456</x9>
			<y9>326.52984</y9>
			<x10>213.508465</x10>
			<y10>356.857393</y10>
		</polygon>
	</object>
	<object>
		<name>RPMU</name>
		<pose>Unspecified</pose>
		<truncated>0</truncated>
		<difficult>0</difficult>
		<occluded>0</occluded>
		<bndbox>
			<xmin>192</xmin>
			<xmax>222</xmax>
			<ymin>234</ymin>
			<ymax>370</ymax>
		</bndbox>
		<polygon>
			<x1>191.315255</x1>
			<y1>336.277982</y1>
			<x2>193.414612</x2>
			<y2>354.691139</y2>
			<x3>203.011676</x3>
			<y3>368.771789</y3>
			<x4>215.907731</x4>
			<y4>359.023647</y4>
			<x5>217.707181</x5>
			<y5>321.655769</y5>
			<x6>221.006172</x6>
			<y6>237.713435</y6>
			<x7>218.306997</x7>
			<y7>232.839364</y7>
			<x8>209.324059</x8>
			<y8>237.796176</y8>
			<x9>196.113786</x9>
			<y9>303.784176</y9>
			<x10>191.315255</x10>
			<y10>336.277982</y10>
		</polygon>
	</object>
	<object>
		<name>RMU</name>
		<pose>Unspecified</pose>
		<truncated>0</truncated>
		<difficult>0</difficult>
		<occluded>0</occluded>
		<bndbox>
			<xmin>160</xmin>
			<xmax>195</xmax>
			<ymin>218</ymin>
			<ymax>360</ymax>
		</bndbox>
		<polygon>
			<x1>194.314337</x1>
			<y1>313.532318</y1>
			<x2>192.22694</x2>
			<y2>222.08105</y2>
			<x3>181.418282</x3>
			<y3>217.134024</y3>
			<x4>175.120209</x4>
			<y4>235.005618</y4>
			<x5>164.023604</x5>
			<y5>295.11916</y5>
			<x6>158.925164</x6>
			<y6>322.197333</y6>
			<x7>162.524062</x7>
			<y7>342.23518</y7>
			<x8>172.720943</x8>
			<y8>348.192378</y8>
			<x9>181.118374</x9>
			<y9>359.023647</y9>
			<x10>191.315255</x10>
			<y10>349.275505</y10>
			<x11>194.314337</x11>
			<y11>313.532318</y11>
		</polygon>
	</object>
	<object>
		<name>RMU</name>
		<pose>Unspecified</pose>
		<truncated>0</truncated>
		<difficult>0</difficult>
		<occluded>0</occluded>
		<bndbox>
			<xmin>131</xmin>
			<xmax>181</xmax>
			<ymin>202</ymin>
			<ymax>332</ymax>
		</bndbox>
		<polygon>
			<x1>161.624338</x1>
			<y1>322.738896</y1>
			<x2>171.821218</x2>
			<y2>264.791607</y2>
			<x3>179.918741</x3>
			<y3>208.469009</y3>
			<x4>170.321677</x4>
			<y4>200.88712</y4>
			<x5>163.123879</x5>
			<y5>205.219628</y5>
			<x6>149.028191</x6>
			<y6>248.544704</y6>
			<x7>133.133054</x7>
			<y7>275.622876</y7>
			<x8>129.534155</x8>
			<y8>304.867302</y8>
			<x9>133.133054</x9>
			<y9>315.157007</y9>
			<x10>141.230576</x10>
			<y10>314.073881</y10>
			<x11>147.228742</x11>
			<y11>331.403911</y11>
			<x12>158.625255</x12>
			<y12>330.862347</y12>
			<x13>161.624338</x13>
			<y13>322.738896</y13>
		</polygon>
	</object>
	<object>
		<name>RMU</name>
		<pose>Unspecified</pose>
		<truncated>0</truncated>
		<difficult>0</difficult>
		<occluded>0</occluded>
		<bndbox>
			<xmin>131</xmin>
			<xmax>170</xmax>
			<ymin>167</ymin>
			<ymax>244</ymax>
		</bndbox>
		<polygon>
			<x1>140.335682</x1>
			<y1>174.935673</y1>
			<x2>129.834063</x2>
			<y2>191.680542</y2>
			<x3>130.733788</x3>
			<y3>215.509333</y3>
			<x4>136.432045</x4>
			<y4>236.088744</y4>
			<x5>146.329017</x5>
			<y5>242.587506</y5>
			<x6>152.327182</x6>
			<y6>239.338125</y6>
			<x7>159.52498</x7>
			<y7>226.340602</y7>
			<x8>168.822136</x8>
			<y8>198.720866</y8>
			<x9>161.024521</x9>
			<y9>174.892075</y9>
			<x10>149.328099</x10>
			<y10>166.227059</y10>
			<x11>140.335682</x11>
			<y11>174.935673</y11>
		</polygon>
	</object>
	<object>
		<name>RMD</name>
		<pose>Unspecified</pose>
		<truncated>0</truncated>
		<difficult>0</difficult>
		<occluded>0</occluded>
		<bndbox>
			<xmin>150</xmin>
			<xmax>195</xmax>
			<ymin>359</ymin>
			<ymax>496</ymax>
		</bndbox>
		<polygon>
			<x1>193.114704</x1>
			<y1>404.624308</y1>
			<x2>194.026636</x2>
			<y2>372.729497</y2>
			<x3>190.715438</x3>
			<y3>365.63174</y3>
			<x4>178.719108</x4>
			<y4>372.672065</y4>
			<x5>175.120209</x5>
			<y5>364.548613</y5>
			<x6>167.622503</x6>
			<y6>357.508288</y6>
			<x7>158.925164</x7>
			<y7>375.921446</y7>
			<x8>157.72553</x8>
			<y8>392.709912</y8>
			<x9>159.225072</x9>
			<y9>411.123069</y9>
			<x10>153.826723</x10>
			<y10>433.327171</y10>
			<x11>149.028191</x11>
			<y11>471.778176</y11>
			<x12>149.927916</x12>
			<y12>489.108206</y12>
			<x13>155.926081</x13>
			<y13>488.025079</y13>
			<x14>167.022686</x14>
			<y14>444.700003</y14>
			<x15>170.621585</x15>
			<y15>437.118115</y15>
			<x16>171.221402</x16>
			<y16>452.281892</y16>
			<x17>164.923328</x17>
			<y17>476.652247</y17>
			<x18>158.325347</x18>
			<y18>495.065404</y18>
			<x19>174.220484</x19>
			<y19>493.440714</y19>
			<x20>184.417365</x20>
			<y20>452.823455</y20>
			<x21>193.114704</x21>
			<y21>404.624308</y21>
		</polygon>
	</object>
	<object>
		<name>RMD</name>
		<pose>Unspecified</pose>
		<truncated>0</truncated>
		<difficult>0</difficult>
		<occluded>0</occluded>
		<bndbox>
			<xmin>116</xmin>
			<xmax>161</xmax>
			<ymin>355</ymin>
			<ymax>469</ymax>
		</bndbox>
		<polygon>
			<x1>128.034614</x1>
			<y1>467.987232</y1>
			<x2>136.731953</x2>
			<y2>466.362541</y2>
			<x3>146.928833</x3>
			<y3>443.075313</y3>
			<x4>157.125714</x4>
			<y4>400.833364</y4>
			<x5>159.824888</x5>
			<y5>378.087699</y5>
			<x6>152.93356</x6>
			<y6>357.556273</y6>
			<x7>143.030026</x7>
			<y7>361.299233</y7>
			<x8>136.731953</x8>
			<y8>354.258907</y8>
			<x9>125.935256</x9>
			<y9>356.425161</y9>
			<x10>122.036449</x10>
			<y10>380.253953</y10>
			<x11>123.53599</x11>
			<y11>400.833364</y11>
			<x12>114.83865</x12>
			<y12>454.448146</y12>
			<x13>128.034614</x13>
			<y13>467.987232</y13>
		</polygon>
	</object>
	<object>
		<name>LID</name>
		<pose>Unspecified</pose>
		<truncated>0</truncated>
		<difficult>0</difficult>
		<occluded>0</occluded>
		<bndbox>
			<xmin>313</xmin>
			<xmax>335</xmax>
			<ymin>383</ymin>
			<ymax>516</ymax>
		</bndbox>
		<polygon>
			<x1>333.471766</x1>
			<y1>425.745282</y1>
			<x2>333.503138</x2>
			<y2>383.025614</y2>
			<x3>315.177363</x3>
			<y3>381.805756</y3>
			<x4>313.078005</x4>
			<y4>387.22139</y4>
			<x5>311.878372</x5>
			<y5>419.715197</y5>
			<x6>315.177363</x6>
			<y6>514.561688</y6>
			<x7>323.874702</x7>
			<y7>510.770744</y7>
			<x8>333.471766</x8>
			<y8>425.745282</y8>
		</polygon>
	</object>
	<object>
		<name>LID</name>
		<pose>Unspecified</pose>
		<truncated>0</truncated>
		<difficult>0</difficult>
		<occluded>0</occluded>
		<bndbox>
			<xmin>332</xmin>
			<xmax>360</xmax>
			<ymin>375</ymin>
			<ymax>512</ymax>
		</bndbox>
		<polygon>
			<x1>331.372408</x1>
			<y1>386.679827</y1>
			<x2>332.272133</x2>
			<y2>436.503664</y2>
			<x3>334.671399</x3>
			<y3>484.702811</y3>
			<x4>339.469931</x4>
			<y4>510.770744</y4>
			<x5>347.567454</x5>
			<y5>481.526318</y5>
			<x6>355.06516</x6>
			<y6>434.951861</y6>
			<x7>358.664059</x7>
			<y7>398.66711</y7>
			<x8>355.699399</x8>
			<y8>384.109416</y8>
			<x9>344.568371</x9>
			<y9>374.223867</y9>
			<x10>331.372408</x10>
			<y10>386.679827</y10>
		</polygon>
	</object>
	<object>
		<name>LIU</name>
		<pose>Unspecified</pose>
		<truncated>0</truncated>
		<difficult>0</difficult>
		<occluded>0</occluded>
		<bndbox>
			<xmin>308</xmin>
			<xmax>339</xmax>
			<ymin>217</ymin>
			<ymax>374</ymax>
		</bndbox>
		<polygon>
			<x1>334.671399</x1>
			<y1>315.698571</y1>
			<x2>329.903745</x2>
			<y2>229.125762</y2>
			<x3>322.675069</x3>
			<y3>216.050897</y3>
			<x4>313.078005</x4>
			<y4>230.67311</y4>
			<x5>310.678739</x5>
			<y5>273.456622</y5>
			<x6>308.279473</x6>
			<y6>326.52984</y6>
			<x7>307.07984</x7>
			<y7>373.104297</y7>
			<x8>335.871032</x8>
			<y8>372.562733</y8>
			<x9>337.370573</x9>
			<y9>367.688662</y9>
			<x10>338.270298</x10>
			<y10>335.194855</y10>
			<x11>334.671399</x11>
			<y11>315.698571</y11>
		</polygon>
	</object>
	<object>
		<name>LIU</name>
		<pose>Unspecified</pose>
		<truncated>0</truncated>
		<difficult>0</difficult>
		<occluded>0</occluded>
		<bndbox>
			<xmin>330</xmin>
			<xmax>368</xmax>
			<ymin>207</ymin>
			<ymax>374</ymax>
		</bndbox>
		<polygon>
			<x1>332.272133</x1>
			<y1>205.761191</y1>
			<x2>329.27305</x2>
			<y2>219.300277</y2>
			<x3>333.471766</x3>
			<y3>311.366064</y3>
			<x4>337.97039</x4>
			<y4>353.066449</y4>
			<x5>341.569289</x5>
			<y5>371.479606</y5>
			<x6>352.665894</x6>
			<y6>373.104297</y6>
			<x7>364.962132</x7>
			<y7>363.356154</y7>
			<x8>367.06149</x8>
			<y8>348.192378</y8>
			<x9>342.501622</x9>
			<y9>216.12014</y9>
			<x10>332.272133</x10>
			<y10>205.761191</y10>
		</polygon>
	</object>
	<object>
		<name>LCU</name>
		<pose>Unspecified</pose>
		<truncated>0</truncated>
		<difficult>0</difficult>
		<occluded>0</occluded>
		<bndbox>
			<xmin>355</xmin>
			<xmax>398</xmax>
			<ymin>211</ymin>
			<ymax>366</ymax>
		</bndbox>
		<polygon>
			<x1>361.063325</x1>
			<y1>318.406388</y1>
			<x2>363.462591</x2>
			<y2>338.444236</y2>
			<x3>384.15626</x3>
			<y3>364.980845</y3>
			<x4>397.052315</x4>
			<y4>331.403911</y4>
			<x5>382.956627</x5>
			<y5>268.040988</y5>
			<x6>366.161765</x6>
			<y6>212.801516</y6>
			<x7>355.06516</x7>
			<y7>209.552136</y7>
			<x8>353.865527</x8>
			<y8>233.922491</y8>
			<x9>361.063325</x9>
			<y9>318.406388</y9>
		</polygon>
	</object>
	<object>
		<name>LPMU</name>
		<pose>Unspecified</pose>
		<truncated>0</truncated>
		<difficult>0</difficult>
		<occluded>0</occluded>
		<bndbox>
			<xmin>374</xmin>
			<xmax>420</xmax>
			<ymin>217</ymin>
			<ymax>349</ymax>
		</bndbox>
		<polygon>
			<x1>377.558279</x1>
			<y1>317.864825</y1>
			<x2>389.554609</x2>
			<y2>338.985799</y2>
			<x3>411.74782</x3>
			<y3>348.192378</y3>
			<x4>418.645709</x4>
			<y4>316.240134</y4>
			<x5>407.549104</x5>
			<y5>294.036033</y5>
			<x6>385.394396</x6>
			<y6>216.12014</y6>
			<x7>373.059655</x7>
			<y7>222.008095</y7>
			<x8>377.858187</x8>
			<y8>251.794084</y8>
			<x9>377.558279</x9>
			<y9>317.864825</y9>
		</polygon>
	</object>
	<object>
		<name>LMU</name>
		<pose>Unspecified</pose>
		<truncated>0</truncated>
		<difficult>0</difficult>
		<occluded>0</occluded>
		<bndbox>
			<xmin>421</xmin>
			<xmax>469</xmax>
			<ymin>202</ymin>
			<ymax>331</ymax>
		</bndbox>
		<polygon>
			<x1>425.287675</x1>
			<y1>217.203942</y1>
			<x2>419.845342</x2>
			<y2>296.202287</y2>
			<x3>424.343966</x3>
			<y3>317.864825</y3>
			<x4>442.63837</x4>
			<y4>329.779221</y4>
			<x5>449.836168</x5>
			<y5>320.031079</y5>
			<x6>460.632865</x6>
			<y6>326.52984</y6>
			<x7>466.63103</x7>
			<y7>314.073881</y7>
			<x8>467.530754</x8>
			<y8>295.660724</y8>
			<x9>455.834332</x9>
			<y9>237.171871</y9>
			<x10>444.437819</x10>
			<y10>200.88712</y10>
			<x11>425.287675</x11>
			<y11>217.203942</y11>
		</polygon>
	</object>
	<object>
		<name>LMU</name>
		<pose>Unspecified</pose>
		<truncated>0</truncated>
		<difficult>0</difficult>
		<occluded>0</occluded>
		<bndbox>
			<xmin>459</xmin>
			<xmax>505</xmax>
			<ymin>197</ymin>
			<ymax>311</ymax>
		</bndbox>
		<polygon>
			<x1>467.830663</x1>
			<y1>196.554613</y1>
			<x2>457.93369</x2>
			<y2>196.013049</y2>
			<x3>457.982167</x3>
			<y3>212.326834</y3>
			<x4>459.133323</x4>
			<y4>277.78913</y4>
			<x5>459.133323</x5>
			<y5>291.869779</y5>
			<x6>470.529837</x6>
			<y6>310.282937</y6>
			<x7>482.226259</x7>
			<y7>309.19981</y7>
			<x8>492.723047</x8>
			<y8>296.743851</y8>
			<x9>503.519745</x9>
			<y9>291.869779</y9>
			<x10>504.419469</x10>
			<y10>270.207242</y10>
			<x11>493.92268</x11>
			<y11>239.879689</y11>
			<x12>467.830663</x12>
			<y12>196.554613</y12>
		</polygon>
	</object>
	<object>
		<name>LMU</name>
		<pose>Unspecified</pose>
		<truncated>0</truncated>
		<difficult>0</difficult>
		<occluded>0</occluded>
		<bndbox>
			<xmin>463</xmin>
			<xmax>518</xmax>
			<ymin>143</ymin>
			<ymax>220</ymax>
		</bndbox>
		<polygon>
			<x1>516.715708</x1>
			<y1>179.224582</y1>
			<x2>513.416717</x2>
			<y2>164.060806</y2>
			<x3>499.321029</x3>
			<y3>142.939831</y3>
			<x4>485.525249</x4>
			<y4>141.856704</y4>
			<x5>472.329286</x5>
			<y5>147.272339</y5>
			<x6>465.480903</x6>
			<y6>151.092033</y6>
			<x7>461.532589</x7>
			<y7>163.519242</y7>
			<x8>463.631947</x8>
			<y8>181.390836</y8>
			<x9>471.129653</x9>
			<y9>206.844318</y9>
			<x10>484.925433</x10>
			<y10>218.758714</y10>
			<x11>506.218919</x11>
			<y11>211.718389</y11>
			<x12>510.117726</x12>
			<y12>192.222105</y12>
			<x13>516.715708</x13>
			<y13>179.224582</y13>
		</polygon>
	</object>
	<object>
		<name>LMD</name>
		<pose>Unspecified</pose>
		<truncated>0</truncated>
		<difficult>0</difficult>
		<occluded>0</occluded>
		<bndbox>
			<xmin>484</xmin>
			<xmax>535</xmax>
			<ymin>326</ymin>
			<ymax>442</ymax>
		</bndbox>
		<polygon>
			<x1>499.333599</x1>
			<y1>329.287599</y1>
			<x2>494.535067</x2>
			<y2>329.287599</y2>
			<x3>486.477366</x3>
			<y3>337.50594</y3>
			<x4>483.438462</x4>
			<y4>350.408573</y4>
			<x5>484.638095</x5>
			<y5>366.655477</y5>
			<x6>490.936168</x6>
			<y6>380.736126</y6>
			<x7>495.434792</x7>
			<y7>407.272736</y7>
			<x8>498.133967</x8>
			<y8>417.020878</y8>
			<x9>506.531398</x9>
			<y9>434.892471</y9>
			<x10>521.826718</x10>
			<y10>441.391233</y10>
			<x11>516.42837</x11>
			<y11>430.559964</y11>
			<x12>510.130296</x12>
			<y12>414.31306</y12>
			<x13>508.930663</x13>
			<y13>397.524593</y13>
			<x14>517.028186</x14>
			<y14>412.146806</y14>
			<x15>524.525892</x15>
			<y15>426.227456</y15>
			<x16>532.323507</x16>
			<y16>433.809344</y16>
			<x17>534.422865</x17>
			<y17>425.144329</y17>
			<x18>526.325342</x18>
			<y18>384.527071</y18>
			<x19>532.023599</x19>
			<y19>355.824208</y19>
			<x20>524.525892</x20>
			<y20>330.912289</y20>
			<x21>518.227819</x21>
			<y21>324.955091</y21>
			<x22>507.73103</x22>
			<y22>334.16167</y22>
			<x23>499.333599</x23>
			<y23>329.287599</y23>
		</polygon>
	</object>
	<object>
		<name>LMD</name>
		<pose>Unspecified</pose>
		<truncated>0</truncated>
		<difficult>0</difficult>
		<occluded>0</occluded>
		<bndbox>
			<xmin>440</xmin>
			<xmax>502</xmax>
			<ymin>338</ymin>
			<ymax>474</ymax>
		</bndbox>
		<polygon>
			<x1>484.938003</x1>
			<y1>352.574827</y1>
			<x2>479.839563</x2>
			<y2>342.826685</y2>
			<x3>469.642682</x3>
			<y3>337.411051</y3>
			<x4>461.281611</x4>
			<y4>352.679165</y4>
			<x5>453.447637</x5>
			<y5>352.033264</y5>
			<x6>442.950848</x6>
			<y6>350.408573</y6>
			<x7>439.351949</x7>
			<y7>360.156716</y7>
			<x8>439.052041</x8>
			<y8>383.443944</y8>
			<x9>442.950848</x9>
			<y9>395.899903</y9>
			<x10>453.747545</x10>
			<y10>412.146806</y10>
			<x11>460.945343</x11>
			<y11>447.889994</y11>
			<x12>475.640848</x12>
			<y12>470.635659</y12>
			<x13>484.938003</x13>
			<y13>472.801913</y13>
			<x14>487.637178</x14>
			<y14>464.136898</y14>
			<x15>477.740205</x15>
			<y15>446.265304</y15>
			<x16>469.642682</x16>
			<y16>422.436512</y16>
			<x17>472.941673</x17>
			<y17>418.645568</y17>
			<x18>495.134884</x18>
			<y18>464.136898</y18>
			<x19>500.833141</x19>
			<y19>460.887517</y19>
			<x20>498.133967</x20>
			<y20>432.726217</y20>
			<x21>486.737453</x21>
			<y21>395.899903</y21>
			<x22>486.437544</x22>
			<y22>376.945182</y22>
			<x23>484.938003</x23>
			<y23>352.574827</y23>
		</polygon>
	</object>
	<object>
		<name>LPMD</name>
		<pose>Unspecified</pose>
		<truncated>0</truncated>
		<difficult>0</difficult>
		<occluded>0</occluded>
		<bndbox>
			<xmin>410</xmin>
			<xmax>457</xmax>
			<ymin>359</ymin>
			<ymax>505</ymax>
		</bndbox>
		<polygon>
			<x1>442.950848</x1>
			<y1>407.272736</y1>
			<x2>448.649105</x2>
			<y2>381.27769</y2>
			<x3>438.752132</x3>
			<y3>364.489223</y3>
			<x4>434.553417</x4>
			<y4>363.947659</y4>
			<x5>425.887574</x5>
			<y5>358.098174</y5>
			<x6>409.361124</x6>
			<y6>374.237365</y6>
			<x7>411.160574</x7>
			<y7>394.275212</y7>
			<x8>418.958188</x8>
			<y8>412.146806</y8>
			<x9>430.65461</x9>
			<y9>469.552532</y9>
			<x10>450.748463</x10>
			<y10>503.129466</y10>
			<x11>456.146811</x11>
			<y11>504.212592</y11>
			<x12>443.550665</x12>
			<y12>427.852146</y12>
			<x13>442.950848</x13>
			<y13>407.272736</y13>
		</polygon>
	</object>
	<object>
		<name>LPMD</name>
		<pose>Unspecified</pose>
		<truncated>0</truncated>
		<difficult>0</difficult>
		<occluded>0</occluded>
		<bndbox>
			<xmin>383</xmin>
			<xmax>419</xmax>
			<ymin>362</ymin>
			<ymax>511</ymax>
		</bndbox>
		<polygon>
			<x1>398.592172</x1>
			<y1>361.349579</y1>
			<x2>381.769565</x2>
			<y2>385.610197</y2>
			<x3>383.569014</x3>
			<y3>401.315538</y3>
			<x4>388.967363</x4>
			<y4>425.144329</y4>
			<x5>394.965528</x5>
			<y5>501.504775</y5>
			<x6>404.562592</x6>
			<y6>510.169791</y6>
			<x7>408.761307</x7>
			<y7>480.383801</y7>
			<x8>414.759472</x8>
			<y8>426.227456</y8>
			<x9>418.358372</x9>
			<y9>388.859578</y9>
			<x10>406.062133</x10>
			<y10>361.781406</y10>
			<x11>398.592172</x11>
			<y11>361.349579</y11>
		</polygon>
	</object>
	<object>
		<name>LCD</name>
		<pose>Unspecified</pose>
		<truncated>0</truncated>
		<difficult>0</difficult>
		<occluded>0</occluded>
		<bndbox>
			<xmin>356</xmin>
			<xmax>387</xmax>
			<ymin>367</ymin>
			<ymax>520</ymax>
		</bndbox>
		<polygon>
			<x1>372.172501</x1>
			<y1>518.834806</y1>
			<x2>380.569932</x2>
			<y2>507.461973</y2>
			<x3>385.96828</x3>
			<y3>424.061202</y3>
			<x4>384.168831</x4>
			<y4>378.569873</y4>
			<x5>369.797024</x5>
			<y5>365.684786</y5>
			<x6>355.377639</x6>
			<y6>387.776451</y6>
			<x7>357.177088</x7>
			<y7>417.562441</y7>
			<x8>366.774152</x8>
			<y8>495.547577</y8>
			<x9>372.172501</x9>
			<y9>518.834806</y9>
		</polygon>
	</object>
	<metadata>
		<tags>
			<tag>teeth</tag>
		</tags>
	</metadata>
</annotation>
