<annotation>
	<folder></folder>
	<filename>256_jpg.rf.26553729d36dc6cc3ebfb972a223377e.jpg</filename>
	<path>256_jpg.rf.26553729d36dc6cc3ebfb972a223377e.jpg</path>
	<source>
		<database>roboflow.com</database>
	</source>
	<size>
		<width>640</width>
		<height>640</height>
		<depth>3</depth>
	</size>
	<segmented>0</segmented>
	<object>
		<name>RIU</name>
		<pose>Unspecified</pose>
		<truncated>0</truncated>
		<difficult>0</difficult>
		<occluded>0</occluded>
		<bndbox>
			<xmin>280</xmin>
			<xmax>308</xmax>
			<ymin>289</ymin>
			<ymax>410</ymax>
		</bndbox>
		<polygon>
			<x1>281.572761</x1>
			<y1>406.220991</y1>
			<x2>285.766942</x2>
			<y2>407.845681</y2>
			<x3>301.045745</x3>
			<y3>409.470371</y3>
			<x4>306.737848</x4>
			<y4>400.805356</y4>
			<x5>305.539511</x5>
			<y5>350.439956</y5>
			<x6>299.547823</x6>
			<y6>303.323936</y6>
			<x7>295.054058</x7>
			<y7>287.618596</y7>
			<x8>281.902695</x8>
			<y8>290.360563</y8>
			<x9>278.576917</x9>
			<y9>382.392199</y9>
			<x10>281.572761</x10>
			<y10>406.220991</y10>
		</polygon>
	</object>
	<object>
		<name>RIU</name>
		<pose>Unspecified</pose>
		<truncated>0</truncated>
		<difficult>0</difficult>
		<occluded>0</occluded>
		<bndbox>
			<xmin>257</xmin>
			<xmax>280</xmax>
			<ymin>293</ymin>
			<ymax>404</ymax>
		</bndbox>
		<polygon>
			<x1>278.876501</x1>
			<y1>402.97161</y1>
			<x2>279.176086</x2>
			<y2>368.311549</y2>
			<x3>269.88897</x3>
			<y3>306.573316</y3>
			<x4>265.395204</x4>
			<y4>292.492667</y4>
			<x5>258.831529</x5>
			<y5>294.695769</y5>
			<x6>255.50892</x6>
			<y6>373.727184</y6>
			<x7>260.30227</x7>
			<y7>399.180666</y7>
			<x8>261.500608</x8>
			<y8>400.805356</y8>
			<x9>278.876501</x9>
			<y9>402.97161</y9>
		</polygon>
	</object>
	<object>
		<name>RCU</name>
		<pose>Unspecified</pose>
		<truncated>0</truncated>
		<difficult>0</difficult>
		<occluded>0</occluded>
		<bndbox>
			<xmin>229</xmin>
			<xmax>257</xmax>
			<ymin>265</ymin>
			<ymax>404</ymax>
		</bndbox>
		<polygon>
			<x1>235.16111</x1>
			<y1>271.935932</y1>
			<x2>227.947157</x2>
			<y2>372.644057</y2>
			<x3>229.744663</x3>
			<y3>387.807834</y3>
			<x4>239.031779</x4>
			<y4>402.97161</y4>
			<x5>246.820973</x5>
			<y5>402.97161</y5>
			<x6>255.50892</x6>
			<y6>372.644057</y6>
			<x7>251.015154</x7>
			<y7>330.943671</y7>
			<x8>248.019311</x8>
			<y8>290.326413</y8>
			<x9>242.626792</x9>
			<y9>264.037039</y9>
			<x10>237.234273</x10>
			<y10>264.037039</y10>
			<x11>235.16111</x11>
			<y11>271.935932</y11>
		</polygon>
	</object>
	<object>
		<name>RPMU</name>
		<pose>Unspecified</pose>
		<truncated>0</truncated>
		<difficult>0</difficult>
		<occluded>0</occluded>
		<bndbox>
			<xmin>204</xmin>
			<xmax>239</xmax>
			<ymin>260</ymin>
			<ymax>403</ymax>
		</bndbox>
		<polygon>
			<x1>202.78207</x1>
			<y1>375.352887</y1>
			<x2>212.668354</x2>
			<y2>402.431059</y2>
			<x3>224.352145</x3>
			<y3>391.59979</y3>
			<x4>232.141339</x4>
			<y4>389.433536</y4>
			<x5>238.133026</x5>
			<y5>353.690349</y5>
			<x6>232.740507</x6>
			<y6>274.622086</y6>
			<x7>225.850067</x7>
			<y7>258.916746</y7>
			<x8>217.782829</x8>
			<y8>269.768328</y8>
			<x9>208.474173</x9>
			<y9>348.816277</y9>
			<x10>202.78207</x10>
			<y10>375.352887</y10>
		</polygon>
	</object>
	<object>
		<name>RPMU</name>
		<pose>Unspecified</pose>
		<truncated>0</truncated>
		<difficult>0</difficult>
		<occluded>0</occluded>
		<bndbox>
			<xmin>184</xmin>
			<xmax>215</xmax>
			<ymin>275</ymin>
			<ymax>398</ymax>
		</bndbox>
		<polygon>
			<x1>201.603049</x1>
			<y1>281.148247</y1>
			<x2>183.309085</x2>
			<y2>365.063181</y2>
			<x3>184.507423</x3>
			<y3>381.851648</y3>
			<x4>190.49911</x4>
			<y4>393.766044</y4>
			<x5>197.98872</x5>
			<y5>397.015424</y5>
			<x6>207.57542</x6>
			<y6>386.725719</y6>
			<x7>212.36877</x7>
			<y7>366.146308</y7>
			<x8>209.972095</x8>
			<y8>340.151263</y8>
			<x9>213.567107</x9>
			<y9>281.120847</y9>
			<x10>208.773757</x10>
			<y10>273.538959</y10>
			<x11>201.603049</x11>
			<y11>281.148247</y11>
		</polygon>
	</object>
	<object>
		<name>RMU</name>
		<pose>Unspecified</pose>
		<truncated>0</truncated>
		<difficult>0</difficult>
		<occluded>0</occluded>
		<bndbox>
			<xmin>151</xmin>
			<xmax>191</xmax>
			<ymin>269</ymin>
			<ymax>390</ymax>
		</bndbox>
		<polygon>
			<x1>187.203682</x1>
			<y1>380.768521</y1>
			<x2>189.600357</x2>
			<y2>367.229435</y2>
			<x3>186.904098</x3>
			<y3>342.317516</y3>
			<x4>190.49911</x4>
			<y4>290.868989</y4>
			<x5>184.207838</x5>
			<y5>270.289578</y5>
			<x6>175.220307</x6>
			<y6>268.123324</y6>
			<x7>168.943865</x7>
			<y7>271.935932</y7>
			<x8>159.941504</x8>
			<y8>321.196542</y8>
			<x9>150.055219</x9>
			<y9>347.733151</y9>
			<x10>151.852726</x10>
			<y10>375.89445</y10>
			<x11>160.840257</x11>
			<y11>384.559465</y11>
			<x12>165.933192</x12>
			<y12>378.060704</y12>
			<x13>172.823632</x13>
			<y13>389.433536</y13>
			<x14>187.203682</x14>
			<y14>380.768521</y14>
		</polygon>
	</object>
	<object>
		<name>RMU</name>
		<pose>Unspecified</pose>
		<truncated>0</truncated>
		<difficult>0</difficult>
		<occluded>0</occluded>
		<bndbox>
			<xmin>124</xmin>
			<xmax>169</xmax>
			<ymin>249</ymin>
			<ymax>349</ymax>
		</bndbox>
		<polygon>
			<x1>150.93417</x1>
			<y1>348.22511</y1>
			<x2>159.322532</x2>
			<y2>330.353516</y2>
			<x3>167.710895</x3>
			<y3>259.950268</y3>
			<x4>161.719207</x4>
			<y4>249.660562</y4>
			<x5>150.067455</x5>
			<y5>247.550392</y5>
			<x6>123.372407</x6>
			<y6>314.106613</y6>
			<x7>128.465342</x7>
			<y7>336.310714</y7>
			<x8>139.849548</x8>
			<y8>344.434166</y8>
			<x9>150.93417</x9>
			<y9>348.22511</y9>
		</polygon>
	</object>
	<object>
		<name>RMD</name>
		<pose>Unspecified</pose>
		<truncated>0</truncated>
		<difficult>0</difficult>
		<occluded>0</occluded>
		<bndbox>
			<xmin>125</xmin>
			<xmax>175</xmax>
			<ymin>395</ymin>
			<ymax>497</ymax>
		</bndbox>
		<polygon>
			<x1>132.660346</x1>
			<y1>419.796521</y1>
			<x2>125.170737</x2>
			<y2>482.617881</y2>
			<x3>124.271984</x3>
			<y3>491.824459</y3>
			<x4>140.149956</x4>
			<y4>496.156967</y4>
			<x5>159.323356</x5>
			<y5>462.580033</y5>
			<x6>173.703406</x6>
			<y6>430.086226</y6>
			<x7>171.306731</x7>
			<y7>412.756196</y7>
			<x8>146.172323</x8>
			<y8>394.405533</y8>
			<x9>138.352449</x9>
			<y9>399.21711</y9>
			<x10>132.660346</x10>
			<y10>419.796521</y10>
		</polygon>
	</object>
	<object>
		<name>RMD</name>
		<pose>Unspecified</pose>
		<truncated>0</truncated>
		<difficult>0</difficult>
		<occluded>0</occluded>
		<bndbox>
			<xmin>153</xmin>
			<xmax>210</xmax>
			<ymin>417</ymin>
			<ymax>541</ymax>
		</bndbox>
		<polygon>
			<x1>172.260464</x1>
			<y1>503.315457</y1>
			<x2>180.000887</x2>
			<y2>487.265252</y2>
			<x3>176.585994</x3>
			<y3>522.658011</y3>
			<x4>175.903016</x4>
			<y4>537.885129</y4>
			<x5>181.139184</x5>
			<y5>539.942847</y5>
			<x6>190.245564</x6>
			<y6>521.834924</y6>
			<x7>202.994497</x7>
			<y7>460.926454</y7>
			<x8>209.141303</x8>
			<y8>446.110881</y8>
			<x9>205.498751</x9>
			<y9>421.418258</y9>
			<x10>193.888117</x10>
			<y10>426.356783</y10>
			<x11>186.603012</x11>
			<y11>416.06819</y11>
			<x12>169.30089</x12>
			<y12>424.710608</y12>
			<x13>166.796636</x13>
			<y13>457.634105</y13>
			<x14>152.454087</x14>
			<y14>521.011836</y14>
			<x15>160.42217</x15>
			<y15>525.950361</y15>
			<x16>172.260464</x16>
			<y16>503.315457</y16>
		</polygon>
	</object>
	<object>
		<name>RPMD</name>
		<pose>Unspecified</pose>
		<truncated>0</truncated>
		<difficult>0</difficult>
		<occluded>0</occluded>
		<bndbox>
			<xmin>200</xmin>
			<xmax>229</xmax>
			<ymin>431</ymin>
			<ymax>541</ymax>
		</bndbox>
		<polygon>
			<x1>203.233482</x1>
			<y1>430.051445</y1>
			<x2>198.907951</x2>
			<y2>451.040174</y2>
			<x3>201.639865</x3>
			<y3>530.879654</y3>
			<x4>207.559012</x4>
			<y4>539.933616</y4>
			<x5>217.57603</x5>
			<y5>509.479381</y5>
			<x6>224.861135</x6>
			<y6>467.501923</y6>
			<x7>227.820708</x7>
			<y7>436.224601</y7>
			<x8>224.191709</x8>
			<y8>429.707906</y8>
			<x9>216.893052</x9>
			<y9>429.639901</y9>
			<x10>203.233482</x10>
			<y10>430.051445</y10>
		</polygon>
	</object>
	<object>
		<name>RPMD</name>
		<pose>Unspecified</pose>
		<truncated>0</truncated>
		<difficult>0</difficult>
		<occluded>0</occluded>
		<bndbox>
			<xmin>222</xmin>
			<xmax>249</xmax>
			<ymin>431</ymin>
			<ymax>543</ymax>
		</bndbox>
		<polygon>
			<x1>245.139262</x1>
			<y1>433.825907</y1>
			<x2>231.918579</x2>
			<y2>429.639901</y2>
			<x3>220.763264</x3>
			<y3>441.163125</y3>
			<x4>220.990923</x4>
			<y4>450.217087</y4>
			<x5>226.454751</x5>
			<y5>471.617359</y5>
			<x6>233.967515</x6>
			<y6>493.84072</y6>
			<x7>236.24411</x7>
			<y7>525.529586</y7>
			<x8>239.659002</x8>
			<y8>541.579791</y8>
			<x9>246.261128</x9>
			<y9>524.294954</y9>
			<x10>247.854745</x10>
			<y10>479.025146</y10>
			<x11>245.139262</x11>
			<y11>433.825907</y11>
		</polygon>
	</object>
	<object>
		<name>RCD</name>
		<pose>Unspecified</pose>
		<truncated>0</truncated>
		<difficult>0</difficult>
		<occluded>0</occluded>
		<bndbox>
			<xmin>247</xmin>
			<xmax>271</xmax>
			<ymin>424</ymin>
			<ymax>544</ymax>
		</bndbox>
		<polygon>
			<x1>269.93975</x1>
			<y1>442.804171</y1>
			<x2>268.573793</x2>
			<y2>429.634773</y2>
			<x3>262.654646</x3>
			<y3>423.050073</y3>
			<x4>251.72699</x4>
			<y4>424.284704</y4>
			<x5>248.084438</x5>
			<y5>428.811685</y5>
			<x6>245.580183</x6>
			<y6>449.388871</y6>
			<x7>253.092947</x7>
			<y7>493.835591</y7>
			<x8>261.971668</x8>
			<y8>543.220837</y8>
			<x9>269.712091</x9>
			<y9>528.816807</y9>
			<x10>269.93975</x10>
			<y10>503.712641</y10>
			<x11>269.93975</x11>
			<y11>467.908338</y11>
			<x12>269.93975</x12>
			<y12>442.804171</y12>
		</polygon>
	</object>
	<object>
		<name>RID</name>
		<pose>Unspecified</pose>
		<truncated>0</truncated>
		<difficult>0</difficult>
		<occluded>0</occluded>
		<bndbox>
			<xmin>270</xmin>
			<xmax>289</xmax>
			<ymin>421</ymin>
			<ymax>513</ymax>
		</bndbox>
		<polygon>
			<x1>276.665632</x1>
			<y1>509.031517</y1>
			<x2>283.267757</x2>
			<y2>512.323867</y2>
			<x3>288.276266</x3>
			<y3>492.158225</y3>
			<x4>288.276266</x4>
			<y4>457.177009</y4>
			<x5>287.489749</x5>
			<y5>420.648303</y5>
			<x6>271.988686</x6>
			<y6>419.757724</y6>
			<x7>269.029112</x7>
			<y7>430.869404</y7>
			<x8>271.761026</x8>
			<y8>461.323638</y8>
			<x9>276.665632</x9>
			<y9>509.031517</y9>
		</polygon>
	</object>
	<object>
		<name>RID</name>
		<pose>Unspecified</pose>
		<truncated>0</truncated>
		<difficult>0</difficult>
		<occluded>0</occluded>
		<bndbox>
			<xmin>288</xmin>
			<xmax>306</xmax>
			<ymin>412</ymin>
			<ymax>508</ymax>
		</bndbox>
		<polygon>
			<x1>292.255106</x1>
			<y1>507.022684</y1>
			<x2>299.767869</x2>
			<y2>504.964965</y2>
			<x3>304.776378</x3>
			<y3>468.337575</y3>
			<x4>305.459357</x4>
			<y4>417.717699</y4>
			<x5>302.972723</x5>
			<y5>411.1769</y5>
			<x6>287.474256</x6>
			<y6>422.216985</y6>
			<x7>288.612554</x7>
			<y7>441.559539</y7>
			<x8>291.572127</x8>
			<y8>490.944784</y8>
			<x9>292.255106</x9>
			<y9>507.022684</y9>
		</polygon>
	</object>
	<object>
		<name>LIU</name>
		<pose>Unspecified</pose>
		<truncated>0</truncated>
		<difficult>0</difficult>
		<occluded>0</occluded>
		<bndbox>
			<xmin>313</xmin>
			<xmax>341</xmax>
			<ymin>283</ymin>
			<ymax>405</ymax>
		</bndbox>
		<polygon>
			<x1>333.934105</x1>
			<y1>402.98356</y1>
			<x2>340.242589</x2>
			<y2>381.44277</y2>
			<x3>331.480805</x3>
			<y3>299.714481</y3>
			<x4>326.574206</x4>
			<y4>281.975007</y4>
			<x5>315.393377</x5>
			<y5>292.180221</y5>
			<x6>312.204881</x6>
			<y6>385.877639</y6>
			<x7>317.11148</x7>
			<y7>404.250665</y7>
			<x8>327.275149</x8>
			<y8>403.617112</y8>
			<x9>333.934105</x9>
			<y9>402.98356</y9>
		</polygon>
	</object>
	<object>
		<name>LIU</name>
		<pose>Unspecified</pose>
		<truncated>0</truncated>
		<difficult>0</difficult>
		<occluded>0</occluded>
		<bndbox>
			<xmin>342</xmin>
			<xmax>367</xmax>
			<ymin>282</ymin>
			<ymax>403</ymax>
		</bndbox>
		<polygon>
			<x1>358.116628</x1>
			<y1>397.281586</y1>
			<x2>365.826997</x2>
			<y2>385.244086</y2>
			<x3>360.219456</x3>
			<y3>336.460533</y3>
			<x4>349.004373</x4>
			<y4>280.707901</y4>
			<x5>342.733899</x5>
			<y5>281.403116</y5>
			<x6>341.294003</x6>
			<y6>368.138165</y6>
			<x7>341.994946</x7>
			<y7>391.579612</y7>
			<x8>353.910972</x8>
			<y8>401.716454</y8>
			<x9>358.116628</x9>
			<y9>397.281586</y9>
		</polygon>
	</object>
	<object>
		<name>LCU</name>
		<pose>Unspecified</pose>
		<truncated>0</truncated>
		<difficult>0</difficult>
		<occluded>0</occluded>
		<bndbox>
			<xmin>361</xmin>
			<xmax>391</xmax>
			<ymin>264</ymin>
			<ymax>393</ymax>
		</bndbox>
		<polygon>
			<x1>381.247737</x1>
			<y1>264.869086</y1>
			<x2>372.177537</x2>
			<y2>263.018641</y2>
			<x3>359.518513</x3>
			<y3>354.833559</y3>
			<x4>373.537367</x4>
			<y4>392.213165</y4>
			<x5>380.546794</x5>
			<y5>391.579612</y5>
			<x6>387.20575</x6>
			<y6>377.007902</y6>
			<x7>390.359992</x7>
			<y7>351.032244</y7>
			<x8>381.247737</x8>
			<y8>264.869086</y8>
		</polygon>
	</object>
	<object>
		<name>LPMU</name>
		<pose>Unspecified</pose>
		<truncated>0</truncated>
		<difficult>0</difficult>
		<occluded>0</occluded>
		<bndbox>
			<xmin>383</xmin>
			<xmax>415</xmax>
			<ymin>259</ymin>
			<ymax>392</ymax>
		</bndbox>
		<polygon>
			<x1>390.359992</x1>
			<y1>257.900006</y1>
			<x2>386.154335</x2>
			<y2>274.372375</y2>
			<x3>384.051508</x3>
			<y3>336.460533</y3>
			<x4>381.598208</x4>
			<y4>364.336849</y4>
			<x5>392.112348</x5>
			<y5>388.411849</y5>
			<x6>397.71989</x6>
			<y6>382.709876</y6>
			<x7>406.481674</x7>
			<y7>390.94606</y7>
			<x8>413.841572</x8>
			<y8>371.939481</y8>
			<x9>400.920138</x9>
			<y9>263.652589</y9>
			<x10>390.359992</x10>
			<y10>257.900006</y10>
		</polygon>
	</object>
	<object>
		<name>LID</name>
		<pose>Unspecified</pose>
		<truncated>0</truncated>
		<difficult>0</difficult>
		<occluded>0</occluded>
		<bndbox>
			<xmin>307</xmin>
			<xmax>324</xmax>
			<ymin>413</ymin>
			<ymax>522</ymax>
		</bndbox>
		<polygon>
			<x1>322.36855</x1>
			<y1>521.457903</y1>
			<x2>322.719022</x2>
			<y2>415.02106</y2>
			<x3>307.999225</x3>
			<y3>412.486849</y3>
			<x4>306.246868</x4>
			<y4>416.921718</y4>
			<x5>306.59734</x5>
			<y5>453.667771</y5>
			<x6>309.751582</x6>
			<y6>492.314481</y6>
			<x7>316.060066</x7>
			<y7>518.290139</y7>
			<x8>322.36855</x8>
			<y8>521.457903</y8>
		</polygon>
	</object>
	<object>
		<name>LID</name>
		<pose>Unspecified</pose>
		<truncated>0</truncated>
		<difficult>0</difficult>
		<occluded>0</occluded>
		<bndbox>
			<xmin>324</xmin>
			<xmax>344</xmax>
			<ymin>415</ymin>
			<ymax>526</ymax>
		</bndbox>
		<polygon>
			<x1>322.719022</x1>
			<y1>418.822376</y1>
			<x2>323.069493</x2>
			<y2>435.294744</y2>
			<x3>323.069493</x3>
			<y3>453.667771</y3>
			<x4>326.574206</x4>
			<y4>517.023034</y4>
			<x5>333.233162</x5>
			<y5>525.259218</y5>
			<x6>341.294003</x6>
			<y6>461.903955</y6>
			<x7>342.695888</x7>
			<y7>425.791455</y7>
			<x8>341.331821</x8>
			<y8>418.969701</y8>
			<x9>324.471378</x9>
			<y9>413.753955</y9>
			<x10>322.719022</x10>
			<y10>418.822376</y10>
		</polygon>
	</object>
	<object>
		<name>LCD</name>
		<pose>Unspecified</pose>
		<truncated>0</truncated>
		<difficult>0</difficult>
		<occluded>0</occluded>
		<bndbox>
			<xmin>342</xmin>
			<xmax>367</xmax>
			<ymin>413</ymin>
			<ymax>540</ymax>
		</bndbox>
		<polygon>
			<x1>354.611914</x1>
			<y1>538.563824</y1>
			<x2>360.569927</x2>
			<y2>514.488824</y2>
			<x3>365.826997</x3>
			<y3>430.859876</y3>
			<x4>359.868985</x4>
			<y4>416.921718</y4>
			<x5>353.210029</x5>
			<y5>411.853297</y5>
			<x6>341.294003</x6>
			<y6>426.425007</y6>
			<x7>341.294003</x7>
			<y7>457.469086</y7>
			<x8>346.200602</x8>
			<y8>522.725008</y8>
			<x9>354.611914</x9>
			<y9>538.563824</y9>
		</polygon>
	</object>
	<object>
		<name>LPMD</name>
		<pose>Unspecified</pose>
		<truncated>0</truncated>
		<difficult>0</difficult>
		<occluded>0</occluded>
		<bndbox>
			<xmin>366</xmin>
			<xmax>394</xmax>
			<ymin>422</ymin>
			<ymax>536</ymax>
		</bndbox>
		<polygon>
			<x1>390.755071</x1>
			<y1>431.648649</y1>
			<x2>378.093495</x2>
			<y2>421.356586</y2>
			<x3>364.775583</x3>
			<y3>430.859876</y3>
			<x4>365.826997</x4>
			<y4>459.369744</y4>
			<x5>370.032653</x5>
			<y5>505.619087</y5>
			<x6>377.392552</x6>
			<y6>530.327639</y6>
			<x7>384.051508</x7>
			<y7>534.762508</y7>
			<x8>383.000093</x8>
			<y8>496.74935</y8>
			<x9>388.958106</x9>
			<y9>466.338823</y9>
			<x10>393.163763</x10>
			<y10>442.263823</y10>
			<x11>390.755071</x11>
			<y11>431.648649</y11>
		</polygon>
	</object>
	<object>
		<name>LPMD</name>
		<pose>Unspecified</pose>
		<truncated>0</truncated>
		<difficult>0</difficult>
		<occluded>0</occluded>
		<bndbox>
			<xmin>386</xmin>
			<xmax>418</xmax>
			<ymin>420</ymin>
			<ymax>536</ymax>
		</bndbox>
		<polygon>
			<x1>414.192043</x1>
			<y1>436.561849</y1>
			<x2>409.986387</x2>
			<y2>421.990139</y2>
			<x3>405.780731</x3>
			<y3>418.822376</y3>
			<x4>388.958106</x4>
			<y4>420.723034</y4>
			<x5>385.453393</x5>
			<y5>430.226323</y5>
			<x6>388.607635</x6>
			<y6>454.301323</y6>
			<x7>395.967533</x7>
			<y7>475.842113</y7>
			<x8>403.327432</x8>
			<y8>510.687508</y8>
			<x9>408.934973</x9>
			<y9>527.793429</y9>
			<x10>416.995814</x10>
			<y10>535.396061</y10>
			<x11>415.9444</x11>
			<y11>502.451324</y11>
			<x12>414.192043</x12>
			<y12>436.561849</y12>
		</polygon>
	</object>
	<object>
		<name>LMD</name>
		<pose>Unspecified</pose>
		<truncated>0</truncated>
		<difficult>0</difficult>
		<occluded>0</occluded>
		<bndbox>
			<xmin>407</xmin>
			<xmax>465</xmax>
			<ymin>412</ymin>
			<ymax>531</ymax>
		</bndbox>
		<polygon>
			<x1>463.258032</x1>
			<y1>510.053955</y1>
			<x2>459.052376</x2>
			<y2>492.948034</y2>
			<x3>450.641063</x3>
			<y3>461.270402</y3>
			<x4>449.239178</x4>
			<y4>449.232903</y4>
			<x5>449.239178</x5>
			<y5>429.592771</y5>
			<x6>444.384557</x6>
			<y6>410.728384</y6>
			<x7>433.467968</x7>
			<y7>411.219744</y7>
			<x8>428.210897</x8>
			<y8>416.288165</y8>
			<x9>422.252884</x9>
			<y9>418.188823</y9>
			<x10>414.542515</x10>
			<y10>417.555271</y10>
			<x11>409.986387</x11>
			<y11>416.288165</y11>
			<x12>406.481674</x12>
			<y12>436.561849</y12>
			<x13>412.790158</x13>
			<y13>454.301323</y13>
			<x14>420.500528</x14>
			<y14>469.506586</y14>
			<x15>426.809012</x15>
			<y15>494.848692</y15>
			<x16>432.416553</x16>
			<y16>515.122376</y16>
			<x17>436.62221</x17>
			<y17>530.327639</y17>
			<x18>441.87928</x18>
			<y18>527.793429</y18>
			<x19>440.126923</x19>
			<y19>510.687508</y19>
			<x20>436.972681</x20>
			<y20>485.345402</y20>
			<x21>439.075509</x21>
			<y21>477.109218</y21>
			<x22>445.033522</x22>
			<y22>488.513166</y22>
			<x23>452.042949</x23>
			<y23>508.78685</y23>
			<x24>458.000962</x24>
			<y24>517.656587</y24>
			<x25>463.608503</x25>
			<y25>517.656587</y25>
			<x26>463.258032</x26>
			<y26>510.053955</y26>
		</polygon>
	</object>
	<object>
		<name>LMD</name>
		<pose>Unspecified</pose>
		<truncated>0</truncated>
		<difficult>0</difficult>
		<occluded>0</occluded>
		<bndbox>
			<xmin>446</xmin>
			<xmax>494</xmax>
			<ymin>390</ymin>
			<ymax>496</ymax>
		</bndbox>
		<polygon>
			<x1>461.856147</x1>
			<y1>398.548691</y1>
			<x2>455.197191</x2>
			<y2>398.548691</y2>
			<x3>450.641063</x3>
			<y3>401.082902</y3>
			<x4>447.837293</x4>
			<y4>408.051981</y4>
			<x5>445.383993</x5>
			<y5>413.753955</y5>
			<x6>448.538235</x6>
			<y6>431.493429</y6>
			<x7>453.444834</x7>
			<y7>442.263823</y7>
			<x8>458.351433</x8>
			<y8>451.767113</y8>
			<x9>464.659917</x9>
			<y9>472.67435</y9>
			<x10>474.122644</x10>
			<y10>492.314481</y10>
			<x11>482.533956</x11>
			<y11>495.482244</y11>
			<x12>492.697625</x12>
			<y12>482.811192</y12>
			<x13>487.791026</x13>
			<y13>444.164481</y13>
			<x14>485.688198</x14>
			<y14>428.325665</y14>
			<x15>484.987256</x15>
			<y15>409.319086</y15>
			<x16>478.678771</x16>
			<y16>395.380928</y16>
			<x17>473.828196</x17>
			<y17>388.540226</y17>
			<x18>467.113217</x18>
			<y18>394.747376</y18>
			<x19>461.856147</x19>
			<y19>398.548691</y19>
		</polygon>
	</object>
	<object>
		<name>LPMU</name>
		<pose>Unspecified</pose>
		<truncated>0</truncated>
		<difficult>0</difficult>
		<occluded>0</occluded>
		<bndbox>
			<xmin>407</xmin>
			<xmax>436</xmax>
			<ymin>261</ymin>
			<ymax>388</ymax>
		</bndbox>
		<polygon>
			<x1>410.68733</x1>
			<y1>342.162507</y1>
			<x2>408.23403</x2>
			<y2>356.734217</y2>
			<x3>409.285444</x3>
			<y3>370.672376</y3>
			<x4>414.542515</x4>
			<y4>382.076323</y4>
			<x5>422.603356</x5>
			<y5>386.511191</y5>
			<x6>431.365139</x6>
			<y6>380.809217</y6>
			<x7>434.519381</x7>
			<y7>370.672376</y7>
			<x8>433.117496</x8>
			<y8>354.200007</y8>
			<x9>429.963254</x9>
			<y9>333.926322</y9>
			<x10>416.693515</x10>
			<y10>269.358115</y10>
			<x11>409.986387</x11>
			<y11>260.434217</y11>
			<x12>406.481674</x12>
			<y12>266.769743</y12>
			<x13>409.285444</x13>
			<y13>284.509217</y13>
			<x14>411.738744</x14>
			<y14>304.782901</y14>
			<x15>410.68733</x15>
			<y15>342.162507</y15>
		</polygon>
	</object>
	<object>
		<name>LMU</name>
		<pose>Unspecified</pose>
		<truncated>0</truncated>
		<difficult>0</difficult>
		<occluded>0</occluded>
		<bndbox>
			<xmin>432</xmin>
			<xmax>470</xmax>
			<ymin>261</ymin>
			<ymax>385</ymax>
		</bndbox>
		<polygon>
			<x1>448.538235</x1>
			<y1>383.976981</y1>
			<x2>453.094363</x2>
			<y2>373.206586</y2>
			<x3>464.659917</x3>
			<y3>374.473691</y3>
			<x4>468.865573</x4>
			<y4>360.535533</y4>
			<x5>467.463688</x5>
			<y5>337.727639</y5>
			<x6>459.753318</x6>
			<y6>324.423033</y6>
			<x7>456.248605</x7>
			<y7>287.676981</y7>
			<x8>450.641063</x8>
			<y8>260.434217</y8>
			<x9>433.518452</x9>
			<y9>264.286536</y9>
			<x10>432.416553</x10>
			<y10>307.950664</y10>
			<x11>432.416553</x11>
			<y11>335.193428</y11>
			<x12>431.014668</x12>
			<y12>354.833559</y12>
			<x13>431.365139</x13>
			<y13>370.672376</y13>
			<x14>438.374566</x14>
			<y14>378.275007</y14>
			<x15>448.538235</x15>
			<y15>383.976981</y15>
		</polygon>
	</object>
	<object>
		<name>LMU</name>
		<pose>Unspecified</pose>
		<truncated>0</truncated>
		<difficult>0</difficult>
		<occluded>0</occluded>
		<bndbox>
			<xmin>457</xmin>
			<xmax>495</xmax>
			<ymin>242</ymin>
			<ymax>348</ymax>
		</bndbox>
		<polygon>
			<x1>475.046811</x1>
			<y1>347.145659</y1>
			<x2>481.705767</x2>
			<y2>340.810133</y2>
			<x3>485.560952</x3>
			<y3>331.306844</y3>
			<x4>491.518964</x4>
			<y4>332.573949</y4>
			<x5>494.322735</x5>
			<y5>325.60487</y5>
			<x6>493.972264</x6>
			<y6>308.498949</y6>
			<x7>491.518964</x7>
			<y7>294.560791</y7>
			<x8>483.808595</x8>
			<y8>284.423949</y8>
			<x9>466.635499</x9>
			<y9>241.342369</y9>
			<x10>463.130785</x10>
			<y10>241.975923</y10>
			<x11>456.30222</x11>
			<y11>249.071799</y11>
			<x12>457.523244</x12>
			<y12>281.889738</y12>
			<x13>458.925129</x13>
			<y13>309.132502</y13>
			<x14>459.976543</x14>
			<y14>335.108159</y14>
			<x15>466.285027</x15>
			<y15>344.611449</y15>
			<x16>475.046811</x16>
			<y16>347.145659</y16>
		</polygon>
	</object>
	<object>
		<name>LMU</name>
		<pose>Unspecified</pose>
		<truncated>0</truncated>
		<difficult>0</difficult>
		<occluded>0</occluded>
		<bndbox>
			<xmin>470</xmin>
			<xmax>508</xmax>
			<ymin>212</ymin>
			<ymax>284</ymax>
		</bndbox>
		<polygon>
			<x1>496.075092</x1>
			<y1>271.752896</y1>
			<x2>502.033105</x2>
			<y2>257.814738</y2>
			<x3>506.589232</x3>
			<y3>244.510133</y3>
			<x4>504.486404</x4>
			<y4>230.571975</y4>
			<x5>502.734048</x5>
			<y5>217.900922</y5>
			<x6>492.617443</x6>
			<y6>211.668902</y6>
			<x7>483.458124</x7>
			<y7>210.931843</y7>
			<x8>471.892569</x8>
			<y8>226.137106</y8>
			<x9>469.088798</x9>
			<y9>243.87658</y9>
			<x10>473.995397</x10>
			<y10>262.883159</y10>
			<x11>482.056238</x11>
			<y11>281.889738</y11>
			<x12>490.46755</x12>
			<y12>283.156844</y12>
			<x13>496.075092</x13>
			<y13>271.752896</y13>
		</polygon>
	</object>
	<metadata>
		<tags>
			<tag>teeth</tag>
		</tags>
	</metadata>
</annotation>
