<annotation>
	<folder></folder>
	<filename>256_jpg.rf.1e76888c08b5ac90d4a2fdf8da5824e9.jpg</filename>
	<path>256_jpg.rf.1e76888c08b5ac90d4a2fdf8da5824e9.jpg</path>
	<source>
		<database>roboflow.com</database>
	</source>
	<size>
		<width>640</width>
		<height>640</height>
		<depth>3</depth>
	</size>
	<segmented>0</segmented>
	<object>
		<name>RIU</name>
		<pose>Unspecified</pose>
		<truncated>0</truncated>
		<difficult>0</difficult>
		<occluded>0</occluded>
		<bndbox>
			<xmin>281</xmin>
			<xmax>309</xmax>
			<ymin>290</ymin>
			<ymax>411</ymax>
		</bndbox>
		<polygon>
			<x1>300.547823</x1>
			<y1>304.323936</y1>
			<x2>296.054058</x2>
			<y2>288.618596</y2>
			<x3>282.902695</x3>
			<y3>291.360563</y3>
			<x4>279.576917</x4>
			<y4>383.392199</y4>
			<x5>282.572761</x5>
			<y5>407.220991</y5>
			<x6>286.766942</x6>
			<y6>408.845681</y6>
			<x7>302.045745</x7>
			<y7>410.470371</y7>
			<x8>307.737848</x8>
			<y8>401.805356</y8>
			<x9>306.539511</x9>
			<y9>351.439956</y9>
			<x10>300.547823</x10>
			<y10>304.323936</y10>
		</polygon>
	</object>
	<object>
		<name>RIU</name>
		<pose>Unspecified</pose>
		<truncated>0</truncated>
		<difficult>0</difficult>
		<occluded>0</occluded>
		<bndbox>
			<xmin>258</xmin>
			<xmax>281</xmax>
			<ymin>294</ymin>
			<ymax>405</ymax>
		</bndbox>
		<polygon>
			<x1>259.831529</x1>
			<y1>295.695769</y1>
			<x2>256.50892</x2>
			<y2>374.727184</y2>
			<x3>261.30227</x3>
			<y3>400.180666</y3>
			<x4>262.500608</x4>
			<y4>401.805356</y4>
			<x5>279.876501</x5>
			<y5>403.97161</y5>
			<x6>280.176086</x6>
			<y6>369.311549</y6>
			<x7>270.88897</x7>
			<y7>307.573316</y7>
			<x8>266.395204</x8>
			<y8>293.492667</y8>
			<x9>259.831529</x9>
			<y9>295.695769</y9>
		</polygon>
	</object>
	<object>
		<name>RCU</name>
		<pose>Unspecified</pose>
		<truncated>0</truncated>
		<difficult>0</difficult>
		<occluded>0</occluded>
		<bndbox>
			<xmin>230</xmin>
			<xmax>258</xmax>
			<ymin>266</ymin>
			<ymax>405</ymax>
		</bndbox>
		<polygon>
			<x1>252.015154</x1>
			<y1>331.943671</y1>
			<x2>249.019311</x2>
			<y2>291.326413</y2>
			<x3>243.626792</x3>
			<y3>265.037039</y3>
			<x4>238.234273</x4>
			<y4>265.037039</y4>
			<x5>236.16111</x5>
			<y5>272.935932</y5>
			<x6>228.947157</x6>
			<y6>373.644057</y6>
			<x7>230.744663</x7>
			<y7>388.807834</y7>
			<x8>240.031779</x8>
			<y8>403.97161</y8>
			<x9>247.820973</x9>
			<y9>403.97161</y9>
			<x10>256.50892</x10>
			<y10>373.644057</y10>
			<x11>252.015154</x11>
			<y11>331.943671</y11>
		</polygon>
	</object>
	<object>
		<name>RPMU</name>
		<pose>Unspecified</pose>
		<truncated>0</truncated>
		<difficult>0</difficult>
		<occluded>0</occluded>
		<bndbox>
			<xmin>205</xmin>
			<xmax>240</xmax>
			<ymin>261</ymin>
			<ymax>404</ymax>
		</bndbox>
		<polygon>
			<x1>233.740507</x1>
			<y1>275.622086</y1>
			<x2>226.850067</x2>
			<y2>259.916746</y2>
			<x3>218.782829</x3>
			<y3>270.768328</y3>
			<x4>209.474173</x4>
			<y4>349.816277</y4>
			<x5>203.78207</x5>
			<y5>376.352887</y5>
			<x6>213.668354</x6>
			<y6>403.431059</y6>
			<x7>225.352145</x7>
			<y7>392.59979</y7>
			<x8>233.141339</x8>
			<y8>390.433536</y8>
			<x9>239.133026</x9>
			<y9>354.690349</y9>
			<x10>233.740507</x10>
			<y10>275.622086</y10>
		</polygon>
	</object>
	<object>
		<name>RPMU</name>
		<pose>Unspecified</pose>
		<truncated>0</truncated>
		<difficult>0</difficult>
		<occluded>0</occluded>
		<bndbox>
			<xmin>185</xmin>
			<xmax>216</xmax>
			<ymin>276</ymin>
			<ymax>399</ymax>
		</bndbox>
		<polygon>
			<x1>213.36877</x1>
			<y1>367.146308</y1>
			<x2>210.972095</x2>
			<y2>341.151263</y2>
			<x3>214.567107</x3>
			<y3>282.120847</y3>
			<x4>209.773757</x4>
			<y4>274.538959</y4>
			<x5>202.603049</x5>
			<y5>282.148247</y5>
			<x6>184.309085</x6>
			<y6>366.063181</y6>
			<x7>185.507423</x7>
			<y7>382.851648</y7>
			<x8>191.49911</x8>
			<y8>394.766044</y8>
			<x9>198.98872</x9>
			<y9>398.015424</y9>
			<x10>208.57542</x10>
			<y10>387.725719</y10>
			<x11>213.36877</x11>
			<y11>367.146308</y11>
		</polygon>
	</object>
	<object>
		<name>RMU</name>
		<pose>Unspecified</pose>
		<truncated>0</truncated>
		<difficult>0</difficult>
		<occluded>0</occluded>
		<bndbox>
			<xmin>152</xmin>
			<xmax>192</xmax>
			<ymin>270</ymin>
			<ymax>391</ymax>
		</bndbox>
		<polygon>
			<x1>152.852726</x1>
			<y1>376.89445</y1>
			<x2>161.840257</x2>
			<y2>385.559465</y2>
			<x3>166.933192</x3>
			<y3>379.060704</y3>
			<x4>173.823632</x4>
			<y4>390.433536</y4>
			<x5>188.203682</x5>
			<y5>381.768521</y5>
			<x6>190.600357</x6>
			<y6>368.229435</y6>
			<x7>187.904098</x7>
			<y7>343.317516</y7>
			<x8>191.49911</x8>
			<y8>291.868989</y8>
			<x9>185.207838</x9>
			<y9>271.289578</y9>
			<x10>176.220307</x10>
			<y10>269.123324</y10>
			<x11>169.943865</x11>
			<y11>272.935932</y11>
			<x12>160.941504</x12>
			<y12>322.196542</y12>
			<x13>151.055219</x13>
			<y13>348.733151</y13>
			<x14>152.852726</x14>
			<y14>376.89445</y14>
		</polygon>
	</object>
	<object>
		<name>RMU</name>
		<pose>Unspecified</pose>
		<truncated>0</truncated>
		<difficult>0</difficult>
		<occluded>0</occluded>
		<bndbox>
			<xmin>125</xmin>
			<xmax>170</xmax>
			<ymin>250</ymin>
			<ymax>350</ymax>
		</bndbox>
		<polygon>
			<x1>151.067455</x1>
			<y1>248.550392</y1>
			<x2>124.372407</x2>
			<y2>315.106613</y2>
			<x3>129.465342</x3>
			<y3>337.310714</y3>
			<x4>140.849548</x4>
			<y4>345.434166</y4>
			<x5>151.93417</x5>
			<y5>349.22511</y5>
			<x6>160.322532</x6>
			<y6>331.353516</y6>
			<x7>168.710895</x7>
			<y7>260.950268</y7>
			<x8>162.719207</x8>
			<y8>250.660562</y8>
			<x9>151.067455</x9>
			<y9>248.550392</y9>
		</polygon>
	</object>
	<object>
		<name>RMD</name>
		<pose>Unspecified</pose>
		<truncated>0</truncated>
		<difficult>0</difficult>
		<occluded>0</occluded>
		<bndbox>
			<xmin>126</xmin>
			<xmax>176</xmax>
			<ymin>396</ymin>
			<ymax>498</ymax>
		</bndbox>
		<polygon>
			<x1>174.703406</x1>
			<y1>431.086226</y1>
			<x2>172.306731</x2>
			<y2>413.756196</y2>
			<x3>147.172323</x3>
			<y3>395.405533</y3>
			<x4>139.352449</x4>
			<y4>400.21711</y4>
			<x5>133.660346</x5>
			<y5>420.796521</y5>
			<x6>126.170737</x6>
			<y6>483.617881</y6>
			<x7>125.271984</x7>
			<y7>492.824459</y7>
			<x8>141.149956</x8>
			<y8>497.156967</y8>
			<x9>160.323356</x9>
			<y9>463.580033</y9>
			<x10>174.703406</x10>
			<y10>431.086226</y10>
		</polygon>
	</object>
	<object>
		<name>RMD</name>
		<pose>Unspecified</pose>
		<truncated>0</truncated>
		<difficult>0</difficult>
		<occluded>0</occluded>
		<bndbox>
			<xmin>154</xmin>
			<xmax>211</xmax>
			<ymin>418</ymin>
			<ymax>542</ymax>
		</bndbox>
		<polygon>
			<x1>170.30089</x1>
			<y1>425.710608</y1>
			<x2>167.796636</x2>
			<y2>458.634105</y2>
			<x3>153.454087</x3>
			<y3>522.011836</y3>
			<x4>161.42217</x4>
			<y4>526.950361</y4>
			<x5>173.260464</x5>
			<y5>504.315457</y5>
			<x6>181.000887</x6>
			<y6>488.265252</y6>
			<x7>177.585994</x7>
			<y7>523.658011</y7>
			<x8>176.903016</x8>
			<y8>538.885129</y8>
			<x9>182.139184</x9>
			<y9>540.942847</y9>
			<x10>191.245564</x10>
			<y10>522.834924</y10>
			<x11>203.994497</x11>
			<y11>461.926454</y11>
			<x12>210.141303</x12>
			<y12>447.110881</y12>
			<x13>206.498751</x13>
			<y13>422.418258</y13>
			<x14>194.888117</x14>
			<y14>427.356783</y14>
			<x15>187.603012</x15>
			<y15>417.06819</y15>
			<x16>170.30089</x16>
			<y16>425.710608</y16>
		</polygon>
	</object>
	<object>
		<name>RPMD</name>
		<pose>Unspecified</pose>
		<truncated>0</truncated>
		<difficult>0</difficult>
		<occluded>0</occluded>
		<bndbox>
			<xmin>201</xmin>
			<xmax>230</xmax>
			<ymin>432</ymin>
			<ymax>542</ymax>
		</bndbox>
		<polygon>
			<x1>225.861135</x1>
			<y1>468.501923</y1>
			<x2>228.820708</x2>
			<y2>437.224601</y2>
			<x3>225.191709</x3>
			<y3>430.707906</y3>
			<x4>217.893052</x4>
			<y4>430.639901</y4>
			<x5>204.233482</x5>
			<y5>431.051445</y5>
			<x6>199.907951</x6>
			<y6>452.040174</y6>
			<x7>202.639865</x7>
			<y7>531.879654</y7>
			<x8>208.559012</x8>
			<y8>540.933616</y8>
			<x9>218.57603</x9>
			<y9>510.479381</y9>
			<x10>225.861135</x10>
			<y10>468.501923</y10>
		</polygon>
	</object>
	<object>
		<name>RPMD</name>
		<pose>Unspecified</pose>
		<truncated>0</truncated>
		<difficult>0</difficult>
		<occluded>0</occluded>
		<bndbox>
			<xmin>223</xmin>
			<xmax>250</xmax>
			<ymin>432</ymin>
			<ymax>544</ymax>
		</bndbox>
		<polygon>
			<x1>237.24411</x1>
			<y1>526.529586</y1>
			<x2>240.659002</x2>
			<y2>542.579791</y2>
			<x3>247.261128</x3>
			<y3>525.294954</y3>
			<x4>248.854745</x4>
			<y4>480.025146</y4>
			<x5>246.139262</x5>
			<y5>434.825907</y5>
			<x6>232.918579</x6>
			<y6>430.639901</y6>
			<x7>221.763264</x7>
			<y7>442.163125</y7>
			<x8>221.990923</x8>
			<y8>451.217087</y8>
			<x9>227.454751</x9>
			<y9>472.617359</y9>
			<x10>234.967515</x10>
			<y10>494.84072</y10>
			<x11>237.24411</x11>
			<y11>526.529586</y11>
		</polygon>
	</object>
	<object>
		<name>RCD</name>
		<pose>Unspecified</pose>
		<truncated>0</truncated>
		<difficult>0</difficult>
		<occluded>0</occluded>
		<bndbox>
			<xmin>248</xmin>
			<xmax>272</xmax>
			<ymin>425</ymin>
			<ymax>545</ymax>
		</bndbox>
		<polygon>
			<x1>262.971668</x1>
			<y1>544.220837</y1>
			<x2>270.712091</x2>
			<y2>529.816807</y2>
			<x3>270.93975</x3>
			<y3>504.712641</y3>
			<x4>270.93975</x4>
			<y4>468.908338</y4>
			<x5>270.93975</x5>
			<y5>443.804171</y5>
			<x6>269.573793</x6>
			<y6>430.634773</y6>
			<x7>263.654646</x7>
			<y7>424.050073</y7>
			<x8>252.72699</x8>
			<y8>425.284704</y8>
			<x9>249.084438</x9>
			<y9>429.811685</y9>
			<x10>246.580183</x10>
			<y10>450.388871</y10>
			<x11>254.092947</x11>
			<y11>494.835591</y11>
			<x12>262.971668</x12>
			<y12>544.220837</y12>
		</polygon>
	</object>
	<object>
		<name>RID</name>
		<pose>Unspecified</pose>
		<truncated>0</truncated>
		<difficult>0</difficult>
		<occluded>0</occluded>
		<bndbox>
			<xmin>271</xmin>
			<xmax>290</xmax>
			<ymin>422</ymin>
			<ymax>514</ymax>
		</bndbox>
		<polygon>
			<x1>288.489749</x1>
			<y1>421.648303</y1>
			<x2>272.988686</x2>
			<y2>420.757724</y2>
			<x3>270.029112</x3>
			<y3>431.869404</y3>
			<x4>272.761026</x4>
			<y4>462.323638</y4>
			<x5>277.665632</x5>
			<y5>510.031517</y5>
			<x6>284.267757</x6>
			<y6>513.323867</y6>
			<x7>289.276266</x7>
			<y7>493.158225</y7>
			<x8>289.276266</x8>
			<y8>458.177009</y8>
			<x9>288.489749</x9>
			<y9>421.648303</y9>
		</polygon>
	</object>
	<object>
		<name>RID</name>
		<pose>Unspecified</pose>
		<truncated>0</truncated>
		<difficult>0</difficult>
		<occluded>0</occluded>
		<bndbox>
			<xmin>289</xmin>
			<xmax>307</xmax>
			<ymin>413</ymin>
			<ymax>509</ymax>
		</bndbox>
		<polygon>
			<x1>303.972723</x1>
			<y1>412.1769</y1>
			<x2>288.474256</x2>
			<y2>423.216985</y2>
			<x3>289.612554</x3>
			<y3>442.559539</y3>
			<x4>292.572127</x4>
			<y4>491.944784</y4>
			<x5>293.255106</x5>
			<y5>508.022684</y5>
			<x6>300.767869</x6>
			<y6>505.964965</y6>
			<x7>305.776378</x7>
			<y7>469.337575</y7>
			<x8>306.459357</x8>
			<y8>418.717699</y8>
			<x9>303.972723</x9>
			<y9>412.1769</y9>
		</polygon>
	</object>
	<object>
		<name>LIU</name>
		<pose>Unspecified</pose>
		<truncated>0</truncated>
		<difficult>0</difficult>
		<occluded>0</occluded>
		<bndbox>
			<xmin>314</xmin>
			<xmax>342</xmax>
			<ymin>284</ymin>
			<ymax>406</ymax>
		</bndbox>
		<polygon>
			<x1>316.393377</x1>
			<y1>293.180221</y1>
			<x2>313.204881</x2>
			<y2>386.877639</y2>
			<x3>318.11148</x3>
			<y3>405.250665</y3>
			<x4>328.275149</x4>
			<y4>404.617112</y4>
			<x5>334.934105</x5>
			<y5>403.98356</y5>
			<x6>341.242589</x6>
			<y6>382.44277</y6>
			<x7>332.480805</x7>
			<y7>300.714481</y7>
			<x8>327.574206</x8>
			<y8>282.975007</y8>
			<x9>316.393377</x9>
			<y9>293.180221</y9>
		</polygon>
	</object>
	<object>
		<name>LIU</name>
		<pose>Unspecified</pose>
		<truncated>0</truncated>
		<difficult>0</difficult>
		<occluded>0</occluded>
		<bndbox>
			<xmin>343</xmin>
			<xmax>368</xmax>
			<ymin>283</ymin>
			<ymax>404</ymax>
		</bndbox>
		<polygon>
			<x1>343.733899</x1>
			<y1>282.403116</y1>
			<x2>342.294003</x2>
			<y2>369.138165</y2>
			<x3>342.994946</x3>
			<y3>392.579612</y3>
			<x4>354.910972</x4>
			<y4>402.716454</y4>
			<x5>359.116628</x5>
			<y5>398.281586</y5>
			<x6>366.826997</x6>
			<y6>386.244086</y6>
			<x7>361.219456</x7>
			<y7>337.460533</y7>
			<x8>350.004373</x8>
			<y8>281.707901</y8>
			<x9>343.733899</x9>
			<y9>282.403116</y9>
		</polygon>
	</object>
	<object>
		<name>LCU</name>
		<pose>Unspecified</pose>
		<truncated>0</truncated>
		<difficult>0</difficult>
		<occluded>0</occluded>
		<bndbox>
			<xmin>362</xmin>
			<xmax>392</xmax>
			<ymin>265</ymin>
			<ymax>394</ymax>
		</bndbox>
		<polygon>
			<x1>374.537367</x1>
			<y1>393.213165</y1>
			<x2>381.546794</x2>
			<y2>392.579612</y2>
			<x3>388.20575</x3>
			<y3>378.007902</y3>
			<x4>391.359992</x4>
			<y4>352.032244</y4>
			<x5>382.247737</x5>
			<y5>265.869086</y5>
			<x6>373.177537</x6>
			<y6>264.018641</y6>
			<x7>360.518513</x7>
			<y7>355.833559</y7>
			<x8>374.537367</x8>
			<y8>393.213165</y8>
		</polygon>
	</object>
	<object>
		<name>LPMU</name>
		<pose>Unspecified</pose>
		<truncated>0</truncated>
		<difficult>0</difficult>
		<occluded>0</occluded>
		<bndbox>
			<xmin>384</xmin>
			<xmax>416</xmax>
			<ymin>260</ymin>
			<ymax>393</ymax>
		</bndbox>
		<polygon>
			<x1>398.71989</x1>
			<y1>383.709876</y1>
			<x2>407.481674</x2>
			<y2>391.94606</y2>
			<x3>414.841572</x3>
			<y3>372.939481</y3>
			<x4>401.920138</x4>
			<y4>264.652589</y4>
			<x5>391.359992</x5>
			<y5>258.900006</y5>
			<x6>387.154335</x6>
			<y6>275.372375</y6>
			<x7>385.051508</x7>
			<y7>337.460533</y7>
			<x8>382.598208</x8>
			<y8>365.336849</y8>
			<x9>393.112348</x9>
			<y9>389.411849</y9>
			<x10>398.71989</x10>
			<y10>383.709876</y10>
		</polygon>
	</object>
	<object>
		<name>LID</name>
		<pose>Unspecified</pose>
		<truncated>0</truncated>
		<difficult>0</difficult>
		<occluded>0</occluded>
		<bndbox>
			<xmin>308</xmin>
			<xmax>325</xmax>
			<ymin>414</ymin>
			<ymax>523</ymax>
		</bndbox>
		<polygon>
			<x1>307.246868</x1>
			<y1>417.921718</y1>
			<x2>307.59734</x2>
			<y2>454.667771</y2>
			<x3>310.751582</x3>
			<y3>493.314481</y3>
			<x4>317.060066</x4>
			<y4>519.290139</y4>
			<x5>323.36855</x5>
			<y5>522.457903</y5>
			<x6>323.719022</x6>
			<y6>416.02106</y6>
			<x7>308.999225</x7>
			<y7>413.486849</y7>
			<x8>307.246868</x8>
			<y8>417.921718</y8>
		</polygon>
	</object>
	<object>
		<name>LID</name>
		<pose>Unspecified</pose>
		<truncated>0</truncated>
		<difficult>0</difficult>
		<occluded>0</occluded>
		<bndbox>
			<xmin>325</xmin>
			<xmax>345</xmax>
			<ymin>416</ymin>
			<ymax>527</ymax>
		</bndbox>
		<polygon>
			<x1>342.294003</x1>
			<y1>462.903955</y1>
			<x2>343.695888</x2>
			<y2>426.791455</y2>
			<x3>342.331821</x3>
			<y3>419.969701</y3>
			<x4>325.471378</x4>
			<y4>414.753955</y4>
			<x5>323.719022</x5>
			<y5>419.822376</y5>
			<x6>324.069493</x6>
			<y6>436.294744</y6>
			<x7>324.069493</x7>
			<y7>454.667771</y7>
			<x8>327.574206</x8>
			<y8>518.023034</y8>
			<x9>334.233162</x9>
			<y9>526.259218</y9>
			<x10>342.294003</x10>
			<y10>462.903955</y10>
		</polygon>
	</object>
	<object>
		<name>LCD</name>
		<pose>Unspecified</pose>
		<truncated>0</truncated>
		<difficult>0</difficult>
		<occluded>0</occluded>
		<bndbox>
			<xmin>343</xmin>
			<xmax>368</xmax>
			<ymin>414</ymin>
			<ymax>541</ymax>
		</bndbox>
		<polygon>
			<x1>354.210029</x1>
			<y1>412.853297</y1>
			<x2>342.294003</x2>
			<y2>427.425007</y2>
			<x3>342.294003</x3>
			<y3>458.469086</y3>
			<x4>347.200602</x4>
			<y4>523.725008</y4>
			<x5>355.611914</x5>
			<y5>539.563824</y5>
			<x6>361.569927</x6>
			<y6>515.488824</y6>
			<x7>366.826997</x7>
			<y7>431.859876</y7>
			<x8>360.868985</x8>
			<y8>417.921718</y8>
			<x9>354.210029</x9>
			<y9>412.853297</y9>
		</polygon>
	</object>
	<object>
		<name>LPMD</name>
		<pose>Unspecified</pose>
		<truncated>0</truncated>
		<difficult>0</difficult>
		<occluded>0</occluded>
		<bndbox>
			<xmin>367</xmin>
			<xmax>395</xmax>
			<ymin>423</ymin>
			<ymax>537</ymax>
		</bndbox>
		<polygon>
			<x1>385.051508</x1>
			<y1>535.762508</y1>
			<x2>384.000093</x2>
			<y2>497.74935</y2>
			<x3>389.958106</x3>
			<y3>467.338823</y3>
			<x4>394.163763</x4>
			<y4>443.263823</y4>
			<x5>391.755071</x5>
			<y5>432.648649</y5>
			<x6>379.093495</x6>
			<y6>422.356586</y6>
			<x7>365.775583</x7>
			<y7>431.859876</y7>
			<x8>366.826997</x8>
			<y8>460.369744</y8>
			<x9>371.032653</x9>
			<y9>506.619087</y9>
			<x10>378.392552</x10>
			<y10>531.327639</y10>
			<x11>385.051508</x11>
			<y11>535.762508</y11>
		</polygon>
	</object>
	<object>
		<name>LPMD</name>
		<pose>Unspecified</pose>
		<truncated>0</truncated>
		<difficult>0</difficult>
		<occluded>0</occluded>
		<bndbox>
			<xmin>387</xmin>
			<xmax>419</xmax>
			<ymin>421</ymin>
			<ymax>537</ymax>
		</bndbox>
		<polygon>
			<x1>404.327432</x1>
			<y1>511.687508</y1>
			<x2>409.934973</x2>
			<y2>528.793429</y2>
			<x3>417.995814</x3>
			<y3>536.396061</y3>
			<x4>416.9444</x4>
			<y4>503.451324</y4>
			<x5>415.192043</x5>
			<y5>437.561849</y5>
			<x6>410.986387</x6>
			<y6>422.990139</y6>
			<x7>406.780731</x7>
			<y7>419.822376</y7>
			<x8>389.958106</x8>
			<y8>421.723034</y8>
			<x9>386.453393</x9>
			<y9>431.226323</y9>
			<x10>389.607635</x10>
			<y10>455.301323</y10>
			<x11>396.967533</x11>
			<y11>476.842113</y11>
			<x12>404.327432</x12>
			<y12>511.687508</y12>
		</polygon>
	</object>
	<object>
		<name>LMD</name>
		<pose>Unspecified</pose>
		<truncated>0</truncated>
		<difficult>0</difficult>
		<occluded>0</occluded>
		<bndbox>
			<xmin>408</xmin>
			<xmax>466</xmax>
			<ymin>413</ymin>
			<ymax>532</ymax>
		</bndbox>
		<polygon>
			<x1>446.033522</x1>
			<y1>489.513166</y1>
			<x2>453.042949</x2>
			<y2>509.78685</y2>
			<x3>459.000962</x3>
			<y3>518.656587</y3>
			<x4>464.608503</x4>
			<y4>518.656587</y4>
			<x5>464.258032</x5>
			<y5>511.053955</y5>
			<x6>460.052376</x6>
			<y6>493.948034</y6>
			<x7>451.641063</x7>
			<y7>462.270402</y7>
			<x8>450.239178</x8>
			<y8>450.232903</y8>
			<x9>450.239178</x9>
			<y9>430.592771</y9>
			<x10>445.384557</x10>
			<y10>411.728384</y10>
			<x11>434.467968</x11>
			<y11>412.219744</y11>
			<x12>429.210897</x12>
			<y12>417.288165</y12>
			<x13>423.252884</x13>
			<y13>419.188823</y13>
			<x14>415.542515</x14>
			<y14>418.555271</y14>
			<x15>410.986387</x15>
			<y15>417.288165</y15>
			<x16>407.481674</x16>
			<y16>437.561849</y16>
			<x17>413.790158</x17>
			<y17>455.301323</y17>
			<x18>421.500528</x18>
			<y18>470.506586</y18>
			<x19>427.809012</x19>
			<y19>495.848692</y19>
			<x20>433.416553</x20>
			<y20>516.122376</y20>
			<x21>437.62221</x21>
			<y21>531.327639</y21>
			<x22>442.87928</x22>
			<y22>528.793429</y22>
			<x23>441.126923</x23>
			<y23>511.687508</y23>
			<x24>437.972681</x24>
			<y24>486.345402</y24>
			<x25>440.075509</x25>
			<y25>478.109218</y25>
			<x26>446.033522</x26>
			<y26>489.513166</y26>
		</polygon>
	</object>
	<object>
		<name>LMD</name>
		<pose>Unspecified</pose>
		<truncated>0</truncated>
		<difficult>0</difficult>
		<occluded>0</occluded>
		<bndbox>
			<xmin>447</xmin>
			<xmax>495</xmax>
			<ymin>391</ymin>
			<ymax>497</ymax>
		</bndbox>
		<polygon>
			<x1>485.987256</x1>
			<y1>410.319086</y1>
			<x2>479.678771</x2>
			<y2>396.380928</y2>
			<x3>474.828196</x3>
			<y3>389.540226</y3>
			<x4>468.113217</x4>
			<y4>395.747376</y4>
			<x5>462.856147</x5>
			<y5>399.548691</y5>
			<x6>456.197191</x6>
			<y6>399.548691</y6>
			<x7>451.641063</x7>
			<y7>402.082902</y7>
			<x8>448.837293</x8>
			<y8>409.051981</y8>
			<x9>446.383993</x9>
			<y9>414.753955</y9>
			<x10>449.538235</x10>
			<y10>432.493429</y10>
			<x11>454.444834</x11>
			<y11>443.263823</y11>
			<x12>459.351433</x12>
			<y12>452.767113</y12>
			<x13>465.659917</x13>
			<y13>473.67435</y13>
			<x14>475.122644</x14>
			<y14>493.314481</y14>
			<x15>483.533956</x15>
			<y15>496.482244</y15>
			<x16>493.697625</x16>
			<y16>483.811192</y16>
			<x17>488.791026</x17>
			<y17>445.164481</y17>
			<x18>486.688198</x18>
			<y18>429.325665</y18>
			<x19>485.987256</x19>
			<y19>410.319086</y19>
		</polygon>
	</object>
	<object>
		<name>LPMU</name>
		<pose>Unspecified</pose>
		<truncated>0</truncated>
		<difficult>0</difficult>
		<occluded>0</occluded>
		<bndbox>
			<xmin>408</xmin>
			<xmax>437</xmax>
			<ymin>262</ymin>
			<ymax>389</ymax>
		</bndbox>
		<polygon>
			<x1>410.986387</x1>
			<y1>261.434217</y1>
			<x2>407.481674</x2>
			<y2>267.769743</y2>
			<x3>410.285444</x3>
			<y3>285.509217</y3>
			<x4>412.738744</x4>
			<y4>305.782901</y4>
			<x5>411.68733</x5>
			<y5>343.162507</y5>
			<x6>409.23403</x6>
			<y6>357.734217</y6>
			<x7>410.285444</x7>
			<y7>371.672376</y7>
			<x8>415.542515</x8>
			<y8>383.076323</y8>
			<x9>423.603356</x9>
			<y9>387.511191</y9>
			<x10>432.365139</x10>
			<y10>381.809217</y10>
			<x11>435.519381</x11>
			<y11>371.672376</y11>
			<x12>434.117496</x12>
			<y12>355.200007</y12>
			<x13>430.963254</x13>
			<y13>334.926322</y13>
			<x14>417.693515</x14>
			<y14>270.358115</y14>
			<x15>410.986387</x15>
			<y15>261.434217</y15>
		</polygon>
	</object>
	<object>
		<name>LMU</name>
		<pose>Unspecified</pose>
		<truncated>0</truncated>
		<difficult>0</difficult>
		<occluded>0</occluded>
		<bndbox>
			<xmin>433</xmin>
			<xmax>471</xmax>
			<ymin>262</ymin>
			<ymax>386</ymax>
		</bndbox>
		<polygon>
			<x1>433.416553</x1>
			<y1>336.193428</y1>
			<x2>432.014668</x2>
			<y2>355.833559</y2>
			<x3>432.365139</x3>
			<y3>371.672376</y3>
			<x4>439.374566</x4>
			<y4>379.275007</y4>
			<x5>449.538235</x5>
			<y5>384.976981</y5>
			<x6>454.094363</x6>
			<y6>374.206586</y6>
			<x7>465.659917</x7>
			<y7>375.473691</y7>
			<x8>469.865573</x8>
			<y8>361.535533</y8>
			<x9>468.463688</x9>
			<y9>338.727639</y9>
			<x10>460.753318</x10>
			<y10>325.423033</y10>
			<x11>457.248605</x11>
			<y11>288.676981</y11>
			<x12>451.641063</x12>
			<y12>261.434217</y12>
			<x13>434.518452</x13>
			<y13>265.286536</y13>
			<x14>433.416553</x14>
			<y14>308.950664</y14>
			<x15>433.416553</x15>
			<y15>336.193428</y15>
		</polygon>
	</object>
	<object>
		<name>LMU</name>
		<pose>Unspecified</pose>
		<truncated>0</truncated>
		<difficult>0</difficult>
		<occluded>0</occluded>
		<bndbox>
			<xmin>458</xmin>
			<xmax>496</xmax>
			<ymin>243</ymin>
			<ymax>349</ymax>
		</bndbox>
		<polygon>
			<x1>458.523244</x1>
			<y1>282.889738</y1>
			<x2>459.925129</x2>
			<y2>310.132502</y2>
			<x3>460.976543</x3>
			<y3>336.108159</y3>
			<x4>467.285027</x4>
			<y4>345.611449</y4>
			<x5>476.046811</x5>
			<y5>348.145659</y5>
			<x6>482.705767</x6>
			<y6>341.810133</y6>
			<x7>486.560952</x7>
			<y7>332.306844</y7>
			<x8>492.518964</x8>
			<y8>333.573949</y8>
			<x9>495.322735</x9>
			<y9>326.60487</y9>
			<x10>494.972264</x10>
			<y10>309.498949</y10>
			<x11>492.518964</x11>
			<y11>295.560791</y11>
			<x12>484.808595</x12>
			<y12>285.423949</y12>
			<x13>467.635499</x13>
			<y13>242.342369</y13>
			<x14>464.130785</x14>
			<y14>242.975923</y14>
			<x15>457.30222</x15>
			<y15>250.071799</y15>
			<x16>458.523244</x16>
			<y16>282.889738</y16>
		</polygon>
	</object>
	<object>
		<name>LMU</name>
		<pose>Unspecified</pose>
		<truncated>0</truncated>
		<difficult>0</difficult>
		<occluded>0</occluded>
		<bndbox>
			<xmin>471</xmin>
			<xmax>509</xmax>
			<ymin>213</ymin>
			<ymax>285</ymax>
		</bndbox>
		<polygon>
			<x1>470.088798</x1>
			<y1>244.87658</y1>
			<x2>474.995397</x2>
			<y2>263.883159</y2>
			<x3>483.056238</x3>
			<y3>282.889738</y3>
			<x4>491.46755</x4>
			<y4>284.156844</y4>
			<x5>497.075092</x5>
			<y5>272.752896</y5>
			<x6>503.033105</x6>
			<y6>258.814738</y6>
			<x7>507.589232</x7>
			<y7>245.510133</y7>
			<x8>505.486404</x8>
			<y8>231.571975</y8>
			<x9>503.734048</x9>
			<y9>218.900922</y9>
			<x10>493.617443</x10>
			<y10>212.668902</y10>
			<x11>484.458124</x11>
			<y11>211.931843</y11>
			<x12>472.892569</x12>
			<y12>227.137106</y12>
			<x13>470.088798</x13>
			<y13>244.87658</y13>
		</polygon>
	</object>
	<metadata>
		<tags>
			<tag>teeth</tag>
		</tags>
	</metadata>
</annotation>
