<annotation>
	<folder></folder>
	<filename>25_jpg.rf.172f22814192191cdc67520ac9e7be8a.jpg</filename>
	<path>25_jpg.rf.172f22814192191cdc67520ac9e7be8a.jpg</path>
	<source>
		<database>roboflow.com</database>
	</source>
	<size>
		<width>640</width>
		<height>640</height>
		<depth>3</depth>
	</size>
	<segmented>0</segmented>
	<object>
		<name>RMU</name>
		<pose>Unspecified</pose>
		<truncated>0</truncated>
		<difficult>0</difficult>
		<occluded>0</occluded>
		<bndbox>
			<xmin>150</xmin>
			<xmax>175</xmax>
			<ymin>165</ymin>
			<ymax>280</ymax>
		</bndbox>
		<polygon>
			<x1>171.248408</x1>
			<y1>223</y1>
			<x2>172.032337</x2>
			<y2>196.4375</y2>
			<x3>173.600196</x3>
			<y3>177.6875</y3>
			<x4>168.896619</x4>
			<y4>163.625</y4>
			<x5>155.569819</x5>
			<y5>165.1875</y5>
			<x6>150.866242</x6>
			<y6>183.9375</y6>
			<x7>150.082313</x7>
			<y7>196.4375</y7>
			<x8>149.298383</x8>
			<y8>246.4375</y8>
			<x9>150.082313</x9>
			<y9>273</y9>
			<x10>161.841254</x10>
			<y10>279.25</y10>
			<x11>166.544831</x11>
			<y11>263.625</y11>
			<x12>171.248408</x12>
			<y12>223</y12>
		</polygon>
	</object>
	<object>
		<name>RMU</name>
		<pose>Unspecified</pose>
		<truncated>0</truncated>
		<difficult>0</difficult>
		<occluded>0</occluded>
		<bndbox>
			<xmin>168</xmin>
			<xmax>195</xmax>
			<ymin>176</ymin>
			<ymax>290</ymax>
		</bndbox>
		<polygon>
			<x1>193.982362</x1>
			<y1>187.0625</y1>
			<x2>193.982362</x2>
			<y2>174.5625</y2>
			<x3>175.168055</x3>
			<y3>176.125</y3>
			<x4>170.464478</x4>
			<y4>241.75</y4>
			<x5>167.32876</x5>
			<y5>274.5625</y5>
			<x6>177.519843</x6>
			<y6>288.625</y6>
			<x7>184.575208</x7>
			<y7>279.25</y7>
			<x8>189.278785</x8>
			<y8>249.5625</y8>
			<x9>189.278785</x9>
			<y9>215.1875</y9>
			<x10>193.982362</x10>
			<y10>187.0625</y10>
		</polygon>
	</object>
	<object>
		<name>RMU</name>
		<pose>Unspecified</pose>
		<truncated>0</truncated>
		<difficult>0</difficult>
		<occluded>0</occluded>
		<bndbox>
			<xmin>183</xmin>
			<xmax>220</xmax>
			<ymin>177</ymin>
			<ymax>307</ymax>
		</bndbox>
		<polygon>
			<x1>205.741303</x1>
			<y1>298</y1>
			<x2>210.44488</x2>
			<y2>266.75</y2>
			<x3>215.148457</x3>
			<y3>230.8125</y3>
			<x4>217.500245</x4>
			<y4>205.8125</y4>
			<x5>219.068104</x5>
			<y5>187.0625</y5>
			<x6>217.500245</x6>
			<y6>176.125</y6>
			<x7>204.173444</x7>
			<y7>176.125</y7>
			<x8>191.630573</x8>
			<y8>249.5625</y8>
			<x9>183.791279</x9>
			<y9>273</y9>
			<x10>182.22342</x10>
			<y10>298</y10>
			<x11>194.766291</x11>
			<y11>305.8125</y11>
			<x12>205.741303</x12>
			<y12>298</y12>
		</polygon>
	</object>
	<object>
		<name>RPMU</name>
		<pose>Unspecified</pose>
		<truncated>0</truncated>
		<difficult>0</difficult>
		<occluded>0</occluded>
		<bndbox>
			<xmin>209</xmin>
			<xmax>234</xmax>
			<ymin>180</ymin>
			<ymax>319</ymax>
		</bndbox>
		<polygon>
			<x1>232.394904</x1>
			<y1>205.8125</y1>
			<x2>232.394904</x2>
			<y2>182.375</y2>
			<x3>221.419892</x3>
			<y3>179.25</y3>
			<x4>212.796668</x4>
			<y4>265.1875</y4>
			<x5>208.093092</x5>
			<y5>301.125</y5>
			<x6>222.203822</x6>
			<y6>318.3125</y6>
			<x7>233.178834</x7>
			<y7>312.0625</y7>
			<x8>233.178834</x8>
			<y8>279.25</y8>
			<x9>232.394904</x9>
			<y9>249.5625</y9>
			<x10>232.394904</x10>
			<y10>205.8125</y10>
		</polygon>
	</object>
	<object>
		<name>RCU</name>
		<pose>Unspecified</pose>
		<truncated>0</truncated>
		<difficult>0</difficult>
		<occluded>0</occluded>
		<bndbox>
			<xmin>234</xmin>
			<xmax>259</xmax>
			<ymin>169</ymin>
			<ymax>335</ymax>
		</bndbox>
		<polygon>
			<x1>257.480647</x1>
			<y1>237.0625</y1>
			<x2>256.696717</x2>
			<y2>196.4375</y2>
			<x3>254.344929</x3>
			<y3>177.6875</y3>
			<x4>252.77707</x4>
			<y4>168.3125</y4>
			<x5>235.530622</x5>
			<y5>171.4375</y5>
			<x6>233.962763</x6>
			<y6>263.625</y6>
			<x7>233.178834</x7>
			<y7>313.625</y7>
			<x8>244.153846</x8>
			<y8>333.9375</y8>
			<x9>254.344929</x9>
			<y9>321.4375</y9>
			<x10>258.264576</x10>
			<y10>285.5</y10>
			<x11>257.480647</x11>
			<y11>237.0625</y11>
		</polygon>
	</object>
	<object>
		<name>RIU</name>
		<pose>Unspecified</pose>
		<truncated>0</truncated>
		<difficult>0</difficult>
		<occluded>0</occluded>
		<bndbox>
			<xmin>259</xmin>
			<xmax>286</xmax>
			<ymin>174</ymin>
			<ymax>340</ymax>
		</bndbox>
		<polygon>
			<x1>271.591377</x1>
			<y1>338.625</y1>
			<x2>280.214601</x2>
			<y2>335.5</y2>
			<x3>280.99853</x3>
			<y3>304.25</y3>
			<x4>281.78246</x4>
			<y4>276.125</y4>
			<x5>283.350318</x5>
			<y5>243.3125</y5>
			<x6>284.134248</x6>
			<y6>215.1875</y6>
			<x7>284.918177</x7>
			<y7>185.5</y7>
			<x8>284.134248</x8>
			<y8>173</y8>
			<x9>269.239588</x9>
			<y9>182.375</y9>
			<x10>260.616365</x10>
			<y10>263.625</y10>
			<x11>258.264576</x11>
			<y11>302.6875</y11>
			<x12>259.048506</x12>
			<y12>326.125</y12>
			<x13>271.591377</x13>
			<y13>338.625</y13>
		</polygon>
	</object>
	<object>
		<name>RIU</name>
		<pose>Unspecified</pose>
		<truncated>0</truncated>
		<difficult>0</difficult>
		<occluded>0</occluded>
		<bndbox>
			<xmin>284</xmin>
			<xmax>316</xmax>
			<ymin>165</ymin>
			<ymax>346</ymax>
		</bndbox>
		<polygon>
			<x1>283.350318</x1>
			<y1>332.375</y1>
			<x2>296.677119</x2>
			<y2>344.875</y2>
			<x3>310.00392</x3>
			<y3>337.0625</y3>
			<x4>313.139637</x4>
			<y4>315.1875</y4>
			<x5>310.787849</x5>
			<y5>265.1875</y5>
			<x6>314.707496</x6>
			<y6>244.875</y6>
			<x7>311.571779</x7>
			<y7>210.5</y7>
			<x8>310.787849</x8>
			<y8>191.75</y8>
			<x9>307.652131</x9>
			<y9>171.4375</y9>
			<x10>306.084272</x10>
			<y10>163.625</y10>
			<x11>290.405683</x11>
			<y11>177.6875</y11>
			<x12>286.486036</x12>
			<y12>248</y12>
			<x13>283.350318</x13>
			<y13>307.375</y13>
			<x14>283.350318</x14>
			<y14>332.375</y14>
		</polygon>
	</object>
	<object>
		<name>RMD</name>
		<pose>Unspecified</pose>
		<truncated>0</truncated>
		<difficult>0</difficult>
		<occluded>0</occluded>
		<bndbox>
			<xmin>124</xmin>
			<xmax>179</xmax>
			<ymin>288</ymin>
			<ymax>407</ymax>
		</bndbox>
		<polygon>
			<x1>160.273395</x1>
			<y1>287.0625</y1>
			<x2>150.866242</x2>
			<y2>287.0625</y2>
			<x3>144.594806</x3>
			<y3>307.375</y3>
			<x4>139.89123</x4>
			<y4>319.875</y4>
			<x5>136.755512</x5>
			<y5>338.625</y5>
			<x6>127.348359</x6>
			<y6>362.0625</y6>
			<x7>123.428711</x7>
			<y7>383.9375</y7>
			<x8>131.268006</x8>
			<y8>393.3125</y8>
			<x9>142.243018</x9>
			<y9>405.8125</y9>
			<x10>146.946595</x10>
			<y10>398</y10>
			<x11>155.569819</x11>
			<y11>383.9375</y11>
			<x12>164.976972</x12>
			<y12>360.5</y12>
			<x13>172.032337</x13>
			<y13>351.125</y13>
			<x14>177.519843</x14>
			<y14>333.9375</y14>
			<x15>178.303773</x15>
			<y15>308.9375</y15>
			<x16>174.384125</x16>
			<y16>293.3125</y16>
			<x17>160.273395</x17>
			<y17>287.0625</y17>
		</polygon>
	</object>
	<object>
		<name>RMD</name>
		<pose>Unspecified</pose>
		<truncated>0</truncated>
		<difficult>0</difficult>
		<occluded>0</occluded>
		<bndbox>
			<xmin>160</xmin>
			<xmax>214</xmax>
			<ymin>312</ymin>
			<ymax>449</ymax>
		</bndbox>
		<polygon>
			<x1>173.600196</x1>
			<y1>338.625</y1>
			<x2>172.032337</x2>
			<y2>357.375</y2>
			<x3>167.32876</x3>
			<y3>373</y3>
			<x4>163.409113</x4>
			<y4>401.125</y4>
			<x5>159.489466</x5>
			<y5>421.4375</y5>
			<x6>166.544831</x6>
			<y6>441.75</y6>
			<x7>175.951984</x7>
			<y7>448</y7>
			<x8>185.359138</x8>
			<y8>432.375</y8>
			<x9>197.902009</x9>
			<y9>394.875</y9>
			<x10>201.037727</x10>
			<y10>363.625</y10>
			<x11>212.796668</x11>
			<y11>332.375</y11>
			<x12>212.012739</x12>
			<y12>321.4375</y12>
			<x13>198.685938</x13>
			<y13>315.1875</y13>
			<x14>186.926997</x14>
			<y14>312.0625</y14>
			<x15>180.655561</x15>
			<y15>310.5</y15>
			<x16>173.600196</x16>
			<y16>338.625</y16>
		</polygon>
	</object>
	<object>
		<name>RPMD</name>
		<pose>Unspecified</pose>
		<truncated>0</truncated>
		<difficult>0</difficult>
		<occluded>0</occluded>
		<bndbox>
			<xmin>198</xmin>
			<xmax>236</xmax>
			<ymin>326</ymin>
			<ymax>472</ymax>
		</bndbox>
		<polygon>
			<x1>197.118079</x1>
			<y1>457.375</y1>
			<x2>204.957374</x2>
			<y2>471.4375</y2>
			<x3>212.012739</x3>
			<y3>438.625</y3>
			<x4>217.500245</x4>
			<y4>407.375</y4>
			<x5>226.123469</x5>
			<y5>376.125</y5>
			<x6>234.746693</x6>
			<y6>348</y6>
			<x7>232.394904</x7>
			<y7>330.8125</y7>
			<x8>228.475257</x8>
			<y8>324.5625</y8>
			<x9>214.364527</x9>
			<y9>326.125</y9>
			<x10>209.660951</x10>
			<y10>357.375</y10>
			<x11>204.957374</x11>
			<y11>383.9375</y11>
			<x12>200.253797</x12>
			<y12>419.875</y12>
			<x13>197.118079</x13>
			<y13>457.375</y13>
		</polygon>
	</object>
	<object>
		<name>RPMD</name>
		<pose>Unspecified</pose>
		<truncated>0</truncated>
		<difficult>0</difficult>
		<occluded>0</occluded>
		<bndbox>
			<xmin>223</xmin>
			<xmax>253</xmax>
			<ymin>332</ymin>
			<ymax>469</ymax>
		</bndbox>
		<polygon>
			<x1>246.505634</x1>
			<y1>404.25</y1>
			<x2>251.993141</x2>
			<y2>371.4375</y2>
			<x3>250.425282</x3>
			<y3>355.8125</y3>
			<x4>245.721705</x4>
			<y4>346.4375</y4>
			<x5>235.530622</x5>
			<y5>330.8125</y5>
			<x6>225.339539</x6>
			<y6>387.0625</y6>
			<x7>224.55561</x7>
			<y7>435.5</y7>
			<x8>222.203822</x8>
			<y8>465.1875</y8>
			<x9>236.314552</x9>
			<y9>468.3125</y9>
			<x10>242.585987</x10>
			<y10>427.6875</y10>
			<x11>246.505634</x11>
			<y11>404.25</y11>
		</polygon>
	</object>
	<object>
		<name>RCD</name>
		<pose>Unspecified</pose>
		<truncated>0</truncated>
		<difficult>0</difficult>
		<occluded>0</occluded>
		<bndbox>
			<xmin>246</xmin>
			<xmax>275</xmax>
			<ymin>346</ymin>
			<ymax>504</ymax>
		</bndbox>
		<polygon>
			<x1>255.128858</x1>
			<y1>502.6875</y1>
			<x2>267.67173</x2>
			<y2>451.125</y2>
			<x3>271.591377</x3>
			<y3>415.1875</y3>
			<x4>273.159236</x4>
			<y4>404.25</y4>
			<x5>273.943165</x5>
			<y5>382.375</y5>
			<x6>273.943165</x6>
			<y6>357.375</y6>
			<x7>271.591377</x7>
			<y7>349.5625</y7>
			<x8>265.319941</x8>
			<y8>344.875</y8>
			<x9>255.128858</x9>
			<y9>349.5625</y9>
			<x10>246.505634</x10>
			<y10>426.125</y10>
			<x11>244.937776</x11>
			<y11>463.625</y11>
			<x12>248.073493</x12>
			<y12>491.75</y12>
			<x13>255.128858</x13>
			<y13>502.6875</y13>
		</polygon>
	</object>
	<object>
		<name>RID</name>
		<pose>Unspecified</pose>
		<truncated>0</truncated>
		<difficult>0</difficult>
		<occluded>0</occluded>
		<bndbox>
			<xmin>275</xmin>
			<xmax>296</xmax>
			<ymin>349</ymin>
			<ymax>494</ymax>
		</bndbox>
		<polygon>
			<x1>291.189613</x1>
			<y1>393.3125</y1>
			<x2>294.325331</x2>
			<y2>379.25</y2>
			<x3>295.10926</x3>
			<y3>354.25</y3>
			<x4>287.269966</x4>
			<y4>348</y4>
			<x5>274.727095</x5>
			<y5>351.125</y5>
			<x6>273.943165</x6>
			<y6>424.5625</y6>
			<x7>274.727095</x7>
			<y7>476.125</y7>
			<x8>284.134248</x8>
			<y8>493.3125</y8>
			<x9>290.405683</x9>
			<y9>457.375</y9>
			<x10>290.405683</x10>
			<y10>419.875</y10>
			<x11>291.189613</x11>
			<y11>393.3125</y11>
		</polygon>
	</object>
	<object>
		<name>RID</name>
		<pose>Unspecified</pose>
		<truncated>0</truncated>
		<difficult>0</difficult>
		<occluded>0</occluded>
		<bndbox>
			<xmin>294</xmin>
			<xmax>316</xmax>
			<ymin>349</ymin>
			<ymax>480</ymax>
		</bndbox>
		<polygon>
			<x1>312.355708</x1>
			<y1>407.375</y1>
			<x2>313.923567</x2>
			<y2>374.5625</y2>
			<x3>315.491426</x3>
			<y3>352.6875</y3>
			<x4>302.164625</x4>
			<y4>348</y4>
			<x5>295.89319</x5>
			<y5>351.125</y5>
			<x6>294.325331</x6>
			<y6>388.625</y6>
			<x7>292.757472</x7>
			<y7>446.4375</y7>
			<x8>293.541401</x8>
			<y8>479.25</y8>
			<x9>302.948555</x9>
			<y9>476.125</y9>
			<x10>306.868202</x10>
			<y10>432.375</y10>
			<x11>312.355708</x11>
			<y11>407.375</y11>
		</polygon>
	</object>
	<object>
		<name>LIU</name>
		<pose>Unspecified</pose>
		<truncated>0</truncated>
		<difficult>0</difficult>
		<occluded>0</occluded>
		<bndbox>
			<xmin>313</xmin>
			<xmax>345</xmax>
			<ymin>174</ymin>
			<ymax>349</ymax>
		</bndbox>
		<polygon>
			<x1>312.355708</x1>
			<y1>338.625</y1>
			<x2>328.034297</x2>
			<y2>348</y2>
			<x3>344.496815</x3>
			<y3>340.1875</y3>
			<x4>344.496815</x4>
			<y4>296.4375</y4>
			<x5>342.928956</x5>
			<y5>266.75</y5>
			<x6>342.928956</x6>
			<y6>235.5</y6>
			<x7>340.577168</x7>
			<y7>207.375</y7>
			<x8>338.22538</x8>
			<y8>187.0625</y8>
			<x9>334.305732</x9>
			<y9>179.25</y9>
			<x10>324.898579</x10>
			<y10>173</y10>
			<x11>321.762861</x11>
			<y11>188.625</y11>
			<x12>317.843214</x12>
			<y12>265.1875</y12>
			<x13>312.355708</x13>
			<y13>302.6875</y13>
			<x14>312.355708</x14>
			<y14>338.625</y14>
		</polygon>
	</object>
	<object>
		<name>LIU</name>
		<pose>Unspecified</pose>
		<truncated>0</truncated>
		<difficult>0</difficult>
		<occluded>0</occluded>
		<bndbox>
			<xmin>343</xmin>
			<xmax>370</xmax>
			<ymin>172</ymin>
			<ymax>340</ymax>
		</bndbox>
		<polygon>
			<x1>345.280745</x1>
			<y1>313.625</y1>
			<x2>345.280745</x2>
			<y2>333.9375</y2>
			<x3>360.175404</x3>
			<y3>338.625</y3>
			<x4>367.230769</x4>
			<y4>330.8125</y4>
			<x5>368.798628</x5>
			<y5>299.5625</y5>
			<x6>365.66291</x6>
			<y6>269.875</y6>
			<x7>364.095051</x7>
			<y7>246.4375</y7>
			<x8>364.095051</x8>
			<y8>229.25</y8>
			<x9>362.527193</x9>
			<y9>193.3125</y9>
			<x10>356.255757</x10>
			<y10>171.4375</y10>
			<x11>343.712886</x11>
			<y11>179.25</y11>
			<x12>342.928956</x12>
			<y12>224.5625</y12>
			<x13>342.145027</x13>
			<y13>271.4375</y13>
			<x14>345.280745</x14>
			<y14>313.625</y14>
		</polygon>
	</object>
	<object>
		<name>LCU</name>
		<pose>Unspecified</pose>
		<truncated>0</truncated>
		<difficult>0</difficult>
		<occluded>0</occluded>
		<bndbox>
			<xmin>371</xmin>
			<xmax>396</xmax>
			<ymin>168</ymin>
			<ymax>344</ymax>
		</bndbox>
		<polygon>
			<x1>374.286134</x1>
			<y1>338.625</y1>
			<x2>380.55757</x2>
			<y2>343.3125</y2>
			<x3>392.316512</x3>
			<y3>326.125</y3>
			<x4>394.6683</x4>
			<y4>304.25</y4>
			<x5>393.100441</x5>
			<y5>268.3125</y5>
			<x6>394.6683</x6>
			<y6>226.125</y6>
			<x7>394.6683</x7>
			<y7>196.4375</y7>
			<x8>389.180794</x8>
			<y8>166.75</y8>
			<x9>373.502205</x9>
			<y9>176.125</y9>
			<x10>369.582558</x10>
			<y10>240.1875</y10>
			<x11>369.582558</x11>
			<y11>287.0625</y11>
			<x12>369.582558</x12>
			<y12>319.875</y12>
			<x13>374.286134</x13>
			<y13>338.625</y13>
		</polygon>
	</object>
	<object>
		<name>LPMU</name>
		<pose>Unspecified</pose>
		<truncated>0</truncated>
		<difficult>0</difficult>
		<occluded>0</occluded>
		<bndbox>
			<xmin>396</xmin>
			<xmax>419</xmax>
			<ymin>179</ymin>
			<ymax>326</ymax>
		</bndbox>
		<polygon>
			<x1>417.402254</x1>
			<y1>266.75</y1>
			<x2>413.482607</x2>
			<y2>227.6875</y2>
			<x3>412.698677</x3>
			<y3>198</y3>
			<x4>407.211171</x4>
			<y4>182.375</y4>
			<x5>394.6683</x5>
			<y5>177.6875</y5>
			<x6>394.6683</x6>
			<y6>271.4375</y6>
			<x7>394.6683</x7>
			<y7>321.4375</y7>
			<x8>404.075453</x8>
			<y8>324.5625</y8>
			<x9>417.402254</x9>
			<y9>324.5625</y9>
			<x10>418.186183</x10>
			<y10>299.5625</y10>
			<x11>417.402254</x11>
			<y11>266.75</y11>
		</polygon>
	</object>
	<object>
		<name>LPMU</name>
		<pose>Unspecified</pose>
		<truncated>0</truncated>
		<difficult>0</difficult>
		<occluded>0</occluded>
		<bndbox>
			<xmin>415</xmin>
			<xmax>446</xmax>
			<ymin>185</ymin>
			<ymax>322</ymax>
		</bndbox>
		<polygon>
			<x1>432.296913</x1>
			<y1>205.8125</y1>
			<x2>426.025478</x2>
			<y2>187.0625</y2>
			<x3>414.266536</x3>
			<y3>183.9375</y3>
			<x4>414.266536</x4>
			<y4>255.8125</y4>
			<x5>418.186183</x5>
			<y5>305.8125</y5>
			<x6>429.161195</x6>
			<y6>321.4375</y6>
			<x7>444.839784</x7>
			<y7>321.4375</y7>
			<x8>443.271926</x8>
			<y8>283.9375</y8>
			<x9>440.136208</x9>
			<y9>248</y9>
			<x10>432.296913</x10>
			<y10>205.8125</y10>
		</polygon>
	</object>
	<object>
		<name>LMU</name>
		<pose>Unspecified</pose>
		<truncated>0</truncated>
		<difficult>0</difficult>
		<occluded>0</occluded>
		<bndbox>
			<xmin>442</xmin>
			<xmax>480</xmax>
			<ymin>163</ymin>
			<ymax>316</ymax>
		</bndbox>
		<polygon>
			<x1>447.191573</x1>
			<y1>315.1875</y1>
			<x2>463.654091</x2>
			<y2>312.0625</y2>
			<x3>477.764821</x3>
			<y3>302.6875</y3>
			<x4>478.548751</x4>
			<y4>274.5625</y4>
			<x5>471.493386</x5>
			<y5>243.3125</y5>
			<x6>469.925527</x6>
			<y6>216.75</y6>
			<x7>463.654091</x7>
			<y7>193.3125</y7>
			<x8>457.382656</x8>
			<y8>174.5625</y8>
			<x9>452.679079</x9>
			<y9>165.1875</y9>
			<x10>440.920137</x10>
			<y10>162.0625</y10>
			<x11>440.920137</x11>
			<y11>183.9375</y11>
			<x12>443.271926</x12>
			<y12>254.25</y12>
			<x13>445.623714</x13>
			<y13>296.4375</y13>
			<x14>447.191573</x14>
			<y14>315.1875</y14>
		</polygon>
	</object>
	<object>
		<name>LMU</name>
		<pose>Unspecified</pose>
		<truncated>0</truncated>
		<difficult>0</difficult>
		<occluded>0</occluded>
		<bndbox>
			<xmin>474</xmin>
			<xmax>512</xmax>
			<ymin>162</ymin>
			<ymax>301</ymax>
		</bndbox>
		<polygon>
			<x1>476.980892</x1>
			<y1>273</y1>
			<x2>484.820186</x2>
			<y2>299.5625</y2>
			<x3>498.930916</x3>
			<y3>299.5625</y3>
			<x4>499.714846</x4>
			<y4>290.1875</y4>
			<x5>511.473787</x5>
			<y5>277.6875</y5>
			<x6>508.33807</x6>
			<y6>241.75</y6>
			<x7>506.770211</x7>
			<y7>212.0625</y7>
			<x8>502.850563</x8>
			<y8>188.625</y8>
			<x9>500.498775</x9>
			<y9>171.4375</y9>
			<x10>491.091622</x10>
			<y10>162.0625</y10>
			<x11>484.820186</x11>
			<y11>160.5</y11>
			<x12>480.900539</x12>
			<y12>162.0625</y12>
			<x13>473.061244</x13>
			<y13>169.875</y13>
			<x14>475.413033</x14>
			<y14>232.375</y14>
			<x15>476.980892</x15>
			<y15>273</y15>
		</polygon>
	</object>
	<object>
		<name>LID</name>
		<pose>Unspecified</pose>
		<truncated>0</truncated>
		<difficult>0</difficult>
		<occluded>0</occluded>
		<bndbox>
			<xmin>313</xmin>
			<xmax>334</xmax>
			<ymin>349</ymin>
			<ymax>474</ymax>
		</bndbox>
		<polygon>
			<x1>320.978932</x1>
			<y1>473</y1>
			<x2>326.466438</x2>
			<y2>443.3125</y2>
			<x3>328.818226</x3>
			<y3>416.75</y3>
			<x4>331.170015</x4>
			<y4>382.375</y4>
			<x5>332.737874</x5>
			<y5>355.8125</y5>
			<x6>331.953944</x6>
			<y6>348</y6>
			<x7>317.059285</x7>
			<y7>352.6875</y7>
			<x8>314.707496</x8>
			<y8>396.4375</y8>
			<x9>314.707496</x9>
			<y9>419.875</y9>
			<x10>312.355708</x10>
			<y10>457.375</y10>
			<x11>314.707496</x11>
			<y11>473</y11>
			<x12>320.978932</x12>
			<y12>473</y12>
		</polygon>
	</object>
	<object>
		<name>LID</name>
		<pose>Unspecified</pose>
		<truncated>0</truncated>
		<difficult>0</difficult>
		<occluded>0</occluded>
		<bndbox>
			<xmin>333</xmin>
			<xmax>354</xmax>
			<ymin>352</ymin>
			<ymax>501</ymax>
		</bndbox>
		<polygon>
			<x1>350.768251</x1>
			<y1>404.25</y1>
			<x2>352.33611</x2>
			<y2>383.9375</y2>
			<x3>353.120039</x3>
			<y3>371.4375</y3>
			<x4>350.768251</x4>
			<y4>351.125</y4>
			<x5>333.521803</x5>
			<y5>351.125</y5>
			<x6>331.953944</x6>
			<y6>479.25</y6>
			<x7>337.44145</x7>
			<y7>499.5625</y7>
			<x8>348.416463</x8>
			<y8>485.5</y8>
			<x9>347.632533</x9>
			<y9>457.375</y9>
			<x10>350.768251</x10>
			<y10>430.8125</y10>
			<x11>350.768251</x11>
			<y11>404.25</y11>
		</polygon>
	</object>
	<object>
		<name>LCD</name>
		<pose>Unspecified</pose>
		<truncated>0</truncated>
		<difficult>0</difficult>
		<occluded>0</occluded>
		<bndbox>
			<xmin>349</xmin>
			<xmax>382</xmax>
			<ymin>337</ymin>
			<ymax>510</ymax>
		</bndbox>
		<polygon>
			<x1>347.632533</x1>
			<y1>493.3125</y1>
			<x2>353.903969</x2>
			<y2>508.9375</y2>
			<x3>368.014699</x3>
			<y3>494.875</y3>
			<x4>378.205781</x4>
			<y4>455.8125</y4>
			<x5>379.77364</x5>
			<y5>432.375</y5>
			<x6>381.341499</x6>
			<y6>410.5</y6>
			<x7>380.55757</x7>
			<y7>387.0625</y7>
			<x8>377.421852</x8>
			<y8>357.375</y8>
			<x9>375.070064</x9>
			<y9>348</y9>
			<x10>369.582558</x10>
			<y10>335.5</y10>
			<x11>358.607545</x11>
			<y11>354.25</y11>
			<x12>349.984321</x12>
			<y12>440.1875</y12>
			<x13>349.984321</x13>
			<y13>476.125</y13>
			<x14>347.632533</x14>
			<y14>493.3125</y14>
		</polygon>
	</object>
	<object>
		<name>LPMD</name>
		<pose>Unspecified</pose>
		<truncated>0</truncated>
		<difficult>0</difficult>
		<occluded>0</occluded>
		<bndbox>
			<xmin>381</xmin>
			<xmax>407</xmax>
			<ymin>333</ymin>
			<ymax>474</ymax>
		</bndbox>
		<polygon>
			<x1>398.587947</x1>
			<y1>473</y1>
			<x2>404.859383</x2>
			<y2>446.4375</y2>
			<x3>404.075453</x3>
			<y3>408.9375</y3>
			<x4>404.859383</x4>
			<y4>390.1875</y4>
			<x5>406.427242</x5>
			<y5>374.5625</y5>
			<x6>404.859383</x6>
			<y6>355.8125</y6>
			<x7>404.859383</x7>
			<y7>344.875</y7>
			<x8>398.587947</x8>
			<y8>337.0625</y8>
			<x9>390.748653</x9>
			<y9>332.375</y9>
			<x10>379.77364</x10>
			<y10>341.75</y10>
			<x11>382.125429</x11>
			<y11>352.6875</y11>
			<x12>383.693288</x12>
			<y12>408.9375</y12>
			<x13>391.532582</x13>
			<y13>460.5</y13>
			<x14>398.587947</x14>
			<y14>473</y14>
		</polygon>
	</object>
	<object>
		<name>LPMD</name>
		<pose>Unspecified</pose>
		<truncated>0</truncated>
		<difficult>0</difficult>
		<occluded>0</occluded>
		<bndbox>
			<xmin>406</xmin>
			<xmax>440</xmax>
			<ymin>337</ymin>
			<ymax>488</ymax>
		</bndbox>
		<polygon>
			<x1>416.618324</x1>
			<y1>458.9375</y1>
			<x2>431.512984</x2>
			<y2>487.0625</y2>
			<x3>439.352278</x3>
			<y3>474.5625</y3>
			<x4>433.864772</x4>
			<y4>448</y4>
			<x5>431.512984</x5>
			<y5>408.9375</y5>
			<x6>429.945125</x6>
			<y6>380.8125</y6>
			<x7>429.945125</x7>
			<y7>358.9375</y7>
			<x8>429.945125</x8>
			<y8>348</y8>
			<x9>422.10583</x9>
			<y9>341.75</y9>
			<x10>414.266536</x10>
			<y10>335.5</y10>
			<x11>404.859383</x11>
			<y11>343.3125</y11>
			<x12>407.9951</x12>
			<y12>376.125</y12>
			<x13>411.130818</x13>
			<y13>421.4375</y13>
			<x14>416.618324</x14>
			<y14>458.9375</y14>
		</polygon>
	</object>
	<object>
		<name>LMD</name>
		<pose>Unspecified</pose>
		<truncated>0</truncated>
		<difficult>0</difficult>
		<occluded>0</occluded>
		<bndbox>
			<xmin>455</xmin>
			<xmax>513</xmax>
			<ymin>294</ymin>
			<ymax>424</ymax>
		</bndbox>
		<polygon>
			<x1>461.302303</x1>
			<y1>308.9375</y1>
			<x2>455.814797</x2>
			<y2>316.75</y2>
			<x3>454.246938</x3>
			<y3>316.75</y3>
			<x4>456.598726</x4>
			<y4>330.8125</y4>
			<x5>476.196962</x5>
			<y5>387.0625</y5>
			<x6>484.036257</x6>
			<y6>404.25</y6>
			<x7>494.22734</x7>
			<y7>421.4375</y7>
			<x8>502.850563</x8>
			<y8>423</y8>
			<x9>512.257717</x9>
			<y9>404.25</y9>
			<x10>509.121999</x10>
			<y10>374.5625</y10>
			<x11>508.33807</x11>
			<y11>365.1875</y11>
			<x12>503.634493</x12>
			<y12>341.75</y12>
			<x13>498.930916</x13>
			<y13>324.5625</y13>
			<x14>495.795198</x14>
			<y14>319.875</y14>
			<x15>491.091622</x15>
			<y15>307.375</y15>
			<x16>487.955904</x16>
			<y16>301.125</y16>
			<x17>482.468398</x17>
			<y17>293.3125</y17>
			<x18>469.141597</x18>
			<y18>305.8125</y18>
			<x19>469.141597</x19>
			<y19>307.375</y19>
			<x20>461.302303</x20>
			<y20>308.9375</y20>
		</polygon>
	</object>
</annotation>
