<annotation>
	<folder></folder>
	<filename>263_jpg.rf.5422de27560fd1a23ecd43584c0c9035.jpg</filename>
	<path>263_jpg.rf.5422de27560fd1a23ecd43584c0c9035.jpg</path>
	<source>
		<database>roboflow.com</database>
	</source>
	<size>
		<width>640</width>
		<height>640</height>
		<depth>3</depth>
	</size>
	<segmented>0</segmented>
	<object>
		<name>RIU</name>
		<pose>Unspecified</pose>
		<truncated>0</truncated>
		<difficult>0</difficult>
		<occluded>0</occluded>
		<bndbox>
			<xmin>287</xmin>
			<xmax>317</xmax>
			<ymin>235</ymin>
			<ymax>394</ymax>
		</bndbox>
		<polygon>
			<x1>290.059221</x1>
			<y1>379.213399</y1>
			<x2>298.286919</x2>
			<y2>392.75395</y2>
			<x3>305.441439</x3>
			<y3>385.627344</y3>
			<x4>315.815493</x4>
			<y4>382.064041</y4>
			<x5>312.953685</x5>
			<y5>322.200555</y5>
			<x6>301.180445</x6>
			<y6>243.163707</y6>
			<x7>286.481961</x7>
			<y7>233.830647</y7>
			<x8>286.481961</x8>
			<y8>257.348445</y8>
			<x9>290.059221</x9>
			<y9>310.797986</y9>
			<x10>288.986043</x10>
			<y10>343.580372</y10>
			<x11>290.059221</x11>
			<y11>379.213399</y11>
		</polygon>
	</object>
	<object>
		<name>RIU</name>
		<pose>Unspecified</pose>
		<truncated>0</truncated>
		<difficult>0</difficult>
		<occluded>0</occluded>
		<bndbox>
			<xmin>266</xmin>
			<xmax>291</xmax>
			<ymin>229</ymin>
			<ymax>386</ymax>
		</bndbox>
		<polygon>
			<x1>286.885371</x1>
			<y1>331.912545</y1>
			<x2>283.877598</x2>
			<y2>255.727573</y2>
			<x3>278.076892</x3>
			<y3>231.759267</y3>
			<x4>272.920708</x4>
			<y4>228.335224</y4>
			<x5>267.994666</x5>
			<y5>239.915959</y5>
			<x6>265.401275</x6>
			<y6>366.580987</y6>
			<x7>269.483253</x7>
			<y7>384.985222</y7>
			<x8>289.248622</x8>
			<y8>384.985222</y8>
			<x9>290.322827</x9>
			<y9>379.421151</y9>
			<x10>289.463463</x10>
			<y10>345.180714</y10>
			<x11>286.885371</x11>
			<y11>331.912545</y11>
		</polygon>
	</object>
	<object>
		<name>RID</name>
		<pose>Unspecified</pose>
		<truncated>0</truncated>
		<difficult>0</difficult>
		<occluded>0</occluded>
		<bndbox>
			<xmin>300</xmin>
			<xmax>319</xmax>
			<ymin>395</ymin>
			<ymax>502</ymax>
		</bndbox>
		<polygon>
			<x1>299.99067</x1>
			<y1>399.167006</y1>
			<x2>298.701625</x2>
			<y2>462.083809</y2>
			<x3>300.850035</x3>
			<y3>500.6043</y3>
			<x4>309.228832</x4>
			<y4>495.89624</y4>
			<x5>314.170175</x5>
			<y5>448.387634</y5>
			<x6>317.62975</x6>
			<y6>401.374559</y6>
			<x7>304.932013</x7>
			<y7>394.030941</y7>
			<x8>299.99067</x8>
			<y8>399.167006</y8>
		</polygon>
	</object>
	<object>
		<name>RID</name>
		<pose>Unspecified</pose>
		<truncated>0</truncated>
		<difficult>0</difficult>
		<occluded>0</occluded>
		<bndbox>
			<xmin>277</xmin>
			<xmax>302</xmax>
			<ymin>390</ymin>
			<ymax>512</ymax>
		</bndbox>
		<polygon>
			<x1>282.15887</x1>
			<y1>404.303072</y1>
			<x2>277.217528</x2>
			<y2>485.196104</y2>
			<x3>276.358164</x3>
			<y3>508.736404</y3>
			<x4>284.522121</x4>
			<y4>511.304436</y4>
			<x5>296.982897</x5>
			<y5>439.399519</y5>
			<x6>301.084721</x6>
			<y6>395.378749</y6>
			<x7>284.951803</x7>
			<y7>389.322881</y7>
			<x8>282.15887</x8>
			<y8>404.303072</y8>
		</polygon>
	</object>
	<object>
		<name>RCD</name>
		<pose>Unspecified</pose>
		<truncated>0</truncated>
		<difficult>0</difficult>
		<occluded>0</occluded>
		<bndbox>
			<xmin>253</xmin>
			<xmax>285</xmax>
			<ymin>387</ymin>
			<ymax>530</ymax>
		</bndbox>
		<polygon>
			<x1>253.14879</x1>
			<y1>525.370346</y1>
			<x2>259.147148</x2>
			<y2>529.04724</y2>
			<x3>264.914799</x3>
			<y3>518.016556</y3>
			<x4>279.449281</x4>
			<y4>442.640216</y4>
			<x5>283.622446</x5>
			<y5>402.262304</y5>
			<x6>277.834339</x6>
			<y6>385.648348</y6>
			<x7>265.145505</x7>
			<y7>390.244466</y7>
			<x8>260.762091</x8>
			<y8>398.977091</y8>
			<x9>260.300678</x9>
			<y9>434.826814</y9>
			<x10>252.225966</x10>
			<y10>503.768589</y10>
			<x11>253.14879</x11>
			<y11>525.370346</y11>
		</polygon>
	</object>
	<object>
		<name>RPMD</name>
		<pose>Unspecified</pose>
		<truncated>0</truncated>
		<difficult>0</difficult>
		<occluded>0</occluded>
		<bndbox>
			<xmin>235</xmin>
			<xmax>261</xmax>
			<ymin>385</ymin>
			<ymax>519</ymax>
		</bndbox>
		<polygon>
			<x1>235.845836</x1>
			<y1>515.718497</y1>
			<x2>245.074079</x2>
			<y2>518.016556</y2>
			<x3>255.917263</x3>
			<y3>481.247609</y3>
			<x4>258.224324</x4>
			<y4>426.094189</y4>
			<x5>260.300678</x5>
			<y5>398.057867</y5>
			<x6>249.6882</x6>
			<y6>384.269513</y6>
			<x7>242.536312</x7>
			<y7>386.567572</y7>
			<x8>234.000188</x8>
			<y8>402.194374</y8>
			<x9>237.691485</x9>
			<y9>433.447979</y9>
			<x10>239.998545</x10>
			<y10>478.489938</y10>
			<x11>235.845836</x11>
			<y11>515.718497</y11>
		</polygon>
	</object>
	<object>
		<name>RPMD</name>
		<pose>Unspecified</pose>
		<truncated>0</truncated>
		<difficult>0</difficult>
		<occluded>0</occluded>
		<bndbox>
			<xmin>214</xmin>
			<xmax>246</xmax>
			<ymin>377</ymin>
			<ymax>523</ymax>
		</bndbox>
		<polygon>
			<x1>229.155361</x1>
			<y1>375.536888</y1>
			<x2>217.389352</x2>
			<y2>390.704078</y2>
			<x3>218.08147</x3>
			<y3>415.523118</y3>
			<x4>214.159467</x4>
			<y4>489.980234</y4>
			<x5>213.467349</x5>
			<y5>507.905096</y5>
			<x6>217.158646</x6>
			<y6>521.693451</y6>
			<x7>224.079827</x7>
			<y7>514.339661</y7>
			<x8>232.615952</x8>
			<y8>478.030327</y8>
			<x9>238.383603</x9>
			<y9>420.119236</y9>
			<x10>244.843372</x10>
			<y10>396.679033</y10>
			<x11>243.704813</x11>
			<y11>390.764848</y11>
			<x12>238.383603</x12>
			<y12>375.9965</y12>
			<x13>235.61513</x13>
			<y13>378.754171</y13>
			<x14>229.155361</x14>
			<y14>375.536888</y14>
		</polygon>
	</object>
	<object>
		<name>RCU</name>
		<pose>Unspecified</pose>
		<truncated>0</truncated>
		<difficult>0</difficult>
		<occluded>0</occluded>
		<bndbox>
			<xmin>243</xmin>
			<xmax>268</xmax>
			<ymin>206</ymin>
			<ymax>378</ymax>
		</bndbox>
		<polygon>
			<x1>264.453387</x1>
			<y1>365.363569</y1>
			<x2>267.452566</x2>
			<y2>340.544531</y2>
			<x3>264.914799</x3>
			<y3>263.329743</y3>
			<x4>259.147148</x4>
			<y4>223.803125</y4>
			<x5>250.380318</x5>
			<y5>204.575836</y5>
			<x6>246.689021</x6>
			<y6>211.470013</y6>
			<x7>244.858502</x7>
			<y7>232.099965</y7>
			<x8>242.997724</x8>
			<y8>311.129373</y8>
			<x9>241.613488</x9>
			<y9>358.469392</y9>
			<x10>249.918906</x10>
			<y10>376.853866</y10>
			<x11>255.686557</x11>
			<y11>376.394254</y11>
			<x12>264.453387</x12>
			<y12>365.363569</y12>
		</polygon>
	</object>
	<object>
		<name>RPMU</name>
		<pose>Unspecified</pose>
		<truncated>0</truncated>
		<difficult>0</difficult>
		<occluded>0</occluded>
		<bndbox>
			<xmin>219</xmin>
			<xmax>248</xmax>
			<ymin>218</ymin>
			<ymax>375</ymax>
		</bndbox>
		<polygon>
			<x1>222.695591</x1>
			<y1>232.517994</y1>
			<x2>221.080649</x2>
			<y2>265.150434</y2>
			<x3>220.157825</x3>
			<y3>334.092209</y3>
			<x4>218.08147</x4>
			<y4>356.153577</y4>
			<x5>220.157825</x5>
			<y5>362.588143</y5>
			<x6>228.232537</x6>
			<y6>373.618827</y6>
			<x7>234.692306</x7>
			<y7>365.805426</y7>
			<x8>240.229252</x8>
			<y8>362.588143</y8>
			<x9>245.074079</x9>
			<y9>356.153577</y9>
			<x10>246.689021</x10>
			<y10>333.172986</y10>
			<x11>241.844194</x11>
			<y11>307.434723</y11>
			<x12>238.628582</x12>
			<y12>225.66139</y12>
			<x13>231.231715</x13>
			<y13>216.891192</y13>
			<x14>222.695591</x14>
			<y14>232.517994</y14>
		</polygon>
	</object>
	<object>
		<name>RPMU</name>
		<pose>Unspecified</pose>
		<truncated>0</truncated>
		<difficult>0</difficult>
		<occluded>0</occluded>
		<bndbox>
			<xmin>200</xmin>
			<xmax>225</xmax>
			<ymin>227</ymin>
			<ymax>371</ymax>
		</bndbox>
		<polygon>
			<x1>224.310533</x1>
			<y1>335.471045</y1>
			<x2>221.080649</x2>
			<y2>316.62696</y2>
			<x3>220.849943</x3>
			<y3>244.927514</y3>
			<x4>216.235821</x4>
			<y4>226.083429</y4>
			<x5>208.632674</x5>
			<y5>233.019761</y5>
			<x6>199.39428</x6>
			<y6>333.172986</y6>
			<x7>199.855692</x7>
			<y7>353.395906</y7>
			<x8>203.777694</x8>
			<y8>366.265038</y8>
			<x9>208.853228</x9>
			<y9>370.401544</y9>
			<x10>219.927119</x10>
			<y10>362.588143</y10>
			<x11>224.310533</x11>
			<y11>335.471045</y11>
		</polygon>
	</object>
	<object>
		<name>RMU</name>
		<pose>Unspecified</pose>
		<truncated>0</truncated>
		<difficult>0</difficult>
		<occluded>0</occluded>
		<bndbox>
			<xmin>169</xmin>
			<xmax>204</xmax>
			<ymin>228</ymin>
			<ymax>370</ymax>
		</bndbox>
		<polygon>
			<x1>168.018256</x1>
			<y1>336.390269</y1>
			<x2>169.863904</x2>
			<y2>352.936294</y2>
			<x3>179.092147</x3>
			<y3>369.022709</y3>
			<x4>186.013328</x4>
			<y4>362.588143</y4>
			<x5>194.780158</x5>
			<y5>368.103485</y5>
			<x6>202.624164</x6>
			<y6>352.017071</y6>
			<x7>202.162752</x7>
			<y7>331.334538</y7>
			<x8>195.019145</x8>
			<y8>226.581186</y8>
			<x9>175.862262</x9>
			<y9>226.543041</y9>
			<x10>175.400849</x10>
			<y10>243.089066</y10>
			<x11>172.401671</x11>
			<y11>311.571229</y11>
			<x12>168.018256</x12>
			<y12>336.390269</y12>
		</polygon>
	</object>
	<object>
		<name>RMU</name>
		<pose>Unspecified</pose>
		<truncated>0</truncated>
		<difficult>0</difficult>
		<occluded>0</occluded>
		<bndbox>
			<xmin>145</xmin>
			<xmax>175</xmax>
			<ymin>209</ymin>
			<ymax>362</ymax>
		</bndbox>
		<polygon>
			<x1>144.255532</x1>
			<y1>331.334538</y1>
			<x2>155.098717</x2>
			<y2>353.395906</y2>
			<x3>165.480489</x3>
			<y3>360.749696</y3>
			<x4>174.247319</x4>
			<y4>341.445999</y4>
			<x5>174.016613</x5>
			<y5>322.142302</y5>
			<x6>169.86873</x6>
			<y6>222.902001</y6>
			<x7>154.175892</x7>
			<y7>207.698956</y7>
			<x8>150.484596</x8>
			<y8>244.927514</y8>
			<x9>148.408241</x9>
			<y9>296.863651</y9>
			<x10>144.024826</x10>
			<y10>318.005795</y10>
			<x11>144.255532</x11>
			<y11>331.334538</y11>
		</polygon>
	</object>
	<object>
		<name>LIU</name>
		<pose>Unspecified</pose>
		<truncated>0</truncated>
		<difficult>0</difficult>
		<occluded>0</occluded>
		<bndbox>
			<xmin>315</xmin>
			<xmax>342</xmax>
			<ymin>235</ymin>
			<ymax>388</ymax>
		</bndbox>
		<polygon>
			<x1>339.875774</x1>
			<y1>301.331071</y1>
			<x2>336.092292</x2>
			<y2>248.351756</y2>
			<x3>326.294389</x3>
			<y3>233.689096</y3>
			<x4>318.960441</x4>
			<y4>255.334528</y4>
			<x5>314.34277</x5>
			<y5>348.409886</y5>
			<x6>315.700909</x6>
			<y6>385.748257</y6>
			<x7>333.35671</x7>
			<y7>386.830528</y7>
			<x8>340.690658</x8>
			<y8>381.960306</y8>
			<x9>339.875774</x9>
			<y9>301.331071</y9>
		</polygon>
	</object>
	<object>
		<name>LIU</name>
		<pose>Unspecified</pose>
		<truncated>0</truncated>
		<difficult>0</difficult>
		<occluded>0</occluded>
		<bndbox>
			<xmin>340</xmin>
			<xmax>367</xmax>
			<ymin>225</ymin>
			<ymax>385</ymax>
		</bndbox>
		<polygon>
			<x1>346.938095</x1>
			<y1>224.489787</y1>
			<x2>339.060891</x2>
			<y2>240.182726</y2>
			<x3>340.41903</x3>
			<y3>338.128306</y3>
			<x4>340.41903</x4>
			<y4>384.124849</y4>
			<x5>362.420874</x5>
			<y5>383.583714</y5>
			<x6>366.223662</x6>
			<y6>370.055319</y6>
			<x7>354.565515</x7>
			<y7>236.43935</y7>
			<x8>346.938095</x8>
			<y8>224.489787</y8>
		</polygon>
	</object>
	<object>
		<name>LID</name>
		<pose>Unspecified</pose>
		<truncated>0</truncated>
		<difficult>0</difficult>
		<occluded>0</occluded>
		<bndbox>
			<xmin>315</xmin>
			<xmax>335</xmax>
			<ymin>395</ymin>
			<ymax>515</ymax>
		</bndbox>
		<polygon>
			<x1>314.071142</x1>
			<y1>394.47926</y1>
			<x2>316.244164</x2>
			<y2>433.441037</y2>
			<x3>321.133463</x3>
			<y3>501.083013</y3>
			<x4>326.294389</x4>
			<y4>514.070272</y4>
			<x5>333.628337</x5>
			<y5>491.342569</y5>
			<x6>333.628337</x6>
			<y6>459.956692</y6>
			<x7>333.918972</x7>
			<y7>398.339771</y7>
			<x8>314.071142</x8>
			<y8>394.47926</y8>
		</polygon>
	</object>
	<object>
		<name>LID</name>
		<pose>Unspecified</pose>
		<truncated>0</truncated>
		<difficult>0</difficult>
		<occluded>0</occluded>
		<bndbox>
			<xmin>332</xmin>
			<xmax>354</xmax>
			<ymin>390</ymin>
			<ymax>512</ymax>
		</bndbox>
		<polygon>
			<x1>353.185532</x1>
			<y1>479.437581</y1>
			<x2>351.284138</x2>
			<y2>431.81763</y2>
			<x3>350.490539</x3>
			<y3>394.007987</y3>
			<x4>339.875774</x4>
			<y4>388.526766</y4>
			<x5>330.640433</x5>
			<y5>390.150173</y5>
			<x6>330.640433</x6>
			<y6>412.336741</y6>
			<x7>337.159497</x7>
			<y7>463.203507</y7>
			<x8>342.048796</x8>
			<y8>510.823458</y8>
			<x9>348.839489</x9>
			<y9>504.329827</y9>
			<x10>353.185532</x10>
			<y10>479.437581</y10>
		</polygon>
	</object>
	<object>
		<name>LCD</name>
		<pose>Unspecified</pose>
		<truncated>0</truncated>
		<difficult>0</difficult>
		<occluded>0</occluded>
		<bndbox>
			<xmin>351</xmin>
			<xmax>378</xmax>
			<ymin>382</ymin>
			<ymax>537</ymax>
		</bndbox>
		<polygon>
			<x1>373.853732</x1>
			<y1>391.300622</y1>
			<x2>356.445064</x2>
			<y2>381.492001</y2>
			<x3>349.654372</x3>
			<y3>397.184939</y3>
			<x4>352.099021</x4>
			<y4>439.393531</y4>
			<x5>365.680406</x5>
			<y5>529.222075</y5>
			<x6>375.187376</x6>
			<y6>536.25684</y6>
			<x7>377.360398</x7>
			<y7>481.602124</y7>
			<x8>373.014354</x8>
			<y8>430.735359</y8>
			<x9>373.853732</x9>
			<y9>391.300622</y9>
		</polygon>
	</object>
	<object>
		<name>LPMD</name>
		<pose>Unspecified</pose>
		<truncated>0</truncated>
		<difficult>0</difficult>
		<occluded>0</occluded>
		<bndbox>
			<xmin>372</xmin>
			<xmax>399</xmax>
			<ymin>378</ymin>
			<ymax>517</ymax>
		</bndbox>
		<polygon>
			<x1>398.004103</x1>
			<y1>501.083013</y1>
			<x2>394.201315</x2>
			<y2>461.038964</y2>
			<x3>398.303585</x3>
			<y3>392.925041</y3>
			<x4>381.706441</x4>
			<y4>377.162914</y4>
			<x5>370.841333</x5>
			<y5>397.184939</y5>
			<x6>373.285982</x6>
			<y6>422.077186</y6>
			<x7>376.273887</x7>
			<y7>468.073729</y7>
			<x8>389.312017</x8>
			<y8>516.234816</y8>
			<x9>395.016198</x9>
			<y9>516.234816</y9>
			<x10>398.004103</x10>
			<y10>501.083013</y10>
		</polygon>
	</object>
	<object>
		<name>LPMD</name>
		<pose>Unspecified</pose>
		<truncated>0</truncated>
		<difficult>0</difficult>
		<occluded>0</occluded>
		<bndbox>
			<xmin>390</xmin>
			<xmax>426</xmax>
			<ymin>372</ymin>
			<ymax>520</ymax>
		</bndbox>
		<polygon>
			<x1>404.251541</x1>
			<y1>491.342569</y1>
			<x2>416.474787</x2>
			<y2>517.317087</y2>
			<x3>424.895246</x3>
			<y3>518.940494</y3>
			<x4>417.561298</x4>
			<y4>423.700593</y4>
			<x5>418.647809</x5>
			<y5>386.362223</y5>
			<x6>402.078519</x6>
			<y6>371.21042</y6>
			<x7>392.843177</x7>
			<y7>384.197679</y7>
			<x8>389.312017</x8>
			<y8>402.055161</y8>
			<x9>395.016198</x9>
			<y9>418.830371</y9>
			<x10>400.448752</x10>
			<y10>462.121235</y10>
			<x11>404.251541</x11>
			<y11>491.342569</y11>
		</polygon>
	</object>
	<object>
		<name>LMD</name>
		<pose>Unspecified</pose>
		<truncated>0</truncated>
		<difficult>0</difficult>
		<occluded>0</occluded>
		<bndbox>
			<xmin>465</xmin>
			<xmax>527</xmax>
			<ymin>342</ymin>
			<ymax>446</ymax>
		</bndbox>
		<polygon>
			<x1>505.297047</x1>
			<y1>439.320701</y1>
			<x2>519.150059</x2>
			<y2>444.732059</y2>
			<x3>525.940752</x3>
			<y3>419.839812</y3>
			<x4>508.828207</x4>
			<y4>370.055319</y4>
			<x5>493.386346</x5>
			<y5>347.982784</y5>
			<x6>481.665436</x6>
			<y6>340.833985</y6>
			<x7>465.096146</x7>
			<y7>366.808504</y7>
			<x8>464.281263</x8>
			<y8>388.453936</y8>
			<x9>463.738008</x9>
			<y9>405.770281</y9>
			<x10>479.220787</x10>
			<y10>420.922084</y10>
			<x11>505.297047</x11>
			<y11>439.320701</y11>
		</polygon>
	</object>
	<object>
		<name>LMU</name>
		<pose>Unspecified</pose>
		<truncated>0</truncated>
		<difficult>0</difficult>
		<occluded>0</occluded>
		<bndbox>
			<xmin>482</xmin>
			<xmax>525</xmax>
			<ymin>200</ymin>
			<ymax>330</ymax>
		</bndbox>
		<polygon>
			<x1>523.76773</x1>
			<y1>273.119179</y1>
			<x2>495.790077</x2>
			<y2>208.182883</y2>
			<x3>491.172406</x3>
			<y3>198.983574</y3>
			<x4>482.208692</x4>
			<y4>206.559476</y4>
			<x5>480.61809</x5>
			<y5>220.195161</y5>
			<x6>487.641246</x6>
			<y6>282.318488</y6>
			<x7>489.542639</x7>
			<y7>313.704365</y7>
			<x8>499.049609</x8>
			<y8>328.856168</y8>
			<x9>511.272856</x9>
			<y9>326.150488</y9>
			<x10>523.76773</x10>
			<y10>301.258241</y10>
			<x11>523.76773</x11>
			<y11>273.119179</y11>
		</polygon>
	</object>
	<object>
		<name>LMU</name>
		<pose>Unspecified</pose>
		<truncated>0</truncated>
		<difficult>0</difficult>
		<occluded>0</occluded>
		<bndbox>
			<xmin>456</xmin>
			<xmax>494</xmax>
			<ymin>214</ymin>
			<ymax>357</ymax>
		</bndbox>
		<polygon>
			<x1>455.081577</x1>
			<y1>232.649039</y1>
			<x2>458.577081</x2>
			<y2>316.951179</y2>
			<x3>465.911029</x3>
			<y3>355.912957</y3>
			<x4>482.208692</x4>
			<y4>349.419327</y4>
			<x5>492.802172</x5>
			<y5>326.150488</y5>
			<x6>487.912873</x6>
			<y6>290.976661</y6>
			<x7>476.232882</x7>
			<y7>220.087871</y7>
			<x8>469.985445</x8>
			<y8>212.511969</y8>
			<x9>455.081577</x9>
			<y9>232.649039</y9>
		</polygon>
	</object>
	<object>
		<name>LMU</name>
		<pose>Unspecified</pose>
		<truncated>0</truncated>
		<difficult>0</difficult>
		<occluded>0</occluded>
		<bndbox>
			<xmin>427</xmin>
			<xmax>466</xmax>
			<ymin>225</ymin>
			<ymax>379</ymax>
		</bndbox>
		<polygon>
			<x1>430.631724</x1>
			<y1>234.273458</y1>
			<x2>426.253384</x2>
			<y2>348.337056</y2>
			<x3>435.760354</x3>
			<y3>377.558389</y3>
			<x4>453.95941</x4>
			<y4>368.900217</y4>
			<x5>463.194752</x5>
			<y5>366.194538</y5>
			<x6>464.824518</x6>
			<y6>336.432069</y6>
			<x7>446.353835</x7>
			<y7>231.992859</y7>
			<x8>434.130588</x8>
			<y8>224.416958</y8>
			<x9>430.631724</x9>
			<y9>234.273458</y9>
		</polygon>
	</object>
	<object>
		<name>LPMU</name>
		<pose>Unspecified</pose>
		<truncated>0</truncated>
		<difficult>0</difficult>
		<occluded>0</occluded>
		<bndbox>
			<xmin>408</xmin>
			<xmax>439</xmax>
			<ymin>223</ymin>
			<ymax>369</ymax>
		</bndbox>
		<polygon>
			<x1>415.418482</x1>
			<y1>228.858728</y1>
			<x2>406.69619</x2>
			<y2>336.973204</y2>
			<x3>416.203159</x3>
			<y3>361.865451</y3>
			<x4>427.883151</x4>
			<y4>367.817945</y4>
			<x5>438.205003</x5>
			<y5>351.042735</y5>
			<x6>435.760354</x6>
			<y6>307.751871</y6>
			<x7>431.414311</x7>
			<y7>227.663772</y7>
			<x8>422.993852</x8>
			<y8>221.711278</y8>
			<x9>415.418482</x9>
			<y9>228.858728</y9>
		</polygon>
	</object>
	<object>
		<name>LPMU</name>
		<pose>Unspecified</pose>
		<truncated>0</truncated>
		<difficult>0</difficult>
		<occluded>0</occluded>
		<bndbox>
			<xmin>383</xmin>
			<xmax>420</xmax>
			<ymin>199</ymin>
			<ymax>370</ymax>
		</bndbox>
		<polygon>
			<x1>382.275348</x1>
			<y1>213.697485</y1>
			<x2>383.064579</x2>
			<y2>338.596612</y2>
			<x3>389.312017</x3>
			<y3>361.865451</y3>
			<x4>410.770605</x4>
			<y4>369.441352</y4>
			<x5>419.191064</x5>
			<y5>345.631377</y5>
			<x6>411.585488</x6>
			<y6>302.340513</y6>
			<x7>400.177125</x7>
			<y7>204.936068</y7>
			<x8>390.398527</x8>
			<y8>198.442439</y8>
			<x9>382.275348</x9>
			<y9>213.697485</y9>
		</polygon>
	</object>
	<object>
		<name>LCU</name>
		<pose>Unspecified</pose>
		<truncated>0</truncated>
		<difficult>0</difficult>
		<occluded>0</occluded>
		<bndbox>
			<xmin>358</xmin>
			<xmax>396</xmax>
			<ymin>192</ymin>
			<ymax>378</ymax>
		</bndbox>
		<polygon>
			<x1>366.518776</x1>
			<y1>199.619188</y1>
			<x2>356.98832</x2>
			<y2>265.543278</y2>
			<x3>364.322268</x3>
			<y3>354.830686</y3>
			<x4>376.273887</x4>
			<y4>377.017254</y4>
			<x5>387.953878</x5>
			<y5>377.017254</y5>
			<x6>395.016198</x6>
			<y6>342.384563</y6>
			<x7>383.879463</x7>
			<y7>197.901303</y7>
			<x8>375.459004</x8>
			<y8>190.866537</y8>
			<x9>366.518776</x9>
			<y9>199.619188</y9>
		</polygon>
	</object>
	<metadata>
		<tags>
			<tag>teeth</tag>
		</tags>
	</metadata>
</annotation>
