<annotation>
	<folder></folder>
	<filename>264_jpg.rf.bd4f730d16280a38be75ada722a88754.jpg</filename>
	<path>264_jpg.rf.bd4f730d16280a38be75ada722a88754.jpg</path>
	<source>
		<database>roboflow.com</database>
	</source>
	<size>
		<width>640</width>
		<height>640</height>
		<depth>3</depth>
	</size>
	<segmented>0</segmented>
	<object>
		<name>RIU</name>
		<pose>Unspecified</pose>
		<truncated>0</truncated>
		<difficult>0</difficult>
		<occluded>0</occluded>
		<bndbox>
			<xmin>268</xmin>
			<xmax>294</xmax>
			<ymin>186</ymin>
			<ymax>331</ymax>
		</bndbox>
		<polygon>
			<x1>277.223382</x1>
			<y1>330.001474</y1>
			<x2>285.40792</x2>
			<y2>329.260308</y2>
			<x3>288.384116</x3>
			<y3>325.554472</y3>
			<x4>291.360311</x4>
			<y4>283.307955</y4>
			<x5>292.848409</x5>
			<y5>203.261922</y5>
			<x6>289.872213</x6>
			<y6>184.732747</y6>
			<x7>275.394879</x7>
			<y7>200.354611</y7>
			<x8>272.387064</x8>
			<y8>236.614436</y8>
			<x9>267.178722</x9>
			<y9>306.284131</y9>
			<x10>267.178722</x10>
			<y10>316.660469</y10>
			<x11>270.154918</x11>
			<y11>327.036806</y11>
			<x12>277.223382</x12>
			<y12>330.001474</y12>
		</polygon>
	</object>
	<object>
		<name>RIU</name>
		<pose>Unspecified</pose>
		<truncated>0</truncated>
		<difficult>0</difficult>
		<occluded>0</occluded>
		<bndbox>
			<xmin>289</xmin>
			<xmax>321</xmax>
			<ymin>186</ymin>
			<ymax>340</ymax>
		</bndbox>
		<polygon>
			<x1>309.217484</x1>
			<y1>338.895478</y1>
			<x2>318.146071</x2>
			<y2>338.895478</y2>
			<x3>319.634169</x3>
			<y3>308.507632</y3>
			<x4>318.518095</x4>
			<y4>278.119786</y4>
			<x5>317.029997</x5>
			<y5>199.556087</y5>
			<x6>311.077606</x6>
			<y6>185.473914</y6>
			<x7>297.347963</x7>
			<y7>192.196694</y7>
			<x8>291.732335</x8>
			<y8>255.884777</y8>
			<x9>289.872213</x9>
			<y9>289.978457</y9>
			<x10>288.012091</x10>
			<y10>325.554472</y10>
			<x11>295.45258</x11>
			<y11>335.189643</y11>
			<x12>309.217484</x12>
			<y12>338.895478</y12>
		</polygon>
	</object>
	<object>
		<name>LIU</name>
		<pose>Unspecified</pose>
		<truncated>0</truncated>
		<difficult>0</difficult>
		<occluded>0</occluded>
		<bndbox>
			<xmin>319</xmin>
			<xmax>350</xmax>
			<ymin>185</ymin>
			<ymax>341</ymax>
		</bndbox>
		<polygon>
			<x1>319.634169</x1>
			<y1>340.377812</y1>
			<x2>337.863366</x2>
			<y2>335.93081</y2>
			<x3>348.652075</x3>
			<y3>330.001474</y3>
			<x4>348.28005</x4>
			<y4>301.837129</y4>
			<x5>347.908026</x5>
			<y5>272.190451</y5>
			<x6>346.419928</x6>
			<y6>221.791096</y6>
			<x7>345.675879</x7>
			<y7>183.991581</y7>
			<x8>331.910975</x8>
			<y8>188.438582</y8>
			<x9>324.138168</x9>
			<y9>201.09624</y9>
			<x10>321.494291</x10>
			<y10>263.296447</y10>
			<x11>318.518095</x11>
			<y11>289.237291</y11>
			<x12>317.774046</x12>
			<y12>318.142803</y12>
			<x13>319.634169</x13>
			<y13>340.377812</y13>
		</polygon>
	</object>
	<object>
		<name>LIU</name>
		<pose>Unspecified</pose>
		<truncated>0</truncated>
		<difficult>0</difficult>
		<occluded>0</occluded>
		<bndbox>
			<xmin>348</xmin>
			<xmax>370</xmax>
			<ymin>192</ymin>
			<ymax>335</ymax>
		</bndbox>
		<polygon>
			<x1>348.28005</x1>
			<y1>293.684292</y1>
			<x2>346.791953</x2>
			<y2>318.142803</y2>
			<x3>350.140173</x3>
			<y3>331.483808</y3>
			<x4>356.836612</x4>
			<y4>332.966142</y4>
			<x5>362.416979</x5>
			<y5>333.707309</y5>
			<x6>367.625321</x6>
			<y6>319.625137</y6>
			<x7>368.741395</x7>
			<y7>304.801797</y7>
			<x8>366.137224</x8>
			<y8>277.378619</y8>
			<x9>364.649126</x9>
			<y9>208.450091</y9>
			<x10>361.300906</x10>
			<y10>191.40325</y10>
			<x11>352.416717</x11>
			<y11>197.388096</y11>
			<x12>350.884221</x12>
			<y12>246.249606</y12>
			<x13>350.884221</x13>
			<y13>268.484616</y13>
			<x14>348.28005</x14>
			<y14>293.684292</y14>
		</polygon>
	</object>
	<object>
		<name>LCU</name>
		<pose>Unspecified</pose>
		<truncated>0</truncated>
		<difficult>0</difficult>
		<occluded>0</occluded>
		<bndbox>
			<xmin>367</xmin>
			<xmax>392</xmax>
			<ymin>158</ymin>
			<ymax>335</ymax>
		</bndbox>
		<polygon>
			<x1>376.553908</x1>
			<y1>334.448476</y1>
			<x2>386.598568</x2>
			<y2>325.554472</y2>
			<x3>391.434885</x3>
			<y3>309.989966</y3>
			<x4>391.062861</x4>
			<y4>275.155118</y4>
			<x5>388.086665</x5>
			<y5>174.35641</y5>
			<x6>381.76225</x6>
			<y6>156.568403</y6>
			<x7>377.34649</x7>
			<y7>169.947831</y7>
			<x8>370.601517</x8>
			<y8>229.202766</y8>
			<x9>368.741395</x9>
			<y9>266.261114</y9>
			<x10>366.137224</x10>
			<y10>292.943126</y10>
			<x11>367.253297</x11>
			<y11>310.731133</y11>
			<x12>376.553908</x12>
			<y12>334.448476</y12>
		</polygon>
	</object>
	<object>
		<name>LPMU</name>
		<pose>Unspecified</pose>
		<truncated>0</truncated>
		<difficult>0</difficult>
		<occluded>0</occluded>
		<bndbox>
			<xmin>385</xmin>
			<xmax>417</xmax>
			<ymin>162</ymin>
			<ymax>332</ymax>
		</bndbox>
		<polygon>
			<x1>396.262563</x1>
			<y1>319.552313</y1>
			<x2>403.968438</x2>
			<y2>331.219874</y2>
			<x3>415.989601</x3>
			<y3>309.112916</y3>
			<x4>414.140192</x4>
			<y4>279.022889</y4>
			<x5>407.050787</x5>
			<y5>187.524642</y5>
			<x6>399.961383</x6>
			<y6>160.505026</y6>
			<x7>392.592754</x7>
			<y7>178.390012</y7>
			<x8>391.330804</x8>
			<y8>212.702012</y8>
			<x9>386.707279</x9>
			<y9>261.214505</y9>
			<x10>384.241399</x10>
			<y10>288.848204</y10>
			<x11>386.707279</x11>
			<y11>315.86782</y11>
			<x12>396.262563</x12>
			<y12>319.552313</y12>
		</polygon>
	</object>
	<object>
		<name>LPMU</name>
		<pose>Unspecified</pose>
		<truncated>0</truncated>
		<difficult>0</difficult>
		<occluded>0</occluded>
		<bndbox>
			<xmin>406</xmin>
			<xmax>437</xmax>
			<ymin>168</ymin>
			<ymax>317</ymax>
		</bndbox>
		<polygon>
			<x1>404.893143</x1>
			<y1>285.777792</y1>
			<x2>404.893143</x2>
			<y2>303.586176</y2>
			<x3>417.530776</x3>
			<y3>314.025573</y3>
			<x4>422.154301</x4>
			<y4>310.955163</y4>
			<x5>428.010766</x5>
			<y5>316.481902</y5>
			<x6>436.024875</x6>
			<y6>302.358012</y6>
			<x7>433.86723</x7>
			<y7>276.56656</y7>
			<x8>429.551941</x8>
			<y8>256.91593</y8>
			<x9>424.620181</x9>
			<y9>189.366889</y9>
			<x10>419.996656</x10>
			<y10>166.645848</y10>
			<x11>411.089921</x11>
			<y11>176.546617</y11>
			<x12>408.591962</x12>
			<y12>228.054067</y12>
			<x13>408.591962</x13>
			<y13>261.828587</y13>
			<x14>404.893143</x14>
			<y14>285.777792</y14>
		</polygon>
	</object>
	<object>
		<name>LMU</name>
		<pose>Unspecified</pose>
		<truncated>0</truncated>
		<difficult>0</difficult>
		<occluded>0</occluded>
		<bndbox>
			<xmin>429</xmin>
			<xmax>465</xmax>
			<ymin>163</ymin>
			<ymax>311</ymax>
		</bndbox>
		<polygon>
			<x1>430.78488</x1>
			<y1>234.194889</y1>
			<x2>429.551941</x2>
			<y2>258.144094</y2>
			<x3>428.319</x3>
			<y3>282.093299</y3>
			<x4>430.78488</x4>
			<y4>296.831272</y4>
			<x5>437.56605</x5>
			<y5>309.112916</y5>
			<x6>444.347219</x6>
			<y6>309.726998</y6>
			<x7>451.436624</x7>
			<y7>300.515765</y7>
			<x8>455.443678</x8>
			<y8>304.814341</y8>
			<x9>461.916613</x9>
			<y9>293.760861</y9>
			<x10>464.074257</x10>
			<y10>274.110231</y10>
			<x11>458.217793</x11>
			<y11>243.406122</y11>
			<x12>452.669563</x12>
			<y12>181.383821</y12>
			<x13>448.354274</x13>
			<y13>162.347273</y13>
			<x14>439.107225</x14>
			<y14>167.259931</y14>
			<x15>428.66223</x15>
			<y15>180.847871</y15>
			<x16>430.78488</x16>
			<y16>234.194889</y16>
		</polygon>
	</object>
	<object>
		<name>LMU</name>
		<pose>Unspecified</pose>
		<truncated>0</truncated>
		<difficult>0</difficult>
		<occluded>0</occluded>
		<bndbox>
			<xmin>455</xmin>
			<xmax>494</xmax>
			<ymin>166</ymin>
			<ymax>296</ymax>
		</bndbox>
		<polygon>
			<x1>466.848372</x1>
			<y1>291.304532</y1>
			<x2>478.869536</x2>
			<y2>294.989026</y2>
			<x3>485.958941</x3>
			<y3>275.338396</y3>
			<x4>491.50717</x4>
			<y4>274.724313</y4>
			<x5>493.35658</x5>
			<y5>262.442669</y5>
			<x6>491.198935</x6>
			<y6>243.406122</y6>
			<x7>477.328361</x7>
			<y7>208.403437</y7>
			<x8>466.231902</x8>
			<y8>167.259931</y8>
			<x9>454.249978</x9>
			<y9>164.871786</y9>
			<x10>456.676618</x10>
			<y10>221.913245</y10>
			<x11>460.067203</x11>
			<y11>250.775108</y11>
			<x12>462.533083</x12>
			<y12>280.865135</y12>
			<x13>466.848372</x13>
			<y13>291.304532</y13>
		</polygon>
	</object>
	<object>
		<name>LMU</name>
		<pose>Unspecified</pose>
		<truncated>0</truncated>
		<difficult>0</difficult>
		<occluded>0</occluded>
		<bndbox>
			<xmin>470</xmin>
			<xmax>506</xmax>
			<ymin>138</ymin>
			<ymax>244</ymax>
		</bndbox>
		<polygon>
			<x1>497.363635</x1>
			<y1>237.879382</y1>
			<x2>502.295394</x2>
			<y2>215.772423</y2>
			<x3>504.761274</x3>
			<y3>207.175273</y3>
			<x4>504.144804</x4>
			<y4>191.823218</y4>
			<x5>487.191881</x5>
			<y5>153.13604</y5>
			<x6>473.629542</x6>
			<y6>137.169903</y6>
			<x7>469.047712</x7>
			<y7>152.58249</y7>
			<x8>469.006017</x8>
			<y8>174.628917</y8>
			<x9>473.937777</x9>
			<y9>198.578122</y9>
			<x10>478.869536</x10>
			<y10>229.282231</y10>
			<x11>491.198935</x11>
			<y11>243.406122</y11>
			<x12>497.363635</x12>
			<y12>237.879382</y12>
		</polygon>
	</object>
	<object>
		<name>RCU</name>
		<pose>Unspecified</pose>
		<truncated>0</truncated>
		<difficult>0</difficult>
		<occluded>0</occluded>
		<bndbox>
			<xmin>242</xmin>
			<xmax>277</xmax>
			<ymin>165</ymin>
			<ymax>330</ymax>
		</bndbox>
		<polygon>
			<x1>246.770893</x1>
			<y1>255.888488</y1>
			<x2>242.83602</x2>
			<y2>295.797479</y2>
			<x3>241.047441</x3>
			<y3>300.786103</y3>
			<x4>246.413178</x4>
			<y4>315.039314</y4>
			<x5>250.348052</x5>
			<y5>327.867204</y5>
			<x6>257.144652</x6>
			<y6>329.292524</y6>
			<x7>266.802979</x7>
			<y7>309.338029</y7>
			<x8>270.022421</x8>
			<y8>295.797479</y8>
			<x9>272.884147</x9>
			<y9>258.026469</y9>
			<x10>276.10359</x10>
			<y10>195.312341</y10>
			<x11>272.526432</x11>
			<y11>170.369222</y11>
			<x12>263.583536</x12>
			<y12>163.955277</y12>
			<x13>253.954129</x13>
			<y13>170.427037</y13>
			<x14>252.136631</x14>
			<y14>202.438946</y14>
			<x15>246.770893</x15>
			<y15>255.888488</y15>
		</polygon>
	</object>
	<object>
		<name>RPMU</name>
		<pose>Unspecified</pose>
		<truncated>0</truncated>
		<difficult>0</difficult>
		<occluded>0</occluded>
		<bndbox>
			<xmin>223</xmin>
			<xmax>249</xmax>
			<ymin>162</ymin>
			<ymax>317</ymax>
		</bndbox>
		<polygon>
			<x1>224.592513</x1>
			<y1>265.153075</y1>
			<x2>222.446218</x2>
			<y2>289.383534</y2>
			<x3>221.730787</x3>
			<y3>305.062066</y3>
			<x4>226.738808</x4>
			<y4>315.751974</y4>
			<x5>234.966272</x5>
			<y5>315.751974</y5>
			<x6>240.689725</x6>
			<y6>305.774726</y6>
			<x7>245.34003</x7>
			<y7>286.532892</y7>
			<x8>246.770893</x8>
			<y8>240.922616</y8>
			<x9>248.201757</x9>
			<y9>173.219864</y9>
			<x10>242.478304</x10>
			<y10>161.104634</y10>
			<x11>231.056518</x11>
			<y11>167.574619</y11>
			<x12>230.315966</x12>
			<y12>203.151607</y12>
			<x13>228.885103</x13>
			<y13>234.508671</y13>
			<x14>224.592513</x14>
			<y14>265.153075</y14>
		</polygon>
	</object>
	<object>
		<name>RPMU</name>
		<pose>Unspecified</pose>
		<truncated>0</truncated>
		<difficult>0</difficult>
		<occluded>0</occluded>
		<bndbox>
			<xmin>201</xmin>
			<xmax>237</xmax>
			<ymin>154</ymin>
			<ymax>307</ymax>
		</bndbox>
		<polygon>
			<x1>218.869061</x1>
			<y1>152.552708</y1>
			<x2>212.809985</x2>
			<y2>163.295991</y2>
			<x3>209.56845</x3>
			<y3>203.864267</y3>
			<x4>205.991291</x4>
			<y4>239.497295</y4>
			<x5>202.056417</x5>
			<y5>267.291057</y5>
			<x6>199.552407</x6>
			<y6>278.693626</y6>
			<x7>202.414133</x7>
			<y7>292.946836</y7>
			<x8>209.56845</x8>
			<y8>302.924084</y8>
			<x9>214.934187</x9>
			<y9>306.487387</y9>
			<x10>218.153629</x10>
			<y10>300.073442</y10>
			<x11>222.088503</x11>
			<y11>299.360781</y11>
			<x12>231.74683</x12>
			<y12>289.383534</y12>
			<x13>235.681703</x13>
			<y13>279.406286</y13>
			<x14>231.031398</x14>
			<y14>247.336561</y14>
			<x15>228.527387</x15>
			<y15>196.737662</y15>
			<x16>228.527387</x16>
			<y16>168.943901</y16>
			<x17>226.023377</x17>
			<y17>154.690689</y17>
			<x18>218.869061</x18>
			<y18>152.552708</y18>
		</polygon>
	</object>
	<object>
		<name>RMU</name>
		<pose>Unspecified</pose>
		<truncated>0</truncated>
		<difficult>0</difficult>
		<occluded>0</occluded>
		<bndbox>
			<xmin>172</xmin>
			<xmax>212</xmax>
			<ymin>136</ymin>
			<ymax>296</ymax>
		</bndbox>
		<polygon>
			<x1>185.976847</x1>
			<y1>159.730468</y1>
			<x2>183.455196</x2>
			<y2>198.875644</y2>
			<x3>178.447174</x3>
			<y3>227.382066</y3>
			<x4>173.796869</x4>
			<y4>244.485919</y4>
			<x5>170.935142</x5>
			<y5>259.451791</y5>
			<x6>170.577426</x6>
			<y6>279.406286</y6>
			<x7>173.796869</x7>
			<y7>289.383534</y7>
			<x8>183.812911</x8>
			<y8>286.532892</y8>
			<x9>191.682659</x9>
			<y9>295.084818</y9>
			<x10>200.625554</x10>
			<y10>289.383534</y10>
			<x11>207.77987</x11>
			<y11>285.107571</y11>
			<x12>210.641597</x12>
			<y12>252.325185</y12>
			<x13>211.357028</x13>
			<y13>208.852891</y13>
			<x14>210.999313</x14>
			<y14>172.507203</y14>
			<x15>208.137586</x15>
			<y15>145.426103</y15>
			<x16>192.398091</x16>
			<y16>135.448855</y16>
			<x17>185.976847</x17>
			<y17>159.730468</y17>
		</polygon>
	</object>
	<object>
		<name>RMU</name>
		<pose>Unspecified</pose>
		<truncated>0</truncated>
		<difficult>0</difficult>
		<occluded>0</occluded>
		<bndbox>
			<xmin>139</xmin>
			<xmax>186</xmax>
			<ymin>144</ymin>
			<ymax>279</ymax>
		</bndbox>
		<polygon>
			<x1>143.748741</x1>
			<y1>219.5428</y1>
			<x2>137.667572</x2>
			<y2>234.508671</y2>
			<x3>138.383004</x3>
			<y3>255.888488</y3>
			<x4>148.04133</x4>
			<y4>263.015093</y4>
			<x5>153.049352</x5>
			<y5>275.130322</y5>
			<x6>160.203668</x6>
			<y6>277.980965</y6>
			<x7>169.146563</x7>
			<y7>271.56702</y7>
			<x8>174.870016</x8>
			<y8>244.485919</y8>
			<x9>180.235753</x9>
			<y9>209.565552</y9>
			<x10>184.886059</x10>
			<y10>165.380598</y10>
			<x11>183.812911</x11>
			<y11>144.713442</y11>
			<x12>169.504279</x12>
			<y12>142.57546</y12>
			<x13>160.217035</x13>
			<y13>155.451841</y13>
			<x14>155.195647</x14>
			<y14>201.013626</y14>
			<x15>143.748741</x15>
			<y15>219.5428</y15>
		</polygon>
	</object>
	<object>
		<name>RMU</name>
		<pose>Unspecified</pose>
		<truncated>0</truncated>
		<difficult>0</difficult>
		<occluded>0</occluded>
		<bndbox>
			<xmin>121</xmin>
			<xmax>162</xmax>
			<ymin>130</ymin>
			<ymax>229</ymax>
		</bndbox>
		<polygon>
			<x1>120.497213</x1>
			<y1>196.036547</y1>
			<x2>121.57036</x2>
			<y2>208.151776</y2>
			<x3>129.440108</x3>
			<y3>208.864437</y3>
			<x4>135.163561</x4>
			<y4>226.680951</y4>
			<x5>139.456151</x5>
			<y5>228.106272</y5>
			<x6>150.903057</x6>
			<y6>213.853061</y6>
			<x7>156.62651</x7>
			<y7>183.921318</y7>
			<x8>161.276815</x8>
			<y8>148.28829</y8>
			<x9>156.268794</x9>
			<y9>129.046455</y9>
			<x10>145.179604</x10>
			<y10>131.184437</y10>
			<x11>139.813867</x11>
			<y11>135.448855</y11>
			<x12>133.017267</x12>
			<y12>165.392143</y12>
			<x13>123.35894</x13>
			<y13>179.645354</y13>
			<x14>120.497213</x14>
			<y14>196.036547</y14>
		</polygon>
	</object>
	<object>
		<name>RMD</name>
		<pose>Unspecified</pose>
		<truncated>0</truncated>
		<difficult>0</difficult>
		<occluded>0</occluded>
		<bndbox>
			<xmin>119</xmin>
			<xmax>176</xmax>
			<ymin>284</ymin>
			<ymax>438</ymax>
		</bndbox>
		<polygon>
			<x1>161.13744</x1>
			<y1>369.304087</y1>
			<x2>164.920973</x2>
			<y2>347.37607</y2>
			<x3>171.456166</x3>
			<y3>328.874306</y3>
			<x4>174.551783</x4>
			<y4>310.372541</y4>
			<x5>172.831996</x5>
			<y5>298.038032</y5>
			<x6>165.264931</x6>
			<y6>298.723282</y6>
			<x7>160.793483</x7>
			<y7>293.241278</y7>
			<x8>157.697865</x8>
			<y8>296.667531</y8>
			<x9>153.570375</x9>
			<y9>288.444524</y9>
			<x10>147.035182</x10>
			<y10>282.96252</y10>
			<x11>141.187905</x11>
			<y11>287.074023</y11>
			<x12>133.62084</x12>
			<y12>300.093784</y12>
			<x13>133.276882</x13>
			<y13>313.798794</y13>
			<x14>132.932925</x14>
			<y14>335.041561</y14>
			<x15>123.302114</x15>
			<y15>367.933586</y15>
			<x16>117.798794</x16>
			<y16>391.232104</y16>
			<x17>118.142752</x17>
			<y17>410.419119</y17>
			<x18>120.550454</x18>
			<y18>418.642125</y18>
			<x19>131.213137</x19>
			<y19>395.343607</y19>
			<x20>143.595607</x20>
			<y20>369.304087</y20>
			<x21>142.907692</x21>
			<y21>385.7501</y21>
			<x22>137.74833</x22>
			<y22>406.307616</y22>
			<x23>135.340627</x23>
			<y23>425.494631</y23>
			<x24>133.62084</x24>
			<y24>437.143889</y24>
			<x25>142.563735</x25>
			<y25>425.494631</y25>
			<x26>152.194545</x26>
			<y26>405.622365</y26>
			<x27>161.13744</x27>
			<y27>369.304087</y27>
		</polygon>
	</object>
	<object>
		<name>RMD</name>
		<pose>Unspecified</pose>
		<truncated>0</truncated>
		<difficult>0</difficult>
		<occluded>0</occluded>
		<bndbox>
			<xmin>160</xmin>
			<xmax>216</xmax>
			<ymin>309</ymin>
			<ymax>454</ymax>
		</bndbox>
		<polygon>
			<x1>205.851917</x1>
			<y1>363.822083</y1>
			<x2>211.011279</x2>
			<y2>347.37607</y2>
			<x3>215.138769</x3>
			<y3>328.874306</y3>
			<x4>213.418982</x4>
			<y4>318.595547</y4>
			<x5>209.291492</x5>
			<y5>310.372541</y5>
			<x6>198.284851</x6>
			<y6>319.280798</y6>
			<x7>188.997998</x7>
			<y7>308.31679</y7>
			<x8>182.462806</x8>
			<y8>309.002041</y8>
			<x9>174.924346</x9>
			<y9>307.749042</y9>
			<x10>171.456166</x10>
			<y10>317.910297</y10>
			<x11>170.080336</x11>
			<y11>324.077552</y11>
			<x12>171.456166</x12>
			<y12>341.894066</y12>
			<x13>172.488038</x13>
			<y13>356.969578</y13>
			<x14>166.640761</x14>
			<y14>381.638596</y14>
			<x15>158.729738</x15>
			<y15>420.012626</y15>
			<x16>161.481398</x16>
			<y16>435.088138</y16>
			<x17>173.519911</x17>
			<y17>413.160121</y17>
			<x18>182.462806</x18>
			<y18>389.176353</y18>
			<x19>187.966126</x19>
			<y19>388.491102</y19>
			<x20>189.341956</x20>
			<y20>400.825611</y20>
			<x21>184.870508</x21>
			<y21>438.514391</y21>
			<x22>187.966126</x22>
			<y22>452.904652</y22>
			<x23>193.813404</x23>
			<y23>432.347136</y23>
			<x24>202.412341</x24>
			<y24>391.232104</y24>
			<x25>205.851917</x25>
			<y25>363.822083</y25>
		</polygon>
	</object>
	<object>
		<name>RPMD</name>
		<pose>Unspecified</pose>
		<truncated>0</truncated>
		<difficult>0</difficult>
		<occluded>0</occluded>
		<bndbox>
			<xmin>203</xmin>
			<xmax>240</xmax>
			<ymin>322</ymin>
			<ymax>472</ymax>
		</bndbox>
		<polygon>
			<x1>208.947534</x1>
			<y1>339.838314</y1>
			<x2>207.227747</x2>
			<y2>391.917354</y2>
			<x3>202.756299</x3>
			<y3>437.143889</y3>
			<x4>201.724426</x4>
			<y4>456.330904</y4>
			<x5>201.724426</x5>
			<y5>470.721166</y5>
			<x6>212.043152</x6>
			<y6>465.239161</y6>
			<x7>224.425622</x7>
			<y7>416.586374</y7>
			<x8>227.521239</x8>
			<y8>377.527093</y8>
			<x9>232.336645</x9>
			<y9>364.507333</y9>
			<x10>238.52788</x10>
			<y10>353.543325</y10>
			<x11>237.839965</x11>
			<y11>336.412062</y11>
			<x12>230.272899</x12>
			<y12>330.930057</y12>
			<x13>222.705834</x13>
			<y13>321.33655</y13>
			<x14>213.075024</x14>
			<y14>325.448053</y14>
			<x15>208.947534</x15>
			<y15>339.838314</y15>
		</polygon>
	</object>
	<object>
		<name>RPMD</name>
		<pose>Unspecified</pose>
		<truncated>0</truncated>
		<difficult>0</difficult>
		<occluded>0</occluded>
		<bndbox>
			<xmin>229</xmin>
			<xmax>265</xmax>
			<ymin>336</ymin>
			<ymax>478</ymax>
		</bndbox>
		<polygon>
			<x1>231.64873</x1>
			<y1>359.710579</y1>
			<x2>231.992687</x2>
			<y2>377.527093</y2>
			<x3>227.521239</x3>
			<y3>455.645654</y3>
			<x4>230.616857</x4>
			<y4>476.88842</y4>
			<x5>234.744347</x5>
			<y5>474.832669</y5>
			<x6>250.222435</x6>
			<y6>413.160121</y6>
			<x7>257.101585</x7>
			<y7>382.323847</y7>
			<x8>263.636778</x8>
			<y8>361.081081</y8>
			<x9>259.16533</x9>
			<y9>348.746571</y9>
			<x10>255.381797</x10>
			<y10>345.320319</y10>
			<x11>248.502648</x11>
			<y11>335.041561</y11>
			<x12>237.15205</x12>
			<y12>339.153064</y12>
			<x13>233.712475</x13>
			<y13>346.690819</y13>
			<x14>231.64873</x14>
			<y14>359.710579</y14>
		</polygon>
	</object>
	<object>
		<name>RCD</name>
		<pose>Unspecified</pose>
		<truncated>0</truncated>
		<difficult>0</difficult>
		<occluded>0</occluded>
		<bndbox>
			<xmin>251</xmin>
			<xmax>286</xmax>
			<ymin>342</ymin>
			<ymax>512</ymax>
		</bndbox>
		<polygon>
			<x1>250.30949</x1>
			<y1>503.711881</y1>
			<x2>256.623588</x2>
			<y2>510.994625</y2>
			<x3>269.251785</x3>
			<y3>475.242976</y3>
			<x4>279.221414</x4>
			<y4>404.401744</y4>
			<x5>284.538549</x5>
			<y5>372.6225</y5>
			<x6>284.206228</x6>
			<y6>360.705284</y6>
			<x7>270.279639</x7>
			<y7>340.959672</y7>
			<x8>260.61144</x8>
			<y8>354.746676</y8>
			<x9>256.623588</x9>
			<y9>360.705284</y9>
			<x10>257.620551</x10>
			<y10>379.243176</y10>
			<x11>252.303416</x11>
			<y11>456.043016</y11>
			<x12>250.30949</x12>
			<y12>503.711881</y12>
		</polygon>
	</object>
	<object>
		<name>RID</name>
		<pose>Unspecified</pose>
		<truncated>0</truncated>
		<difficult>0</difficult>
		<occluded>0</occluded>
		<bndbox>
			<xmin>279</xmin>
			<xmax>305</xmax>
			<ymin>354</ymin>
			<ymax>525</ymax>
		</bndbox>
		<polygon>
			<x1>294.508178</x1>
			<y1>524.235976</y1>
			<x2>301.154597</x2>
			<y2>405.063812</y2>
			<x3>304.477807</x3>
			<y3>373.946635</y3>
			<x4>304.477807</x4>
			<y4>361.367351</y4>
			<x5>300.489955</x5>
			<y5>353.42254</y5>
			<x6>289.225077</x6>
			<y6>352.884314</y6>
			<x7>278.224451</x7>
			<y7>364.015621</y7>
			<x8>279.886055</x8>
			<y8>381.229379</y8>
			<x9>281.879981</x9>
			<y9>406.387947</y9>
			<x10>284.206228</x10>
			<y10>436.843056</y10>
			<x11>294.508178</x11>
			<y11>524.235976</y11>
		</polygon>
	</object>
	<object>
		<name>RID</name>
		<pose>Unspecified</pose>
		<truncated>0</truncated>
		<difficult>0</difficult>
		<occluded>0</occluded>
		<bndbox>
			<xmin>301</xmin>
			<xmax>322</xmax>
			<ymin>358</ymin>
			<ymax>508</ymax>
		</bndbox>
		<polygon>
			<x1>303.273515</x1>
			<y1>414.241054</y1>
			<x2>308.372813</x2>
			<y2>489.708597</y2>
			<x3>314.686228</x3>
			<y3>506.640417</y3>
			<x4>315.171876</x4>
			<y4>491.643662</y4>
			<x5>316.628818</x5>
			<y5>413.273521</y5>
			<x6>320.999644</x6>
			<y6>364.896892</y6>
			<x7>317.842936</x7>
			<y7>359.091696</y7>
			<x8>314.443404</x8>
			<y8>357.156631</y8>
			<x9>307.401518</x9>
			<y9>357.640398</y9>
			<x10>300.385669</x10>
			<y10>364.02015</y10>
			<x11>299.873984</x11>
			<y11>377.958582</y11>
			<x12>302.302221</x12>
			<y12>394.406636</y12>
			<x13>303.273515</x13>
			<y13>414.241054</y13>
		</polygon>
	</object>
	<object>
		<name>LID</name>
		<pose>Unspecified</pose>
		<truncated>0</truncated>
		<difficult>0</difficult>
		<occluded>0</occluded>
		<bndbox>
			<xmin>318</xmin>
			<xmax>337</xmax>
			<ymin>357</ymin>
			<ymax>514</ymax>
		</bndbox>
		<polygon>
			<x1>318.08576</x1>
			<y1>392.955337</y1>
			<x2>320.271173</x2>
			<y2>429.721576</y2>
			<x3>324.641999</x3>
			<y3>499.383922</y3>
			<x4>329.255648</x4>
			<y4>512.929379</y4>
			<x5>334.112122</x5>
			<y5>410.85469</y5>
			<x6>335.811888</x6>
			<y6>360.542995</y6>
			<x7>332.65518</x7>
			<y7>356.189098</y7>
			<x8>325.856117</x8>
			<y8>356.189098</y8>
			<x9>322.213762</x9>
			<y9>356.189098</y9>
			<x10>320.05765</x10>
			<y10>358.211338</y10>
			<x11>316.871641</x11>
			<y11>362.47806</y11>
			<x12>316.628818</x12>
			<y12>369.250788</y12>
			<x13>318.08576</x13>
			<y13>392.955337</y13>
		</polygon>
	</object>
	<object>
		<name>LID</name>
		<pose>Unspecified</pose>
		<truncated>0</truncated>
		<difficult>0</difficult>
		<occluded>0</occluded>
		<bndbox>
			<xmin>334</xmin>
			<xmax>356</xmax>
			<ymin>361</ymin>
			<ymax>520</ymax>
		</bndbox>
		<polygon>
			<x1>354.994958</x1>
			<y1>396.825467</y1>
			<x2>354.266487</x2>
			<y2>371.66962</y2>
			<x3>350.138484</x3>
			<y3>363.445593</y3>
			<x4>339.697066</x4>
			<y4>359.575462</y4>
			<x5>332.65518</x5>
			<y5>365.380658</y5>
			<x6>333.383651</x6>
			<y6>384.73131</y6>
			<x7>335.569064</x7>
			<y7>413.273521</y7>
			<x8>344.310716</x8>
			<y8>481.968336</y8>
			<x9>353.052368</x9>
			<y9>518.734574</y9>
			<x10>354.994958</x10>
			<y10>396.825467</y10>
		</polygon>
	</object>
	<object>
		<name>LCD</name>
		<pose>Unspecified</pose>
		<truncated>0</truncated>
		<difficult>0</difficult>
		<occluded>0</occluded>
		<bndbox>
			<xmin>353</xmin>
			<xmax>391</xmax>
			<ymin>355</ymin>
			<ymax>519</ymax>
		</bndbox>
		<polygon>
			<x1>361.830252</x1>
			<y1>353.854728</y1>
			<x2>352.106055</x2>
			<y2>375.085826</y2>
			<x3>357.448176</x3>
			<y3>418.141026</y3>
			<x4>372.503244</x4>
			<y4>485.384541</y4>
			<x5>380.759249</x5>
			<y5>518.28065</y5>
			<x6>390.472196</x6>
			<y6>492.641036</y6>
			<x7>379.787954</x7>
			<y7>396.371542</y7>
			<x8>376.388422</x8>
			<y8>367.829331</y8>
			<x9>361.830252</x9>
			<y9>353.854728</y9>
		</polygon>
	</object>
	<object>
		<name>LPMD</name>
		<pose>Unspecified</pose>
		<truncated>0</truncated>
		<difficult>0</difficult>
		<occluded>0</occluded>
		<bndbox>
			<xmin>372</xmin>
			<xmax>412</xmax>
			<ymin>343</ymin>
			<ymax>492</ymax>
		</bndbox>
		<polygon>
			<x1>399.942319</x1>
			<y1>470.871553</y1>
			<x2>407.227029</x2>
			<y2>491.189737</y2>
			<x3>411.355031</x3>
			<y3>475.225449</y3>
			<x4>398.971024</x4>
			<y4>390.082581</y4>
			<x5>397.271258</x5>
			<y5>364.926733</y5>
			<x6>393.38608</x6>
			<y6>347.994913</y6>
			<x7>386.344193</x7>
			<y7>345.092315</y7>
			<x8>379.54513</x8>
			<y8>342.189717</y8>
			<x9>376.87407</x9>
			<y9>348.478679</y9>
			<x10>370.560654</x10>
			<y10>373.150761</y10>
			<x11>373.717362</x11>
			<y11>392.017646</y11>
			<x12>385.130075</x12>
			<y12>410.884532</y12>
			<x13>399.942319</x13>
			<y13>470.871553</y13>
		</polygon>
	</object>
	<object>
		<name>LPMD</name>
		<pose>Unspecified</pose>
		<truncated>0</truncated>
		<difficult>0</difficult>
		<occluded>0</occluded>
		<bndbox>
			<xmin>393</xmin>
			<xmax>432</xmax>
			<ymin>333</ymin>
			<ymax>478</ymax>
		</bndbox>
		<polygon>
			<x1>405.041616</x1>
			<y1>334.449457</y1>
			<x2>402.127732</x2>
			<y2>332.030625</y2>
			<x3>400.913613</x3>
			<y3>338.319587</y3>
			<x4>392.900432</x4>
			<y4>351.865043</y4>
			<x5>392.171961</x5>
			<y5>361.540369</y5>
			<x6>396.05714</x6>
			<y6>371.215695</y6>
			<x7>404.555969</x7>
			<y7>392.501413</y7>
			<x8>414.268916</x8>
			<y8>435.556613</y8>
			<x9>424.710333</x9>
			<y9>477.160514</y9>
			<x10>430.780925</x10>
			<y10>474.257917</y10>
			<x11>430.052454</x11>
			<y11>457.809863</y11>
			<x12>423.496215</x12>
			<y12>416.205961</y12>
			<x13>420.096684</x13>
			<y13>381.858554</y13>
			<x14>419.85386</x14>
			<y14>359.605304</y14>
			<x15>419.125389</x15>
			<y15>345.576081</y15>
			<x16>415.968681</x16>
			<y16>335.900756</y16>
			<x17>412.326326</x17>
			<y17>334.449457</y17>
			<x18>409.412442</x18>
			<y18>337.352054</y18>
			<x19>405.041616</x19>
			<y19>334.449457</y19>
		</polygon>
	</object>
	<object>
		<name>LMD</name>
		<pose>Unspecified</pose>
		<truncated>0</truncated>
		<difficult>0</difficult>
		<occluded>0</occluded>
		<bndbox>
			<xmin>418</xmin>
			<xmax>465</xmax>
			<ymin>323</ymin>
			<ymax>456</ymax>
		</bndbox>
		<polygon>
			<x1>462.83365</x1>
			<y1>435.072846</y1>
			<x2>464.047768</x2>
			<y2>425.881287</y2>
			<x3>460.16259</x3>
			<y3>403.628037</y3>
			<x4>455.063293</x4>
			<y4>378.47219</y4>
			<x5>455.063293</x5>
			<y5>370.731929</y5>
			<x6>457.734353</x6>
			<y6>346.543614</y6>
			<x7>456.034587</x7>
			<y7>330.579326</y7>
			<x8>452.149408</x8>
			<y8>325.257897</y8>
			<x9>447.535759</x9>
			<y9>322.839066</y9>
			<x10>443.164932</x10>
			<y10>322.355299</y10>
			<x11>434.908928</x11>
			<y11>334.449457</y11>
			<x12>427.867041</x12>
			<y12>328.160495</y12>
			<x13>422.282097</x13>
			<y13>327.676729</y13>
			<x14>418.882565</x14>
			<y14>332.514391</y14>
			<x15>417.182799</x15>
			<y15>344.124782</y15>
			<x16>419.125389</x16>
			<y16>358.637771</y16>
			<x17>422.282097</x17>
			<y17>365.410499</y17>
			<x18>427.381394</x18>
			<y18>383.793619</y18>
			<x19>428.595512</x19>
			<y19>413.787129</y19>
			<x20>431.75222</x20>
			<y20>438.459211</y20>
			<x21>436.123046</x21>
			<y21>452.004667</y21>
			<x22>437.822812</x22>
			<y22>454.907265</y22>
			<x23>440.493872</x23>
			<y23>439.426743</y23>
			<x24>438.065635</x24>
			<y24>406.530635</y24>
			<x25>439.765401</x25>
			<y25>398.306608</y25>
			<x26>443.893404</x26>
			<y26>397.339076</y26>
			<x27>448.507053</x27>
			<y27>400.725439</y27>
			<x28>455.306116</x28>
			<y28>422.978689</y28>
			<x29>460.405413</x29>
			<y29>437.491678</y29>
			<x30>462.83365</x30>
			<y30>435.072846</y30>
		</polygon>
	</object>
	<object>
		<name>LMD</name>
		<pose>Unspecified</pose>
		<truncated>0</truncated>
		<difficult>0</difficult>
		<occluded>0</occluded>
		<bndbox>
			<xmin>457</xmin>
			<xmax>499</xmax>
			<ymin>306</ymin>
			<ymax>442</ymax>
		</bndbox>
		<polygon>
			<x1>462.83365</x1>
			<y1>360.572837</y1>
			<x2>471.818126</x2>
			<y2>416.205961</y2>
			<x3>485.659075</x3>
			<y3>441.361808</y3>
			<x4>480.316954</x4>
			<y4>388.631282</y4>
			<x5>497.800259</x5>
			<y5>434.105314</y5>
			<x6>491.001196</x6>
			<y6>364.926733</y6>
			<x7>491.972491</x7>
			<y7>331.546859</y7>
			<x8>486.144723</x8>
			<y8>304.939712</y8>
			<x9>481.045426</x9>
			<y9>304.939712</y9>
			<x10>473.517892</x10>
			<y10>318.968935</y10>
			<x11>467.932947</x11>
			<y11>312.679973</y11>
			<x12>462.105179</x12>
			<y12>314.615038</y12>
			<x13>456.547199</x13>
			<y13>327.231002</y13>
			<x14>455.791763</x14>
			<y14>339.770886</y14>
			<x15>462.83365</x15>
			<y15>360.572837</y15>
		</polygon>
	</object>
	<object>
		<name>LMD</name>
		<pose>Unspecified</pose>
		<truncated>0</truncated>
		<difficult>0</difficult>
		<occluded>0</occluded>
		<bndbox>
			<xmin>490</xmin>
			<xmax>527</xmax>
			<ymin>286</ymin>
			<ymax>413</ymax>
		</bndbox>
		<polygon>
			<x1>495.372022</x1>
			<y1>287.524126</y1>
			<x2>493.948249</x2>
			<y2>291.894059</y2>
			<x3>489.058607</x3>
			<y3>309.293609</y3>
			<x4>489.544254</x4>
			<y4>325.257897</y4>
			<x5>497.557435</x5>
			<y5>353.316342</y5>
			<x6>502.899556</x6>
			<y6>400.241673</y6>
			<x7>514.312269</x7>
			<y7>411.852064</y7>
			<x8>510.669914</x8>
			<y8>371.699461</y8>
			<x9>514.312269</x9>
			<y9>374.602059</y9>
			<x10>521.839803</x10>
			<y10>400.725439</y10>
			<x11>525.967805</x11>
			<y11>396.855309</y11>
			<x12>523.053921</x12>
			<y12>342.189717</y12>
			<x13>525.239334</x13>
			<y13>306.874777</y13>
			<x14>517.226153</x14>
			<y14>284.621528</y14>
			<x15>512.369679</x15>
			<y15>288.007892</y15>
			<x16>506.299087</x16>
			<y16>288.007892</y16>
			<x17>502.899556</x17>
			<y17>295.264386</y17>
			<x18>495.372022</x18>
			<y18>287.524126</y18>
		</polygon>
	</object>
	<metadata>
		<tags>
			<tag>teeth</tag>
		</tags>
	</metadata>
</annotation>
