<annotation>
	<folder></folder>
	<filename>270_jpg.rf.8570cc52c1c2eebf6f5eeeeb6733f040.jpg</filename>
	<path>270_jpg.rf.8570cc52c1c2eebf6f5eeeeb6733f040.jpg</path>
	<source>
		<database>roboflow.com</database>
	</source>
	<size>
		<width>640</width>
		<height>640</height>
		<depth>3</depth>
	</size>
	<segmented>0</segmented>
	<object>
		<name>RMD</name>
		<pose>Unspecified</pose>
		<truncated>0</truncated>
		<difficult>0</difficult>
		<occluded>0</occluded>
		<bndbox>
			<xmin>104</xmin>
			<xmax>183</xmax>
			<ymin>310</ymin>
			<ymax>424</ymax>
		</bndbox>
		<polygon>
			<x1>117.125412</x1>
			<y1>406.700794</y1>
			<x2>124.070707</x2>
			<y2>422.514268</y2>
			<x3>135.976929</x3>
			<y3>421.855373</y3>
			<x4>166.734668</x4>
			<y4>387.592847</y4>
			<x5>181.948173</x5>
			<y5>360.578163</y5>
			<x6>181.948173</x6>
			<y6>331.586794</y6>
			<x7>170.041951</x7>
			<y7>324.338952</y7>
			<x8>165.742482</x8>
			<y8>310.502162</y8>
			<x9>156.482088</x9>
			<y9>308.525478</y9>
			<x10>148.875335</x10>
			<y10>315.77332</y10>
			<x11>135.6462</x11>
			<y11>339.493531</y11>
			<x12>109.524816</x12>
			<y12>367.980044</y12>
			<x13>102.573363</x13>
			<y13>388.910636</y13>
			<x14>108.857202</x14>
			<y14>393.522899</y14>
			<x15>136.638385</x15>
			<y15>381.662794</y15>
			<x16>117.125412</x16>
			<y16>406.700794</y16>
		</polygon>
	</object>
	<object>
		<name>RPMD</name>
		<pose>Unspecified</pose>
		<truncated>0</truncated>
		<difficult>0</difficult>
		<occluded>0</occluded>
		<bndbox>
			<xmin>220</xmin>
			<xmax>257</xmax>
			<ymin>339</ymin>
			<ymax>491</ymax>
		</bndbox>
		<polygon>
			<x1>238.833453</x1>
			<y1>470.702263</y1>
			<x2>253.054773</x2>
			<y2>385.704842</y2>
			<x3>256.362057</x3>
			<y3>358.031262</y3>
			<x4>247.101662</x4>
			<y4>340.241104</y4>
			<x5>236.849083</x5>
			<y5>337.516847</y5>
			<x6>225.27359</x6>
			<y6>363.872636</y6>
			<x7>218.659022</x7>
			<y7>460.818842</y7>
			<x8>224.281404</x8>
			<y8>489.810211</y8>
			<x9>238.833453</x9>
			<y9>470.702263</y9>
		</polygon>
	</object>
	<object>
		<name>RCD</name>
		<pose>Unspecified</pose>
		<truncated>0</truncated>
		<difficult>0</difficult>
		<occluded>0</occluded>
		<bndbox>
			<xmin>249</xmin>
			<xmax>278</xmax>
			<ymin>355</ymin>
			<ymax>470</ymax>
		</bndbox>
		<polygon>
			<x1>249.416761</x1>
			<y1>444.346474</y1>
			<x2>248.093847</x2>
			<y2>468.725579</y2>
			<x3>259.338612</x3>
			<y3>468.066684</y3>
			<x4>269.92192</x4>
			<y4>414.696211</y4>
			<x5>277.231925</x5>
			<y5>365.342823</y5>
			<x6>266.614636</x6>
			<y6>354.077894</y6>
			<x7>250.739674</x7>
			<y7>361.325736</y7>
			<x8>250.078218</x8>
			<y8>375.162526</y8>
			<x9>249.416761</x9>
			<y9>444.346474</y9>
		</polygon>
	</object>
	<object>
		<name>RID</name>
		<pose>Unspecified</pose>
		<truncated>0</truncated>
		<difficult>0</difficult>
		<occluded>0</occluded>
		<bndbox>
			<xmin>269</xmin>
			<xmax>297</xmax>
			<ymin>362</ymin>
			<ymax>484</ymax>
		</bndbox>
		<polygon>
			<x1>271.90629</x1>
			<y1>376.480316</y1>
			<x2>269.92192</x2>
			<y2>435.121947</y2>
			<x3>267.93755</x3>
			<y3>471.361158</y3>
			<x4>270.914105</x4>
			<y4>483.221263</y4>
			<x5>284.14324</x5>
			<y5>470.702263</y5>
			<x6>294.726548</x6>
			<y6>390.975999</y6>
			<x7>295.718733</x7>
			<y7>361.325736</y7>
			<x8>290.757807</x8>
			<y8>361.325736</y8>
			<x9>271.90629</x9>
			<y9>365.279105</y9>
			<x10>271.90629</x10>
			<y10>376.480316</y10>
		</polygon>
	</object>
	<object>
		<name>RID</name>
		<pose>Unspecified</pose>
		<truncated>0</truncated>
		<difficult>0</difficult>
		<occluded>0</occluded>
		<bndbox>
			<xmin>291</xmin>
			<xmax>324</xmax>
			<ymin>361</ymin>
			<ymax>497</ymax>
		</bndbox>
		<polygon>
			<x1>323.499916</x1>
			<y1>365.937999</y1>
			<x2>305.309856</x2>
			<y2>360.007947</y2>
			<x3>289.765622</x3>
			<y3>496.399158</y3>
			<x4>306.963498</x4>
			<y4>466.09</y4>
			<x5>323.499916</x5>
			<y5>365.937999</y5>
		</polygon>
	</object>
	<object>
		<name>LID</name>
		<pose>Unspecified</pose>
		<truncated>0</truncated>
		<difficult>0</difficult>
		<occluded>0</occluded>
		<bndbox>
			<xmin>359</xmin>
			<xmax>381</xmax>
			<ymin>360</ymin>
			<ymax>509</ymax>
		</bndbox>
		<polygon>
			<x1>362.856593</x1>
			<y1>478.564661</y1>
			<x2>372.116987</x2>
			<y2>507.556029</y2>
			<x3>380.385197</x3>
			<y3>497.013713</y3>
			<x4>377.077913</x4>
			<y4>359.304713</y4>
			<x5>358.273822</x5>
			<y5>358.749769</y5>
			<x6>358.887852</x6>
			<y6>429.80645</y6>
			<x7>362.856593</x7>
			<y7>478.564661</y7>
		</polygon>
	</object>
	<object>
		<name>LID</name>
		<pose>Unspecified</pose>
		<truncated>0</truncated>
		<difficult>0</difficult>
		<occluded>0</occluded>
		<bndbox>
			<xmin>376</xmin>
			<xmax>395</xmax>
			<ymin>358</ymin>
			<ymax>478</ymax>
		</bndbox>
		<polygon>
			<x1>374.762814</x1>
			<y1>374.459292</y1>
			<x2>382.369567</x2>
			<y2>464.068976</y2>
			<x3>388.322678</x3>
			<y3>477.246871</y3>
			<x4>394.275788</x4>
			<y4>465.386766</y4>
			<x5>393.66763</x5>
			<y5>364.683517</y5>
			<x6>376.747184</x6>
			<y6>357.328028</y6>
			<x7>374.762814</x7>
			<y7>374.459292</y7>
		</polygon>
	</object>
	<object>
		<name>LCD</name>
		<pose>Unspecified</pose>
		<truncated>0</truncated>
		<difficult>0</difficult>
		<occluded>0</occluded>
		<bndbox>
			<xmin>393</xmin>
			<xmax>422</xmax>
			<ymin>355</ymin>
			<ymax>488</ymax>
		</bndbox>
		<polygon>
			<x1>392.291418</x1>
			<y1>363.258081</y1>
			<x2>393.614331</x2>
			<y2>387.637186</y2>
			<x3>401.221084</x3>
			<y3>435.077607</y3>
			<x4>406.843467</x4>
			<y4>464.068976</y4>
			<x5>413.788762</x5>
			<y5>487.130292</y5>
			<x6>420.734058</x6>
			<y6>454.84445</y6>
			<x7>417.426774</x7>
			<y7>372.482607</y7>
			<x8>414.837758</x8>
			<y8>369.298654</y8>
			<x9>397.583072</x9>
			<y9>354.033554</y9>
			<x10>392.291418</x10>
			<y10>363.258081</y10>
		</polygon>
	</object>
	<object>
		<name>RIU</name>
		<pose>Unspecified</pose>
		<truncated>0</truncated>
		<difficult>0</difficult>
		<occluded>0</occluded>
		<bndbox>
			<xmin>275</xmin>
			<xmax>297</xmax>
			<ymin>221</ymin>
			<ymax>348</ymax>
		</bndbox>
		<polygon>
			<x1>283.16708</x1>
			<y1>220.188832</y1>
			<x2>273.59331</x2>
			<y2>228.866627</y2>
			<x3>275.229599</x3>
			<y3>294.643938</y3>
			<x4>277.544697</x4>
			<y4>347.355517</y4>
			<x5>291.435289</x5>
			<y5>347.355517</y5>
			<x6>296.396215</x6>
			<y6>343.402149</y6>
			<x7>295.073301</x7>
			<y7>302.550675</y7>
			<x8>283.16708</x8>
			<y8>220.188832</y8>
		</polygon>
	</object>
	<object>
		<name>RIU</name>
		<pose>Unspecified</pose>
		<truncated>0</truncated>
		<difficult>0</difficult>
		<occluded>0</occluded>
		<bndbox>
			<xmin>293</xmin>
			<xmax>319</xmax>
			<ymin>214</ymin>
			<ymax>353</ymax>
		</bndbox>
		<polygon>
			<x1>306.648794</x1>
			<y1>212.940991</y1>
			<x2>298.711313</x2>
			<y2>228.754464</y2>
			<x3>293.750387</x3>
			<y3>318.364149</y3>
			<x4>291.766017</x4>
			<y4>346.696623</y4>
			<x5>317.232102</x5>
			<y5>351.967781</y5>
			<x6>318.224287</x6>
			<y6>318.364149</y6>
			<x7>311.940448</x7>
			<y7>231.390043</y7>
			<x8>306.648794</x8>
			<y8>212.940991</y8>
		</polygon>
	</object>
	<object>
		<name>LIU</name>
		<pose>Unspecified</pose>
		<truncated>0</truncated>
		<difficult>0</difficult>
		<occluded>0</occluded>
		<bndbox>
			<xmin>317</xmin>
			<xmax>343</xmax>
			<ymin>215</ymin>
			<ymax>351</ymax>
		</bndbox>
		<polygon>
			<x1>340.05236</x1>
			<y1>343.402149</y1>
			<x2>342.03673</x2>
			<y2>325.611991</y2>
			<x3>341.706002</x3>
			<y3>239.955675</y3>
			<x4>336.745076</x4>
			<y4>214.25878</y4>
			<x5>326.187847</x5>
			<y5>228.866627</y5>
			<x6>316.239917</x6>
			<y6>340.76657</y6>
			<x7>322.193028</x7>
			<y7>344.719939</y7>
			<x8>335.752891</x8>
			<y8>349.991097</y8>
			<x9>340.05236</x9>
			<y9>343.402149</y9>
		</polygon>
	</object>
	<object>
		<name>LIU</name>
		<pose>Unspecified</pose>
		<truncated>0</truncated>
		<difficult>0</difficult>
		<occluded>0</occluded>
		<bndbox>
			<xmin>340</xmin>
			<xmax>362</xmax>
			<ymin>220</ymin>
			<ymax>347</ymax>
		</bndbox>
		<polygon>
			<x1>355.265865</x1>
			<y1>218.871043</y1>
			<x2>347.989841</x2>
			<y2>226.77778</y2>
			<x3>344.351829</x3>
			<y3>276.194886</y3>
			<x4>339.060175</x4>
			<y4>335.495413</y4>
			<x5>356.25805</x5>
			<y5>346.037728</y5>
			<x6>360.557519</x6>
			<y6>326.929781</y6>
			<x7>360.226791</x7>
			<y7>235.343412</y7>
			<x8>355.265865</x8>
			<y8>218.871043</y8>
		</polygon>
	</object>
	<object>
		<name>LCU</name>
		<pose>Unspecified</pose>
		<truncated>0</truncated>
		<difficult>0</difficult>
		<occluded>0</occluded>
		<bndbox>
			<xmin>359</xmin>
			<xmax>382</xmax>
			<ymin>217</ymin>
			<ymax>348</ymax>
		</bndbox>
		<polygon>
			<x1>357.911692</x1>
			<y1>346.037728</y1>
			<x2>379.409036</x2>
			<y2>346.696623</y2>
			<x3>381.062678</x3>
			<y3>313.751886</y3>
			<x4>380.73195</x4>
			<y4>228.754464</y4>
			<x5>375.143768</x5>
			<y5>215.680521</y5>
			<x6>361.549704</x6>
			<y6>269.605938</y6>
			<x7>357.911692</x7>
			<y7>346.037728</y7>
		</polygon>
	</object>
	<object>
		<name>LPMU</name>
		<pose>Unspecified</pose>
		<truncated>0</truncated>
		<difficult>0</difficult>
		<occluded>0</occluded>
		<bndbox>
			<xmin>375</xmin>
			<xmax>400</xmax>
			<ymin>213</ymin>
			<ymax>352</ymax>
		</bndbox>
		<polygon>
			<x1>397.268368</x1>
			<y1>212.282096</y1>
			<x2>387.382749</x2>
			<y2>215.680521</y2>
			<x3>374.448111</x3>
			<y3>329.565359</y3>
			<x4>380.73195</x4>
			<y4>344.719939</y4>
			<x5>394.95327</x5>
			<y5>350.649991</y5>
			<x6>398.591282</x6>
			<y6>341.425465</y6>
			<x7>399.252739</x7>
			<y7>230.072254</y7>
			<x8>397.268368</x8>
			<y8>212.282096</y8>
		</polygon>
	</object>
	<object>
		<name>LPMU</name>
		<pose>Unspecified</pose>
		<truncated>0</truncated>
		<difficult>0</difficult>
		<occluded>0</occluded>
		<bndbox>
			<xmin>396</xmin>
			<xmax>419</xmax>
			<ymin>202</ymin>
			<ymax>356</ymax>
		</bndbox>
		<polygon>
			<x1>407.851676</x1>
			<y1>201.036546</y1>
			<x2>398.629379</x2>
			<y2>210.406079</y2>
			<x3>394.622542</x3>
			<y3>328.862126</y3>
			<x4>410.166775</x4>
			<y4>354.55902</y4>
			<x5>418.104256</x5>
			<y5>349.287863</y5>
			<x6>415.789157</x6>
			<y6>268.243809</y6>
			<x7>415.127701</x7>
			<y7>220.144493</y7>
			<x8>407.851676</x8>
			<y8>201.036546</y8>
		</polygon>
	</object>
	<object>
		<name>LMU</name>
		<pose>Unspecified</pose>
		<truncated>0</truncated>
		<difficult>0</difficult>
		<occluded>0</occluded>
		<bndbox>
			<xmin>433</xmin>
			<xmax>471</xmax>
			<ymin>207</ymin>
			<ymax>352</ymax>
		</bndbox>
		<polygon>
			<x1>458.453117</x1>
			<y1>351.264546</y1>
			<x2>466.05987</x2>
			<y2>322.273178</y2>
			<x3>469.697882</x3>
			<y3>222.780072</y3>
			<x4>462.421858</x4>
			<y4>205.648809</y4>
			<x5>435.677104</x5>
			<y5>208.428163</y5>
			<x6>432.325576</x6>
			<y6>343.357809</y6>
			<x7>458.453117</x7>
			<y7>351.264546</y7>
		</polygon>
	</object>
	<object>
		<name>LMU</name>
		<pose>Unspecified</pose>
		<truncated>0</truncated>
		<difficult>0</difficult>
		<occluded>0</occluded>
		<bndbox>
			<xmin>466</xmin>
			<xmax>498</xmax>
			<ymin>217</ymin>
			<ymax>344</ymax>
		</bndbox>
		<polygon>
			<x1>483.588474</x1>
			<y1>249.794756</y1>
			<x2>480.611919</x2>
			<y2>216.191125</y2>
			<x3>474.378744</x3>
			<y3>222.273574</y3>
			<x4>469.036426</x4>
			<y4>240.57023</y4>
			<x5>464.736957</x5>
			<y5>328.862126</y5>
			<x6>473.335894</x6>
			<y6>342.04002</y6>
			<x7>487.557214</x7>
			<y7>343.357809</y7>
			<x8>495.163967</x8>
			<y8>323.590967</y8>
			<x9>496.817609</x9>
			<y9>220.144493</y9>
			<x10>488.880128</x10>
			<y10>215.53223</y10>
			<x11>484.580659</x11>
			<y11>228.710125</y11>
			<x12>483.588474</x12>
			<y12>249.794756</y12>
		</polygon>
	</object>
	<metadata>
		<tags>
			<tag>teeth</tag>
		</tags>
	</metadata>
</annotation>
