<annotation>
	<folder></folder>
	<filename>270_jpg.rf.2f5cec04d67cb24c3b53bed111f3966a.jpg</filename>
	<path>270_jpg.rf.2f5cec04d67cb24c3b53bed111f3966a.jpg</path>
	<source>
		<database>roboflow.com</database>
	</source>
	<size>
		<width>640</width>
		<height>640</height>
		<depth>3</depth>
	</size>
	<segmented>0</segmented>
	<object>
		<name>RMD</name>
		<pose>Unspecified</pose>
		<truncated>0</truncated>
		<difficult>0</difficult>
		<occluded>0</occluded>
		<bndbox>
			<xmin>105</xmin>
			<xmax>184</xmax>
			<ymin>311</ymin>
			<ymax>425</ymax>
		</bndbox>
		<polygon>
			<x1>110.524816</x1>
			<y1>368.980044</y1>
			<x2>103.573363</x2>
			<y2>389.910636</y2>
			<x3>109.857202</x3>
			<y3>394.522899</y3>
			<x4>137.638385</x4>
			<y4>382.662794</y4>
			<x5>118.125412</x5>
			<y5>407.700794</y5>
			<x6>125.070707</x6>
			<y6>423.514268</y6>
			<x7>136.976929</x7>
			<y7>422.855373</y7>
			<x8>167.734668</x8>
			<y8>388.592847</y8>
			<x9>182.948173</x9>
			<y9>361.578163</y9>
			<x10>182.948173</x10>
			<y10>332.586794</y10>
			<x11>171.041951</x11>
			<y11>325.338952</y11>
			<x12>166.742482</x12>
			<y12>311.502162</y12>
			<x13>157.482088</x13>
			<y13>309.525478</y13>
			<x14>149.875335</x14>
			<y14>316.77332</y14>
			<x15>136.6462</x15>
			<y15>340.493531</y15>
			<x16>110.524816</x16>
			<y16>368.980044</y16>
		</polygon>
	</object>
	<object>
		<name>RPMD</name>
		<pose>Unspecified</pose>
		<truncated>0</truncated>
		<difficult>0</difficult>
		<occluded>0</occluded>
		<bndbox>
			<xmin>221</xmin>
			<xmax>258</xmax>
			<ymin>340</ymin>
			<ymax>492</ymax>
		</bndbox>
		<polygon>
			<x1>237.849083</x1>
			<y1>338.516847</y1>
			<x2>226.27359</x2>
			<y2>364.872636</y2>
			<x3>219.659022</x3>
			<y3>461.818842</y3>
			<x4>225.281404</x4>
			<y4>490.810211</y4>
			<x5>239.833453</x5>
			<y5>471.702263</y5>
			<x6>254.054773</x6>
			<y6>386.704842</y6>
			<x7>257.362057</x7>
			<y7>359.031262</y7>
			<x8>248.101662</x8>
			<y8>341.241104</y8>
			<x9>237.849083</x9>
			<y9>338.516847</y9>
		</polygon>
	</object>
	<object>
		<name>RCD</name>
		<pose>Unspecified</pose>
		<truncated>0</truncated>
		<difficult>0</difficult>
		<occluded>0</occluded>
		<bndbox>
			<xmin>250</xmin>
			<xmax>279</xmax>
			<ymin>356</ymin>
			<ymax>471</ymax>
		</bndbox>
		<polygon>
			<x1>278.231925</x1>
			<y1>366.342823</y1>
			<x2>267.614636</x2>
			<y2>355.077894</y2>
			<x3>251.739674</x3>
			<y3>362.325736</y3>
			<x4>251.078218</x4>
			<y4>376.162526</y4>
			<x5>250.416761</x5>
			<y5>445.346474</y5>
			<x6>249.093847</x6>
			<y6>469.725579</y6>
			<x7>260.338612</x7>
			<y7>469.066684</y7>
			<x8>270.92192</x8>
			<y8>415.696211</y8>
			<x9>278.231925</x9>
			<y9>366.342823</y9>
		</polygon>
	</object>
	<object>
		<name>RID</name>
		<pose>Unspecified</pose>
		<truncated>0</truncated>
		<difficult>0</difficult>
		<occluded>0</occluded>
		<bndbox>
			<xmin>270</xmin>
			<xmax>298</xmax>
			<ymin>363</ymin>
			<ymax>485</ymax>
		</bndbox>
		<polygon>
			<x1>295.726548</x1>
			<y1>391.975999</y1>
			<x2>296.718733</x2>
			<y2>362.325736</y2>
			<x3>291.757807</x3>
			<y3>362.325736</y3>
			<x4>272.90629</x4>
			<y4>366.279105</y4>
			<x5>272.90629</x5>
			<y5>377.480316</y5>
			<x6>270.92192</x6>
			<y6>436.121947</y6>
			<x7>268.93755</x7>
			<y7>472.361158</y7>
			<x8>271.914105</x8>
			<y8>484.221263</y8>
			<x9>285.14324</x9>
			<y9>471.702263</y9>
			<x10>295.726548</x10>
			<y10>391.975999</y10>
		</polygon>
	</object>
	<object>
		<name>RID</name>
		<pose>Unspecified</pose>
		<truncated>0</truncated>
		<difficult>0</difficult>
		<occluded>0</occluded>
		<bndbox>
			<xmin>292</xmin>
			<xmax>325</xmax>
			<ymin>362</ymin>
			<ymax>498</ymax>
		</bndbox>
		<polygon>
			<x1>324.499916</x1>
			<y1>366.937999</y1>
			<x2>306.309856</x2>
			<y2>361.007947</y2>
			<x3>290.765622</x3>
			<y3>497.399158</y3>
			<x4>307.963498</x4>
			<y4>467.09</y4>
			<x5>324.499916</x5>
			<y5>366.937999</y5>
		</polygon>
	</object>
	<object>
		<name>LID</name>
		<pose>Unspecified</pose>
		<truncated>0</truncated>
		<difficult>0</difficult>
		<occluded>0</occluded>
		<bndbox>
			<xmin>360</xmin>
			<xmax>382</xmax>
			<ymin>361</ymin>
			<ymax>510</ymax>
		</bndbox>
		<polygon>
			<x1>381.385197</x1>
			<y1>498.013713</y1>
			<x2>378.077913</x2>
			<y2>360.304713</y2>
			<x3>359.273822</x3>
			<y3>359.749769</y3>
			<x4>359.887852</x4>
			<y4>430.80645</y4>
			<x5>363.856593</x5>
			<y5>479.564661</y5>
			<x6>373.116987</x6>
			<y6>508.556029</y6>
			<x7>381.385197</x7>
			<y7>498.013713</y7>
		</polygon>
	</object>
	<object>
		<name>LID</name>
		<pose>Unspecified</pose>
		<truncated>0</truncated>
		<difficult>0</difficult>
		<occluded>0</occluded>
		<bndbox>
			<xmin>377</xmin>
			<xmax>396</xmax>
			<ymin>359</ymin>
			<ymax>479</ymax>
		</bndbox>
		<polygon>
			<x1>389.322678</x1>
			<y1>478.246871</y1>
			<x2>395.275788</x2>
			<y2>466.386766</y2>
			<x3>394.66763</x3>
			<y3>365.683517</y3>
			<x4>377.747184</x4>
			<y4>358.328028</y4>
			<x5>375.762814</x5>
			<y5>375.459292</y5>
			<x6>383.369567</x6>
			<y6>465.068976</y6>
			<x7>389.322678</x7>
			<y7>478.246871</y7>
		</polygon>
	</object>
	<object>
		<name>LCD</name>
		<pose>Unspecified</pose>
		<truncated>0</truncated>
		<difficult>0</difficult>
		<occluded>0</occluded>
		<bndbox>
			<xmin>394</xmin>
			<xmax>423</xmax>
			<ymin>356</ymin>
			<ymax>489</ymax>
		</bndbox>
		<polygon>
			<x1>421.734058</x1>
			<y1>455.84445</y1>
			<x2>418.426774</x2>
			<y2>373.482607</y2>
			<x3>415.837758</x3>
			<y3>370.298654</y3>
			<x4>398.583072</x4>
			<y4>355.033554</y4>
			<x5>393.291418</x5>
			<y5>364.258081</y5>
			<x6>394.614331</x6>
			<y6>388.637186</y6>
			<x7>402.221084</x7>
			<y7>436.077607</y7>
			<x8>407.843467</x8>
			<y8>465.068976</y8>
			<x9>414.788762</x9>
			<y9>488.130292</y9>
			<x10>421.734058</x10>
			<y10>455.84445</y10>
		</polygon>
	</object>
	<object>
		<name>RIU</name>
		<pose>Unspecified</pose>
		<truncated>0</truncated>
		<difficult>0</difficult>
		<occluded>0</occluded>
		<bndbox>
			<xmin>276</xmin>
			<xmax>298</xmax>
			<ymin>222</ymin>
			<ymax>349</ymax>
		</bndbox>
		<polygon>
			<x1>278.544697</x1>
			<y1>348.355517</y1>
			<x2>292.435289</x2>
			<y2>348.355517</y2>
			<x3>297.396215</x3>
			<y3>344.402149</y3>
			<x4>296.073301</x4>
			<y4>303.550675</y4>
			<x5>284.16708</x5>
			<y5>221.188832</y5>
			<x6>274.59331</x6>
			<y6>229.866627</y6>
			<x7>276.229599</x7>
			<y7>295.643938</y7>
			<x8>278.544697</x8>
			<y8>348.355517</y8>
		</polygon>
	</object>
	<object>
		<name>RIU</name>
		<pose>Unspecified</pose>
		<truncated>0</truncated>
		<difficult>0</difficult>
		<occluded>0</occluded>
		<bndbox>
			<xmin>294</xmin>
			<xmax>320</xmax>
			<ymin>215</ymin>
			<ymax>354</ymax>
		</bndbox>
		<polygon>
			<x1>292.766017</x1>
			<y1>347.696623</y1>
			<x2>318.232102</x2>
			<y2>352.967781</y2>
			<x3>319.224287</x3>
			<y3>319.364149</y3>
			<x4>312.940448</x4>
			<y4>232.390043</y4>
			<x5>307.648794</x5>
			<y5>213.940991</y5>
			<x6>299.711313</x6>
			<y6>229.754464</y6>
			<x7>294.750387</x7>
			<y7>319.364149</y7>
			<x8>292.766017</x8>
			<y8>347.696623</y8>
		</polygon>
	</object>
	<object>
		<name>LIU</name>
		<pose>Unspecified</pose>
		<truncated>0</truncated>
		<difficult>0</difficult>
		<occluded>0</occluded>
		<bndbox>
			<xmin>318</xmin>
			<xmax>344</xmax>
			<ymin>216</ymin>
			<ymax>352</ymax>
		</bndbox>
		<polygon>
			<x1>327.187847</x1>
			<y1>229.866627</y1>
			<x2>317.239917</x2>
			<y2>341.76657</y2>
			<x3>323.193028</x3>
			<y3>345.719939</y3>
			<x4>336.752891</x4>
			<y4>350.991097</y4>
			<x5>341.05236</x5>
			<y5>344.402149</y5>
			<x6>343.03673</x6>
			<y6>326.611991</y6>
			<x7>342.706002</x7>
			<y7>240.955675</y7>
			<x8>337.745076</x8>
			<y8>215.25878</y8>
			<x9>327.187847</x9>
			<y9>229.866627</y9>
		</polygon>
	</object>
	<object>
		<name>LIU</name>
		<pose>Unspecified</pose>
		<truncated>0</truncated>
		<difficult>0</difficult>
		<occluded>0</occluded>
		<bndbox>
			<xmin>341</xmin>
			<xmax>363</xmax>
			<ymin>221</ymin>
			<ymax>348</ymax>
		</bndbox>
		<polygon>
			<x1>340.060175</x1>
			<y1>336.495413</y1>
			<x2>357.25805</x2>
			<y2>347.037728</y2>
			<x3>361.557519</x3>
			<y3>327.929781</y3>
			<x4>361.226791</x4>
			<y4>236.343412</y4>
			<x5>356.265865</x5>
			<y5>219.871043</y5>
			<x6>348.989841</x6>
			<y6>227.77778</y6>
			<x7>345.351829</x7>
			<y7>277.194886</y7>
			<x8>340.060175</x8>
			<y8>336.495413</y8>
		</polygon>
	</object>
	<object>
		<name>LCU</name>
		<pose>Unspecified</pose>
		<truncated>0</truncated>
		<difficult>0</difficult>
		<occluded>0</occluded>
		<bndbox>
			<xmin>360</xmin>
			<xmax>383</xmax>
			<ymin>218</ymin>
			<ymax>349</ymax>
		</bndbox>
		<polygon>
			<x1>382.062678</x1>
			<y1>314.751886</y1>
			<x2>381.73195</x2>
			<y2>229.754464</y2>
			<x3>376.143768</x3>
			<y3>216.680521</y3>
			<x4>362.549704</x4>
			<y4>270.605938</y4>
			<x5>358.911692</x5>
			<y5>347.037728</y5>
			<x6>380.409036</x6>
			<y6>347.696623</y6>
			<x7>382.062678</x7>
			<y7>314.751886</y7>
		</polygon>
	</object>
	<object>
		<name>LPMU</name>
		<pose>Unspecified</pose>
		<truncated>0</truncated>
		<difficult>0</difficult>
		<occluded>0</occluded>
		<bndbox>
			<xmin>376</xmin>
			<xmax>401</xmax>
			<ymin>214</ymin>
			<ymax>353</ymax>
		</bndbox>
		<polygon>
			<x1>381.73195</x1>
			<y1>345.719939</y1>
			<x2>395.95327</x2>
			<y2>351.649991</y2>
			<x3>399.591282</x3>
			<y3>342.425465</y3>
			<x4>400.252739</x4>
			<y4>231.072254</y4>
			<x5>398.268368</x5>
			<y5>213.282096</y5>
			<x6>388.382749</x6>
			<y6>216.680521</y6>
			<x7>375.448111</x7>
			<y7>330.565359</y7>
			<x8>381.73195</x8>
			<y8>345.719939</y8>
		</polygon>
	</object>
	<object>
		<name>LPMU</name>
		<pose>Unspecified</pose>
		<truncated>0</truncated>
		<difficult>0</difficult>
		<occluded>0</occluded>
		<bndbox>
			<xmin>397</xmin>
			<xmax>420</xmax>
			<ymin>203</ymin>
			<ymax>357</ymax>
		</bndbox>
		<polygon>
			<x1>411.166775</x1>
			<y1>355.55902</y1>
			<x2>419.104256</x2>
			<y2>350.287863</y2>
			<x3>416.789157</x3>
			<y3>269.243809</y3>
			<x4>416.127701</x4>
			<y4>221.144493</y4>
			<x5>408.851676</x5>
			<y5>202.036546</y5>
			<x6>399.629379</x6>
			<y6>211.406079</y6>
			<x7>395.622542</x7>
			<y7>329.862126</y7>
			<x8>411.166775</x8>
			<y8>355.55902</y8>
		</polygon>
	</object>
	<object>
		<name>LMU</name>
		<pose>Unspecified</pose>
		<truncated>0</truncated>
		<difficult>0</difficult>
		<occluded>0</occluded>
		<bndbox>
			<xmin>434</xmin>
			<xmax>472</xmax>
			<ymin>208</ymin>
			<ymax>353</ymax>
		</bndbox>
		<polygon>
			<x1>470.697882</x1>
			<y1>223.780072</y1>
			<x2>463.421858</x2>
			<y2>206.648809</y2>
			<x3>436.677104</x3>
			<y3>209.428163</y3>
			<x4>433.325576</x4>
			<y4>344.357809</y4>
			<x5>459.453117</x5>
			<y5>352.264546</y5>
			<x6>467.05987</x6>
			<y6>323.273178</y6>
			<x7>470.697882</x7>
			<y7>223.780072</y7>
		</polygon>
	</object>
	<object>
		<name>LMU</name>
		<pose>Unspecified</pose>
		<truncated>0</truncated>
		<difficult>0</difficult>
		<occluded>0</occluded>
		<bndbox>
			<xmin>467</xmin>
			<xmax>499</xmax>
			<ymin>218</ymin>
			<ymax>345</ymax>
		</bndbox>
		<polygon>
			<x1>496.163967</x1>
			<y1>324.590967</y1>
			<x2>497.817609</x2>
			<y2>221.144493</y2>
			<x3>489.880128</x3>
			<y3>216.53223</y3>
			<x4>485.580659</x4>
			<y4>229.710125</y4>
			<x5>484.588474</x5>
			<y5>250.794756</y5>
			<x6>481.611919</x6>
			<y6>217.191125</y6>
			<x7>475.378744</x7>
			<y7>223.273574</y7>
			<x8>470.036426</x8>
			<y8>241.57023</y8>
			<x9>465.736957</x9>
			<y9>329.862126</y9>
			<x10>474.335894</x10>
			<y10>343.04002</y10>
			<x11>488.557214</x11>
			<y11>344.357809</y11>
			<x12>496.163967</x12>
			<y12>324.590967</y12>
		</polygon>
	</object>
	<metadata>
		<tags>
			<tag>teeth</tag>
		</tags>
	</metadata>
</annotation>
