<annotation>
	<folder></folder>
	<filename>273_jpg.rf.f143f7528dfcf93d89a7b8d31d975857.jpg</filename>
	<path>273_jpg.rf.f143f7528dfcf93d89a7b8d31d975857.jpg</path>
	<source>
		<database>roboflow.com</database>
	</source>
	<size>
		<width>640</width>
		<height>640</height>
		<depth>3</depth>
	</size>
	<segmented>0</segmented>
	<object>
		<name>LIU</name>
		<pose>Unspecified</pose>
		<truncated>0</truncated>
		<difficult>0</difficult>
		<occluded>0</occluded>
		<bndbox>
			<xmin>310</xmin>
			<xmax>339</xmax>
			<ymin>175</ymin>
			<ymax>343</ymax>
		</bndbox>
		<polygon>
			<x1>328.773444</x1>
			<y1>173.599447</y1>
			<x2>322.00473</x2>
			<y2>185.828443</y2>
			<x3>309.098514</x3>
			<y3>303.303668</y3>
			<x4>310.529418</x4>
			<y4>337.511374</y4>
			<x5>335.212512</x5>
			<y5>341.787337</y5>
			<x6>338.07432</x6>
			<y6>320.407521</y6>
			<x7>337.358868</x7>
			<y7>187.139998</y7>
			<x8>328.773444</x8>
			<y8>173.599447</y8>
		</polygon>
	</object>
	<object>
		<name>LIU</name>
		<pose>Unspecified</pose>
		<truncated>0</truncated>
		<difficult>0</difficult>
		<occluded>0</occluded>
		<bndbox>
			<xmin>331</xmin>
			<xmax>359</xmax>
			<ymin>162</ymin>
			<ymax>347</ymax>
		</bndbox>
		<polygon>
			<x1>329.846622</x1>
			<y1>291.188439</y1>
			<x2>329.846622</x2>
			<y2>336.086053</y2>
			<x3>337.358868</x3>
			<y3>346.063301</y3>
			<x4>355.602895</x4>
			<y4>337.511374</y4>
			<x5>358.464703</x5>
			<y5>311.855594</y5>
			<x6>353.13117</x6>
			<y6>176.558083</y6>
			<x7>341.293854</x7>
			<y7>161.484218</y7>
			<x8>339.147498</x8>
			<y8>185.002016</y8>
			<x9>329.846622</x9>
			<y9>291.188439</y9>
		</polygon>
	</object>
	<object>
		<name>LCD</name>
		<pose>Unspecified</pose>
		<truncated>0</truncated>
		<difficult>0</difficult>
		<occluded>0</occluded>
		<bndbox>
			<xmin>327</xmin>
			<xmax>372</xmax>
			<ymin>344</ymin>
			<ymax>491</ymax>
		</bndbox>
		<polygon>
			<x1>325.55391</x1>
			<y1>364.640433</y1>
			<x2>338.432046</x2>
			<y2>423.791259</y2>
			<x3>357.391525</x3>
			<y3>490.06869</y3>
			<x4>370.627387</x4>
			<y4>482.942084</y4>
			<x5>365.619223</x5>
			<y5>428.779882</y5>
			<x6>354.171991</x6>
			<y6>369.629057</y6>
			<x7>348.806101</x7>
			<y7>348.961901</y7>
			<x8>341.293854</x8>
			<y8>343.260616</y8>
			<x9>329.875784</x9>
			<y9>354.834234</y9>
			<x10>325.55391</x10>
			<y10>364.640433</y10>
		</polygon>
	</object>
	<object>
		<name>LMU</name>
		<pose>Unspecified</pose>
		<truncated>0</truncated>
		<difficult>0</difficult>
		<occluded>0</occluded>
		<bndbox>
			<xmin>451</xmin>
			<xmax>485</xmax>
			<ymin>115</ymin>
			<ymax>217</ymax>
		</bndbox>
		<polygon>
			<x1>450.400286</x1>
			<y1>198.542567</y1>
			<x2>463.993874</x2>
			<y2>216.359081</y2>
			<x3>480.091545</x3>
			<y3>203.531191</y3>
			<x4>484.384257</x4>
			<y4>175.737429</y4>
			<x5>479.018367</x5>
			<y5>149.368989</y5>
			<x6>474.010203</x6>
			<y6>119.437246</y6>
			<x7>458.270258</x7>
			<y7>114.448622</y7>
			<x8>452.592666</x8>
			<y8>135.198016</y8>
			<x9>453.977546</x9>
			<y9>164.334861</y9>
			<x10>450.400286</x10>
			<y10>198.542567</y10>
		</polygon>
	</object>
	<object>
		<name>LPMU</name>
		<pose>Unspecified</pose>
		<truncated>0</truncated>
		<difficult>0</difficult>
		<occluded>0</occluded>
		<bndbox>
			<xmin>346</xmin>
			<xmax>385</xmax>
			<ymin>146</ymin>
			<ymax>341</ymax>
		</bndbox>
		<polygon>
			<x1>351.310183</x1>
			<y1>318.221582</y1>
			<x2>358.106977</x2>
			<y2>320.359564</y2>
			<x3>370.627387</x3>
			<y3>340.314059</y3>
			<x4>384.220975</x4>
			<y4>317.508921</y4>
			<x5>384.220975</x5>
			<y5>247.668188</y5>
			<x6>381.716893</x6>
			<y6>155.022316</y6>
			<x7>374.204647</x7>
			<y7>145.045068</y7>
			<x8>367.765579</x8>
			<y8>157.160297</y8>
			<x9>344.513388</x9>
			<y9>278.312591</y9>
			<x10>351.310183</x10>
			<y10>318.221582</y10>
		</polygon>
	</object>
	<object>
		<name>LPMU</name>
		<pose>Unspecified</pose>
		<truncated>0</truncated>
		<difficult>0</difficult>
		<occluded>0</occluded>
		<bndbox>
			<xmin>378</xmin>
			<xmax>409</xmax>
			<ymin>155</ymin>
			<ymax>323</ymax>
		</bndbox>
		<polygon>
			<x1>377.066455</x1>
			<y1>269.048004</y1>
			<x2>378.497359</x2>
			<y2>297.554426</y2>
			<x3>389.586865</x3>
			<y3>320.359564</y3>
			<x4>401.391823</x4>
			<y4>321.784884</y4>
			<x5>407.830891</x5>
			<y5>304.681031</y5>
			<x6>407.87077</x6>
			<y6>163.722201</y6>
			<x7>400.318645</x7>
			<y7>154.309655</y7>
			<x8>392.806399</x8>
			<y8>170.700848</y8>
			<x9>377.066455</x9>
			<y9>269.048004</y9>
		</polygon>
	</object>
	<object>
		<name>LMU</name>
		<pose>Unspecified</pose>
		<truncated>0</truncated>
		<difficult>0</difficult>
		<occluded>0</occluded>
		<bndbox>
			<xmin>398</xmin>
			<xmax>440</xmax>
			<ymin>138</ymin>
			<ymax>313</ymax>
		</bndbox>
		<polygon>
			<x1>437.164424</x1>
			<y1>294.703784</y1>
			<x2>438.953054</x2>
			<y2>271.185986</y2>
			<x3>431.798534</x3>
			<y3>231.276994</y3>
			<x4>424.286288</x4>
			<y4>167.137545</y4>
			<x5>409.977248</x5>
			<y5>137.205802</y5>
			<x6>403.180454</x6>
			<y6>164.286903</y6>
			<x7>397.099111</x7>
			<y7>266.910022</y7>
			<x8>402.465002</x8>
			<y8>297.554426</y8>
			<x9>415.700863</x9>
			<y9>311.807637</y9>
			<x10>422.855384</x10>
			<y10>305.393692</y10>
			<x11>430.36763</x11>
			<y11>301.117729</y11>
			<x12>437.164424</x12>
			<y12>294.703784</y12>
		</polygon>
	</object>
	<object>
		<name>LMU</name>
		<pose>Unspecified</pose>
		<truncated>0</truncated>
		<difficult>0</difficult>
		<occluded>0</occluded>
		<bndbox>
			<xmin>429</xmin>
			<xmax>468</xmax>
			<ymin>148</ymin>
			<ymax>281</ymax>
		</bndbox>
		<polygon>
			<x1>435.018068</x1>
			<y1>147.183049</y1>
			<x2>428.221274</x2>
			<y2>161.436261</y2>
			<x3>431.083082</x3>
			<y3>217.023784</y3>
			<x4>433.94489</x4>
			<y4>261.208737</y4>
			<x5>445.749848</x5>
			<y5>277.599931</y5>
			<x6>455.766176</x6>
			<y6>279.737912</y6>
			<x7>466.855683</x7>
			<y7>249.806169</y7>
			<x8>461.489792</x8>
			<y8>224.150389</y8>
			<x9>444.363837</x9>
			<y9>150.173213</y9>
			<x10>435.018068</x10>
			<y10>147.183049</y10>
		</polygon>
	</object>
	<object>
		<name>LMD</name>
		<pose>Unspecified</pose>
		<truncated>0</truncated>
		<difficult>0</difficult>
		<occluded>0</occluded>
		<bndbox>
			<xmin>425</xmin>
			<xmax>488</xmax>
			<ymin>273</ymin>
			<ymax>406</ymax>
		</bndbox>
		<polygon>
			<x1>452.188916</x1>
			<y1>271.994561</y1>
			<x2>445.034396</x2>
			<y2>279.833827</y2>
			<x3>441.457136</x3>
			<y3>290.523736</y3>
			<x4>431.798534</x4>
			<y4>294.799699</y4>
			<x5>423.928562</x5>
			<y5>304.064286</y5>
			<x6>423.570836</x6>
			<y6>322.593461</y6>
			<x7>433.587164</x7>
			<y7>346.111259</y7>
			<x8>444.318944</x8>
			<y8>377.468323</y8>
			<x9>456.839354</x9>
			<y9>397.422818</y9>
			<x10>470.790669</x10>
			<y10>404.549424</y10>
			<x11>475.083381</x11>
			<y11>394.572176</y11>
			<x12>461.132067</x12>
			<y12>372.479699</y12>
			<x13>458.627984</x13>
			<y13>357.513828</y13>
			<x14>470.075216</x14>
			<y14>368.916396</y14>
			<x15>478.660641</x15>
			<y15>383.169607</y15>
			<x16>487.246065</x16>
			<y16>388.158231</y16>
			<x17>482.595627</x17>
			<y17>365.353094</y17>
			<x18>469.002039</x18>
			<y18>317.604837</y18>
			<x19>463.683696</x19>
			<y19>286.376193</y19>
			<x20>452.188916</x20>
			<y20>271.994561</y20>
		</polygon>
	</object>
	<object>
		<name>LMD</name>
		<pose>Unspecified</pose>
		<truncated>0</truncated>
		<difficult>0</difficult>
		<occluded>0</occluded>
		<bndbox>
			<xmin>465</xmin>
			<xmax>513</xmax>
			<ymin>259</ymin>
			<ymax>346</ymax>
		</bndbox>
		<polygon>
			<x1>498.693297</x1>
			<y1>279.121167</y1>
			<x2>492.254229</x2>
			<y2>257.741351</y2>
			<x3>482.64578</x3>
			<y3>258.565112</y3>
			<x4>475.798833</x4>
			<y4>271.994561</y4>
			<x5>468.644313</x5>
			<y5>287.673094</y5>
			<x6>464.351601</x6>
			<y6>310.478231</y6>
			<x7>470.432943</x7>
			<y7>331.858047</y7>
			<x8>484.384257</x8>
			<y8>337.559332</y8>
			<x9>501.555105</x9>
			<y9>344.685938</y9>
			<x10>505.847817</x10>
			<y10>327.582084</y10>
			<x11>511.571433</x11>
			<y11>294.799699</y11>
			<x12>498.693297</x12>
			<y12>279.121167</y12>
		</polygon>
	</object>
	<object>
		<name>LMD</name>
		<pose>Unspecified</pose>
		<truncated>0</truncated>
		<difficult>0</difficult>
		<occluded>0</occluded>
		<bndbox>
			<xmin>391</xmin>
			<xmax>451</xmax>
			<ymin>304</ymin>
			<ymax>450</ymax>
		</bndbox>
		<polygon>
			<x1>427.906179</x1>
			<y1>306.343121</y1>
			<x2>421.782206</x2>
			<y2>302.638965</y2>
			<x3>418.562672</x3>
			<y3>304.064286</y3>
			<x4>410.6927</x4>
			<y4>306.914928</y4>
			<x5>408.546344</x5>
			<y5>317.604837</y5>
			<x6>392.806399</x6>
			<y6>320.455479</y6>
			<x7>389.944591</x7>
			<y7>336.846671</y7>
			<x8>391.375495</x8>
			<y8>356.088506</y8>
			<x9>399.960919</x9>
			<y9>371.054378</y9>
			<x10>408.546344</x10>
			<y10>409.538048</y10>
			<x11>421.782206</x11>
			<y11>440.182451</y11>
			<x12>433.587164</x12>
			<y12>448.734378</y12>
			<x13>431.798534</x13>
			<y13>431.630525</y13>
			<x14>422.497658</x14>
			<y14>405.974745</y14>
			<x15>421.782206</x15>
			<y15>386.020249</y15>
			<x16>435.375794</x16>
			<y16>405.974745</y16>
			<x17>445.034396</x17>
			<y17>425.21658</y17>
			<x18>450.04256</x18>
			<y18>416.664653</y18>
			<x19>440.026232</x19>
			<y19>380.318965</y19>
			<x20>433.229438</x20>
			<y20>349.674561</y20>
			<x21>427.906179</x21>
			<y21>306.343121</y21>
		</polygon>
	</object>
	<object>
		<name>LPMD</name>
		<pose>Unspecified</pose>
		<truncated>0</truncated>
		<difficult>0</difficult>
		<occluded>0</occluded>
		<bndbox>
			<xmin>371</xmin>
			<xmax>409</xmax>
			<ymin>326</ymin>
			<ymax>458</ymax>
		</bndbox>
		<polygon>
			<x1>382.790071</x1>
			<y1>324.731442</y1>
			<x2>377.066455</x2>
			<y2>331.858047</y2>
			<x3>372.773743</x3>
			<y3>329.007406</y3>
			<x4>369.946602</x4>
			<y4>354.834234</y4>
			<x5>381.001441</x5>
			<y5>386.020249</y5>
			<x6>393.521851</x6>
			<y6>436.619149</y6>
			<x7>402.822727</x7>
			<y7>456.573644</y7>
			<x8>407.830891</x8>
			<y8>440.182451</y8>
			<x9>405.684536</x9>
			<y9>410.250708</y9>
			<x10>399.245467</x10>
			<y10>357.513828</y10>
			<x11>394.595029</x11>
			<y11>329.007406</y11>
			<x12>382.790071</x12>
			<y12>324.731442</y12>
		</polygon>
	</object>
	<object>
		<name>LPMD</name>
		<pose>Unspecified</pose>
		<truncated>0</truncated>
		<difficult>0</difficult>
		<occluded>0</occluded>
		<bndbox>
			<xmin>351</xmin>
			<xmax>388</xmax>
			<ymin>334</ymin>
			<ymax>466</ymax>
		</bndbox>
		<polygon>
			<x1>364.546045</x1>
			<y1>332.570708</y1>
			<x2>357.391525</x2>
			<y2>339.697314</y2>
			<x3>349.879279</x3>
			<y3>364.640433</y3>
			<x4>357.391525</x4>
			<y4>393.859516</y4>
			<x5>374.204647</x5>
			<y5>465.125571</y5>
			<x6>386.725057</x6>
			<y6>458.711626</y6>
			<x7>375.993277</x7>
			<y7>349.674561</y7>
			<x8>364.546045</x8>
			<y8>332.570708</y8>
		</polygon>
	</object>
	<object>
		<name>RIU</name>
		<pose>Unspecified</pose>
		<truncated>0</truncated>
		<difficult>0</difficult>
		<occluded>0</occluded>
		<bndbox>
			<xmin>286</xmin>
			<xmax>320</xmax>
			<ymin>164</ymin>
			<ymax>342</ymax>
		</bndbox>
		<polygon>
			<x1>316.253034</x1>
			<y1>288.289839</y1>
			<x2>305.547073</x2>
			<y2>175.131874</y2>
			<x3>298.72446</x3>
			<y3>162.861582</y3>
			<x4>289.781309</x4>
			<y4>176.402132</y4>
			<x5>286.919502</x5>
			<y5>261.208737</y5>
			<x6>285.488597</x6>
			<y6>315.370939</y6>
			<x7>290.139036</x7>
			<y7>336.038096</y7>
			<x8>302.659446</x8>
			<y8>341.026719</y8>
			<x9>318.041664</x9>
			<y9>330.336811</y9>
			<x10>319.472568</x10>
			<y10>318.934242</y10>
			<x11>316.253034</x11>
			<y11>288.289839</y11>
		</polygon>
	</object>
	<object>
		<name>RIU</name>
		<pose>Unspecified</pose>
		<truncated>0</truncated>
		<difficult>0</difficult>
		<occluded>0</occluded>
		<bndbox>
			<xmin>264</xmin>
			<xmax>295</xmax>
			<ymin>147</ymin>
			<ymax>336</ymax>
		</bndbox>
		<polygon>
			<x1>271.537283</x1>
			<y1>331.762133</y1>
			<x2>278.334077</x2>
			<y2>334.612774</y2>
			<x3>294.074021</x3>
			<y3>314.658279</y3>
			<x4>290.139036</x4>
			<y4>268.335343</y4>
			<x5>282.269063</x5>
			<y5>172.838829</y5>
			<x6>274.041365</x6>
			<y6>147.183049</y6>
			<x7>268.317749</x7>
			<y7>146.470389</y7>
			<x8>263.309585</x8>
			<y8>157.872958</y8>
			<x9>262.594133</x9>
			<y9>308.956995</y9>
			<x10>271.537283</x10>
			<y10>331.762133</y10>
		</polygon>
	</object>
	<object>
		<name>RPMU</name>
		<pose>Unspecified</pose>
		<truncated>0</truncated>
		<difficult>0</difficult>
		<occluded>0</occluded>
		<bndbox>
			<xmin>244</xmin>
			<xmax>276</xmax>
			<ymin>164</ymin>
			<ymax>331</ymax>
		</bndbox>
		<polygon>
			<x1>252.220079</x1>
			<y1>162.957497</y1>
			<x2>246.496463</x2>
			<y2>176.498047</y2>
			<x3>243.992381</x3>
			<y3>266.293277</y3>
			<x4>242.561477</x4>
			<y4>314.041534</y4>
			<x5>252.577805</x5>
			<y5>330.432727</y5>
			<x6>260.447777</x6>
			<y6>329.720066</y6>
			<x7>275.472269</x7>
			<y7>306.202268</y7>
			<x8>274.041365</x8>
			<y8>281.971809</y8>
			<x9>258.678526</x9>
			<y9>180.836711</y9>
			<x10>252.220079</x10>
			<y10>162.957497</y10>
		</polygon>
	</object>
	<object>
		<name>RPMU</name>
		<pose>Unspecified</pose>
		<truncated>0</truncated>
		<difficult>0</difficult>
		<occluded>0</occluded>
		<bndbox>
			<xmin>222</xmin>
			<xmax>253</xmax>
			<ymin>170</ymin>
			<ymax>324</ymax>
		</bndbox>
		<polygon>
			<x1>251.146901</x1>
			<y1>297.650341</y1>
			<x2>251.862353</x2>
			<y2>271.994561</y2>
			<x3>248.285093</x3>
			<y3>174.360066</y3>
			<x4>238.984217</x4>
			<y4>169.371442</y4>
			<x5>233.276489</x5>
			<y5>176.558083</y5>
			<x6>220.74019</x6>
			<y6>293.374378</y6>
			<x7>225.390628</x7>
			<y7>317.604837</y7>
			<x8>234.691504</x8>
			<y8>322.593461</y8>
			<x9>251.146901</x9>
			<y9>297.650341</y9>
		</polygon>
	</object>
	<object>
		<name>RPMD</name>
		<pose>Unspecified</pose>
		<truncated>0</truncated>
		<difficult>0</difficult>
		<occluded>0</occluded>
		<bndbox>
			<xmin>236</xmin>
			<xmax>269</xmax>
			<ymin>326</ymin>
			<ymax>488</ymax>
		</bndbox>
		<polygon>
			<x1>255.081887</x1>
			<y1>428.779882</y1>
			<x2>268.338455</x2>
			<y2>354.834234</y2>
			<x3>257.585969</x3>
			<y3>324.731442</y3>
			<x4>247.927367</x4>
			<y4>329.720066</y4>
			<x5>242.561477</x5>
			<y5>341.835296</y5>
			<x6>235.406956</x6>
			<y6>450.159699</y6>
			<x7>241.846025</x7>
			<y7>487.218048</y7>
			<x8>255.081887</x8>
			<y8>428.779882</y8>
		</polygon>
	</object>
	<object>
		<name>RPMD</name>
		<pose>Unspecified</pose>
		<truncated>0</truncated>
		<difficult>0</difficult>
		<occluded>0</occluded>
		<bndbox>
			<xmin>217</xmin>
			<xmax>249</xmax>
			<ymin>317</ymin>
			<ymax>473</ymax>
		</bndbox>
		<polygon>
			<x1>229.325614</x1>
			<y1>471.539516</y1>
			<x2>238.268765</x2>
			<y2>403.836763</y2>
			<x3>247.569641</x3>
			<y3>353.237864</y3>
			<x4>242.919203</x4>
			<y4>326.156763</y4>
			<x5>231.129838</x5>
			<y5>315.613481</y5>
			<x6>218.236108</x6>
			<y6>327.582084</y6>
			<x7>216.447478</x7>
			<y7>396.710158</y7>
			<x8>218.95156</x8>
			<y8>453.010341</y8>
			<x9>229.325614</x9>
			<y9>471.539516</y9>
		</polygon>
	</object>
	<object>
		<name>RMU</name>
		<pose>Unspecified</pose>
		<truncated>0</truncated>
		<difficult>0</difficult>
		<occluded>0</occluded>
		<bndbox>
			<xmin>191</xmin>
			<xmax>235</xmax>
			<ymin>157</ymin>
			<ymax>309</ymax>
		</bndbox>
		<polygon>
			<x1>225.032902</x1>
			<y1>155.830891</y1>
			<x2>214.301122</x2>
			<y2>157.256212</y2>
			<x3>206.443352</x3>
			<y3>175.131874</y3>
			<x4>200.349808</x4>
			<y4>227.809607</y4>
			<x5>190.33348</x5>
			<y5>260.591993</y5>
			<x6>190.691206</x6>
			<y6>289.098414</y6>
			<x7>201.422986</x7>
			<y7>295.512359</y7>
			<x8>212.512492</x8>
			<y8>307.627589</y8>
			<x9>223.959725</x9>
			<y9>298.363002</y9>
			<x10>229.68334</x10>
			<y10>254.178047</y10>
			<x11>233.976053</x11>
			<y11>193.601901</y11>
			<x12>225.032902</x12>
			<y12>155.830891</y12>
		</polygon>
	</object>
	<object>
		<name>RMU</name>
		<pose>Unspecified</pose>
		<truncated>0</truncated>
		<difficult>0</difficult>
		<occluded>0</occluded>
		<bndbox>
			<xmin>162</xmin>
			<xmax>209</xmax>
			<ymin>139</ymin>
			<ymax>285</ymax>
		</bndbox>
		<polygon>
			<x1>182.830191</x1>
			<y1>154.451841</y1>
			<x2>178.170796</x2>
			<y2>200.015846</y2>
			<x3>162.073125</x3>
			<y3>232.085571</y3>
			<x4>160.999947</x4>
			<y4>263.442635</y4>
			<x5>173.520357</x5>
			<y5>284.109791</y5>
			<x6>191.048932</x6>
			<y6>276.270524</y6>
			<x7>196.414822</x7>
			<y7>235.648873</y7>
			<x8>208.21978</x8>
			<y8>176.498047</y8>
			<x9>201.422986</x9>
			<y9>138.014377</y9>
			<x10>193.195288</x10>
			<y10>139.439699</y10>
			<x11>182.830191</x11>
			<y11>154.451841</y11>
		</polygon>
	</object>
	<object>
		<name>RMU</name>
		<pose>Unspecified</pose>
		<truncated>0</truncated>
		<difficult>0</difficult>
		<occluded>0</occluded>
		<bndbox>
			<xmin>152</xmin>
			<xmax>189</xmax>
			<ymin>111</ymin>
			<ymax>220</ymax>
		</bndbox>
		<polygon>
			<x1>166.365837</x1>
			<y1>122.335846</y1>
			<x2>160.284495</x2>
			<y2>151.047543</y2>
			<x3>150.983619</x3>
			<y3>166.013415</y3>
			<x4>150.625893</x4>
			<y4>195.945158</y4>
			<x5>160.284495</x5>
			<y5>218.750296</y5>
			<x6>174.593536</x6>
			<y6>210.198369</y6>
			<x7>182.463508</x7>
			<y7>190.243873</y7>
			<x8>188.187124</x8>
			<y8>131.093048</y8>
			<x9>180.317152</x9>
			<y9>110.425892</y9>
			<x10>174.951262</x10>
			<y10>110.425892</y10>
			<x11>166.365837</x11>
			<y11>122.335846</y11>
		</polygon>
	</object>
	<object>
		<name>RMD</name>
		<pose>Unspecified</pose>
		<truncated>0</truncated>
		<difficult>0</difficult>
		<occluded>0</occluded>
		<bndbox>
			<xmin>130</xmin>
			<xmax>179</xmax>
			<ymin>267</ymin>
			<ymax>356</ymax>
		</bndbox>
		<polygon>
			<x1>153.487701</x1>
			<y1>349.724739</y1>
			<x2>166.365837</x2>
			<y2>341.885473</y2>
			<x3>174.951262</x3>
			<y3>329.770244</y3>
			<x4>178.170796</x4>
			<y4>311.95373</y4>
			<x5>173.878084</x5>
			<y5>289.861253</y5>
			<x6>167.796742</x6>
			<y6>286.297951</y6>
			<x7>162.788577</x7>
			<y7>266.343455</y7>
			<x8>151.341345</x8>
			<y8>273.470061</y8>
			<x9>146.690907</x9>
			<y9>284.159969</y9>
			<x10>129.162333</x10>
			<y10>306.965106</y10>
			<x11>130.593237</x11>
			<y11>321.218317</y11>
			<x12>138.463209</x12>
			<y12>331.195565</y12>
			<x13>137.390031</x13>
			<y13>355.426024</y13>
			<x14>153.487701</x14>
			<y14>349.724739</y14>
		</polygon>
	</object>
	<object>
		<name>RMD</name>
		<pose>Unspecified</pose>
		<truncated>0</truncated>
		<difficult>0</difficult>
		<occluded>0</occluded>
		<bndbox>
			<xmin>151</xmin>
			<xmax>216</xmax>
			<ymin>290</ymin>
			<ymax>413</ymax>
		</bndbox>
		<polygon>
			<x1>195.710097</x1>
			<y1>289.228611</y1>
			<x2>184.609864</x2>
			<y2>295.562537</y2>
			<x3>176.739891</x3>
			<y3>318.367675</y3>
			<x4>170.300824</x4>
			<y4>342.598134</y4>
			<x5>154.203153</x5>
			<y5>365.403271</y5>
			<x6>149.552715</x6>
			<y6>391.059051</y6>
			<x7>155.276331</x7>
			<y7>394.622354</y7>
			<x8>163.504029</x8>
			<y8>387.495749</y8>
			<x9>175.308988</x9>
			<y9>375.380519</y9>
			<x10>166.365837</x10>
			<y10>395.335014</y10>
			<x11>160.642221</x11>
			<y11>411.726207</y11>
			<x12>177.81307</x12>
			<y12>412.438868</y12>
			<x13>185.325316</x13>
			<y13>398.185657</y13>
			<x14>197.130274</x14>
			<y14>375.380519</y14>
			<x15>207.504328</x15>
			<y15>362.552629</y15>
			<x16>213.943396</x16>
			<y16>348.299418</y16>
			<x17>215.3743</x17>
			<y17>329.770244</y17>
			<x18>212.870218</x18>
			<y18>322.643638</y18>
			<x19>199.992082</x19>
			<y19>309.815749</y19>
			<x20>195.710097</x20>
			<y20>289.228611</y20>
		</polygon>
	</object>
	<metadata>
		<tags>
			<tag>teeth</tag>
		</tags>
	</metadata>
</annotation>
