<annotation>
	<folder></folder>
	<filename>280_jpg.rf.018dc3a88d4ca4c2d7924fcba454f32d.jpg</filename>
	<path>280_jpg.rf.018dc3a88d4ca4c2d7924fcba454f32d.jpg</path>
	<source>
		<database>roboflow.com</database>
	</source>
	<size>
		<width>640</width>
		<height>640</height>
		<depth>3</depth>
	</size>
	<segmented>0</segmented>
	<object>
		<name>RIU</name>
		<pose>Unspecified</pose>
		<truncated>0</truncated>
		<difficult>0</difficult>
		<occluded>0</occluded>
		<bndbox>
			<xmin>299</xmin>
			<xmax>328</xmax>
			<ymin>270</ymin>
			<ymax>413</ymax>
		</bndbox>
		<polygon>
			<x1>300.487969</x1>
			<y1>407.359869</y1>
			<x2>324.315455</x2>
			<y2>411.523924</y2>
			<x3>325.987567</x3>
			<y3>368.217737</y3>
			<x4>327.400121</x4>
			<y4>269.083334</y4>
			<x5>306.340312</x5>
			<y5>269.113228</y5>
			<x6>297.561766</x6>
			<y6>369.050568</y6>
			<x7>300.487969</x7>
			<y7>407.359869</y7>
		</polygon>
	</object>
	<object>
		<name>RIU</name>
		<pose>Unspecified</pose>
		<truncated>0</truncated>
		<difficult>0</difficult>
		<occluded>0</occluded>
		<bndbox>
			<xmin>276</xmin>
			<xmax>309</xmax>
			<ymin>279</ymin>
			<ymax>405</ymax>
		</bndbox>
		<polygon>
			<x1>298.397837</x1>
			<y1>358.224029</y1>
			<x2>307.594403</x2>
			<y2>278.274139</y2>
			<x3>287.681029</x3>
			<y3>281.583334</y3>
			<x4>279.168602</x4>
			<y4>357.391199</y4>
			<x5>274.570319</x5>
			<y5>389.038017</y5>
			<x6>297.561766</x6>
			<y6>404.028643</y6>
			<x7>298.397837</x7>
			<y7>358.224029</y7>
		</polygon>
	</object>
	<object>
		<name>RCU</name>
		<pose>Unspecified</pose>
		<truncated>0</truncated>
		<difficult>0</difficult>
		<occluded>0</occluded>
		<bndbox>
			<xmin>255</xmin>
			<xmax>290</xmax>
			<ymin>288</ymin>
			<ymax>390</ymax>
		</bndbox>
		<polygon>
			<x1>275.406391</x1>
			<y1>372.381794</y1>
			<x2>288.78322</x2>
			<y2>289.933507</y2>
			<x3>261.550048</x3>
			<y3>286.791668</y3>
			<x4>254.087024</x4>
			<y4>342.400668</y4>
			<x5>254.505076</x5>
			<y5>373.214624</y5>
			<x6>258.685339</x6>
			<y6>389.038017</y6>
			<x7>275.406391</x7>
			<y7>372.381794</y7>
		</polygon>
	</object>
	<object>
		<name>RPMU</name>
		<pose>Unspecified</pose>
		<truncated>0</truncated>
		<difficult>0</difficult>
		<occluded>0</occluded>
		<bndbox>
			<xmin>233</xmin>
			<xmax>263</xmax>
			<ymin>288</ymin>
			<ymax>375</ymax>
		</bndbox>
		<polygon>
			<x1>231.51363</x1>
			<y1>355.72557</y1>
			<x2>243.218347</x2>
			<y2>374.047423</y2>
			<x3>252.832965</x3>
			<y3>365.719311</y3>
			<x4>262.44755</x4>
			<y4>287.435081</y4>
			<x5>239.600023</x5>
			<y5>290.958334</y5>
			<x6>231.51363</x6>
			<y6>355.72557</y6>
		</polygon>
	</object>
	<object>
		<name>RPMU</name>
		<pose>Unspecified</pose>
		<truncated>0</truncated>
		<difficult>0</difficult>
		<occluded>0</occluded>
		<bndbox>
			<xmin>213</xmin>
			<xmax>245</xmax>
			<ymin>291</ymin>
			<ymax>359</ymax>
		</bndbox>
		<polygon>
			<x1>241.964287</x1>
			<y1>340.734976</y1>
			<x2>244.472439</x2>
			<y2>289.933507</y2>
			<x3>216.08214</x3>
			<y3>296.166668</y3>
			<x4>212.284395</x4>
			<y4>340.734976</y4>
			<x5>219.390861</x5>
			<y5>358.224029</y5>
			<x6>231.51363</x6>
			<y6>354.892836</y6>
			<x7>241.964287</x7>
			<y7>340.734976</y7>
		</polygon>
	</object>
	<object>
		<name>RMU</name>
		<pose>Unspecified</pose>
		<truncated>0</truncated>
		<difficult>0</difficult>
		<occluded>0</occluded>
		<bndbox>
			<xmin>170</xmin>
			<xmax>216</xmax>
			<ymin>238</ymin>
			<ymax>362</ymax>
		</bndbox>
		<polygon>
			<x1>212.284395</x1>
			<y1>283.271024</y1>
			<x2>206.014</x2>
			<y2>237.466411</y2>
			<x3>181.589244</x3>
			<y3>239.916668</y3>
			<x4>179.678363</x4>
			<y4>282.438194</y4>
			<x5>168.809685</x5>
			<y5>328.242808</y5>
			<x6>180.514402</x6>
			<y6>353.227143</y6>
			<x7>186.366777</x7>
			<y7>344.066233</y7>
			<x8>197.235454</x8>
			<y8>360.722456</y8>
			<x9>215.210598</x9>
			<y9>354.059973</y9>
			<x10>212.284395</x10>
			<y10>283.271024</y10>
		</polygon>
	</object>
	<object>
		<name>RMU</name>
		<pose>Unspecified</pose>
		<truncated>0</truncated>
		<difficult>0</difficult>
		<occluded>0</occluded>
		<bndbox>
			<xmin>133</xmin>
			<xmax>178</xmax>
			<ymin>203</ymin>
			<ymax>341</ymax>
		</bndbox>
		<polygon>
			<x1>157.104936</x1>
			<y1>339.902177</y1>
			<x2>172.153877</x2>
			<y2>328.242808</y2>
			<x3>171.317837</x3>
			<y3>284.103823</y3>
			<x4>175.840428</x4>
			<y4>223.250001</y4>
			<x5>177.170211</x5>
			<y5>209.983617</y5>
			<x6>153.760713</x6>
			<y6>202.488336</y6>
			<x7>144.146127</x7>
			<y7>273.277284</y7>
			<x8>135.785601</x8>
			<y8>291.599136</y8>
			<x9>132.441378</x9>
			<y9>323.245954</y9>
			<x10>157.104936</x10>
			<y10>339.902177</y10>
		</polygon>
	</object>
	<object>
		<name>RMU</name>
		<pose>Unspecified</pose>
		<truncated>0</truncated>
		<difficult>0</difficult>
		<occluded>0</occluded>
		<bndbox>
			<xmin>97</xmin>
			<xmax>146</xmax>
			<ymin>188</ymin>
			<ymax>328</ymax>
		</bndbox>
		<polygon>
			<x1>95.655067</x1>
			<y1>278.274139</y1>
			<x2>110.286004</x2>
			<y2>327.41001</y2>
			<x3>134.94953</x3>
			<y3>314.085012</y3>
			<x4>134.94953</x4>
			<y4>279.939767</y4>
			<x5>144.982167</x5>
			<y5>197.491449</y5>
			<x6>119.397508</x6>
			<y6>186.791668</y6>
			<x7>115.302306</x7>
			<y7>243.296063</y7>
			<x8>95.655067</x8>
			<y8>278.274139</y8>
		</polygon>
	</object>
	<object>
		<name>LIU</name>
		<pose>Unspecified</pose>
		<truncated>0</truncated>
		<difficult>0</difficult>
		<occluded>0</occluded>
		<bndbox>
			<xmin>325</xmin>
			<xmax>356</xmax>
			<ymin>284</ymin>
			<ymax>409</ymax>
		</bndbox>
		<polygon>
			<x1>334.166309</x1>
			<y1>283.271024</y1>
			<x2>330.822118</x2>
			<y2>348.230289</y2>
			<x3>323.715652</x3>
			<y3>369.050568</y3>
			<x4>324.969743</x4>
			<y4>408.192699</y4>
			<x5>352.141453</x5>
			<y5>404.028643</y5>
			<x6>355.485644</x6>
			<y6>378.211478</y6>
			<x7>353.531102</x7>
			<y7>286.791668</y7>
			<x8>334.166309</x8>
			<y8>283.271024</y8>
		</polygon>
	</object>
	<object>
		<name>LIU</name>
		<pose>Unspecified</pose>
		<truncated>0</truncated>
		<difficult>0</difficult>
		<occluded>0</occluded>
		<bndbox>
			<xmin>354</xmin>
			<xmax>377</xmax>
			<ymin>298</ymin>
			<ymax>406</ymax>
		</bndbox>
		<polygon>
			<x1>356.739736</x1>
			<y1>404.861505</y1>
			<x2>374.714879</x2>
			<y2>396.533394</y2>
			<x3>374.296828</x3>
			<y3>369.050568</y3>
			<x4>376.003747</x4>
			<y4>302.416668</y4>
			<x5>354.649604</x5>
			<y5>297.428789</y5>
			<x6>352.977493</x6>
			<y6>370.716197</y6>
			<x7>356.739736</x7>
			<y7>404.861505</y7>
		</polygon>
	</object>
	<object>
		<name>LCU</name>
		<pose>Unspecified</pose>
		<truncated>0</truncated>
		<difficult>0</difficult>
		<occluded>0</occluded>
		<bndbox>
			<xmin>374</xmin>
			<xmax>398</xmax>
			<ymin>291</ymin>
			<ymax>402</ymax>
		</bndbox>
		<polygon>
			<x1>397.288274</x1>
			<y1>388.205282</y1>
			<x2>395.198142</x2>
			<y2>366.552141</y2>
			<x3>395.198142</x3>
			<y3>341.567806</y3>
			<x4>396.385912</x4>
			<y4>289.916668</y4>
			<x5>378.05907</x5>
			<y5>298.261619</y5>
			<x6>378.895142</x6>
			<y6>348.230289</y6>
			<x7>373.042768</x7>
			<y7>363.220947</y7>
			<x8>376.805011</x8>
			<y8>400.697449</y8>
			<x9>390.181839</x9>
			<y9>399.031757</y9>
			<x10>397.288274</x10>
			<y10>388.205282</y10>
		</polygon>
	</object>
	<object>
		<name>LPMU</name>
		<pose>Unspecified</pose>
		<truncated>0</truncated>
		<difficult>0</difficult>
		<occluded>0</occluded>
		<bndbox>
			<xmin>395</xmin>
			<xmax>423</xmax>
			<ymin>290</ymin>
			<ymax>393</ymax>
		</bndbox>
		<polygon>
			<x1>394.362102</x1>
			<y1>289.100678</y1>
			<x2>394.780122</x2>
			<y2>320.747527</y2>
			<x3>395.616194</x3>
			<y3>378.211478</y3>
			<x4>411.083154</x4>
			<y4>391.536476</y4>
			<x5>421.533812</x5>
			<y5>367.385002</y5>
			<x6>414.009326</x6>
			<y6>324.078753</y6>
			<x7>413.63236</x7>
			<y7>290.958334</y7>
			<x8>394.362102</x8>
			<y8>289.100678</y8>
		</polygon>
	</object>
	<object>
		<name>LPMU</name>
		<pose>Unspecified</pose>
		<truncated>0</truncated>
		<difficult>0</difficult>
		<occluded>0</occluded>
		<bndbox>
			<xmin>434</xmin>
			<xmax>474</xmax>
			<ymin>243</ymin>
			<ymax>363</ymax>
		</bndbox>
		<polygon>
			<x1>462.500402</x1>
			<y1>294.930362</y1>
			<x2>463.281225</x2>
			<y2>250.333334</y2>
			<x3>443.271167</x3>
			<y3>242.463265</y3>
			<x4>440.344995</x4>
			<y4>299.927248</y4>
			<x5>432.820509</x5>
			<y5>338.236612</y5>
			<x6>439.090904</x6>
			<y6>361.555255</y6>
			<x7>460.41027</x7>
			<y7>356.558401</y7>
			<x8>472.951059</x8>
			<y8>334.072556</y8>
			<x9>462.500402</x9>
			<y9>294.930362</y9>
		</polygon>
	</object>
	<object>
		<name>LMU</name>
		<pose>Unspecified</pose>
		<truncated>0</truncated>
		<difficult>0</difficult>
		<occluded>0</occluded>
		<bndbox>
			<xmin>466</xmin>
			<xmax>499</xmax>
			<ymin>219</ymin>
			<ymax>349</ymax>
		</bndbox>
		<polygon>
			<x1>488.836039</x1>
			<y1>274.110082</y1>
			<x2>485.753869</x2>
			<y2>218.041668</y2>
			<x3>464.590533</x3>
			<y3>228.305469</y3>
			<x4>468.352744</x4>
			<y4>295.763192</y4>
			<x5>468.770796</x5>
			<y5>334.072556</y5>
			<x6>478.803402</x6>
			<y6>348.230289</y6>
			<x7>497.614585</x7>
			<y7>332.406864</y7>
			<x8>496.360525</x8>
			<y8>303.258473</y8>
			<x9>488.836039</x9>
			<y9>274.110082</y9>
		</polygon>
	</object>
	<object>
		<name>LMU</name>
		<pose>Unspecified</pose>
		<truncated>0</truncated>
		<difficult>0</difficult>
		<occluded>0</occluded>
		<bndbox>
			<xmin>494</xmin>
			<xmax>528</xmax>
			<ymin>213</ymin>
			<ymax>335</ymax>
		</bndbox>
		<polygon>
			<x1>492.598282</x1>
			<y1>218.311728</y1>
			<x2>494.688414</x2>
			<y2>292.431934</y2>
			<x3>496.360525</x3>
			<y3>319.081898</y3>
			<x4>510.155374</x4>
			<y4>334.072556</y4>
			<x5>526.876426</x5>
			<y5>301.592844</y5>
			<x6>515.171709</x6>
			<y6>267.4476</y6>
			<x7>512.40747</x7>
			<y7>211.791668</y7>
			<x8>492.598282</x8>
			<y8>218.311728</y8>
		</polygon>
	</object>
	<object>
		<name>RID</name>
		<pose>Unspecified</pose>
		<truncated>0</truncated>
		<difficult>0</difficult>
		<occluded>0</occluded>
		<bndbox>
			<xmin>306</xmin>
			<xmax>335</xmax>
			<ymin>419</ymin>
			<ymax>532</ymax>
		</bndbox>
		<polygon>
			<x1>316.908409</x1>
			<y1>530.571562</y1>
			<x2>334.047481</x2>
			<y2>531.40436</y2>
			<x3>325.686955</x3>
			<y3>472.274781</y3>
			<x4>323.219164</x4>
			<y4>418.041667</y4>
			<x5>304.78564</x5>
			<y5>434.798262</y5>
			<x6>310.638015</x6>
			<y6>478.104465</y6>
			<x7>316.908409</x7>
			<y7>530.571562</y7>
		</polygon>
	</object>
	<object>
		<name>RID</name>
		<pose>Unspecified</pose>
		<truncated>0</truncated>
		<difficult>0</difficult>
		<occluded>0</occluded>
		<bndbox>
			<xmin>290</xmin>
			<xmax>315</xmax>
			<ymin>417</ymin>
			<ymax>528</ymax>
		</bndbox>
		<polygon>
			<x1>290.15472</x1>
			<y1>450.621687</y1>
			<x2>293.080923</x2>
			<y2>527.240304</y2>
			<x3>313.982238</x3>
			<y3>524.741877</y3>
			<x4>311.892106</x4>
			<y4>418.142039</y4>
			<x5>289.248888</x5>
			<y5>415.958334</y5>
			<x6>290.15472</x6>
			<y6>450.621687</y6>
		</polygon>
	</object>
	<object>
		<name>RCD</name>
		<pose>Unspecified</pose>
		<truncated>0</truncated>
		<difficult>0</difficult>
		<occluded>0</occluded>
		<bndbox>
			<xmin>262</xmin>
			<xmax>295</xmax>
			<ymin>392</ymin>
			<ymax>532</ymax>
		</bndbox>
		<polygon>
			<x1>289.7367</x1>
			<y1>411.479587</y1>
			<x2>277.613931</x2>
			<y2>391.492091</y2>
			<x3>272.52506</x3>
			<y3>403.458334</y3>
			<x4>265.491194</x4>
			<y4>423.971755</y4>
			<x5>261.310931</x5>
			<y5>522.24345</y5>
			<x6>293.916963</x6>
			<y6>530.571562</y6>
			<x7>289.7367</x7>
			<y7>411.479587</y7>
		</polygon>
	</object>
	<object>
		<name>RPMD</name>
		<pose>Unspecified</pose>
		<truncated>0</truncated>
		<difficult>0</difficult>
		<occluded>0</occluded>
		<bndbox>
			<xmin>242</xmin>
			<xmax>276</xmax>
			<ymin>397</ymin>
			<ymax>524</ymax>
		</bndbox>
		<polygon>
			<x1>265.073142</x1>
			<y1>449.788872</y1>
			<x2>275.105779</x2>
			<y2>419.807699</y2>
			<x3>247.961937</x3>
			<y3>396.166667</y3>
			<x4>243.335787</x4>
			<y4>423.138909</y4>
			<x5>240.827636</x5>
			<y5>523.076249</y5>
			<x6>256.712616</x6>
			<y6>517.246564</y6>
			<x7>265.073142</x7>
			<y7>449.788872</y7>
		</polygon>
	</object>
	<object>
		<name>RPMD</name>
		<pose>Unspecified</pose>
		<truncated>0</truncated>
		<difficult>0</difficult>
		<occluded>0</occluded>
		<bndbox>
			<xmin>210</xmin>
			<xmax>252</xmax>
			<ymin>386</ymin>
			<ymax>527</ymax>
		</bndbox>
		<polygon>
			<x1>238.737504</x1>
			<y1>448.95609</y1>
			<x2>251.278293</x2>
			<y2>397.321776</y2>
			<x3>218.695238</x3>
			<y3>384.708334</y3>
			<x4>219.508301</x4>
			<y4>445.624817</y4>
			<x5>208.639592</x5>
			<y5>506.420025</y5>
			<x6>229.122887</x6>
			<y6>525.574676</y6>
			<x7>238.737504</x7>
			<y7>448.95609</y7>
		</polygon>
	</object>
	<object>
		<name>RMD</name>
		<pose>Unspecified</pose>
		<truncated>0</truncated>
		<difficult>0</difficult>
		<occluded>0</occluded>
		<bndbox>
			<xmin>160</xmin>
			<xmax>229</xmax>
			<ymin>364</ymin>
			<ymax>504</ymax>
		</bndbox>
		<polygon>
			<x1>158.59398</x1>
			<y1>465.958334</y1>
			<x2>188.156329</x2>
			<y2>503.0888</y2>
			<x3>218.254209</x3>
			<y3>433.965464</y3>
			<x4>228.286847</x4>
			<y4>394.823364</y4>
			<x5>183.139994</x5>
			<y5>363.176515</y5>
			<x6>158.59398</x6>
			<y6>465.958334</y6>
		</polygon>
	</object>
	<object>
		<name>RMD</name>
		<pose>Unspecified</pose>
		<truncated>0</truncated>
		<difficult>0</difficult>
		<occluded>0</occluded>
		<bndbox>
			<xmin>119</xmin>
			<xmax>182</xmax>
			<ymin>342</ymin>
			<ymax>470</ymax>
		</bndbox>
		<polygon>
			<x1>135.06697</x1>
			<y1>340.690639</y1>
			<x2>118.352269</x2>
			<y2>435.750001</y2>
			<x3>156.804341</x3>
			<y3>468.943523</y3>
			<x4>181.049863</x4>
			<y4>368.173385</y4>
			<x5>135.06697</x5>
			<y5>340.690639</y5>
		</polygon>
	</object>
	<object>
		<name>LID</name>
		<pose>Unspecified</pose>
		<truncated>0</truncated>
		<difficult>0</difficult>
		<occluded>0</occluded>
		<bndbox>
			<xmin>321</xmin>
			<xmax>354</xmax>
			<ymin>417</ymin>
			<ymax>532</ymax>
		</bndbox>
		<polygon>
			<x1>345.566282</x1>
			<y1>530.571562</y1>
			<x2>352.672748</x2>
			<y2>521.41062</y2>
			<x3>340.967999</x3>
			<y3>466.445096</y3>
			<x4>335.762035</x4>
			<y4>415.958334</y4>
			<x5>320.066684</x5>
			<y5>429.801408</y5>
			<x6>330.935362</x6>
			<y6>494.760688</y6>
			<x7>345.566282</x7>
			<y7>530.571562</y7>
		</polygon>
	</object>
	<object>
		<name>LID</name>
		<pose>Unspecified</pose>
		<truncated>0</truncated>
		<difficult>0</difficult>
		<occluded>0</occluded>
		<bndbox>
			<xmin>335</xmin>
			<xmax>369</xmax>
			<ymin>413</ymin>
			<ymax>553</ymax>
		</bndbox>
		<polygon>
			<x1>351.836677</x1>
			<y1>548.060583</y1>
			<x2>367.721689</x2>
			<y2>552.224639</y2>
			<x3>361.869314</x3>
			<y3>491.429431</y3>
			<x4>358.234679</x4>
			<y4>411.791667</y4>
			<x5>334.279585</x5>
			<y5>423.138909</y5>
			<x6>345.566282</x6>
			<y6>476.438836</y6>
			<x7>351.836677</x7>
			<y7>548.060583</y7>
		</polygon>
	</object>
	<object>
		<name>LCD</name>
		<pose>Unspecified</pose>
		<truncated>0</truncated>
		<difficult>0</difficult>
		<occluded>0</occluded>
		<bndbox>
			<xmin>355</xmin>
			<xmax>392</xmax>
			<ymin>413</ymin>
			<ymax>548</ymax>
		</bndbox>
		<polygon>
			<x1>364.795517</x1>
			<y1>412.31237</y1>
			<x2>354.34486</x2>
			<y2>432.299867</y2>
			<x3>367.303669</x3>
			<y3>501.423171</y3>
			<x4>381.098517</x4>
			<y4>547.227785</y4>
			<x5>391.131155</x5>
			<y5>539.732472</y5>
			<x6>381.098517</x6>
			<y6>454.785727</y6>
			<x7>376.003747</x7>
			<y7>419.083334</y7>
			<x8>364.795517</x8>
			<y8>412.31237</y8>
		</polygon>
	</object>
	<object>
		<name>LPMD</name>
		<pose>Unspecified</pose>
		<truncated>0</truncated>
		<difficult>0</difficult>
		<occluded>0</occluded>
		<bndbox>
			<xmin>378</xmin>
			<xmax>411</xmax>
			<ymin>412</ymin>
			<ymax>532</ymax>
		</bndbox>
		<polygon>
			<x1>384.024721</x1>
			<y1>416.476426</y1>
			<x2>376.918254</x2>
			<y2>434.798262</y2>
			<x3>388.204984</x3>
			<y3>494.760688</y3>
			<x4>402.835904</x4>
			<y4>530.571562</y4>
			<x5>409.942338</x5>
			<y5>518.912193</y5>
			<x6>401.581812</x6>
			<y6>463.113839</y6>
			<x7>399.52163</x7>
			<y7>410.750001</y7>
			<x8>384.024721</x8>
			<y8>416.476426</y8>
		</polygon>
	</object>
	<object>
		<name>LPMD</name>
		<pose>Unspecified</pose>
		<truncated>0</truncated>
		<difficult>0</difficult>
		<occluded>0</occluded>
		<bndbox>
			<xmin>399</xmin>
			<xmax>434</xmax>
			<ymin>397</ymin>
			<ymax>525</ymax>
		</bndbox>
		<polygon>
			<x1>398.237621</x1>
			<y1>396.488961</y1>
			<x2>399.073661</x2>
			<y2>429.801408</y2>
			<x3>414.122601</x3>
			<y3>484.766947</y3>
			<x4>424.155239</x4>
			<y4>523.909079</y4>
			<x5>432.933785</x5>
			<y5>513.915339</y5>
			<x6>423.737219</x6>
			<y6>438.129519</y6>
			<x7>419.381176</x7>
			<y7>402.416667</y7>
			<x8>398.237621</x8>
			<y8>396.488961</y8>
		</polygon>
	</object>
	<object>
		<name>LMD</name>
		<pose>Unspecified</pose>
		<truncated>0</truncated>
		<difficult>0</difficult>
		<occluded>0</occluded>
		<bndbox>
			<xmin>420</xmin>
			<xmax>471</xmax>
			<ymin>378</ymin>
			<ymax>515</ymax>
		</bndbox>
		<polygon>
			<x1>423.319199</x1>
			<y1>387.328036</y1>
			<x2>419.138936</x2>
			<y2>418.142039</y2>
			<x3>433.769856</x3>
			<y3>454.785727</y3>
			<x4>445.892593</x4>
			<y4>513.915339</y4>
			<x5>470.138131</x5>
			<y5>501.423171</y5>
			<x6>460.523514</x6>
			<y6>433.132649</y6>
			<x7>453.874072</x7>
			<y7>377.416667</y7>
			<x8>423.319199</x8>
			<y8>387.328036</y8>
		</polygon>
	</object>
	<object>
		<name>LMD</name>
		<pose>Unspecified</pose>
		<truncated>0</truncated>
		<difficult>0</difficult>
		<occluded>0</occluded>
		<bndbox>
			<xmin>457</xmin>
			<xmax>509</xmax>
			<ymin>358</ymin>
			<ymax>496</ymax>
		</bndbox>
		<polygon>
			<x1>465.539849</x1>
			<y1>359.845273</y1>
			<x2>455.925231</x2>
			<y2>390.659309</y2>
			<x3>463.867737</x3>
			<y3>420.640482</y3>
			<x4>484.351032</x4>
			<y4>494.760688</y4>
			<x5>508.178518</x5>
			<y5>472.274781</y5>
			<x6>493.547598</x6>
			<y6>412.31237</y6>
			<x7>488.366967</x7>
			<y7>356.583334</y7>
			<x8>465.539849</x8>
			<y8>359.845273</y8>
		</polygon>
	</object>
	<object>
		<name>LMD</name>
		<pose>Unspecified</pose>
		<truncated>0</truncated>
		<difficult>0</difficult>
		<occluded>0</occluded>
		<bndbox>
			<xmin>488</xmin>
			<xmax>543</xmax>
			<ymin>328</ymin>
			<ymax>445</ymax>
		</bndbox>
		<polygon>
			<x1>521.973399</x1>
			<y1>443.959188</y1>
			<x2>541.620622</x2>
			<y2>408.981129</y2>
			<x3>526.153662</x3>
			<y3>360.678072</y3>
			<x4>514.497949</x4>
			<y4>327.416667</y4>
			<x5>503.162215</x5>
			<y5>334.028124</y5>
			<x6>486.859183</x6>
			<y6>395.656147</y6>
			<x7>521.973399</x7>
			<y7>443.959188</y7>
		</polygon>
	</object>
</annotation>
