<annotation>
	<folder></folder>
	<filename>286_jpg.rf.16fccfa739f99260a4ea85be742c117b.jpg</filename>
	<path>286_jpg.rf.16fccfa739f99260a4ea85be742c117b.jpg</path>
	<source>
		<database>roboflow.com</database>
	</source>
	<size>
		<width>640</width>
		<height>640</height>
		<depth>3</depth>
	</size>
	<segmented>0</segmented>
	<object>
		<name>RID</name>
		<pose>Unspecified</pose>
		<truncated>0</truncated>
		<difficult>0</difficult>
		<occluded>0</occluded>
		<bndbox>
			<xmin>296</xmin>
			<xmax>314</xmax>
			<ymin>353</ymin>
			<ymax>476</ymax>
		</bndbox>
		<polygon>
			<x1>313.185502</x1>
			<y1>385.151358</y1>
			<x2>313.42876</x2>
			<y2>352.000001</y2>
			<x3>294.792349</x3>
			<y3>360.722242</y3>
			<x4>300.366033</x4>
			<y4>409.580493</y4>
			<x5>300.644713</x5>
			<y5>441.782542</y5>
			<x6>302.316814</x6>
			<y6>474.539747</y6>
			<x7>305.103656</x7>
			<y7>475.094988</y7>
			<x8>311.792081</x8>
			<y8>474.539747</y8>
			<x9>313.185502</x9>
			<y9>385.151358</y9>
		</polygon>
	</object>
	<object>
		<name>RID</name>
		<pose>Unspecified</pose>
		<truncated>0</truncated>
		<difficult>0</difficult>
		<occluded>0</occluded>
		<bndbox>
			<xmin>277</xmin>
			<xmax>301</xmax>
			<ymin>362</ymin>
			<ymax>481</ymax>
		</bndbox>
		<polygon>
			<x1>276.120495</x1>
			<y1>465.656436</y1>
			<x2>285.038403</x2>
			<y2>479.536622</y2>
			<x3>296.46445</x3>
			<y3>475.650187</y3>
			<x4>297.02181</x4>
			<y4>399.586764</y4>
			<x5>300.366033</x5>
			<y5>361.277484</y5>
			<x6>280.329516</x6>
			<y6>361.027778</y6>
			<x7>278.907337</x7>
			<y7>403.473199</y7>
			<x8>276.120495</x8>
			<y8>465.656436</y8>
		</polygon>
	</object>
	<object>
		<name>RCD</name>
		<pose>Unspecified</pose>
		<truncated>0</truncated>
		<difficult>0</difficult>
		<occluded>0</occluded>
		<bndbox>
			<xmin>260</xmin>
			<xmax>289</xmax>
			<ymin>349</ymin>
			<ymax>477</ymax>
		</bndbox>
		<polygon>
			<x1>279.186017</x1>
			<y1>382.37532</y1>
			<x2>287.546543</x2>
			<y2>361.832641</y2>
			<x3>262.560449</x3>
			<y3>347.833334</y3>
			<x4>259.399443</x4>
			<y4>375.15767</y4>
			<x5>261.071545</x5>
			<y5>429.012754</y5>
			<x6>259.678123</x6>
			<y6>467.877275</y6>
			<x7>263.858386</x7>
			<y7>476.205386</y7>
			<x8>270.825491</x8>
			<y8>476.205386</y8>
			<x9>276.956557</x9>
			<y9>438.451263</y9>
			<x10>279.186017</x10>
			<y10>382.37532</y10>
		</polygon>
	</object>
	<object>
		<name>RPMD</name>
		<pose>Unspecified</pose>
		<truncated>0</truncated>
		<difficult>0</difficult>
		<occluded>0</occluded>
		<bndbox>
			<xmin>233</xmin>
			<xmax>265</xmax>
			<ymin>336</ymin>
			<ymax>452</ymax>
		</bndbox>
		<polygon>
			<x1>264.137088</x1>
			<y1>345.731638</y1>
			<x2>246.022615</x2>
			<y2>335.182688</y2>
			<x3>237.126293</x3>
			<y3>344.361112</y3>
			<x4>232.367085</x4>
			<y4>364.053521</y4>
			<x5>236.826028</x5>
			<y5>399.031544</y5>
			<x6>232.367085</x6>
			<y6>430.678393</y6>
			<x7>240.727611</x7>
			<y7>451.221051</y7>
			<x8>251.038918</x8>
			<y8>432.899189</y8>
			<x9>256.333921</x9>
			<y9>378.488864</y9>
			<x10>264.137088</x10>
			<y10>345.731638</y10>
		</polygon>
	</object>
	<object>
		<name>LID</name>
		<pose>Unspecified</pose>
		<truncated>0</truncated>
		<difficult>0</difficult>
		<occluded>0</occluded>
		<bndbox>
			<xmin>313</xmin>
			<xmax>329</xmax>
			<ymin>353</ymin>
			<ymax>465</ymax>
		</bndbox>
		<polygon>
			<x1>328.410522</x1>
			<y1>354.083334</y1>
			<x2>311.513401</x2>
			<y2>352.394131</y2>
			<x3>314.300243</x3>
			<y3>413.466929</y3>
			<x4>313.742862</x4>
			<y4>463.990839</y4>
			<x5>324.61155</x5>
			<y5>463.990839</y5>
			<x6>328.410522</x6>
			<y6>354.083334</y6>
		</polygon>
	</object>
	<object>
		<name>LID</name>
		<pose>Unspecified</pose>
		<truncated>0</truncated>
		<difficult>0</difficult>
		<occluded>0</occluded>
		<bndbox>
			<xmin>328</xmin>
			<xmax>346</xmax>
			<ymin>347</ymin>
			<ymax>469</ymax>
		</bndbox>
		<polygon>
			<x1>329.349173</x1>
			<y1>468.432474</y1>
			<x2>343.840764</x2>
			<y2>465.656436</y2>
			<x3>344.955505</x3>
			<y3>396.810726</y3>
			<x4>342.695459</x4>
			<y4>353.388889</y4>
			<x5>326.841032</x5>
			<y5>345.731638</y5>
			<x6>329.906554</x6>
			<y6>401.252382</y6>
			<x7>329.349173</x7>
			<y7>468.432474</y7>
		</polygon>
	</object>
	<object>
		<name>LCD</name>
		<pose>Unspecified</pose>
		<truncated>0</truncated>
		<difficult>0</difficult>
		<occluded>0</occluded>
		<bndbox>
			<xmin>344</xmin>
			<xmax>364</xmax>
			<ymin>344</ymin>
			<ymax>479</ymax>
		</bndbox>
		<polygon>
			<x1>342.726023</x1>
			<y1>342.955601</y1>
			<x2>343.004703</x2>
			<y2>384.596159</y2>
			<x3>345.791545</x3>
			<y3>431.233592</y3>
			<x4>351.08657</x4>
			<y4>477.871026</y4>
			<x5>362.791298</x5>
			<y5>468.432474</y5>
			<x6>358.611035</x6>
			<y6>402.918042</y6>
			<x7>360.464526</x7>
			<y7>347.138889</y7>
			<x8>342.726023</x8>
			<y8>342.955601</y8>
		</polygon>
	</object>
	<object>
		<name>LPMD</name>
		<pose>Unspecified</pose>
		<truncated>0</truncated>
		<difficult>0</difficult>
		<occluded>0</occluded>
		<bndbox>
			<xmin>361</xmin>
			<xmax>381</xmax>
			<ymin>351</ymin>
			<ymax>476</ymax>
		</bndbox>
		<polygon>
			<x1>368.364982</x1>
			<y1>474.539747</y1>
			<x2>378.95499</x2>
			<y2>468.432474</y2>
			<x3>377.561569</x3>
			<y3>412.911729</y3>
			<x4>380.324072</x4>
			<y4>358.944445</y4>
			<x5>360.004456</x5>
			<y5>349.618094</y5>
			<x6>363.906018</x6>
			<y6>436.230467</y6>
			<x7>368.364982</x7>
			<y7>474.539747</y7>
		</polygon>
	</object>
	<object>
		<name>LPMD</name>
		<pose>Unspecified</pose>
		<truncated>0</truncated>
		<difficult>0</difficult>
		<occluded>0</occluded>
		<bndbox>
			<xmin>383</xmin>
			<xmax>414</xmax>
			<ymin>353</ymin>
			<ymax>459</ymax>
		</bndbox>
		<polygon>
			<x1>400.134964</x1>
			<y1>450.110654</y1>
			<x2>409.052849</x2>
			<y2>458.438765</y2>
			<x3>412.675753</x3>
			<y3>449.555412</y3>
			<x4>408.216831</x4>
			<y4>397.365968</y4>
			<x5>404.315227</x5>
			<y5>352.394131</y5>
			<x6>385.550269</x6>
			<y6>352.000001</y6>
			<x7>382.299192</x7>
			<y7>367.384715</y7>
			<x8>400.134964</x8>
			<y8>450.110654</y8>
		</polygon>
	</object>
	<object>
		<name>LCU</name>
		<pose>Unspecified</pose>
		<truncated>0</truncated>
		<difficult>0</difficult>
		<occluded>0</occluded>
		<bndbox>
			<xmin>270</xmin>
			<xmax>293</xmax>
			<ymin>243</ymin>
			<ymax>354</ymax>
		</bndbox>
		<polygon>
			<x1>291.478735</x1>
			<y1>242.277778</y1>
			<x2>274.169715</x2>
			<y2>241.907842</y2>
			<x3>269.432071</x3>
			<y3>341.289983</y3>
			<x4>280.579438</x4>
			<y4>352.949372</y4>
			<x5>292.284187</x5>
			<y5>344.621261</y5>
			<x6>291.478735</x6>
			<y6>242.277778</y6>
		</polygon>
	</object>
</annotation>
