<annotation>
	<folder></folder>
	<filename>289_jpg.rf.c35ea5b446931b157584c54791538d45.jpg</filename>
	<path>289_jpg.rf.c35ea5b446931b157584c54791538d45.jpg</path>
	<source>
		<database>roboflow.com</database>
	</source>
	<size>
		<width>640</width>
		<height>640</height>
		<depth>3</depth>
	</size>
	<segmented>0</segmented>
	<object>
		<name>RIU</name>
		<pose>Unspecified</pose>
		<truncated>0</truncated>
		<difficult>0</difficult>
		<occluded>0</occluded>
		<bndbox>
			<xmin>294</xmin>
			<xmax>326</xmax>
			<ymin>200</ymin>
			<ymax>351</ymax>
		</bndbox>
		<polygon>
			<x1>294.013928</x1>
			<y1>341.567806</y1>
			<x2>317.841414</x2>
			<y2>349.895917</y2>
			<x3>321.603657</x3>
			<y3>301.592844</y3>
			<x4>325.309642</x4>
			<y4>199.291668</y4>
			<x5>297.358151</x5>
			<y5>199.989908</y5>
			<x6>292.759836</x6>
			<y6>285.769452</y6>
			<x7>294.013928</x7>
			<y7>341.567806</y7>
		</polygon>
	</object>
	<object>
		<name>RIU</name>
		<pose>Unspecified</pose>
		<truncated>0</truncated>
		<difficult>0</difficult>
		<occluded>0</occluded>
		<bndbox>
			<xmin>271</xmin>
			<xmax>301</xmax>
			<ymin>197</ymin>
			<ymax>346</ymax>
		</bndbox>
		<polygon>
			<x1>270.186441</x1>
			<y1>321.580325</y1>
			<x2>276.038784</x2>
			<y2>344.899031</y2>
			<x3>290.251685</x3>
			<y3>344.066233</y3>
			<x4>295.686039</x4>
			<y4>309.920956</y4>
			<x5>299.866302</x5>
			<y5>204.153964</y5>
			<x6>277.228636</x6>
			<y6>196.166668</y6>
			<x7>273.112613</x7>
			<y7>272.444454</y7>
			<x8>270.186441</x8>
			<y8>321.580325</y8>
		</polygon>
	</object>
	<object>
		<name>RCU</name>
		<pose>Unspecified</pose>
		<truncated>0</truncated>
		<difficult>0</difficult>
		<occluded>0</occluded>
		<bndbox>
			<xmin>245</xmin>
			<xmax>275</xmax>
			<ymin>191</ymin>
			<ymax>349</ymax>
		</bndbox>
		<polygon>
			<x1>246.776944</x1>
			<y1>314.085012</y1>
			<x2>254.71945</x2>
			<y2>348.230289</y2>
			<x3>267.678258</x3>
			<y3>337.40375</y3>
			<x4>273.530633</x4>
			<y4>300.760046</y4>
			<x5>263.079975</x5>
			<y5>194.160224</y5>
			<x6>244.3036</x6>
			<y6>189.916668</y6>
			<x7>251.793278</x7>
			<y7>259.952286</y7>
			<x8>246.776944</x8>
			<y8>314.085012</y8>
		</polygon>
	</object>
	<object>
		<name>RPMU</name>
		<pose>Unspecified</pose>
		<truncated>0</truncated>
		<difficult>0</difficult>
		<occluded>0</occluded>
		<bndbox>
			<xmin>161</xmin>
			<xmax>208</xmax>
			<ymin>201</ymin>
			<ymax>343</ymax>
		</bndbox>
		<polygon>
			<x1>177.802604</x1>
			<y1>199.989908</y1>
			<x2>163.171684</x2>
			<y2>279.939767</y2>
			<x3>159.827493</x3>
			<y3>321.580325</y3>
			<x4>181.146827</x4>
			<y4>342.400668</y4>
			<x5>197.867879</x5>
			<y5>328.242808</y5>
			<x6>199.958011</x6>
			<y6>281.605396</y6>
			<x7>207.197606</x7>
			<y7>223.250001</y7>
			<x8>177.802604</x8>
			<y8>199.989908</y8>
		</polygon>
	</object>
	<object>
		<name>RMU</name>
		<pose>Unspecified</pose>
		<truncated>0</truncated>
		<difficult>0</difficult>
		<occluded>0</occluded>
		<bndbox>
			<xmin>119</xmin>
			<xmax>162</xmax>
			<ymin>198</ymin>
			<ymax>312</ymax>
		</bndbox>
		<polygon>
			<x1>118.024847</x1>
			<y1>212.482076</y1>
			<x2>123.459202</x2>
			<y2>267.4476</y2>
			<x3>130.983672</x3>
			<y3>310.753786</y3>
			<x4>149.794855</x4>
			<y4>309.088158</y4>
			<x5>161.081552</x5>
			<y5>289.100678</y5>
			<x6>155.22921</x6>
			<y6>264.949173</y6>
			<x7>138.734434</x7>
			<y7>197.208334</y7>
			<x8>118.024847</x8>
			<y8>212.482076</y8>
		</polygon>
	</object>
	<object>
		<name>LIU</name>
		<pose>Unspecified</pose>
		<truncated>0</truncated>
		<difficult>0</difficult>
		<occluded>0</occluded>
		<bndbox>
			<xmin>319</xmin>
			<xmax>359</xmax>
			<ymin>198</ymin>
			<ymax>347</ymax>
		</bndbox>
		<polygon>
			<x1>329.037772</x1>
			<y1>196.658651</y1>
			<x2>323.603417</x2>
			<y2>277.44134</y2>
			<x3>318.169095</x3>
			<y3>340.734976</y3>
			<x4>342.414601</x4>
			<y4>345.731862</y4>
			<x5>348.266975</x5>
			<y5>335.738121</y5>
			<x6>349.521067</x6>
			<y6>264.116342</y6>
			<x7>358.234679</x7>
			<y7>205.541668</y7>
			<x8>329.037772</x8>
			<y8>196.658651</y8>
		</polygon>
	</object>
	<object>
		<name>LIU</name>
		<pose>Unspecified</pose>
		<truncated>0</truncated>
		<difficult>0</difficult>
		<occluded>0</occluded>
		<bndbox>
			<xmin>347</xmin>
			<xmax>379</xmax>
			<ymin>202</ymin>
			<ymax>345</ymax>
		</bndbox>
		<polygon>
			<x1>358.299613</x1>
			<y1>204.153964</y1>
			<x2>345.758824</x2>
			<y2>284.936621</y2>
			<x3>347.848955</x3>
			<y3>341.567806</y3>
			<x4>354.11935</x4>
			<y4>344.066233</y4>
			<x5>364.988027</x5>
			<y5>331.574066</y5>
			<x6>367.496178</x6>
			<y6>288.267879</y6>
			<x7>377.571606</x7>
			<y7>201.375001</y7>
			<x8>358.299613</x8>
			<y8>204.153964</y8>
		</polygon>
	</object>
	<object>
		<name>LCU</name>
		<pose>Unspecified</pose>
		<truncated>0</truncated>
		<difficult>0</difficult>
		<occluded>0</occluded>
		<bndbox>
			<xmin>368</xmin>
			<xmax>401</xmax>
			<ymin>194</ymin>
			<ymax>347</ymax>
		</bndbox>
		<polygon>
			<x1>396.534775</x1>
			<y1>221.189636</y1>
			<x2>400.102242</x2>
			<y2>199.157078</y2>
			<x3>377.946836</x3>
			<y3>193.327394</y3>
			<x4>372.094493</x4>
			<y4>222.475784</y4>
			<x5>367.496178</x5>
			<y5>325.744381</y5>
			<x6>377.110796</x6>
			<y6>345.731862</y6>
			<x7>383.79921</x7>
			<y7>324.911583</y7>
			<x8>388.397493</x8>
			<y8>272.444454</y8>
			<x9>396.385912</x9>
			<y9>217.000001</y9>
			<x10>396.534775</x10>
			<y10>221.189636</y10>
		</polygon>
	</object>
	<object>
		<name>LPMU</name>
		<pose>Unspecified</pose>
		<truncated>0</truncated>
		<difficult>0</difficult>
		<occluded>0</occluded>
		<bndbox>
			<xmin>383</xmin>
			<xmax>418</xmax>
			<ymin>205</ymin>
			<ymax>348</ymax>
		</bndbox>
		<polygon>
			<x1>402.192374</x1>
			<y1>204.153964</y1>
			<x2>382.127099</x2>
			<y2>306.589731</y2>
			<x3>385.471322</x3>
			<y3>336.57092</y3>
			<x4>407.208677</x4>
			<y4>346.564724</y4>
			<x5>409.298808</x5>
			<y5>327.41001</y5>
			<x6>406.790657</x6>
			<y6>282.438194</y6>
			<x7>417.290698</x7>
			<y7>208.666668</y7>
			<x8>402.192374</x8>
			<y8>204.153964</y8>
		</polygon>
	</object>
	<object>
		<name>LPMU</name>
		<pose>Unspecified</pose>
		<truncated>0</truncated>
		<difficult>0</difficult>
		<occluded>0</occluded>
		<bndbox>
			<xmin>407</xmin>
			<xmax>445</xmax>
			<ymin>202</ymin>
			<ymax>348</ymax>
		</bndbox>
		<polygon>
			<x1>423.511709</x1>
			<y1>317.416269</y1>
			<x2>424.7658</x2>
			<y2>280.772566</y2>
			<x3>434.798438</x3>
			<y3>260.785117</y3>
			<x4>443.944299</x4>
			<y4>201.375001</y4>
			<x5>417.241314</x5>
			<y5>209.150818</y5>
			<x6>406.790657</x6>
			<y6>289.100678</y6>
			<x7>405.536597</x7>
			<y7>334.072556</y7>
			<x8>423.929729</x8>
			<y8>347.397491</y8>
			<x9>432.708306</x9>
			<y9>326.577179</y9>
			<x10>423.511709</x10>
			<y10>317.416269</y10>
		</polygon>
	</object>
	<object>
		<name>LMU</name>
		<pose>Unspecified</pose>
		<truncated>0</truncated>
		<difficult>0</difficult>
		<occluded>0</occluded>
		<bndbox>
			<xmin>425</xmin>
			<xmax>467</xmax>
			<ymin>194</ymin>
			<ymax>334</ymax>
		</bndbox>
		<polygon>
			<x1>433.544346</x1>
			<y1>327.41001</y1>
			<x2>447.339227</x2>
			<y2>333.239694</y2>
			<x3>459.880016</x3>
			<y3>325.744381</y3>
			<x4>462.806187</x4>
			<y4>288.267879</y4>
			<x5>459.461964</x5>
			<y5>265.781971</y5>
			<x6>465.894323</x6>
			<y6>199.291668</y6>
			<x7>443.158964</x7>
			<y7>193.327394</y7>
			<x8>435.216458</x8>
			<y8>251.624175</y8>
			<x9>423.511709</x9>
			<y9>291.599136</y9>
			<x10>423.929729</x10>
			<y10>312.419415</y10>
			<x11>433.544346</x11>
			<y11>327.41001</y11>
		</polygon>
	</object>
	<object>
		<name>LMU</name>
		<pose>Unspecified</pose>
		<truncated>0</truncated>
		<difficult>0</difficult>
		<occluded>0</occluded>
		<bndbox>
			<xmin>462</xmin>
			<xmax>499</xmax>
			<ymin>204</ymin>
			<ymax>342</ymax>
		</bndbox>
		<polygon>
			<x1>491.650008</x1>
			<y1>264.949173</y1>
			<x2>495.683642</x2>
			<y2>203.458334</y2>
			<x3>468.658562</x3>
			<y3>204.153964</y3>
			<x4>466.56843</x4>
			<y4>270.778857</y4>
			<x5>460.716055</x5>
			<y5>317.416269</y5>
			<x6>468.658562</x6>
			<y6>340.734976</y6>
			<x7>487.887797</x7>
			<y7>332.406864</y7>
			<x8>497.50235</x8>
			<y8>309.088158</y8>
			<x9>491.650008</x9>
			<y9>264.949173</y9>
		</polygon>
	</object>
	<object>
		<name>LMU</name>
		<pose>Unspecified</pose>
		<truncated>0</truncated>
		<difficult>0</difficult>
		<occluded>0</occluded>
		<bndbox>
			<xmin>497</xmin>
			<xmax>531</xmax>
			<ymin>213</ymin>
			<ymax>333</ymax>
		</bndbox>
		<polygon>
			<x1>501.264625</x1>
			<y1>212.482076</y1>
			<x2>495.830271</x2>
			<y2>297.428789</y2>
			<x3>502.100665</x3>
			<y3>331.574066</y3>
			<x4>520.911849</x4>
			<y4>323.245954</y4>
			<x5>529.690426</x5>
			<y5>298.261619</y5>
			<x6>522.583929</x6>
			<y6>257.453859</y6>
			<x7>522.337243</x7>
			<y7>211.791668</y7>
			<x8>501.264625</x8>
			<y8>212.482076</y8>
		</polygon>
	</object>
	<object>
		<name>RID</name>
		<pose>Unspecified</pose>
		<truncated>0</truncated>
		<difficult>0</difficult>
		<occluded>0</occluded>
		<bndbox>
			<xmin>299</xmin>
			<xmax>320</xmax>
			<ymin>351</ymin>
			<ymax>465</ymax>
		</bndbox>
		<polygon>
			<x1>311.48068</x1>
			<y1>447.598558</y1>
			<x2>319.038207</x2>
			<y2>350.333334</y2>
			<x3>301.030023</x3>
			<y3>352.658009</y3>
			<x4>298.103819</x4>
			<y4>464.254781</y4>
			<x5>311.48068</x5>
			<y5>447.598558</y5>
		</polygon>
	</object>
	<object>
		<name>RID</name>
		<pose>Unspecified</pose>
		<truncated>0</truncated>
		<difficult>0</difficult>
		<occluded>0</occluded>
		<bndbox>
			<xmin>277</xmin>
			<xmax>303</xmax>
			<ymin>356</ymin>
			<ymax>488</ymax>
		</bndbox>
		<polygon>
			<x1>295.595668</x1>
			<y1>418.450104</y1>
			<x2>301.866063</x2>
			<y2>370.147063</y2>
			<x3>279.319115</x3>
			<y3>354.500001</y3>
			<x4>279.292636</x4>
			<y4>424.279788</y4>
			<x5>275.530393</x5>
			<y5>486.740625</y5>
			<x6>286.817122</x6>
			<y6>482.576569</y6>
			<x7>295.595668</x7>
			<y7>418.450104</y7>
		</polygon>
	</object>
	<object>
		<name>RCD</name>
		<pose>Unspecified</pose>
		<truncated>0</truncated>
		<difficult>0</difficult>
		<occluded>0</occluded>
		<bndbox>
			<xmin>256</xmin>
			<xmax>281</xmax>
			<ymin>353</ymin>
			<ymax>528</ymax>
		</bndbox>
		<polygon>
			<x1>255.46515</x1>
			<y1>504.229647</y1>
			<x2>265.915807</x2>
			<y2>526.715618</y2>
			<x3>273.858313</x3>
			<y3>484.242198</y3>
			<x4>280.128708</x4>
			<y4>403.459509</y4>
			<x5>280.128708</x5>
			<y5>365.983007</y5>
			<x6>258.936949</x6>
			<y6>352.416667</y6>
			<x7>256.30119</x7>
			<y7>433.440698</y7>
			<x8>255.46515</x8>
			<y8>504.229647</y8>
		</polygon>
	</object>
	<object>
		<name>RPMD</name>
		<pose>Unspecified</pose>
		<truncated>0</truncated>
		<difficult>0</difficult>
		<occluded>0</occluded>
		<bndbox>
			<xmin>210</xmin>
			<xmax>241</xmax>
			<ymin>356</ymin>
			<ymax>501</ymax>
		</bndbox>
		<polygon>
			<x1>210.333324</x1>
			<y1>365.958334</y1>
			<x2>211.990409</x2>
			<y2>420.115733</y2>
			<x3>209.482241</x3>
			<y3>500.065591</y3>
			<x4>221.605026</x4>
			<y4>499.232792</y4>
			<x5>229.5475</x5>
			<y5>464.254781</y5>
			<x6>234.563835</x6>
			<y6>402.626679</y6>
			<x7>240.41621</x7>
			<y7>367.648636</y7>
			<x8>225.785289</x8>
			<y8>355.156468</y8>
			<x9>210.333324</x9>
			<y9>365.958334</y9>
		</polygon>
	</object>
	<object>
		<name>RMD</name>
		<pose>Unspecified</pose>
		<truncated>0</truncated>
		<difficult>0</difficult>
		<occluded>0</occluded>
		<bndbox>
			<xmin>123</xmin>
			<xmax>186</xmax>
			<ymin>333</ymin>
			<ymax>489</ymax>
		</bndbox>
		<polygon>
			<x1>138.393577</x1>
			<y1>404.292307</y1>
			<x2>122.090545</x2>
			<y2>460.090725</y2>
			<x3>148.032388</x3>
			<y3>488.406254</y3>
			<x4>171.441855</x4>
			<y4>439.270446</y4>
			<x5>185.236719</x5>
			<y5>358.487694</y5>
			<x6>150.12252</x6>
			<y6>331.83773</y6>
			<x7>137.166575</x7>
			<y7>404.500001</y7>
			<x8>138.393577</x8>
			<y8>404.292307</y8>
		</polygon>
	</object>
	<object>
		<name>LID</name>
		<pose>Unspecified</pose>
		<truncated>0</truncated>
		<difficult>0</difficult>
		<occluded>0</occluded>
		<bndbox>
			<xmin>314</xmin>
			<xmax>334</xmax>
			<ymin>351</ymin>
			<ymax>466</ymax>
		</bndbox>
		<polygon>
			<x1>332.626317</x1>
			<y1>353.458334</y1>
			<x2>319.543371</x2>
			<y2>350.159582</y2>
			<x3>315.363108</x3>
			<y3>404.292307</y3>
			<x4>312.854956</x4>
			<y4>465.087516</y4>
			<x5>332.502179</x5>
			<y5>419.282902</y5>
			<x6>332.626317</x6>
			<y6>353.458334</y6>
		</polygon>
	</object>
	<object>
		<name>LID</name>
		<pose>Unspecified</pose>
		<truncated>0</truncated>
		<difficult>0</difficult>
		<occluded>0</occluded>
		<bndbox>
			<xmin>334</xmin>
			<xmax>357</xmax>
			<ymin>350</ymin>
			<ymax>462</ymax>
		</bndbox>
		<polygon>
			<x1>336.264423</x1>
			<y1>393.465769</y1>
			<x2>337.518514</x2>
			<y2>460.92346</y2>
			<x3>350.059303</x3>
			<y3>449.264123</y3>
			<x4>355.621581</x4>
			<y4>353.458334</y4>
			<x5>355.075606</x5>
			<y5>350.159582</y5>
			<x6>333.338251</x6>
			<y6>349.326783</y6>
			<x7>336.264423</x7>
			<y7>393.465769</y7>
		</polygon>
	</object>
	<object>
		<name>LCD</name>
		<pose>Unspecified</pose>
		<truncated>0</truncated>
		<difficult>0</difficult>
		<occluded>0</occluded>
		<bndbox>
			<xmin>348</xmin>
			<xmax>377</xmax>
			<ymin>340</ymin>
			<ymax>494</ymax>
		</bndbox>
		<polygon>
			<x1>372.214678</x1>
			<y1>431.775101</y1>
			<x2>376.003747</x2>
			<y2>350.333334</y2>
			<x3>376.394941</x3>
			<y3>357.654895</y3>
			<x4>376.394941</x4>
			<y4>340.165842</y4>
			<x5>354.239566</x5>
			<y5>339.333043</y5>
			<x6>353.403494</x6>
			<y6>393.465769</y6>
			<x7>347.1331</x7>
			<y7>478.412514</y7>
			<x8>370.124546</x8>
			<y8>493.403172</y8>
			<x9>372.214678</x9>
			<y9>431.775101</y9>
		</polygon>
	</object>
	<object>
		<name>LPMD</name>
		<pose>Unspecified</pose>
		<truncated>0</truncated>
		<difficult>0</difficult>
		<occluded>0</occluded>
		<bndbox>
			<xmin>367</xmin>
			<xmax>402</xmax>
			<ymin>335</ymin>
			<ymax>486</ymax>
		</bndbox>
		<polygon>
			<x1>385.173518</x1>
			<y1>333.503359</y1>
			<x2>365.526263</x2>
			<y2>355.156468</y2>
			<x3>372.63273</x3>
			<y3>422.614223</y3>
			<x4>376.394941</x4>
			<y4>485.07506</y4>
			<x5>387.68167</x5>
			<y5>476.746949</y5>
			<x6>394.370084</x6>
			<y6>413.453249</y6>
			<x7>400.566869</x7>
			<y7>354.500001</y7>
			<x8>385.173518</x8>
			<y8>333.503359</y8>
		</polygon>
	</object>
	<object>
		<name>LPMD</name>
		<pose>Unspecified</pose>
		<truncated>0</truncated>
		<difficult>0</difficult>
		<occluded>0</occluded>
		<bndbox>
			<xmin>394</xmin>
			<xmax>426</xmax>
			<ymin>341</ymin>
			<ymax>476</ymax>
		</bndbox>
		<polygon>
			<x1>399.386387</x1>
			<y1>340.165842</y1>
			<x2>393.115993</x2>
			<y2>360.153322</y2>
			<x3>398.550347</x3>
			<y3>393.465769</y3>
			<x4>398.132327</x4>
			<y4>475.081256</y4>
			<x5>414.017307</x5>
			<y5>474.248458</y5>
			<x6>419.033642</x6>
			<y6>410.954791</y6>
			<x7>425.129992</x7>
			<y7>348.250001</y7>
			<x8>399.386387</x8>
			<y8>340.165842</y8>
		</polygon>
	</object>
	<object>
		<name>LMD</name>
		<pose>Unspecified</pose>
		<truncated>0</truncated>
		<difficult>0</difficult>
		<occluded>0</occluded>
		<bndbox>
			<xmin>424</xmin>
			<xmax>493</xmax>
			<ymin>344</ymin>
			<ymax>487</ymax>
		</bndbox>
		<polygon>
			<x1>436.172714</x1>
			<y1>342.664301</y1>
			<x2>422.795885</x2>
			<y2>378.475174</y2>
			<x3>437.426806</x3>
			<y3>414.286047</y3>
			<x4>462.090332</x4>
			<y4>485.907795</y4>
			<x5>491.770224</x5>
			<y5>454.260978</y5>
			<x6>482.155607</x6>
			<y6>418.450104</y6>
			<x7>467.984802</x7>
			<y7>345.125001</y7>
			<x8>436.172714</x8>
			<y8>342.664301</y8>
		</polygon>
	</object>
</annotation>
