<annotation>
	<folder></folder>
	<filename>28_jpg.rf.111c63ae7c22ac53eb19536560280e91.jpg</filename>
	<path>28_jpg.rf.111c63ae7c22ac53eb19536560280e91.jpg</path>
	<source>
		<database>roboflow.com</database>
	</source>
	<size>
		<width>640</width>
		<height>640</height>
		<depth>3</depth>
	</size>
	<segmented>0</segmented>
	<object>
		<name>RPMU</name>
		<pose>Unspecified</pose>
		<truncated>0</truncated>
		<difficult>0</difficult>
		<occluded>0</occluded>
		<bndbox>
			<xmin>225</xmin>
			<xmax>247</xmax>
			<ymin>249</ymin>
			<ymax>383</ymax>
		</bndbox>
		<polygon>
			<x1>246.262359</x1>
			<y1>313.625</y1>
			<x2>245.479197</x2>
			<y2>282.375</y2>
			<x3>245.479197</x3>
			<y3>260.5</y3>
			<x4>243.129711</x4>
			<y4>248</y4>
			<x5>229.815957</x5>
			<y5>258.9375</y5>
			<x6>227.466471</x6>
			<y6>327.6875</y6>
			<x7>223.550661</x7>
			<y7>363.625</y7>
			<x8>229.032795</x8>
			<y8>382.375</y8>
			<x9>240.780225</x9>
			<y9>374.5625</y9>
			<x10>246.262359</x10>
			<y10>346.4375</y10>
			<x11>246.262359</x11>
			<y11>313.625</y11>
		</polygon>
	</object>
	<object>
		<name>RCU</name>
		<pose>Unspecified</pose>
		<truncated>0</truncated>
		<difficult>0</difficult>
		<occluded>0</occluded>
		<bndbox>
			<xmin>243</xmin>
			<xmax>267</xmax>
			<ymin>238</ymin>
			<ymax>387</ymax>
		</bndbox>
		<polygon>
			<x1>248.611845</x1>
			<y1>333.9375</y1>
			<x2>246.262359</x2>
			<y2>351.125</y2>
			<x3>242.346549</x3>
			<y3>369.875</y3>
			<x4>244.696035</x4>
			<y4>385.5</y4>
			<x5>255.660303</x5>
			<y5>385.5</y5>
			<x6>263.491924</x6>
			<y6>366.75</y6>
			<x7>264.275086</x7>
			<y7>341.75</y7>
			<x8>265.84141</x8>
			<y8>305.8125</y8>
			<x9>265.84141</x9>
			<y9>266.75</y9>
			<x10>263.491924</x10>
			<y10>251.125</y10>
			<x11>257.226628</x11>
			<y11>238.625</y11>
			<x12>249.395007</x12>
			<y12>237.0625</y12>
			<x13>248.611845</x13>
			<y13>257.375</y13>
			<x14>247.828683</x14>
			<y14>298</y14>
			<x15>248.611845</x15>
			<y15>333.9375</y15>
		</polygon>
	</object>
	<object>
		<name>RIU</name>
		<pose>Unspecified</pose>
		<truncated>0</truncated>
		<difficult>0</difficult>
		<occluded>0</occluded>
		<bndbox>
			<xmin>266</xmin>
			<xmax>292</xmax>
			<ymin>243</ymin>
			<ymax>394</ymax>
		</bndbox>
		<polygon>
			<x1>270.540382</x1>
			<y1>390.1875</y1>
			<x2>280.721488</x2>
			<y2>393.3125</y2>
			<x3>289.33627</x3>
			<y3>382.375</y3>
			<x4>290.902594</x4>
			<y4>348</y4>
			<x5>289.33627</x5>
			<y5>340.1875</y5>
			<x6>284.637298</x6>
			<y6>296.4375</y6>
			<x7>278.372002</x7>
			<y7>257.375</y7>
			<x8>276.022516</x8>
			<y8>241.75</y8>
			<x9>265.058248</x9>
			<y9>246.4375</y9>
			<x10>265.058248</x10>
			<y10>312.0625</y10>
			<x11>265.84141</x11>
			<y11>346.4375</y11>
			<x12>265.84141</x12>
			<y12>379.25</y12>
			<x13>270.540382</x13>
			<y13>390.1875</y13>
		</polygon>
	</object>
	<object>
		<name>RIU</name>
		<pose>Unspecified</pose>
		<truncated>0</truncated>
		<difficult>0</difficult>
		<occluded>0</occluded>
		<bndbox>
			<xmin>282</xmin>
			<xmax>321</xmax>
			<ymin>255</ymin>
			<ymax>397</ymax>
		</bndbox>
		<polygon>
			<x1>291.685756</x1>
			<y1>354.25</y1>
			<x2>293.25208</x2>
			<y2>387.0625</y2>
			<x3>300.300538</x3>
			<y3>396.4375</y3>
			<x4>319.879589</x4>
			<y4>385.5</y4>
			<x5>313.614293</x5>
			<y5>365.1875</y5>
			<x6>308.132159</x6>
			<y6>329.25</y6>
			<x7>305.782673</x7>
			<y7>290.1875</y7>
			<x8>303.433186</x8>
			<y8>276.125</y8>
			<x9>298.734214</x9>
			<y9>265.1875</y9>
			<x10>291.685756</x10>
			<y10>255.8125</y10>
			<x11>285.42046</x11>
			<y11>254.25</y11>
			<x12>280.721488</x12>
			<y12>266.75</y12>
			<x13>283.854136</x13>
			<y13>266.75</y13>
			<x14>289.33627</x14>
			<y14>318.3125</y14>
			<x15>291.685756</x15>
			<y15>354.25</y15>
		</polygon>
	</object>
	<object>
		<name>LIU</name>
		<pose>Unspecified</pose>
		<truncated>0</truncated>
		<difficult>0</difficult>
		<occluded>0</occluded>
		<bndbox>
			<xmin>309</xmin>
			<xmax>335</xmax>
			<ymin>230</ymin>
			<ymax>377</ymax>
		</bndbox>
		<polygon>
			<x1>331.627019</x1>
			<y1>319.875</y1>
			<x2>327.711209</x2>
			<y2>274.5625</y2>
			<x3>328.494371</x3>
			<y3>243.3125</y3>
			<x4>326.144885</x4>
			<y4>229.25</y4>
			<x5>308.132159</x5>
			<y5>233.9375</y5>
			<x6>310.481645</x6>
			<y6>308.9375</y6>
			<x7>309.698483</x7>
			<y7>333.9375</y7>
			<x8>312.831131</x8>
			<y8>368.3125</y8>
			<x9>333.193343</x9>
			<y9>376.125</y9>
			<x10>333.976505</x10>
			<y10>341.75</y10>
			<x11>331.627019</x11>
			<y11>319.875</y11>
		</polygon>
	</object>
	<object>
		<name>LIU</name>
		<pose>Unspecified</pose>
		<truncated>0</truncated>
		<difficult>0</difficult>
		<occluded>0</occluded>
		<bndbox>
			<xmin>333</xmin>
			<xmax>356</xmax>
			<ymin>249</ymin>
			<ymax>382</ymax>
		</bndbox>
		<polygon>
			<x1>352.772394</x1>
			<y1>263.625</y1>
			<x2>350.422907</x2>
			<y2>248</y2>
			<x3>337.109153</x3>
			<y3>248</y3>
			<x4>335.542829</x4>
			<y4>319.875</y4>
			<x5>332.410181</x5>
			<y5>348</y5>
			<x6>333.976505</x6>
			<y6>379.25</y6>
			<x7>348.073421</x7>
			<y7>380.8125</y7>
			<x8>353.555556</x8>
			<y8>343.3125</y8>
			<x9>355.12188</x9>
			<y9>301.125</y9>
			<x10>352.772394</x10>
			<y10>263.625</y10>
		</polygon>
	</object>
	<object>
		<name>LCU</name>
		<pose>Unspecified</pose>
		<truncated>0</truncated>
		<difficult>0</difficult>
		<occluded>0</occluded>
		<bndbox>
			<xmin>353</xmin>
			<xmax>376</xmax>
			<ymin>243</ymin>
			<ymax>397</ymax>
		</bndbox>
		<polygon>
			<x1>375.484092</x1>
			<y1>258.9375</y1>
			<x2>373.134606</x2>
			<y2>241.75</y2>
			<x3>357.471366</x3>
			<y3>252.6875</y3>
			<x4>354.338718</x4>
			<y4>340.1875</y4>
			<x5>351.989232</x5>
			<y5>380.8125</y5>
			<x6>371.568282</x6>
			<y6>396.4375</y6>
			<x7>374.70093</x7>
			<y7>360.5</y7>
			<x8>374.70093</x8>
			<y8>324.5625</y8>
			<x9>375.484092</x9>
			<y9>285.5</y9>
			<x10>375.484092</x10>
			<y10>258.9375</y10>
		</polygon>
	</object>
	<object>
		<name>LPMU</name>
		<pose>Unspecified</pose>
		<truncated>0</truncated>
		<difficult>0</difficult>
		<occluded>0</occluded>
		<bndbox>
			<xmin>379</xmin>
			<xmax>397</xmax>
			<ymin>254</ymin>
			<ymax>385</ymax>
		</bndbox>
		<polygon>
			<x1>380.183064</x1>
			<y1>254.25</y1>
			<x2>377.833578</x2>
			<y2>357.375</y2>
			<x3>377.833578</x3>
			<y3>380.8125</y3>
			<x4>395.063142</x4>
			<y4>383.9375</y4>
			<x5>395.846304</x5>
			<y5>351.125</y5>
			<x6>395.846304</x6>
			<y6>316.75</y6>
			<x7>392.713656</x7>
			<y7>287.0625</y7>
			<x8>391.147332</x8>
			<y8>252.6875</y8>
			<x9>380.183064</x9>
			<y9>254.25</y9>
		</polygon>
	</object>
	<object>
		<name>LPMU</name>
		<pose>Unspecified</pose>
		<truncated>0</truncated>
		<difficult>0</difficult>
		<occluded>0</occluded>
		<bndbox>
			<xmin>398</xmin>
			<xmax>419</xmax>
			<ymin>252</ymin>
			<ymax>377</ymax>
		</bndbox>
		<polygon>
			<x1>417.774841</x1>
			<y1>341.75</y1>
			<x2>413.075869</x2>
			<y2>316.75</y2>
			<x3>412.292707</x3>
			<y3>287.0625</y3>
			<x4>411.509545</x4>
			<y4>266.75</y4>
			<x5>409.160059</x5>
			<y5>252.6875</y5>
			<x6>399.762115</x6>
			<y6>251.125</y6>
			<x7>398.195791</x7>
			<y7>262.0625</y7>
			<x8>396.629466</x8>
			<y8>335.5</y8>
			<x9>396.629466</x9>
			<y9>362.0625</y9>
			<x10>406.027411</x10>
			<y10>376.125</y10>
			<x11>416.991679</x11>
			<y11>376.125</y11>
			<x12>417.774841</x12>
			<y12>341.75</y12>
		</polygon>
	</object>
	<object>
		<name>LMU</name>
		<pose>Unspecified</pose>
		<truncated>0</truncated>
		<difficult>0</difficult>
		<occluded>0</occluded>
		<bndbox>
			<xmin>418</xmin>
			<xmax>456</xmax>
			<ymin>235</ymin>
			<ymax>366</ymax>
		</bndbox>
		<polygon>
			<x1>419.341165</x1>
			<y1>282.375</y1>
			<x2>418.558003</x2>
			<y2>304.25</y2>
			<x3>417.774841</x3>
			<y3>333.9375</y3>
			<x4>417.774841</x4>
			<y4>355.8125</y4>
			<x5>427.172785</x5>
			<y5>365.1875</y5>
			<x6>444.402349</x6>
			<y6>349.5625</y6>
			<x7>455.366618</x7>
			<y7>338.625</y7>
			<x8>449.101322</x8>
			<y8>315.1875</y8>
			<x9>445.185512</x9>
			<y9>291.75</y9>
			<x10>440.486539</x10>
			<y10>279.25</y10>
			<x11>440.486539</x11>
			<y11>265.1875</y11>
			<x12>438.920215</x12>
			<y12>249.5625</y12>
			<x13>436.570729</x13>
			<y13>240.1875</y13>
			<x14>427.955947</x14>
			<y14>233.9375</y14>
			<x15>416.991679</x15>
			<y15>248</y15>
			<x16>419.341165</x16>
			<y16>282.375</y16>
		</polygon>
	</object>
	<object>
		<name>LMU</name>
		<pose>Unspecified</pose>
		<truncated>0</truncated>
		<difficult>0</difficult>
		<occluded>0</occluded>
		<bndbox>
			<xmin>441</xmin>
			<xmax>481</xmax>
			<ymin>227</ymin>
			<ymax>338</ymax>
		</bndbox>
		<polygon>
			<x1>445.185512</x1>
			<y1>265.1875</y1>
			<x2>446.751836</x2>
			<y2>288.625</y2>
			<x3>445.968674</x3>
			<y3>305.8125</y3>
			<x4>453.017132</x4>
			<y4>327.6875</y4>
			<x5>458.499266</x5>
			<y5>337.0625</y5>
			<x6>467.89721</x6>
			<y6>327.6875</y6>
			<x7>476.511992</x7>
			<y7>305.8125</y7>
			<x8>479.64464</x8>
			<y8>291.75</y8>
			<x9>475.72883</x9>
			<y9>269.875</y9>
			<x10>469.463534</x10>
			<y10>257.375</y10>
			<x11>464.764562</x11>
			<y11>246.4375</y11>
			<x12>462.415076</x12>
			<y12>241.75</y12>
			<x13>456.14978</x13>
			<y13>232.375</y13>
			<x14>453.017132</x14>
			<y14>229.25</y14>
			<x15>440.486539</x15>
			<y15>226.125</y15>
			<x16>445.185512</x16>
			<y16>265.1875</y16>
		</polygon>
	</object>
	<object>
		<name>RMU</name>
		<pose>Unspecified</pose>
		<truncated>0</truncated>
		<difficult>0</difficult>
		<occluded>0</occluded>
		<bndbox>
			<xmin>186</xmin>
			<xmax>230</xmax>
			<ymin>241</ymin>
			<ymax>363</ymax>
		</bndbox>
		<polygon>
			<x1>225.116985</x1>
			<y1>354.25</y1>
			<x2>229.032795</x2>
			<y2>294.875</y2>
			<x3>229.032795</x3>
			<y3>263.625</y3>
			<x4>226.683309</x4>
			<y4>251.125</y4>
			<x5>222.767499</x5>
			<y5>240.1875</y5>
			<x6>213.369555</x6>
			<y6>240.1875</y6>
			<x7>200.838962</x7>
			<y7>249.5625</y7>
			<x8>190.657856</x8>
			<y8>307.375</y8>
			<x9>185.175722</x9>
			<y9>340.1875</y9>
			<x10>195.356828</x10>
			<y10>358.9375</y10>
			<x11>214.935879</x11>
			<y11>362.0625</y11>
			<x12>225.116985</x12>
			<y12>354.25</y12>
		</polygon>
	</object>
	<object>
		<name>RMU</name>
		<pose>Unspecified</pose>
		<truncated>0</truncated>
		<difficult>0</difficult>
		<occluded>0</occluded>
		<bndbox>
			<xmin>151</xmin>
			<xmax>199</xmax>
			<ymin>210</ymin>
			<ymax>329</ymax>
		</bndbox>
		<polygon>
			<x1>185.958884</x1>
			<y1>208.9375</y1>
			<x2>176.56094</x2>
			<y2>237.0625</y2>
			<x3>171.078806</x3>
			<y3>246.4375</y3>
			<x4>165.596672</x4>
			<y4>258.9375</y4>
			<x5>155.415565</x5>
			<y5>268.3125</y5>
			<x6>149.933431</x6>
			<y6>287.0625</y6>
			<x7>156.198727</x7>
			<y7>316.75</y7>
			<x8>164.030348</x8>
			<y8>316.75</y8>
			<x9>171.861968</x9>
			<y9>327.6875</y9>
			<x10>185.958884</x10>
			<y10>326.125</y10>
			<x11>193.790504</x11>
			<y11>298</y11>
			<x12>196.923152</x12>
			<y12>263.625</y12>
			<x13>196.13999</x13>
			<y13>252.6875</y13>
			<x14>198.489476</x14>
			<y14>235.5</y14>
			<x15>196.923152</x15>
			<y15>219.875</y15>
			<x16>196.13999</x16>
			<y16>210.5</y16>
			<x17>185.958884</x17>
			<y17>208.9375</y17>
		</polygon>
	</object>
	<object>
		<name>RMU</name>
		<pose>Unspecified</pose>
		<truncated>0</truncated>
		<difficult>0</difficult>
		<occluded>0</occluded>
		<bndbox>
			<xmin>144</xmin>
			<xmax>188</xmax>
			<ymin>168</ymin>
			<ymax>246</ymax>
		</bndbox>
		<polygon>
			<x1>163.247186</x1>
			<y1>244.875</y1>
			<x2>178.127264</x2>
			<y2>233.9375</y2>
			<x3>186.742046</x3>
			<y3>213.625</y3>
			<x4>186.742046</x4>
			<y4>204.25</y4>
			<x5>185.958884</x5>
			<y5>185.5</y5>
			<x6>185.958884</x6>
			<y6>179.25</y6>
			<x7>159.331375</x7>
			<y7>166.75</y7>
			<x8>146.017621</x8>
			<y8>182.375</y8>
			<x9>142.884973</x9>
			<y9>208.9375</y9>
			<x10>149.150269</x10>
			<y10>218.3125</y10>
			<x11>153.849241</x11>
			<y11>233.9375</y11>
			<x12>163.247186</x12>
			<y12>244.875</y12>
		</polygon>
	</object>
	<object>
		<name>RMD</name>
		<pose>Unspecified</pose>
		<truncated>0</truncated>
		<difficult>0</difficult>
		<occluded>0</occluded>
		<bndbox>
			<xmin>109</xmin>
			<xmax>152</xmax>
			<ymin>330</ymin>
			<ymax>415</ymax>
		</bndbox>
		<polygon>
			<x1>120.956437</x1>
			<y1>410.5</y1>
			<x2>134.270191</x2>
			<y2>413.625</y2>
			<x3>151.499755</x3>
			<y3>396.4375</y3>
			<x4>151.499755</x4>
			<y4>368.3125</y4>
			<x5>149.150269</x5>
			<y5>354.25</y5>
			<x6>141.318649</x6>
			<y6>340.1875</y6>
			<x7>135.836515</x7>
			<y7>329.25</y7>
			<x8>130.354381</x8>
			<y8>329.25</y8>
			<x9>124.872247</x9>
			<y9>332.375</y9>
			<x10>107.642682</x10>
			<y10>357.375</y10>
			<x11>108.425844</x11>
			<y11>382.375</y11>
			<x12>115.474302</x12>
			<y12>402.6875</y12>
			<x13>120.956437</x13>
			<y13>410.5</y13>
		</polygon>
	</object>
	<object>
		<name>RMD</name>
		<pose>Unspecified</pose>
		<truncated>0</truncated>
		<difficult>0</difficult>
		<occluded>0</occluded>
		<bndbox>
			<xmin>134</xmin>
			<xmax>201</xmax>
			<ymin>335</ymin>
			<ymax>452</ymax>
		</bndbox>
		<polygon>
			<x1>181.259912</x1>
			<y1>346.4375</y1>
			<x2>178.127264</x2>
			<y2>344.875</y2>
			<x3>164.81351</x3>
			<y3>333.9375</y3>
			<x4>156.981889</x4>
			<y4>354.25</y4>
			<x5>152.282917</x5>
			<y5>380.8125</y5>
			<x6>149.150269</x6>
			<y6>399.5625</y6>
			<x7>142.101811</x7>
			<y7>408.9375</y7>
			<x8>138.186001</x8>
			<y8>429.25</y8>
			<x9>133.487029</x9>
			<y9>448</y9>
			<x10>148.367107</x10>
			<y10>451.125</y10>
			<x11>156.198727</x11>
			<y11>449.5625</y11>
			<x12>170.295644</x12>
			<y12>435.5</y12>
			<x13>182.043074</x13>
			<y13>412.0625</y13>
			<x14>184.39256</x14>
			<y14>405.8125</y14>
			<x15>194.573666</x15>
			<y15>388.625</y15>
			<x16>200.0558</x16>
			<y16>376.125</y16>
			<x17>197.706314</x17>
			<y17>371.4375</y17>
			<x18>190.657856</x18>
			<y18>355.8125</y18>
			<x19>181.259912</x19>
			<y19>346.4375</y19>
		</polygon>
	</object>
	<object>
		<name>RPMD</name>
		<pose>Unspecified</pose>
		<truncated>0</truncated>
		<difficult>0</difficult>
		<occluded>0</occluded>
		<bndbox>
			<xmin>207</xmin>
			<xmax>240</xmax>
			<ymin>380</ymin>
			<ymax>530</ymax>
		</bndbox>
		<polygon>
			<x1>214.152717</x1>
			<y1>426.125</y1>
			<x2>211.803231</x2>
			<y2>462.0625</y2>
			<x3>207.104258</x3>
			<y3>493.3125</y3>
			<x4>205.537934</x4>
			<y4>524.5625</y4>
			<x5>212.586393</x5>
			<y5>529.25</y5>
			<x6>219.634851</x6>
			<y6>493.3125</y6>
			<x7>224.333823</x7>
			<y7>468.3125</y7>
			<x8>229.032795</x8>
			<y8>448</y8>
			<x9>236.864415</x9>
			<y9>426.125</y9>
			<x10>239.213901</x10>
			<y10>399.5625</y10>
			<x11>236.864415</x11>
			<y11>387.0625</y11>
			<x12>233.731767</x12>
			<y12>383.9375</y12>
			<x13>223.550661</x13>
			<y13>379.25</y13>
			<x14>218.068527</x14>
			<y14>382.375</y14>
			<x15>216.502203</x15>
			<y15>393.3125</y15>
			<x16>214.152717</x16>
			<y16>426.125</y16>
		</polygon>
	</object>
	<object>
		<name>RCD</name>
		<pose>Unspecified</pose>
		<truncated>0</truncated>
		<difficult>0</difficult>
		<occluded>0</occluded>
		<bndbox>
			<xmin>239</xmin>
			<xmax>258</xmax>
			<ymin>394</ymin>
			<ymax>538</ymax>
		</bndbox>
		<polygon>
			<x1>239.997063</x1>
			<y1>405.8125</y1>
			<x2>238.430739</x2>
			<y2>449.5625</y2>
			<x3>238.430739</x3>
			<y3>482.375</y3>
			<x4>238.430739</x4>
			<y4>505.8125</y4>
			<x5>239.213901</x5>
			<y5>523</y5>
			<x6>239.213901</x6>
			<y6>537.0625</y6>
			<x7>250.178169</x7>
			<y7>523</y7>
			<x8>253.310817</x8>
			<y8>493.3125</y8>
			<x9>253.310817</x9>
			<y9>476.125</y9>
			<x10>256.443465</x10>
			<y10>451.125</y10>
			<x11>256.443465</x11>
			<y11>424.5625</y11>
			<x12>257.226628</x12>
			<y12>405.8125</y12>
			<x13>257.226628</x13>
			<y13>404.25</y13>
			<x14>254.093979</x14>
			<y14>396.4375</y14>
			<x15>247.045521</x15>
			<y15>393.3125</y15>
			<x16>242.346549</x16>
			<y16>393.3125</y16>
			<x17>239.997063</x17>
			<y17>405.8125</y17>
		</polygon>
	</object>
	<object>
		<name>RID</name>
		<pose>Unspecified</pose>
		<truncated>0</truncated>
		<difficult>0</difficult>
		<occluded>0</occluded>
		<bndbox>
			<xmin>256</xmin>
			<xmax>281</xmax>
			<ymin>396</ymin>
			<ymax>551</ymax>
		</bndbox>
		<polygon>
			<x1>259.576114</x1>
			<y1>480.8125</y1>
			<x2>261.9256</x2>
			<y2>510.5</y2>
			<x3>266.624572</x3>
			<y3>532.375</y3>
			<x4>271.323544</x4>
			<y4>549.5625</y4>
			<x5>277.58884</x5>
			<y5>504.25</y5>
			<x6>279.938326</x6>
			<y6>454.25</y6>
			<x7>279.938326</x7>
			<y7>433.9375</y7>
			<x8>278.372002</x8>
			<y8>413.625</y8>
			<x9>277.58884</x9>
			<y9>398</y9>
			<x10>273.67303</x10>
			<y10>394.875</y10>
			<x11>260.359276</x11>
			<y11>396.4375</y11>
			<x12>257.226628</x12>
			<y12>396.4375</y12>
			<x13>257.226628</x13>
			<y13>407.375</y13>
			<x14>254.877141</x14>
			<y14>457.375</y14>
			<x15>259.576114</x15>
			<y15>480.8125</y15>
		</polygon>
	</object>
	<object>
		<name>RID</name>
		<pose>Unspecified</pose>
		<truncated>0</truncated>
		<difficult>0</difficult>
		<occluded>0</occluded>
		<bndbox>
			<xmin>279</xmin>
			<xmax>304</xmax>
			<ymin>397</ymin>
			<ymax>527</ymax>
		</bndbox>
		<polygon>
			<x1>286.986784</x1>
			<y1>501.125</y1>
			<x2>289.33627</x2>
			<y2>516.75</y2>
			<x3>291.685756</x3>
			<y3>526.125</y3>
			<x4>302.650024</x4>
			<y4>519.875</y4>
			<x5>301.866862</x5>
			<y5>465.1875</y5>
			<x6>297.951052</x6>
			<y6>437.0625</y6>
			<x7>297.951052</x7>
			<y7>410.5</y7>
			<x8>297.16789</x8>
			<y8>398</y8>
			<x9>291.685756</x9>
			<y9>396.4375</y9>
			<x10>284.637298</x10>
			<y10>398</y10>
			<x11>277.58884</x11>
			<y11>408.9375</y11>
			<x12>280.721488</x12>
			<y12>444.875</y12>
			<x13>283.070974</x13>
			<y13>473</y13>
			<x14>286.986784</x14>
			<y14>501.125</y14>
		</polygon>
	</object>
	<object>
		<name>LID</name>
		<pose>Unspecified</pose>
		<truncated>0</truncated>
		<difficult>0</difficult>
		<occluded>0</occluded>
		<bndbox>
			<xmin>301</xmin>
			<xmax>319</xmax>
			<ymin>399</ymin>
			<ymax>527</ymax>
		</bndbox>
		<polygon>
			<x1>305.782673</x1>
			<y1>458.9375</y1>
			<x2>303.433186</x2>
			<y2>490.1875</y2>
			<x3>301.0837</x3>
			<y3>518.3125</y3>
			<x4>306.565835</x4>
			<y4>526.125</y4>
			<x5>313.614293</x5>
			<y5>516.75</y5>
			<x6>316.746941</x6>
			<y6>498</y6>
			<x7>318.313265</x7>
			<y7>468.3125</y7>
			<x8>318.313265</x8>
			<y8>454.25</y8>
			<x9>316.746941</x9>
			<y9>433.9375</y9>
			<x10>316.746941</x10>
			<y10>418.3125</y10>
			<x11>315.180617</x11>
			<y11>402.6875</y11>
			<x12>310.481645</x12>
			<y12>399.5625</y12>
			<x13>300.300538</x13>
			<y13>398</y13>
			<x14>299.517376</x14>
			<y14>432.375</y14>
			<x15>305.782673</x15>
			<y15>458.9375</y15>
		</polygon>
	</object>
	<object>
		<name>LID</name>
		<pose>Unspecified</pose>
		<truncated>0</truncated>
		<difficult>0</difficult>
		<occluded>0</occluded>
		<bndbox>
			<xmin>319</xmin>
			<xmax>335</xmax>
			<ymin>405</ymin>
			<ymax>524</ymax>
		</bndbox>
		<polygon>
			<x1>319.096427</x1>
			<y1>480.8125</y1>
			<x2>325.361723</x2>
			<y2>513.625</y2>
			<x3>326.144885</x3>
			<y3>523</y3>
			<x4>332.410181</x4>
			<y4>523</y4>
			<x5>330.843857</x5>
			<y5>491.75</y5>
			<x6>330.843857</x6>
			<y6>474.5625</y6>
			<x7>332.410181</x7>
			<y7>458.9375</y7>
			<x8>333.193343</x8>
			<y8>443.3125</y8>
			<x9>333.976505</x9>
			<y9>433.9375</y9>
			<x10>333.193343</x10>
			<y10>416.75</y10>
			<x11>330.843857</x11>
			<y11>405.8125</y11>
			<x12>317.530103</x12>
			<y12>404.25</y12>
			<x13>317.530103</x13>
			<y13>432.375</y13>
			<x14>317.530103</x14>
			<y14>454.25</y14>
			<x15>319.096427</x15>
			<y15>480.8125</y15>
		</polygon>
	</object>
	<object>
		<name>LCD</name>
		<pose>Unspecified</pose>
		<truncated>0</truncated>
		<difficult>0</difficult>
		<occluded>0</occluded>
		<bndbox>
			<xmin>336</xmin>
			<xmax>355</xmax>
			<ymin>404</ymin>
			<ymax>529</ymax>
		</bndbox>
		<polygon>
			<x1>334.759667</x1>
			<y1>432.375</y1>
			<x2>337.892315</x2>
			<y2>458.9375</y2>
			<x3>337.892315</x3>
			<y3>482.375</y3>
			<x4>340.241801</x4>
			<y4>510.5</y4>
			<x5>341.024963</x5>
			<y5>527.6875</y5>
			<x6>351.20607</x6>
			<y6>515.1875</y6>
			<x7>354.338718</x7>
			<y7>466.75</y7>
			<x8>352.772394</x8>
			<y8>444.875</y8>
			<x9>353.555556</x9>
			<y9>433.9375</y9>
			<x10>353.555556</x10>
			<y10>418.3125</y10>
			<x11>353.555556</x11>
			<y11>408.9375</y11>
			<x12>349.639745</x12>
			<y12>402.6875</y12>
			<x13>345.723935</x13>
			<y13>402.6875</y13>
			<x14>341.024963</x14>
			<y14>404.25</y14>
			<x15>335.542829</x15>
			<y15>404.25</y15>
			<x16>334.759667</x16>
			<y16>432.375</y16>
		</polygon>
	</object>
	<object>
		<name>LPMD</name>
		<pose>Unspecified</pose>
		<truncated>0</truncated>
		<difficult>0</difficult>
		<occluded>0</occluded>
		<bndbox>
			<xmin>356</xmin>
			<xmax>377</xmax>
			<ymin>399</ymin>
			<ymax>532</ymax>
		</bndbox>
		<polygon>
			<x1>363.736662</x1>
			<y1>513.625</y1>
			<x2>366.086148</x2>
			<y2>530.8125</y2>
			<x3>373.917768</x3>
			<y3>529.25</y3>
			<x4>376.267254</x4>
			<y4>501.125</y4>
			<x5>376.267254</x5>
			<y5>476.125</y5>
			<x6>376.267254</x6>
			<y6>452.6875</y6>
			<x7>375.484092</x7>
			<y7>433.9375</y7>
			<x8>371.568282</x8>
			<y8>405.8125</y8>
			<x9>370.78512</x9>
			<y9>402.6875</y9>
			<x10>362.170338</x10>
			<y10>398</y10>
			<x11>355.12188</x11>
			<y11>401.125</y11>
			<x12>355.905042</x12>
			<y12>444.875</y12>
			<x13>358.254528</x13>
			<y13>476.125</y13>
			<x14>363.736662</x14>
			<y14>513.625</y14>
		</polygon>
	</object>
	<object>
		<name>LPMD</name>
		<pose>Unspecified</pose>
		<truncated>0</truncated>
		<difficult>0</difficult>
		<occluded>0</occluded>
		<bndbox>
			<xmin>379</xmin>
			<xmax>398</xmax>
			<ymin>397</ymin>
			<ymax>526</ymax>
		</bndbox>
		<polygon>
			<x1>392.713656</x1>
			<y1>516.75</y1>
			<x2>391.930494</x2>
			<y2>483.9375</y2>
			<x3>394.27998</x3>
			<y3>455.8125</y3>
			<x4>396.629466</x4>
			<y4>441.75</y4>
			<x5>396.629466</x5>
			<y5>432.375</y5>
			<x6>396.629466</x6>
			<y6>412.0625</y6>
			<x7>394.27998</x7>
			<y7>401.125</y7>
			<x8>389.581008</x8>
			<y8>396.4375</y8>
			<x9>377.833578</x9>
			<y9>410.5</y9>
			<x10>380.183064</x10>
			<y10>479.25</y10>
			<x11>383.315712</x11>
			<y11>507.375</y11>
			<x12>384.098874</x12>
			<y12>524.5625</y12>
			<x13>392.713656</x13>
			<y13>516.75</y13>
		</polygon>
	</object>
	<object>
		<name>LMD</name>
		<pose>Unspecified</pose>
		<truncated>0</truncated>
		<difficult>0</difficult>
		<occluded>0</occluded>
		<bndbox>
			<xmin>394</xmin>
			<xmax>434</xmax>
			<ymin>397</ymin>
			<ymax>530</ymax>
		</bndbox>
		<polygon>
			<x1>429.522271</x1>
			<y1>479.25</y1>
			<x2>427.955947</x2>
			<y2>452.6875</y2>
			<x3>424.040137</x3>
			<y3>437.0625</y3>
			<x4>420.907489</x4>
			<y4>405.8125</y4>
			<x5>415.425355</x5>
			<y5>399.5625</y5>
			<x6>393.496818</x6>
			<y6>396.4375</y6>
			<x7>402.111601</x7>
			<y7>458.9375</y7>
			<x8>409.943221</x8>
			<y8>480.8125</y8>
			<x9>420.124327</x9>
			<y9>516.75</y9>
			<x10>424.823299</x10>
			<y10>529.25</y10>
			<x11>432.654919</x11>
			<y11>510.5</y11>
			<x12>429.522271</x12>
			<y12>479.25</y12>
		</polygon>
	</object>
	<object>
		<name>LMD</name>
		<pose>Unspecified</pose>
		<truncated>0</truncated>
		<difficult>0</difficult>
		<occluded>0</occluded>
		<bndbox>
			<xmin>425</xmin>
			<xmax>454</xmax>
			<ymin>388</ymin>
			<ymax>462</ymax>
		</bndbox>
		<polygon>
			<x1>436.570729</x1>
			<y1>393.3125</y1>
			<x2>429.522271</x2>
			<y2>387.0625</y2>
			<x3>427.172785</x3>
			<y3>398</y3>
			<x4>424.040137</x4>
			<y4>419.875</y4>
			<x5>431.088595</x5>
			<y5>441.75</y5>
			<x6>433.438081</x6>
			<y6>460.5</y6>
			<x7>448.31816</x7>
			<y7>451.125</y7>
			<x8>453.017132</x8>
			<y8>430.8125</y8>
			<x9>448.31816</x9>
			<y9>410.5</y9>
			<x10>436.570729</x10>
			<y10>393.3125</y10>
		</polygon>
	</object>
	<object>
		<name>LMD</name>
		<pose>Unspecified</pose>
		<truncated>0</truncated>
		<difficult>0</difficult>
		<occluded>0</occluded>
		<bndbox>
			<xmin>436</xmin>
			<xmax>491</xmax>
			<ymin>335</ymin>
			<ymax>465</ymax>
		</bndbox>
		<polygon>
			<x1>475.72883</x1>
			<y1>393.3125</y1>
			<x2>473.379344</x2>
			<y2>373</y2>
			<x3>469.463534</x3>
			<y3>349.5625</y3>
			<x4>463.198238</x4>
			<y4>338.625</y4>
			<x5>456.932942</x5>
			<y5>333.9375</y5>
			<x6>444.402349</x6>
			<y6>358.9375</y6>
			<x7>437.353891</x7>
			<y7>371.4375</y7>
			<x8>435.004405</x8>
			<y8>382.375</y8>
			<x9>435.004405</x9>
			<y9>387.0625</y9>
			<x10>475.72883</x10>
			<y10>463.625</y10>
			<x11>489.825746</x11>
			<y11>440.1875</y11>
			<x12>480.427802</x12>
			<y12>405.8125</y12>
			<x13>475.72883</x13>
			<y13>393.3125</y13>
		</polygon>
	</object>
	<object>
		<name>LMD</name>
		<pose>Unspecified</pose>
		<truncated>0</truncated>
		<difficult>0</difficult>
		<occluded>0</occluded>
		<bndbox>
			<xmin>478</xmin>
			<xmax>509</xmax>
			<ymin>338</ymin>
			<ymax>422</ymax>
		</bndbox>
		<polygon>
			<x1>496.874205</x1>
			<y1>416.75</y1>
			<x2>505.488987</x2>
			<y2>421.4375</y2>
			<x3>502.356339</x3>
			<y3>401.125</y3>
			<x4>503.139501</x4>
			<y4>385.5</y4>
			<x5>507.838473</x5>
			<y5>376.125</y5>
			<x6>507.055311</x6>
			<y6>360.5</y6>
			<x7>500.006853</x7>
			<y7>343.3125</y7>
			<x8>486.693098</x8>
			<y8>337.0625</y8>
			<x9>485.909936</x9>
			<y9>338.625</y9>
			<x10>487.47626</x10>
			<y10>365.1875</y10>
			<x11>478.861478</x11>
			<y11>376.125</y11>
			<x12>478.861478</x12>
			<y12>396.4375</y12>
			<x13>477.295154</x13>
			<y13>402.6875</y13>
			<x14>491.39207</x14>
			<y14>416.75</y14>
			<x15>496.874205</x15>
			<y15>416.75</y15>
		</polygon>
	</object>
	<object>
		<name>LMU</name>
		<pose>Unspecified</pose>
		<truncated>0</truncated>
		<difficult>0</difficult>
		<occluded>0</occluded>
		<bndbox>
			<xmin>459</xmin>
			<xmax>492</xmax>
			<ymin>171</ymin>
			<ymax>246</ymax>
		</bndbox>
		<polygon>
			<x1>478.861478</x1>
			<y1>174.5625</y1>
			<x2>472.596182</x2>
			<y2>169.875</y2>
			<x3>463.198238</x3>
			<y3>180.8125</y3>
			<x4>460.06559</x4>
			<y4>193.3125</y4>
			<x5>458.499266</x5>
			<y5>204.25</y5>
			<x6>460.848752</x6>
			<y6>244.875</y6>
			<x7>473.379344</x7>
			<y7>244.875</y7>
			<x8>484.343612</x8>
			<y8>227.6875</y8>
			<x9>490.608908</x9>
			<y9>208.9375</y9>
			<x10>482.777288</x10>
			<y10>183.9375</y10>
			<x11>478.861478</x11>
			<y11>174.5625</y11>
		</polygon>
	</object>
</annotation>
