<annotation>
	<folder></folder>
	<filename>293_jpg.rf.8fe7bff7dfd448bd2370552c66b77d1c.jpg</filename>
	<path>293_jpg.rf.8fe7bff7dfd448bd2370552c66b77d1c.jpg</path>
	<source>
		<database>roboflow.com</database>
	</source>
	<size>
		<width>640</width>
		<height>640</height>
		<depth>3</depth>
	</size>
	<segmented>0</segmented>
	<object>
		<name>RIU</name>
		<pose>Unspecified</pose>
		<truncated>0</truncated>
		<difficult>0</difficult>
		<occluded>0</occluded>
		<bndbox>
			<xmin>304</xmin>
			<xmax>327</xmax>
			<ymin>211</ymin>
			<ymax>328</ymax>
		</bndbox>
		<polygon>
			<x1>308.025493</x1>
			<y1>319.498145</y1>
			<x2>323.074425</x2>
			<y2>326.993426</y2>
			<x3>325.269077</x3>
			<y3>303.882936</y3>
			<x4>326.328753</x4>
			<y4>209.656251</y4>
			<x5>305.517325</x5>
			<y5>217.062363</y5>
			<x6>302.695643</x6>
			<y6>283.270841</y6>
			<x7>308.025493</x7>
			<y7>319.498145</y7>
		</polygon>
	</object>
	<object>
		<name>LIU</name>
		<pose>Unspecified</pose>
		<truncated>0</truncated>
		<difficult>0</difficult>
		<occluded>0</occluded>
		<bndbox>
			<xmin>325</xmin>
			<xmax>350</xmax>
			<ymin>212</ymin>
			<ymax>347</ymax>
		</bndbox>
		<polygon>
			<x1>345.647859</x1>
			<y1>345.731677</y1>
			<x2>348.783057</x2>
			<y2>328.242648</y2>
			<x3>345.020805</x3>
			<y3>280.772421</y3>
			<x4>347.886813</x4>
			<y4>224.500001</y4>
			<x5>347.842488</x5>
			<y5>211.440889</y5>
			<x6>328.717789</x6>
			<y6>213.314734</y6>
			<x7>327.150191</x7>
			<y7>288.267726</y7>
			<x8>324.328509</x8>
			<y8>333.239534</y8>
			<x9>330.285388</x9>
			<y9>343.233259</y9>
			<x10>345.647859</x10>
			<y10>345.731677</y10>
		</polygon>
	</object>
	<object>
		<name>LIU</name>
		<pose>Unspecified</pose>
		<truncated>0</truncated>
		<difficult>0</difficult>
		<occluded>0</occluded>
		<bndbox>
			<xmin>349</xmin>
			<xmax>369</xmax>
			<ymin>214</ymin>
			<ymax>339</ymax>
		</bndbox>
		<polygon>
			<x1>353.799391</x1>
			<y1>213.314734</y1>
			<x2>347.528973</x2>
			<y2>320.122744</y2>
			<x3>349.723601</x3>
			<y3>338.236396</y3>
			<x4>365.713102</x4>
			<y4>334.488732</y4>
			<x5>365.713102</x5>
			<y5>318.248924</y5>
			<x6>362.891444</x6>
			<y6>278.273978</y6>
			<x7>367.877014</x7>
			<y7>212.781251</y7>
			<x8>353.799391</x8>
			<y8>213.314734</y8>
		</polygon>
	</object>
	<object>
		<name>LCU</name>
		<pose>Unspecified</pose>
		<truncated>0</truncated>
		<difficult>0</difficult>
		<occluded>0</occluded>
		<bndbox>
			<xmin>366</xmin>
			<xmax>391</xmax>
			<ymin>213</ymin>
			<ymax>343</ymax>
		</bndbox>
		<polygon>
			<x1>385.778393</x1>
			<y1>293.264589</y1>
			<x2>386.299356</x2>
			<y2>219.812501</y2>
			<x3>373.551096</x3>
			<y3>212.065489</y3>
			<x4>366.653671</x4>
			<y4>282.021642</y4>
			<x5>364.772581</x5>
			<y5>319.498145</y5>
			<x6>367.907779</x6>
			<y6>336.987175</y6>
			<x7>381.075597</x7>
			<y7>341.984084</y7>
			<x8>389.854159</x8>
			<y8>325.744229</y8>
			<x9>385.778393</x9>
			<y9>293.264589</y9>
		</polygon>
	</object>
	<object>
		<name>LMU</name>
		<pose>Unspecified</pose>
		<truncated>0</truncated>
		<difficult>0</difficult>
		<occluded>0</occluded>
		<bndbox>
			<xmin>439</xmin>
			<xmax>477</xmax>
			<ymin>228</ymin>
			<ymax>360</ymax>
		</bndbox>
		<polygon>
			<x1>453.185134</x1>
			<y1>358.848467</y1>
			<x2>466.666491</x2>
			<y2>347.605522</y2>
			<x3>468.86112</x3>
			<y3>318.873523</y3>
			<x4>475.275348</x4>
			<y4>251.062501</y4>
			<x5>476.385574</x5>
			<y5>233.926793</y5>
			<x6>453.498625</x6>
			<y6>227.056087</y6>
			<x7>446.914739</x7>
			<y7>264.532589</y7>
			<x8>438.136177</x8>
			<y8>310.753618</y8>
			<x9>437.509148</x9>
			<y9>345.107126</y9>
			<x10>453.185134</x10>
			<y10>358.848467</y10>
		</polygon>
	</object>
	<object>
		<name>RPMU</name>
		<pose>Unspecified</pose>
		<truncated>0</truncated>
		<difficult>0</difficult>
		<occluded>0</occluded>
		<bndbox>
			<xmin>201</xmin>
			<xmax>229</xmax>
			<ymin>225</ymin>
			<ymax>350</ymax>
		</bndbox>
		<polygon>
			<x1>224.942766</x1>
			<y1>282.646242</y1>
			<x2>224.80989</x2>
			<y2>224.500001</y2>
			<x3>211.461408</x3>
			<y3>223.933045</y3>
			<x4>210.520863</x4>
			<y4>267.655631</y4>
			<x5>202.055817</x5>
			<y5>305.756756</y5>
			<x6>199.861188</x6>
			<y6>335.113354</y6>
			<x7>210.520863</x7>
			<y7>348.854719</y7>
			<x8>228.391478</x8>
			<y8>330.116493</y8>
			<x9>224.942766</x9>
			<y9>282.646242</y9>
		</polygon>
	</object>
	<object>
		<name>RMU</name>
		<pose>Unspecified</pose>
		<truncated>0</truncated>
		<difficult>0</difficult>
		<occluded>0</occluded>
		<bndbox>
			<xmin>144</xmin>
			<xmax>189</xmax>
			<ymin>228</ymin>
			<ymax>355</ymax>
		</bndbox>
		<polygon>
			<x1>142.800596</x1>
			<y1>227.056087</y1>
			<x2>146.87635</x2>
			<y2>303.882936</y2>
			<x3>149.384505</x3>
			<y3>340.734816</y3>
			<x4>172.584958</x4>
			<y4>354.476252</y4>
			<x5>187.633914</x5>
			<y5>341.984084</y5>
			<x6>181.990549</x6>
			<y6>280.147799</y6>
			<x7>174.246441</x7>
			<y7>228.406251</y7>
			<x8>142.800596</x8>
			<y8>227.056087</y8>
		</polygon>
	</object>
	<object>
		<name>RID</name>
		<pose>Unspecified</pose>
		<truncated>0</truncated>
		<difficult>0</difficult>
		<occluded>0</occluded>
		<bndbox>
			<xmin>291</xmin>
			<xmax>310</xmax>
			<ymin>326</ymin>
			<ymax>459</ymax>
		</bndbox>
		<polygon>
			<x1>293.011752</x1>
			<y1>325.281251</y1>
			<x2>291.408938</x2>
			<y2>359.473067</y2>
			<x3>290.154854</x3>
			<y3>424.432347</y3>
			<x4>291.408938</x4>
			<y4>453.164323</y4>
			<x5>300.187499</x5>
			<y5>457.536609</y5>
			<x6>303.949726</x6>
			<y6>413.189401</y6>
			<x7>308.966037</x7>
			<y7>370.716012</y7>
			<x8>309.279576</x8>
			<y8>341.359438</y8>
			<x9>293.011752</x9>
			<y9>325.281251</y9>
		</polygon>
	</object>
	<object>
		<name>RID</name>
		<pose>Unspecified</pose>
		<truncated>0</truncated>
		<difficult>0</difficult>
		<occluded>0</occluded>
		<bndbox>
			<xmin>308</xmin>
			<xmax>323</xmax>
			<ymin>343</ymin>
			<ymax>460</ymax>
		</bndbox>
		<polygon>
			<x1>311.78772</x1>
			<y1>341.984084</y1>
			<x2>307.084924</x2>
			<y2>358.223845</y2>
			<x3>308.966037</x3>
			<y3>410.691006</y3>
			<x4>309.906606</x4>
			<y4>457.536609</y4>
			<x5>318.685168</x5>
			<y5>459.410406</y5>
			<x6>318.998683</x6>
			<y6>418.186263</y6>
			<x7>321.625177</x7>
			<y7>350.281251</y7>
			<x8>311.78772</x8>
			<y8>341.984084</y8>
		</polygon>
	</object>
	<object>
		<name>RCD</name>
		<pose>Unspecified</pose>
		<truncated>0</truncated>
		<difficult>0</difficult>
		<occluded>0</occluded>
		<bndbox>
			<xmin>271</xmin>
			<xmax>294</xmax>
			<ymin>323</ymin>
			<ymax>465</ymax>
		</bndbox>
		<polygon>
			<x1>272.284239</x1>
			<y1>371.965234</y1>
			<x2>270.089611</x2>
			<y2>431.927628</y2>
			<x3>273.538323</x3>
			<y3>463.782693</y3>
			<x4>289.841339</x4>
			<y4>456.287364</y4>
			<x5>292.663021</x5>
			<y5>388.205066</y5>
			<x6>292.976536</x6>
			<y6>323.870384</y6>
			<x7>271.845657</x7>
			<y7>322.156251</y7>
			<x8>272.284239</x8>
			<y8>371.965234</y8>
		</polygon>
	</object>
	<object>
		<name>RPMD</name>
		<pose>Unspecified</pose>
		<truncated>0</truncated>
		<difficult>0</difficult>
		<occluded>0</occluded>
		<bndbox>
			<xmin>225</xmin>
			<xmax>249</xmax>
			<ymin>340</ymin>
			<ymax>469</ymax>
		</bndbox>
		<polygon>
			<x1>229.959077</x1>
			<y1>339.485617</y1>
			<x2>223.688682</x2>
			<y2>369.466815</y2>
			<x3>227.764448</x3>
			<y3>407.567964</y3>
			<x4>228.391478</x4>
			<y4>468.154933</y4>
			<x5>241.559297</x5>
			<y5>467.530334</y5>
			<x6>244.380979</x6>
			<y6>398.198838</y6>
			<x7>247.935809</x7>
			<y7>346.375001</y7>
			<x8>229.959077</x8>
			<y8>339.485617</y8>
		</polygon>
	</object>
	<object>
		<name>LID</name>
		<pose>Unspecified</pose>
		<truncated>0</truncated>
		<difficult>0</difficult>
		<occluded>0</occluded>
		<bndbox>
			<xmin>319</xmin>
			<xmax>333</xmax>
			<ymin>352</ymin>
			<ymax>447</ymax>
		</bndbox>
		<polygon>
			<x1>318.371629</x1>
			<y1>440.672155</y1>
			<x2>330.912418</x2>
			<y2>445.669041</y2>
			<x3>331.539472</x3>
			<y3>420.060131</y3>
			<x4>331.03233</x4>
			<y4>358.093751</y4>
			<x5>319.625713</x5>
			<y5>350.728564</y5>
			<x6>318.058114</x6>
			<y6>396.32497</y6>
			<x7>318.371629</x7>
			<y7>440.672155</y7>
		</polygon>
	</object>
	<object>
		<name>LID</name>
		<pose>Unspecified</pose>
		<truncated>0</truncated>
		<difficult>0</difficult>
		<occluded>0</occluded>
		<bndbox>
			<xmin>331</xmin>
			<xmax>354</xmax>
			<ymin>351</ymin>
			<ymax>476</ymax>
		</bndbox>
		<polygon>
			<x1>345.647859</x1>
			<y1>385.706671</y1>
			<x2>346.318954</x2>
			<y2>349.500001</y2>
			<x3>329.971873</x3>
			<y3>357.599294</y3>
			<x4>334.361154</x4>
			<y4>391.328108</y4>
			<x5>337.182812</x5>
			<y5>438.173712</y5>
			<x6>339.06395</x6>
			<y6>475.025616</y6>
			<x7>353.172313</x7>
			<y7>471.902574</y7>
			<x8>350.350655</x8>
			<y8>431.303029</y8>
			<x9>345.647859</x9>
			<y9>385.706671</y9>
		</polygon>
	</object>
	<object>
		<name>LCD</name>
		<pose>Unspecified</pose>
		<truncated>0</truncated>
		<difficult>0</difficult>
		<occluded>0</occluded>
		<bndbox>
			<xmin>348</xmin>
			<xmax>372</xmax>
			<ymin>347</ymin>
			<ymax>487</ymax>
		</bndbox>
		<polygon>
			<x1>365.713102</x1>
			<y1>416.312442</y1>
			<x2>367.093084</x2>
			<y2>354.187501</y2>
			<x3>347.528973</x3>
			<y3>345.731677</y3>
			<x4>346.901943</x4>
			<y4>381.958983</y4>
			<x5>350.350655</x5>
			<y5>407.567964</y5>
			<x6>354.426421</x6>
			<y6>453.788921</y6>
			<x7>355.053451</x7>
			<y7>486.268585</y7>
			<x8>370.729437</x8>
			<y8>476.274861</y8>
			<x9>365.713102</x9>
			<y9>416.312442</y9>
		</polygon>
	</object>
	<object>
		<name>LPMD</name>
		<pose>Unspecified</pose>
		<truncated>0</truncated>
		<difficult>0</difficult>
		<occluded>0</occluded>
		<bndbox>
			<xmin>367</xmin>
			<xmax>391</xmax>
			<ymin>346</ymin>
			<ymax>465</ymax>
		</bndbox>
		<polygon>
			<x1>375.432233</x1>
			<y1>345.731677</y1>
			<x2>366.34018</x2>
			<y2>363.220731</y2>
			<x3>371.042976</x3>
			<y3>413.189401</y3>
			<x4>374.805203</x4>
			<y4>463.782693</y4>
			<x5>388.286561</x5>
			<y5>461.908849</y5>
			<x6>386.405423</x6>
			<y6>398.823389</y6>
			<x7>390.219003</x7>
			<y7>344.812501</y7>
			<x8>375.432233</x8>
			<y8>345.731677</y8>
		</polygon>
	</object>
	<object>
		<name>LPMD</name>
		<pose>Unspecified</pose>
		<truncated>0</truncated>
		<difficult>0</difficult>
		<occluded>0</occluded>
		<bndbox>
			<xmin>391</xmin>
			<xmax>414</xmax>
			<ymin>323</ymin>
			<ymax>422</ymax>
		</bndbox>
		<polygon>
			<x1>401.76787</x1>
			<y1>321.996564</y1>
			<x2>391.735249</x2>
			<y2>328.867271</y2>
			<x3>390.16765</x3>
			<y3>375.712899</y3>
			<x4>390.481189</x4>
			<y4>405.069473</y4>
			<x5>394.243416</x5>
			<y5>420.684683</y5>
			<x6>408.978834</x6>
			<y6>412.564778</y6>
			<x7>412.952957</x7>
			<y7>346.375001</y7>
			<x8>401.76787</x8>
			<y8>321.996564</y8>
		</polygon>
	</object>
</annotation>
