<annotation>
	<folder></folder>
	<filename>294_jpg.rf.ea297204ab5fdf5ede82c32ecb4437b0.jpg</filename>
	<path>294_jpg.rf.ea297204ab5fdf5ede82c32ecb4437b0.jpg</path>
	<source>
		<database>roboflow.com</database>
	</source>
	<size>
		<width>640</width>
		<height>640</height>
		<depth>3</depth>
	</size>
	<segmented>0</segmented>
	<object>
		<name>RIU</name>
		<pose>Unspecified</pose>
		<truncated>0</truncated>
		<difficult>0</difficult>
		<occluded>0</occluded>
		<bndbox>
			<xmin>287</xmin>
			<xmax>327</xmax>
			<ymin>230</ymin>
			<ymax>416</ymax>
		</bndbox>
		<polygon>
			<x1>323.268703</x1>
			<y1>232.945336</y1>
			<x2>305.49936</x2>
			<y2>228.662291</y2>
			<x3>302.735253</x3>
			<y3>278.630961</y3>
			<x4>285.755647</x4>
			<y4>392.13129</y4>
			<x5>295.627503</x5>
			<y5>414.974061</y5>
			<x6>319.714858</x6>
			<y6>401.411126</y6>
			<x7>325.886137</x7>
			<y7>272.178572</y7>
			<x8>323.268703</x8>
			<y8>232.945336</y8>
		</polygon>
	</object>
	<object>
		<name>RIU</name>
		<pose>Unspecified</pose>
		<truncated>0</truncated>
		<difficult>0</difficult>
		<occluded>0</occluded>
		<bndbox>
			<xmin>267</xmin>
			<xmax>305</xmax>
			<ymin>237</ymin>
			<ymax>417</ymax>
		</bndbox>
		<polygon>
			<x1>288.124917</x1>
			<y1>416.401743</y1>
			<x2>303.524989</x2>
			<y2>387.848218</y2>
			<x3>298.78651</x3>
			<y3>235.800672</y3>
			<x4>276.518658</x4>
			<y4>244.500001</y4>
			<x5>273.51455</x5>
			<y5>355.725501</y5>
			<x6>266.406832</x6>
			<y6>387.134363</y6>
			<x7>288.124917</x7>
			<y7>416.401743</y7>
		</polygon>
	</object>
	<object>
		<name>RCU</name>
		<pose>Unspecified</pose>
		<truncated>0</truncated>
		<difficult>0</difficult>
		<occluded>0</occluded>
		<bndbox>
			<xmin>241</xmin>
			<xmax>276</xmax>
			<ymin>245</ymin>
			<ymax>404</ymax>
		</bndbox>
		<polygon>
			<x1>249.860219</x1>
			<y1>249.857144</y1>
			<x2>249.427226</x2>
			<y2>322.888931</y2>
			<x3>240.345106</x3>
			<y3>372.857601</y3>
			<x4>251.796465</x4>
			<y4>402.838863</y4>
			<x5>270.355574</x5>
			<y5>391.417408</y5>
			<x6>275.488922</x6>
			<y6>362.863882</y6>
			<x7>270.750443</x7>
			<y7>303.615296</y7>
			<x8>271.145311</x8>
			<y8>243.652908</y8>
			<x9>249.860219</x9>
			<y9>249.857144</y9>
		</polygon>
	</object>
	<object>
		<name>RPMU</name>
		<pose>Unspecified</pose>
		<truncated>0</truncated>
		<difficult>0</difficult>
		<occluded>0</occluded>
		<bndbox>
			<xmin>228</xmin>
			<xmax>253</xmax>
			<ymin>263</ymin>
			<ymax>402</ymax>
		</bndbox>
		<polygon>
			<x1>230.868147</x1>
			<y1>376.426791</y1>
			<x2>226.524506</x2>
			<y2>388.562099</y2>
			<x3>237.580998</x3>
			<y3>401.411126</y3>
			<x4>248.637489</x4>
			<y4>387.848218</y4>
			<x5>251.796465</x5>
			<y5>264.354197</y5>
			<x6>228.632203</x6>
			<y6>262.357144</y6>
			<x7>229.288644</x7>
			<y7>340.734884</y7>
			<x8>230.868147</x8>
			<y8>376.426791</y8>
		</polygon>
	</object>
	<object>
		<name>RPMU</name>
		<pose>Unspecified</pose>
		<truncated>0</truncated>
		<difficult>0</difficult>
		<occluded>0</occluded>
		<bndbox>
			<xmin>200</xmin>
			<xmax>233</xmax>
			<ymin>264</ymin>
			<ymax>395</ymax>
		</bndbox>
		<polygon>
			<x1>199.278206</x1>
			<y1>379.282154</y1>
			<x2>211.519302</x2>
			<y2>394.272744</y2>
			<x3>230.078381</x3>
			<y3>381.423718</y3>
			<x4>230.473249</x4>
			<y4>307.184486</y4>
			<x5>231.657884</x5>
			<y5>262.926543</y5>
			<x6>213.328285</x6>
			<y6>265.928572</y6>
			<x7>206.780793</x7>
			<y7>322.888931</y7>
			<x8>199.278206</x8>
			<y8>379.282154</y8>
		</polygon>
	</object>
	<object>
		<name>RMU</name>
		<pose>Unspecified</pose>
		<truncated>0</truncated>
		<difficult>0</difficult>
		<occluded>0</occluded>
		<bndbox>
			<xmin>158</xmin>
			<xmax>204</xmax>
			<ymin>268</ymin>
			<ymax>395</ymax>
		</bndbox>
		<polygon>
			<x1>174.821651</x1>
			<y1>268.607144</y1>
			<x2>169.662635</x2>
			<y2>317.892058</y2>
			<x3>158.211276</x3>
			<y3>344.304075</y3>
			<x4>157.026641</x4>
			<y4>370.716146</y4>
			<x5>182.2986</x5>
			<y5>394.272744</y5>
			<x6>202.437182</x6>
			<y6>379.282154</y6>
			<x7>200.067942</x7>
			<y7>305.756832</y7>
			<x8>203.226948</x8>
			<y8>267.209561</y8>
			<x9>174.821651</x9>
			<y9>268.607144</y9>
		</polygon>
	</object>
	<object>
		<name>RMU</name>
		<pose>Unspecified</pose>
		<truncated>0</truncated>
		<difficult>0</difficult>
		<occluded>0</occluded>
		<bndbox>
			<xmin>119</xmin>
			<xmax>162</xmax>
			<ymin>237</ymin>
			<ymax>375</ymax>
		</bndbox>
		<polygon>
			<x1>118.32898</x1>
			<y1>364.291538</y1>
			<x2>130.964945</x2>
			<y2>372.143773</y2>
			<x3>155.447138</x3>
			<y3>374.285337</y3>
			<x4>158.606144</x4>
			<y4>353.583965</y4>
			<x5>156.631773</x5>
			<y5>317.178231</y5>
			<x6>159.517732</x6>
			<y6>258.785715</y6>
			<x7>160.975383</x7>
			<y7>240.083717</y7>
			<x8>139.257299</x8>
			<y8>235.800672</y8>
			<x9>136.098323</x9>
			<y9>282.914006</y9>
			<x10>119.513585</x10>
			<y10>325.744294</y10>
			<x11>118.32898</x11>
			<y11>364.291538</y11>
		</polygon>
	</object>
	<object>
		<name>RMU</name>
		<pose>Unspecified</pose>
		<truncated>0</truncated>
		<difficult>0</difficult>
		<occluded>0</occluded>
		<bndbox>
			<xmin>89</xmin>
			<xmax>146</xmax>
			<ymin>224</ymin>
			<ymax>353</ymax>
		</bndbox>
		<polygon>
			<x1>119.530074</x1>
			<y1>244.500001</y1>
			<x2>104.508366</x2>
			<y2>288.624706</y2>
			<x3>87.923643</x3>
			<y3>307.898341</y3>
			<x4>98.190383</x4>
			<y4>344.304075</y4>
			<x5>101.744243</x5>
			<y5>352.156311</y5>
			<x6>119.118717</x6>
			<y6>342.162621</y6>
			<x7>144.785544</x7>
			<y7>234.373018</y7>
			<x8>125.831567</x8>
			<y8>222.951591</y8>
			<x9>119.530074</x9>
			<y9>244.500001</y9>
		</polygon>
	</object>
	<object>
		<name>LIU</name>
		<pose>Unspecified</pose>
		<truncated>0</truncated>
		<difficult>0</difficult>
		<occluded>0</occluded>
		<bndbox>
			<xmin>323</xmin>
			<xmax>356</xmax>
			<ymin>252</ymin>
			<ymax>414</ymax>
		</bndbox>
		<polygon>
			<x1>354.463776</x1>
			<y1>251.191842</y1>
			<x2>326.03284</x2>
			<y2>254.761032</y2>
			<x3>322.084098</x3>
			<y3>357.553735</y3>
			<x4>323.268703</x4>
			<y4>413.233105</y4>
			<x5>352.094536</x5>
			<y5>408.950087</y5>
			<x6>350.120165</x6>
			<y6>348.273817</y6>
			<x7>354.519275</x7>
			<y7>269.500001</y7>
			<x8>354.463776</x8>
			<y8>251.191842</y8>
		</polygon>
	</object>
	<object>
		<name>LIU</name>
		<pose>Unspecified</pose>
		<truncated>0</truncated>
		<difficult>0</difficult>
		<occluded>0</occluded>
		<bndbox>
			<xmin>353</xmin>
			<xmax>378</xmax>
			<ymin>256</ymin>
			<ymax>405</ymax>
		</bndbox>
		<polygon>
			<x1>372.233118</x1>
			<y1>356.839881</y1>
			<x2>374.759942</x2>
			<y2>264.142858</y2>
			<x3>373.022854</x3>
			<y3>255.474873</y3>
			<x4>355.253542</x4>
			<y4>257.616409</y4>
			<x5>353.279171</x5>
			<y5>355.412199</y5>
			<x6>352.489404</x6>
			<y6>398.956342</y6>
			<x7>361.176657</x7>
			<y7>403.953214</y7>
			<x8>376.576759</x8>
			<y8>401.097906</y8>
			<x9>372.233118</x9>
			<y9>356.839881</y9>
		</polygon>
	</object>
	<object>
		<name>LCU</name>
		<pose>Unspecified</pose>
		<truncated>0</truncated>
		<difficult>0</difficult>
		<occluded>0</occluded>
		<bndbox>
			<xmin>374</xmin>
			<xmax>407</xmax>
			<ymin>266</ymin>
			<ymax>411</ymax>
		</bndbox>
		<polygon>
			<x1>397.899945</x1>
			<y1>327.572528</y1>
			<x2>404.380429</x2>
			<y2>265.035715</y2>
			<x3>382.499873</x3>
			<y3>265.468604</y3>
			<x4>377.761394</x4>
			<y4>343.276972</y4>
			<x5>372.628016</x5>
			<y5>378.968879</y5>
			<x6>381.710137</x6>
			<y6>410.377741</y6>
			<x7>400.664053</x7>
			<y7>408.950087</y7>
			<x8>405.797431</x8>
			<y8>376.827343</y8>
			<x9>397.899945</x9>
			<y9>327.572528</y9>
		</polygon>
	</object>
	<object>
		<name>LPMU</name>
		<pose>Unspecified</pose>
		<truncated>0</truncated>
		<difficult>0</difficult>
		<occluded>0</occluded>
		<bndbox>
			<xmin>403</xmin>
			<xmax>430</xmax>
			<ymin>268</ymin>
			<ymax>408</ymax>
		</bndbox>
		<polygon>
			<x1>403.82306</x1>
			<y1>266.896273</y1>
			<x2>402.243587</x2>
			<y2>393.245642</y2>
			<x3>417.643659</x3>
			<y3>406.808551</y3>
			<x4>429.095049</x4>
			<y4>377.541197</y4>
			<x5>420.407767</x5>
			<y5>359.695244</y5>
			<x6>421.9873</x6>
			<y6>336.852418</y6>
			<x7>421.165372</x7>
			<y7>273.964286</y7>
			<x8>403.82306</x8>
			<y8>266.896273</y8>
		</polygon>
	</object>
	<object>
		<name>LPMU</name>
		<pose>Unspecified</pose>
		<truncated>0</truncated>
		<difficult>0</difficult>
		<occluded>0</occluded>
		<bndbox>
			<xmin>419</xmin>
			<xmax>452</xmax>
			<ymin>273</ymin>
			<ymax>397</ymax>
		</bndbox>
		<polygon>
			<x1>418.038557</x1>
			<y1>271.893172</y1>
			<x2>422.777037</x2>
			<y2>341.849291</y2>
			<x3>423.171935</x3>
			<y3>383.251897</y3>
			<x4>437.782271</x4>
			<y4>396.100979</y4>
			<x5>450.813134</x5>
			<y5>374.685834</y5>
			<x6>440.15148</x6>
			<y6>329.00021</y6>
			<x7>434.000916</x7>
			<y7>276.642858</y7>
			<x8>418.038557</x8>
			<y8>271.893172</y8>
		</polygon>
	</object>
	<object>
		<name>LMU</name>
		<pose>Unspecified</pose>
		<truncated>0</truncated>
		<difficult>0</difficult>
		<occluded>0</occluded>
		<bndbox>
			<xmin>457</xmin>
			<xmax>498</xmax>
			<ymin>252</ymin>
			<ymax>376</ymax>
		</bndbox>
		<polygon>
			<x1>477.444298</x1>
			<y1>257.892858</y1>
			<x2>469.767051</x2>
			<y2>317.578783</y2>
			<x3>455.551613</x3>
			<y3>345.418481</y3>
			<x4>462.264463</x4>
			<y4>375.399689</y4>
			<x5>479.638907</x5>
			<y5>372.544326</y5>
			<x6>492.66977</x6>
			<y6>371.830498</y6>
			<x7>493.854405</x7>
			<y7>340.421609</y7>
			<x8>497.40825</x8>
			<y8>251.191842</y8>
			<x9>477.444298</x9>
			<y9>257.892858</y9>
		</polygon>
	</object>
	<object>
		<name>LMU</name>
		<pose>Unspecified</pose>
		<truncated>0</truncated>
		<difficult>0</difficult>
		<occluded>0</occluded>
		<bndbox>
			<xmin>493</xmin>
			<xmax>532</xmax>
			<ymin>242</ymin>
			<ymax>373</ymax>
		</bndbox>
		<polygon>
			<x1>521.100706</x1>
			<y1>299.732829</y1>
			<x2>515.950932</x2>
			<y2>240.928572</y2>
			<x3>498.198046</x3>
			<y3>246.194969</y3>
			<x4>498.198046</x4>
			<y4>294.735957</y4>
			<x5>491.880034</x5>
			<y5>352.556863</y5>
			<x6>500.172417</x6>
			<y6>364.692117</y6>
			<x7>511.623747</x7>
			<y7>371.830498</y7>
			<x8>530.577724</x8>
			<y8>341.135436</y8>
			<x9>521.100706</x9>
			<y9>299.732829</y9>
		</polygon>
	</object>
	<object>
		<name>RID</name>
		<pose>Unspecified</pose>
		<truncated>0</truncated>
		<difficult>0</difficult>
		<occluded>0</occluded>
		<bndbox>
			<xmin>289</xmin>
			<xmax>319</xmax>
			<ymin>419</ymin>
			<ymax>535</ymax>
		</bndbox>
		<polygon>
			<x1>292.073659</x1>
			<y1>468.61934</y1>
			<x2>288.124916</x2>
			<y2>530.009409</y2>
			<x3>312.212241</x3>
			<y3>534.292454</y3>
			<x4>316.999991</x4>
			<y4>430.214286</y4>
			<x5>318.135355</x5>
			<y5>420.792179</y5>
			<x6>294.837767</x6>
			<y6>417.936816</y6>
			<x7>292.073659</x7>
			<y7>468.61934</y7>
		</polygon>
	</object>
	<object>
		<name>RID</name>
		<pose>Unspecified</pose>
		<truncated>0</truncated>
		<difficult>0</difficult>
		<occluded>0</occluded>
		<bndbox>
			<xmin>263</xmin>
			<xmax>295</xmax>
			<ymin>415</ymin>
			<ymax>557</ymax>
		</bndbox>
		<polygon>
			<x1>265.222197</x1>
			<y1>493.603675</y1>
			<x2>262.063191</x2>
			<y2>555.707598</y2>
			<x3>281.017168</x3>
			<y3>554.993744</y3>
			<x4>294.04803</x4>
			<y4>436.496624</y4>
			<x5>290.889024</x5>
			<y5>424.36137</y5>
			<x6>280.227431</x6>
			<y6>414.367625</y6>
			<x7>266.151488</x7>
			<y7>427.535715</y7>
			<x8>265.222197</x8>
			<y8>493.603675</y8>
		</polygon>
	</object>
	<object>
		<name>RCD</name>
		<pose>Unspecified</pose>
		<truncated>0</truncated>
		<difficult>0</difficult>
		<occluded>0</occluded>
		<bndbox>
			<xmin>229</xmin>
			<xmax>275</xmax>
			<ymin>410</ymin>
			<ymax>562</ymax>
		</bndbox>
		<polygon>
			<x1>246.26822</x1>
			<y1>561.418298</y1>
			<x2>254.955472</x2>
			<y2>524.298764</y2>
			<x3>264.037562</x3>
			<y3>459.339449</y3>
			<x4>274.304317</x4>
			<y4>440.779642</y4>
			<x5>268.776071</x5>
			<y5>427.930561</y5>
			<x6>260.088819</x6>
			<y6>409.37078</y6>
			<x7>246.26822</x7>
			<y7>416.509161</y7>
			<x8>237.024675</x8>
			<y8>448.071429</y8>
			<x9>239.950238</x9>
			<y9>505.738929</y9>
			<x10>228.104009</x10>
			<y10>541.430836</y10>
			<x11>233.632255</x11>
			<y11>557.135253</y11>
			<x12>246.26822</x12>
			<y12>561.418298</y12>
		</polygon>
	</object>
	<object>
		<name>RPMD</name>
		<pose>Unspecified</pose>
		<truncated>0</truncated>
		<difficult>0</difficult>
		<occluded>0</occluded>
		<bndbox>
			<xmin>207</xmin>
			<xmax>248</xmax>
			<ymin>408</ymin>
			<ymax>524</ymax>
		</bndbox>
		<polygon>
			<x1>217.442416</x1>
			<y1>522.871027</y1>
			<x2>234.81689</x2>
			<y2>462.194786</y2>
			<x3>247.057986</x3>
			<y3>417.222989</y3>
			<x4>239.160501</x4>
			<y4>408.656926</y4>
			<x5>217.047548</x5>
			<y5>406.515416</y5>
			<x6>214.678278</x6>
			<y6>472.188531</y6>
			<x7>205.923163</x7>
			<y7>517.714286</y7>
			<x8>217.442416</x8>
			<y8>522.871027</y8>
		</polygon>
	</object>
	<object>
		<name>RPMD</name>
		<pose>Unspecified</pose>
		<truncated>0</truncated>
		<difficult>0</difficult>
		<occluded>0</occluded>
		<bndbox>
			<xmin>159</xmin>
			<xmax>219</xmax>
			<ymin>393</ymin>
			<ymax>540</ymax>
		</bndbox>
		<polygon>
			<x1>183.483235</x1>
			<y1>391.524826</y1>
			<x2>172.426743</x2>
			<y2>409.37078</y2>
			<x3>171.637007</x3>
			<y3>461.480959</y3>
			<x4>158.036708</x4>
			<y4>507.892858</y4>
			<x5>189.406349</x5>
			<y5>538.575527</y5>
			<x6>197.698703</x6>
			<y6>478.613057</y6>
			<x7>215.073177</x7>
			<y7>430.072069</y7>
			<x8>218.232153</x8>
			<y8>396.521671</y8>
			<x9>196.514068</x9>
			<y9>400.090863</y9>
			<x10>183.483235</x10>
			<y10>391.524826</y10>
		</polygon>
	</object>
	<object>
		<name>RMD</name>
		<pose>Unspecified</pose>
		<truncated>0</truncated>
		<difficult>0</difficult>
		<occluded>0</occluded>
		<bndbox>
			<xmin>118</xmin>
			<xmax>181</xmax>
			<ymin>380</ymin>
			<ymax>511</ymax>
		</bndbox>
		<polygon>
			<x1>130.570077</x1>
			<y1>433.64126</y1>
			<x2>117.0617</x2>
			<y2>482.892858</y2>
			<x3>144.390676</x3>
			<y3>510.022001</y3>
			<x4>161.76515</x4>
			<y4>447.204196</y4>
			<x5>177.560121</x5>
			<y5>424.36137</y5>
			<x6>179.534492</x6>
			<y6>387.955636</y6>
			<x7>162.554887</x7>
			<y7>378.675732</y7>
			<x8>132.14958</x8>
			<y8>380.817268</y8>
			<x9>130.570077</x9>
			<y9>433.64126</y9>
		</polygon>
	</object>
	<object>
		<name>RMD</name>
		<pose>Unspecified</pose>
		<truncated>0</truncated>
		<difficult>0</difficult>
		<occluded>0</occluded>
		<bndbox>
			<xmin>77</xmin>
			<xmax>136</xmax>
			<ymin>374</ymin>
			<ymax>467</ymax>
		</bndbox>
		<polygon>
			<x1>95.031377</x1>
			<y1>407.229244</y1>
			<x2>76.086693</x2>
			<y2>426.642858</y2>
			<x3>84.369784</x3>
			<y3>466.477831</y3>
			<x4>98.98012</x4>
			<y4>461.480959</y4>
			<x5>132.544448</x5>
			<y5>437.924306</y5>
			<x6>135.308556</x6>
			<y6>407.943098</y6>
			<x7>125.831567</x7>
			<y7>378.675732</y7>
			<x8>109.641728</x8>
			<y8>372.965018</y8>
			<x9>95.031377</x9>
			<y9>407.229244</y9>
		</polygon>
	</object>
	<object>
		<name>LID</name>
		<pose>Unspecified</pose>
		<truncated>0</truncated>
		<difficult>0</difficult>
		<occluded>0</occluded>
		<bndbox>
			<xmin>315</xmin>
			<xmax>336</xmax>
			<ymin>423</ymin>
			<ymax>542</ymax>
		</bndbox>
		<polygon>
			<x1>313.916746</x1>
			<y1>537.861645</y1>
			<x2>325.762974</x2>
			<y2>540.716981</y2>
			<x3>328.527112</x3>
			<y3>517.874182</y3>
			<x4>335.265958</x4>
			<y4>425.750001</y4>
			<x5>318.655255</x5>
			<y5>422.219861</y5>
			<x6>315.101381</x6>
			<y6>502.169738</y6>
			<x7>313.916746</x7>
			<y7>537.861645</y7>
		</polygon>
	</object>
	<object>
		<name>LID</name>
		<pose>Unspecified</pose>
		<truncated>0</truncated>
		<difficult>0</difficult>
		<occluded>0</occluded>
		<bndbox>
			<xmin>333</xmin>
			<xmax>368</xmax>
			<ymin>417</ymin>
			<ymax>534</ymax>
		</bndbox>
		<polygon>
			<x1>331.686088</x1>
			<y1>532.864773</y1>
			<x2>366.829904</x2>
			<y2>532.150918</y2>
			<x3>353.009305</x3>
			<y3>476.471549</y3>
			<x4>348.595178</x4>
			<y4>423.071429</y4>
			<x5>334.845094</x5>
			<y5>415.795307</y5>
			<x6>335.239962</x6>
			<y6>450.773386</y6>
			<x7>331.686088</x7>
			<y7>532.864773</y7>
		</polygon>
	</object>
	<object>
		<name>LCD</name>
		<pose>Unspecified</pose>
		<truncated>0</truncated>
		<difficult>0</difficult>
		<occluded>0</occluded>
		<bndbox>
			<xmin>351</xmin>
			<xmax>389</xmax>
			<ymin>422</ymin>
			<ymax>563</ymax>
		</bndbox>
		<polygon>
			<x1>365.250401</x1>
			<y1>531.437145</y1>
			<x2>387.758252</x2>
			<y2>562.132126</y2>
			<x3>374.727389</x3>
			<y3>481.468421</y3>
			<x4>370.316868</x4>
			<y4>426.642858</y4>
			<x5>350.245197</x5>
			<y5>420.792179</y5>
			<x6>350.245197</x6>
			<y6>447.204196</y6>
			<x7>365.250401</x7>
			<y7>531.437145</y7>
		</polygon>
	</object>
	<object>
		<name>LPMD</name>
		<pose>Unspecified</pose>
		<truncated>0</truncated>
		<difficult>0</difficult>
		<occluded>0</occluded>
		<bndbox>
			<xmin>372</xmin>
			<xmax>404</xmax>
			<ymin>418</ymin>
			<ymax>565</ymax>
		</bndbox>
		<polygon>
			<x1>374.332521</x1>
			<y1>477.899231</y1>
			<x2>388.942857</x2>
			<y2>562.84598</y2>
			<x3>403.158355</x3>
			<y3>564.273634</y3>
			<x4>394.865971</x4>
			<y4>479.326912</y4>
			<x5>395.655738</x5>
			<y5>440.779642</y5>
			<x6>385.783881</x6>
			<y6>416.509161</y6>
			<x7>370.810543</x7>
			<y7>427.535715</y7>
			<x8>374.332521</x8>
			<y8>477.899231</y8>
		</polygon>
	</object>
	<object>
		<name>LPMD</name>
		<pose>Unspecified</pose>
		<truncated>0</truncated>
		<difficult>0</difficult>
		<occluded>0</occluded>
		<bndbox>
			<xmin>390</xmin>
			<xmax>426</xmax>
			<ymin>418</ymin>
			<ymax>574</ymax>
		</bndbox>
		<polygon>
			<x1>415.794319</x1>
			<y1>462.194786</y1>
			<x2>412.772901</x2>
			<y2>423.071429</y2>
			<x3>398.024977</x3>
			<y3>416.509161</y3>
			<x4>388.547989</x4>
			<y4>442.921151</y4>
			<x5>398.814714</x5>
			<y5>468.61934</y5>
			<x6>407.501966</x6>
			<y6>529.295582</y6>
			<x7>414.609685</x7>
			<y7>572.839698</y7>
			<x8>425.271308</x8>
			<y8>555.707598</y8>
			<x9>415.794319</x9>
			<y9>462.194786</y9>
		</polygon>
	</object>
	<object>
		<name>LMD</name>
		<pose>Unspecified</pose>
		<truncated>0</truncated>
		<difficult>0</difficult>
		<occluded>0</occluded>
		<bndbox>
			<xmin>410</xmin>
			<xmax>457</xmax>
			<ymin>410</ymin>
			<ymax>559</ymax>
		</bndbox>
		<polygon>
			<x1>419.348194</x1>
			<y1>460.767104</y1>
			<x2>427.245679</x2>
			<y2>505.738929</y2>
			<x3>448.173998</x3>
			<y3>557.849107</y3>
			<x4>456.466381</x4>
			<y4>537.147791</y4>
			<x5>442.645782</x5>
			<y5>469.333168</y5>
			<x6>433.013567</x6>
			<y6>414.142858</y6>
			<x7>422.50717</x7>
			<y7>409.37078</y7>
			<x8>418.558427</x8>
			<y8>425.789052</y8>
			<x9>410.266074</x9>
			<y9>425.789052</y9>
			<x10>409.476337</x10>
			<y10>443.635005</y10>
			<x11>419.348194</x11>
			<y11>460.767104</y11>
		</polygon>
	</object>
	<object>
		<name>LMD</name>
		<pose>Unspecified</pose>
		<truncated>0</truncated>
		<difficult>0</difficult>
		<occluded>0</occluded>
		<bndbox>
			<xmin>433</xmin>
			<xmax>495</xmax>
			<ymin>392</ymin>
			<ymax>525</ymax>
		</bndbox>
		<polygon>
			<x1>472.261352</x1>
			<y1>432.213579</y1>
			<x2>471.520201</x2>
			<y2>390.928572</y2>
			<x3>453.307375</x3>
			<y3>391.524826</y3>
			<x4>432.379027</x4>
			<y4>407.943098</y4>
			<x5>452.912507</x5>
			<y5>461.480959</y5>
			<x6>462.784364</x6>
			<y6>524.298764</y6>
			<x7>493.979437</x7>
			<y7>502.883619</y7>
			<x8>477.3947</x8>
			<y8>465.763976</y8>
			<x9>472.261352</x9>
			<y9>432.213579</y9>
		</polygon>
	</object>
	<object>
		<name>LMD</name>
		<pose>Unspecified</pose>
		<truncated>0</truncated>
		<difficult>0</difficult>
		<occluded>0</occluded>
		<bndbox>
			<xmin>468</xmin>
			<xmax>529</xmax>
			<ymin>375</ymin>
			<ymax>507</ymax>
		</bndbox>
		<polygon>
			<x1>498.323048</x1>
			<y1>505.738929</y1>
			<x2>528.333517</x2>
			<y2>477.899231</y2>
			<x3>508.194905</x3>
			<y3>436.496624</y3>
			<x4>510.026834</x4>
			<y4>388.250001</y4>
			<x5>495.164042</x5>
			<y5>374.3927</y5>
			<x6>485.292185</x6>
			<y6>385.814099</y6>
			<x7>473.445957</x7>
			<y7>386.527954</y7>
			<x8>466.733107</x8>
			<y8>420.078352</y8>
			<x9>484.10758</x9>
			<y9>447.204196</y9>
			<x10>498.323048</x10>
			<y10>505.738929</y10>
		</polygon>
	</object>
	<object>
		<name>LMD</name>
		<pose>Unspecified</pose>
		<truncated>0</truncated>
		<difficult>0</difficult>
		<occluded>0</occluded>
		<bndbox>
			<xmin>509</xmin>
			<xmax>558</xmax>
			<ymin>377</ymin>
			<ymax>460</ymax>
		</bndbox>
		<polygon>
			<x1>544.523325</x1>
			<y1>404.373908</y1>
			<x2>527.305452</x2>
			<y2>375.750001</y2>
			<x3>514.907755</x3>
			<y3>377.248077</y3>
			<x4>515.302624</x4>
			<y4>407.943098</y4>
			<x5>508.194905</x5>
			<y5>414.367625</y5>
			<x6>514.118019</x6>
			<y6>444.348833</y6>
			<x7>552.025973</x7>
			<y7>458.625595</y7>
			<x8>557.15929</x8>
			<y8>407.943098</y8>
			<x9>544.523325</x9>
			<y9>404.373908</y9>
		</polygon>
	</object>
</annotation>
