<annotation>
	<folder></folder>
	<filename>301_jpg.rf.7553a35d9c986535c97f11a2b15ceee5.jpg</filename>
	<path>301_jpg.rf.7553a35d9c986535c97f11a2b15ceee5.jpg</path>
	<source>
		<database>roboflow.com</database>
	</source>
	<size>
		<width>640</width>
		<height>640</height>
		<depth>3</depth>
	</size>
	<segmented>0</segmented>
	<object>
		<name>RPMU</name>
		<pose>Unspecified</pose>
		<truncated>0</truncated>
		<difficult>0</difficult>
		<occluded>0</occluded>
		<bndbox>
			<xmin>193</xmin>
			<xmax>222</xmax>
			<ymin>205</ymin>
			<ymax>355</ymax>
		</bndbox>
		<polygon>
			<x1>216.361499</x1>
			<y1>243.825844</y1>
			<x2>210.092266</x2>
			<y2>203.520969</y2>
			<x3>191.762894</x3>
			<y3>203.944442</y3>
			<x4>194.070913</x4>
			<y4>261.893608</y4>
			<x5>192.677708</x5>
			<y5>300.808679</y5>
			<x6>192.677708</x6>
			<y6>334.164473</y6>
			<x7>203.823032</x7>
			<y7>353.622041</y7>
			<x8>217.754641</x8>
			<y8>338.333948</y8>
			<x9>221.237591</x9>
			<y9>303.58835</y9>
			<x10>216.361499</x10>
			<y10>243.825844</y10>
		</polygon>
	</object>
	<object>
		<name>RPMU</name>
		<pose>Unspecified</pose>
		<truncated>0</truncated>
		<difficult>0</difficult>
		<occluded>0</occluded>
		<bndbox>
			<xmin>216</xmin>
			<xmax>244</xmax>
			<ymin>211</ymin>
			<ymax>359</ymax>
		</bndbox>
		<polygon>
			<x1>214.758158</x1>
			<y1>216.444442</y1>
			<x2>214.968357</x2>
			<y2>289.690061</y2>
			<x3>214.968357</x3>
			<y3>341.113618</y3>
			<x4>228.203363</x4>
			<y4>357.791515</y4>
			<x5>242.135035</x5>
			<y5>335.554277</y5>
			<x6>242.831574</x6>
			<y6>304.978154</y6>
			<x7>237.258943</x7>
			<y7>270.232556</y7>
			<x8>233.776057</x8>
			<y8>210.47005</y8>
			<x9>214.758158</x9>
			<y9>216.444442</y9>
		</polygon>
	</object>
	<object>
		<name>RCU</name>
		<pose>Unspecified</pose>
		<truncated>0</truncated>
		<difficult>0</difficult>
		<occluded>0</occluded>
		<bndbox>
			<xmin>236</xmin>
			<xmax>268</xmax>
			<ymin>202</ymin>
			<ymax>356</ymax>
		</bndbox>
		<polygon>
			<x1>262.335876</x1>
			<y1>349.452567</y1>
			<x2>265.122223</x2>
			<y2>311.927299</y2>
			<x3>266.515365</x3>
			<y3>278.571505</y3>
			<x4>263.032479</x4>
			<y4>242.436041</y4>
			<x5>256.066643</x5>
			<y5>209.080247</y5>
			<x6>249.100807</x6>
			<y6>200.741298</y6>
			<x7>234.617704</x7>
			<y7>216.444442</y7>
			<x8>237.955546</x8>
			<y8>284.130783</y8>
			<x9>240.04529</x9>
			<y9>328.605196</y9>
			<x10>241.438432</x10>
			<y10>349.452567</y10>
			<x11>251.190551</x11>
			<y11>355.011844</y11>
			<x12>262.335876</x12>
			<y12>349.452567</y12>
		</polygon>
	</object>
	<object>
		<name>RIU</name>
		<pose>Unspecified</pose>
		<truncated>0</truncated>
		<difficult>0</difficult>
		<occluded>0</occluded>
		<bndbox>
			<xmin>265</xmin>
			<xmax>289</xmax>
			<ymin>215</ymin>
			<ymax>353</ymax>
		</bndbox>
		<polygon>
			<x1>288.109412</x1>
			<y1>346.672896</y1>
			<x2>287.412809</x2>
			<y2>291.079927</y2>
			<x3>288.109412</x3>
			<y3>254.944463</y3>
			<x4>281.840179</x4>
			<y4>214.639524</y4>
			<x5>276.427275</x5>
			<y5>214.361109</y5>
			<x6>265.818762</x6>
			<y6>238.266566</y6>
			<x7>264.425621</x7>
			<y7>281.351112</y7>
			<x8>263.729018</x8>
			<y8>331.384802</y8>
			<x9>267.908507</x9>
			<y9>350.84237</y9>
			<x10>284.626462</x10>
			<y10>352.232174</y10>
			<x11>288.109412</x11>
			<y11>346.672896</y11>
		</polygon>
	</object>
	<object>
		<name>RIU</name>
		<pose>Unspecified</pose>
		<truncated>0</truncated>
		<difficult>0</difficult>
		<occluded>0</occluded>
		<bndbox>
			<xmin>287</xmin>
			<xmax>323</xmax>
			<ymin>206</ymin>
			<ymax>359</ymax>
		</bndbox>
		<polygon>
			<x1>292.288901</x1>
			<y1>357.791515</y1>
			<x2>322.241862</x2>
			<y2>355.011844</y2>
			<x3>321.545323</x3>
			<y3>324.435721</y3>
			<x4>319.455578</x4>
			<y4>299.418876</y4>
			<x5>319.455578</x5>
			<y5>273.012164</y5>
			<x6>315.276089</x6>
			<y6>232.707288</y6>
			<x7>299.254673</x7>
			<y7>204.910773</y7>
			<x8>289.502554</x8>
			<y8>222.978473</y8>
			<x9>286.019667</x9>
			<y9>246.605514</y9>
			<x10>286.019667</x10>
			<y10>286.910453</y10>
			<x11>286.716207</x11>
			<y11>339.723751</y11>
			<x12>292.288901</x12>
			<y12>357.791515</y12>
		</polygon>
	</object>
	<object>
		<name>LIU</name>
		<pose>Unspecified</pose>
		<truncated>0</truncated>
		<difficult>0</difficult>
		<occluded>0</occluded>
		<bndbox>
			<xmin>320</xmin>
			<xmax>357</xmax>
			<ymin>203</ymin>
			<ymax>355</ymax>
		</bndbox>
		<polygon>
			<x1>320.152117</x1>
			<y1>316.096773</y1>
			<x2>322.241862</x2>
			<y2>353.622041</y2>
			<x3>355.677772</x3>
			<y3>352.232174</y3>
			<x4>353.588028</x4>
			<y4>307.757824</y4>
			<x5>350.801745</x5>
			<y5>228.537814</y5>
			<x6>333.915434</x6>
			<y6>201.861109</y6>
			<x7>319.455578</x7>
			<y7>241.046237</y7>
			<x8>320.152117</x8>
			<y8>316.096773</y8>
		</polygon>
	</object>
	<object>
		<name>LIU</name>
		<pose>Unspecified</pose>
		<truncated>0</truncated>
		<difficult>0</difficult>
		<occluded>0</occluded>
		<bndbox>
			<xmin>354</xmin>
			<xmax>376</xmax>
			<ymin>209</ymin>
			<ymax>349</ymax>
		</bndbox>
		<polygon>
			<x1>352.891489</x1>
			<y1>298.029009</y1>
			<x2>354.284631</x2>
			<y2>348.062699</y2>
			<x3>373.09233</x3>
			<y3>342.503422</y3>
			<x4>375.182075</x4>
			<y4>300.808679</y4>
			<x5>375.182075</x5>
			<y5>229.927617</y5>
			<x6>366.823097</x6>
			<y6>207.690443</y6>
			<x7>355.677772</x7>
			<y7>221.588669</y7>
			<x8>352.891489</x8>
			<y8>298.029009</y8>
		</polygon>
	</object>
	<object>
		<name>RPMD</name>
		<pose>Unspecified</pose>
		<truncated>0</truncated>
		<difficult>0</difficult>
		<occluded>0</occluded>
		<bndbox>
			<xmin>236</xmin>
			<xmax>267</xmax>
			<ymin>356</ymin>
			<ymax>507</ymax>
		</bndbox>
		<polygon>
			<x1>246.435585</x1>
			<y1>506.128823</y1>
			<x2>252.889335</x2>
			<y2>482.883538</y2>
			<x3>259.607997</x3>
			<y3>460.347846</y3>
			<x4>263.007313</x4>
			<y4>429.827194</y4>
			<x5>264.70699</x5>
			<y5>399.306542</y5>
			<x6>265.556809</x6>
			<y6>378.959441</y6>
			<x7>261.732565</x7>
			<y7>363.699116</y7>
			<x8>254.084075</x8>
			<y8>355.22117</y8>
			<x9>243.886089</x9>
			<y9>356.916774</y9>
			<x10>238.787095</x10>
			<y10>362.851333</y10>
			<x11>238.787095</x11>
			<y11>384.894039</y11>
			<x12>239.636954</x12>
			<y12>406.088961</y12>
			<x13>240.061844</x13>
			<y13>435.761791</y13>
			<x14>237.087457</x14>
			<y14>454.413326</y14>
			<x15>234.962851</x15>
			<y15>476.455993</y15>
			<x16>237.937276</x16>
			<y16>501.889869</y16>
			<x17>246.435585</x17>
			<y17>506.128823</y17>
		</polygon>
	</object>
	<object>
		<name>RCD</name>
		<pose>Unspecified</pose>
		<truncated>0</truncated>
		<difficult>0</difficult>
		<occluded>0</occluded>
		<bndbox>
			<xmin>260</xmin>
			<xmax>289</xmax>
			<ymin>360</ymin>
			<ymax>507</ymax>
		</bndbox>
		<polygon>
			<x1>280.428899</x1>
			<y1>462.043489</y1>
			<x2>285.102963</x2>
			<y2>431.522837</y2>
			<x3>288.077388</x3>
			<y3>416.262512</y3>
			<x4>288.077388</x4>
			<y4>389.132992</y4>
			<x5>285.527892</x5>
			<y5>361.155728</y5>
			<x6>277.454473</x6>
			<y6>360.307945</y6>
			<x7>265.981738</x7>
			<y7>359.460162</y7>
			<x8>261.307674</x8>
			<y8>382.350651</y8>
			<x9>261.307674</x9>
			<y9>417.958078</y9>
			<x10>260.032926</x10>
			<y10>447.630908</y10>
			<x11>259.183068</x11>
			<y11>494.259706</y11>
			<x12>266.916491</x12>
			<y12>505.758613</y12>
			<x13>276.179725</x13>
			<y13>485.781722</y13>
			<x14>280.428899</x14>
			<y14>462.043489</y14>
		</polygon>
	</object>
	<object>
		<name>RID</name>
		<pose>Unspecified</pose>
		<truncated>0</truncated>
		<difficult>0</difficult>
		<occluded>0</occluded>
		<bndbox>
			<xmin>286</xmin>
			<xmax>308</xmax>
			<ymin>356</ymin>
			<ymax>501</ymax>
		</bndbox>
		<polygon>
			<x1>306.917112</x1>
			<y1>489.824823</y1>
			<x2>305.523906</x2>
			<y2>466.197845</y2>
			<x3>306.917112</x3>
			<y3>421.723432</y3>
			<x4>306.917112</x4>
			<y4>380.02869</y4>
			<x5>302.04102</x5>
			<y5>363.350793</y5>
			<x6>292.288901</x6>
			<y6>355.011844</y6>
			<x7>287.412809</x7>
			<y7>355.011844</y7>
			<x8>286.716207</x8>
			<y8>389.757442</y8>
			<x9>286.019667</x9>
			<y9>414.774287</y9>
			<x10>284.626462</x10>
			<y10>439.791133</y10>
			<x11>285.323065</x11>
			<y11>462.028371</y11>
			<x12>286.716207</x12>
			<y12>492.604494</y12>
			<x13>297.861531</x13>
			<y13>499.553639</y13>
			<x14>306.917112</x14>
			<y14>489.824823</y14>
		</polygon>
	</object>
	<object>
		<name>RID</name>
		<pose>Unspecified</pose>
		<truncated>0</truncated>
		<difficult>0</difficult>
		<occluded>0</occluded>
		<bndbox>
			<xmin>303</xmin>
			<xmax>327</xmax>
			<ymin>357</ymin>
			<ymax>488</ymax>
		</bndbox>
		<polygon>
			<x1>325.724811</x1>
			<y1>391.147309</y1>
			<x2>325.028209</x2>
			<y2>357.791515</y2>
			<x3>306.220509</x3>
			<y3>356.401648</y3>
			<x4>302.04102</x4>
			<y4>420.333628</y4>
			<x5>305.523906</x5>
			<y5>463.418174</y5>
			<x6>305.693974</x6>
			<y6>487.277775</y6>
			<x7>325.028209</x7>
			<y7>482.875742</y7>
			<x8>325.724811</x8>
			<y8>391.147309</y8>
		</polygon>
	</object>
	<object>
		<name>LID</name>
		<pose>Unspecified</pose>
		<truncated>0</truncated>
		<difficult>0</difficult>
		<occluded>0</occluded>
		<bndbox>
			<xmin>320</xmin>
			<xmax>341</xmax>
			<ymin>360</ymin>
			<ymax>484</ymax>
		</bndbox>
		<polygon>
			<x1>339.65642</x1>
			<y1>374.469412</y1>
			<x2>335.476931</x2>
			<y2>360.571122</y2>
			<x3>325.724811</x3>
			<y3>359.181319</y3>
			<x4>319.455578</x4>
			<y4>366.130464</y4>
			<x5>321.545323</x5>
			<y5>396.706587</y5>
			<x6>321.545323</x6>
			<y6>418.943761</y6>
			<x7>324.508281</x7>
			<y7>483.111109</y7>
			<x8>334.780328</x8>
			<y8>480.096071</y8>
			<x9>339.65642</x9>
			<y9>463.418174</y9>
			<x10>339.65642</x10>
			<y10>437.011525</y10>
			<x11>339.65642</x11>
			<y11>409.215009</y11>
			<x12>339.65642</x12>
			<y12>374.469412</y12>
		</polygon>
	</object>
	<object>
		<name>LID</name>
		<pose>Unspecified</pose>
		<truncated>0</truncated>
		<difficult>0</difficult>
		<occluded>0</occluded>
		<bndbox>
			<xmin>338</xmin>
			<xmax>364</xmax>
			<ymin>353</ymin>
			<ymax>498</ymax>
		</bndbox>
		<polygon>
			<x1>363.340211</x1>
			<y1>446.740277</y1>
			<x2>357.070978</x2>
			<y2>413.384484</y2>
			<x3>356.374375</x3>
			<y3>382.808361</y3>
			<x4>352.891489</x4>
			<y4>357.791515</y4>
			<x5>336.870136</x5>
			<y5>352.232174</y5>
			<x6>336.870136</x6>
			<y6>367.520267</y6>
			<x7>338.263278</x7>
			<y7>414.774287</y7>
			<x8>339.65642</x8>
			<y8>443.960607</y8>
			<x9>342.973951</x9>
			<y9>476.861109</y9>
			<x10>350.105142</x10>
			<y10>496.773968</y10>
			<x11>360.553864</x11>
			<y11>496.773968</y11>
			<x12>363.340211</x12>
			<y12>471.757123</y12>
			<x13>363.340211</x13>
			<y13>446.740277</y13>
		</polygon>
	</object>
	<object>
		<name>LCU</name>
		<pose>Unspecified</pose>
		<truncated>0</truncated>
		<difficult>0</difficult>
		<occluded>0</occluded>
		<bndbox>
			<xmin>375</xmin>
			<xmax>403</xmax>
			<ymin>200</ymin>
			<ymax>360</ymax>
		</bndbox>
		<polygon>
			<x1>402.195472</x1>
			<y1>296.70866</y1>
			<x2>402.195472</x2>
			<y2>213.319175</y2>
			<x3>390.90707</x3>
			<y3>199.226742</y3>
			<x4>379.404045</x4>
			<y4>212.350037</y4>
			<x5>376.422</x5>
			<y5>277.251092</y5>
			<x6>374.332255</x6>
			<y6>339.793206</y6>
			<x7>381.558942</x7>
			<y7>358.612379</y7>
			<x8>392.181818</x8>
			<y8>359.460162</y8>
			<x9>401.105056</x9>
			<y9>351.829999</y9>
			<x10>402.195472</x10>
			<y10>296.70866</y10>
		</polygon>
	</object>
	<object>
		<name>LPMU</name>
		<pose>Unspecified</pose>
		<truncated>0</truncated>
		<difficult>0</difficult>
		<occluded>0</occluded>
		<bndbox>
			<xmin>395</xmin>
			<xmax>426</xmax>
			<ymin>209</ymin>
			<ymax>353</ymax>
		</bndbox>
		<polygon>
			<x1>421.853055</x1>
			<y1>218.808999</y1>
			<x2>403.946465</x2>
			<y2>208.111109</y2>
			<x3>396.776122</x3>
			<y3>277.181637</y3>
			<x4>393.989775</x4>
			<y4>328.605196</y4>
			<x5>404.438496</x5>
			<y5>350.84237</y5>
			<x6>421.156452</x6>
			<y6>352.232174</y6>
			<x7>424.639338</x7>
			<y7>320.266247</y7>
			<x8>421.156452</x8>
			<y8>275.791834</y8>
			<x9>421.853055</x9>
			<y9>218.808999</y9>
		</polygon>
	</object>
	<object>
		<name>RMU</name>
		<pose>Unspecified</pose>
		<truncated>0</truncated>
		<difficult>0</difficult>
		<occluded>0</occluded>
		<bndbox>
			<xmin>160</xmin>
			<xmax>199</xmax>
			<ymin>190</ymin>
			<ymax>341</ymax>
		</bndbox>
		<polygon>
			<x1>181.423423</x1>
			<y1>339.960844</y1>
			<x2>195.870583</x2>
			<y2>328.091689</y2>
			<x3>197.995151</x3>
			<y3>293.332084</y3>
			<x4>189.921771</x4>
			<y4>243.312114</y4>
			<x5>182.273281</x5>
			<y5>206.009083</y5>
			<x6>173.774933</x6>
			<y6>189.053192</y6>
			<x7>164.900805</x7>
			<y7>195.674261</y7>
			<x8>161.45238</x8>
			<y8>244.159897</y8>
			<x9>160.177631</x9>
			<y9>274.680549</y9>
			<x10>159.327812</x10>
			<y10>311.983581</y10>
			<x11>164.851695</x11>
			<y11>339.960844</y11>
			<x12>181.423423</x12>
			<y12>339.960844</y12>
		</polygon>
	</object>
	<object>
		<name>RMU</name>
		<pose>Unspecified</pose>
		<truncated>0</truncated>
		<difficult>0</difficult>
		<occluded>0</occluded>
		<bndbox>
			<xmin>129</xmin>
			<xmax>165</xmax>
			<ymin>172</ymin>
			<ymax>330</ymax>
		</bndbox>
		<polygon>
			<x1>132.982988</x1>
			<y1>320.461526</y1>
			<x2>147.430149</x2>
			<y2>328.939511</y2>
			<x3>161.45238</x3>
			<y3>325.548301</y3>
			<x4>164.426805</x4>
			<y4>286.549704</y4>
			<x5>162.302199</x5>
			<y5>256.029052</y5>
			<x6>162.302199</x6>
			<y6>223.812796</y6>
			<x7>162.302199</x7>
			<y7>194.139967</y7>
			<x8>158.902883</x8>
			<y8>171.249478</y8>
			<x9>147.855078</x9>
			<y9>178.879641</y9>
			<x10>138.93182</x10>
			<y10>239.920944</y10>
			<x11>132.558079</x11>
			<y11>268.745991</y11>
			<x12>128.308924</x12>
			<y12>296.723254</y12>
			<x13>132.982988</x13>
			<y13>320.461526</y13>
		</polygon>
	</object>
	<object>
		<name>RMU</name>
		<pose>Unspecified</pose>
		<truncated>0</truncated>
		<difficult>0</difficult>
		<occluded>0</occluded>
		<bndbox>
			<xmin>97</xmin>
			<xmax>139</xmax>
			<ymin>174</ymin>
			<ymax>320</ymax>
		</bndbox>
		<polygon>
			<x1>100.689372</x1>
			<y1>304.353417</y1>
			<x2>112.587016</x2>
			<y2>309.440193</y2>
			<x3>122.785002</x3>
			<y3>318.76596</y3>
			<x4>131.70824</x4>
			<y4>301.81003</y4>
			<x5>135.532485</x5>
			<y5>263.659216</y5>
			<x6>137.657072</x6>
			<y6>233.138564</y6>
			<x7>136.807233</x7>
			<y7>207.704688</y7>
			<x8>135.532485</x8>
			<y8>173.792866</y8>
			<x9>124.09453</x9>
			<y9>172.799186</y9>
			<x10>109.1877</x10>
			<y10>228.899572</y10>
			<x11>99.839533</x11>
			<y11>256.029052</y11>
			<x12>96.015288</x12>
			<y12>284.006316</y12>
			<x13>100.689372</x13>
			<y13>304.353417</y13>
		</polygon>
	</object>
	<object>
		<name>LPMU</name>
		<pose>Unspecified</pose>
		<truncated>0</truncated>
		<difficult>0</difficult>
		<occluded>0</occluded>
		<bndbox>
			<xmin>420</xmin>
			<xmax>446</xmax>
			<ymin>204</ymin>
			<ymax>350</ymax>
		</bndbox>
		<polygon>
			<x1>418.951532</x1>
			<y1>309.440193</y1>
			<x2>422.775777</x2>
			<y2>335.721852</y2>
			<x3>431.274086</x3>
			<y3>349.286612</y3>
			<x4>441.897001</x4>
			<y4>339.113061</y4>
			<x5>445.296317</x5>
			<y5>326.396123</y5>
			<x6>442.32193</x6>
			<y6>297.571037</y6>
			<x7>441.047182</x7>
			<y7>270.441596</y7>
			<x8>440.197323</x8>
			<y8>240.768727</y8>
			<x9>438.072756</x9>
			<y9>217.878238</y9>
			<x10>433.823582</x10>
			<y10>206.856905</y10>
			<x11>425.040806</x11>
			<y11>203.299286</y11>
			<x12>421.501028</x12>
			<y12>238.225339</y12>
			<x13>419.376461</x13>
			<y13>273.832766</y13>
			<x14>418.951532</x14>
			<y14>309.440193</y14>
		</polygon>
	</object>
	<object>
		<name>LMU</name>
		<pose>Unspecified</pose>
		<truncated>0</truncated>
		<difficult>0</difficult>
		<occluded>0</occluded>
		<bndbox>
			<xmin>441</xmin>
			<xmax>476</xmax>
			<ymin>189</ymin>
			<ymax>338</ymax>
		</bndbox>
		<polygon>
			<x1>442.74682</x1>
			<y1>328.091689</y1>
			<x2>452.519916</x2>
			<y2>337.417457</y2>
			<x3>466.542147</x3>
			<y3>333.178464</y3>
			<x4>475.040495</x4>
			<y4>321.309348</y4>
			<x5>475.040495</x5>
			<y5>298.418859</y5>
			<x6>470.366392</x6>
			<y6>250.942277</y6>
			<x7>470.366392</x7>
			<y7>229.747394</y7>
			<x8>467.816896</x8>
			<y8>197.531137</y8>
			<x9>456.920708</x9>
			<y9>188.049236</y9>
			<x10>447.845813</x10>
			<y10>225.508401</y10>
			<x11>441.472072</x11>
			<y11>258.57244</y11>
			<x12>439.772433</x12>
			<y12>295.02765</y12>
			<x13>442.74682</x13>
			<y13>328.091689</y13>
		</polygon>
	</object>
	<object>
		<name>LMU</name>
		<pose>Unspecified</pose>
		<truncated>0</truncated>
		<difficult>0</difficult>
		<occluded>0</occluded>
		<bndbox>
			<xmin>473</xmin>
			<xmax>505</xmax>
			<ymin>169</ymin>
			<ymax>323</ymax>
		</bndbox>
		<polygon>
			<x1>471.64114</x1>
			<y1>241.61651</y1>
			<x2>472.066031</x2>
			<y2>276.376154</y2>
			<x3>472.915888</x3>
			<y3>301.81003</y3>
			<x4>476.740133</x4>
			<y4>317.070356</y4>
			<x5>489.912506</x5>
			<y5>322.157131</y5>
			<x6>499.685602</x6>
			<y6>311.135798</y6>
			<x7>503.509847</x7>
			<y7>297.571037</y7>
			<x8>504.359705</x8>
			<y8>267.898208</y8>
			<x9>500.535461</x9>
			<y9>250.942277</y9>
			<x10>491.187255</x10>
			<y10>215.334851</y10>
			<x11>488.637758</x11>
			<y11>194.139967</y11>
			<x12>483.963733</x12>
			<y12>169.553874</y12>
			<x13>473.498257</x13>
			<y13>167.715836</y13>
			<x14>471.64114</x14>
			<y14>202.617912</y14>
			<x15>471.64114</x15>
			<y15>241.61651</y15>
		</polygon>
	</object>
	<object>
		<name>LMU</name>
		<pose>Unspecified</pose>
		<truncated>0</truncated>
		<difficult>0</difficult>
		<occluded>0</occluded>
		<bndbox>
			<xmin>502</xmin>
			<xmax>536</xmax>
			<ymin>181</ymin>
			<ymax>324</ymax>
		</bndbox>
		<polygon>
			<x1>514.132723</x1>
			<y1>323.004914</y1>
			<x2>531.979199</x2>
			<y2>299.266642</y2>
			<x3>535.378554</x3>
			<y3>282.310712</y3>
			<x4>530.704451</x4>
			<y4>254.333448</y4>
			<x5>518.806827</x5>
			<y5>212.791463</y5>
			<x6>516.25733</x6>
			<y6>185.661982</y6>
			<x7>504.102963</x7>
			<y7>180.424211</y7>
			<x8>501.385241</x8>
			<y8>215.334851</y8>
			<x9>501.385241</x9>
			<y9>249.246672</y9>
			<x10>501.810209</x10>
			<y10>291.636479</y10>
			<x11>503.084957</x11>
			<y11>315.374751</y11>
			<x12>514.132723</x12>
			<y12>323.004914</y12>
		</polygon>
	</object>
	<object>
		<name>LCD</name>
		<pose>Unspecified</pose>
		<truncated>0</truncated>
		<difficult>0</difficult>
		<occluded>0</occluded>
		<bndbox>
			<xmin>356</xmin>
			<xmax>383</xmax>
			<ymin>355</ymin>
			<ymax>516</ymax>
		</bndbox>
		<polygon>
			<x1>373.485523</x1>
			<y1>513.758986</y1>
			<x2>382.408761</x2>
			<y2>515.454629</y2>
			<x3>382.408761</x3>
			<y3>498.49866</y3>
			<x4>381.558903</x4>
			<y4>470.521396</y4>
			<x5>381.558903</x5>
			<y5>445.935341</y5>
			<x6>381.558903</x6>
			<y6>416.262512</y6>
			<x7>381.558903</x7>
			<y7>394.219768</y7>
			<x8>379.009406</x8>
			<y8>368.785891</y8>
			<x9>371.360916</x9>
			<y9>357.764558</y9>
			<x10>362.862608</x10>
			<y10>354.373387</y10>
			<x11>355.214118</x11>
			<y11>365.394721</y11>
			<x12>356.488866</x12>
			<y12>380.655046</y12>
			<x13>356.913795</x13>
			<y13>405.241139</y13>
			<x14>360.313111</x14>
			<y14>435.761791</y14>
			<x15>365.412104</x15>
			<y15>472.217039</y15>
			<x16>369.236349</x16>
			<y16>497.650916</y16>
			<x17>373.485523</x17>
			<y17>513.758986</y17>
		</polygon>
	</object>
	<object>
		<name>LPMD</name>
		<pose>Unspecified</pose>
		<truncated>0</truncated>
		<difficult>0</difficult>
		<occluded>0</occluded>
		<bndbox>
			<xmin>378</xmin>
			<xmax>404</xmax>
			<ymin>351</ymin>
			<ymax>502</ymax>
		</bndbox>
		<polygon>
			<x1>402.379804</x1>
			<y1>462.891233</y1>
			<x2>402.379804</x2>
			<y2>434.913969</y2>
			<x3>402.379804</x3>
			<y3>408.632349</y3>
			<x4>402.379804</x4>
			<y4>389.132992</y4>
			<x5>403.229623</x5>
			<y5>367.090325</y5>
			<x6>395.581134</x6>
			<y6>358.612341</y6>
			<x7>386.233006</x7>
			<y7>350.134395</y7>
			<x8>381.558903</x8>
			<y8>358.612341</y8>
			<x9>376.884839</x9>
			<y9>370.481496</y9>
			<x10>377.309768</x10>
			<y10>393.372023</y10>
			<x11>381.983832</x11>
			<y11>423.892674</y11>
			<x12>387.082825</x12>
			<y12>463.739055</y12>
			<x13>394.306385</x13>
			<y13>497.650916</y13>
			<x14>403.362473</x14>
			<y14>500.675262</y14>
			<x15>402.379804</x15>
			<y15>462.891233</y15>
		</polygon>
	</object>
	<object>
		<name>LPMD</name>
		<pose>Unspecified</pose>
		<truncated>0</truncated>
		<difficult>0</difficult>
		<occluded>0</occluded>
		<bndbox>
			<xmin>399</xmin>
			<xmax>437</xmax>
			<ymin>353</ymin>
			<ymax>511</ymax>
		</bndbox>
		<polygon>
			<x1>427.449841</x1>
			<y1>506.128823</y1>
			<x2>432.548834</x2>
			<y2>510.367854</y2>
			<x3>436.373079</x3>
			<y3>500.194303</y3>
			<x4>432.973763</x4>
			<y4>471.369218</y4>
			<x5>430.849195</x5>
			<y5>446.783163</y5>
			<x6>427.449841</x6>
			<y6>416.262512</y6>
			<x7>425.325273</x7>
			<y7>387.437426</y7>
			<x8>426.600022</x8>
			<y8>359.460162</y8>
			<x9>416.826964</x9>
			<y9>351.829999</y9>
			<x10>406.204049</x10>
			<y10>353.525565</y10>
			<x11>401.105056</x11>
			<y11>367.938108</y11>
			<x12>397.70574</x12>
			<y12>381.502829</y12>
			<x13>403.229623</x13>
			<y13>406.088961</y13>
			<x14>409.178475</x14>
			<y14>442.544132</y14>
			<x15>421.215218</x15>
			<y15>481.6127</y15>
			<x16>427.449841</x16>
			<y16>506.128823</y16>
		</polygon>
	</object>
	<object>
		<name>LMD</name>
		<pose>Unspecified</pose>
		<truncated>0</truncated>
		<difficult>0</difficult>
		<occluded>0</occluded>
		<bndbox>
			<xmin>423</xmin>
			<xmax>473</xmax>
			<ymin>339</ymin>
			<ymax>497</ymax>
		</bndbox>
		<polygon>
			<x1>471.21625</x1>
			<y1>491.716319</y1>
			<x2>472.066031</x2>
			<y2>450.174295</y2>
			<x3>467.392005</x3>
			<y3>427.283806</y3>
			<x4>462.292973</x4>
			<y4>397.610977</y4>
			<x5>461.868044</x5>
			<y5>364.546938</y5>
			<x6>460.593296</x6>
			<y6>346.743224</y6>
			<x7>452.094987</x7>
			<y7>338.265239</y7>
			<x8>441.047182</x8>
			<y8>345.047619</y8>
			<x9>430.849195</x9>
			<y9>341.656449</y9>
			<x10>421.501028</x10>
			<y10>348.43879</y10>
			<x11>422.775777</x11>
			<y11>375.568271</y11>
			<x12>427.87477</x12>
			<y12>406.936706</y12>
			<x13>432.123944</x13>
			<y13>450.174295</y13>
			<x14>438.072756</x14>
			<y14>488.325109</y14>
			<x15>445.443943</x15>
			<y15>495.591913</y15>
			<x16>471.21625</x16>
			<y16>491.716319</y16>
		</polygon>
	</object>
	<object>
		<name>LMD</name>
		<pose>Unspecified</pose>
		<truncated>0</truncated>
		<difficult>0</difficult>
		<occluded>0</occluded>
		<bndbox>
			<xmin>460</xmin>
			<xmax>510</xmax>
			<ymin>325</ymin>
			<ymax>474</ymax>
		</bndbox>
		<polygon>
			<x1>501.385241</x1>
			<y1>467.130264</y1>
			<x2>509.033731</x2>
			<y2>449.326551</y2>
			<x3>503.509847</x3>
			<y3>420.501465</y3>
			<x4>498.410854</x4>
			<y4>392.524201</y4>
			<x5>497.136106</x5>
			<y5>353.525565</y5>
			<x6>495.011499</x6>
			<y6>331.482898</y6>
			<x7>485.238481</x7>
			<y7>323.852736</y7>
			<x8>477.589992</x8>
			<y8>328.091689</y8>
			<x9>465.692289</x9>
			<y9>334.874069</y9>
			<x10>458.893657</x10>
			<y10>340.808627</y10>
			<x11>458.893657</x11>
			<y11>370.481496</y11>
			<x12>466.117218</x12>
			<y12>394.219768</y12>
			<x13>473.765747</x13>
			<y13>427.283806</y13>
			<x14>478.439772</x14>
			<y14>451.869938</y14>
			<x15>488.80061</x15>
			<y15>472.716837</y15>
			<x16>501.385241</x16>
			<y16>467.130264</y16>
		</polygon>
	</object>
	<object>
		<name>LMD</name>
		<pose>Unspecified</pose>
		<truncated>0</truncated>
		<difficult>0</difficult>
		<occluded>0</occluded>
		<bndbox>
			<xmin>496</xmin>
			<xmax>551</xmax>
			<ymin>328</ymin>
			<ymax>433</ymax>
		</bndbox>
		<polygon>
			<x1>517.532078</x1>
			<y1>412.023481</y1>
			<x2>532.829058</x2>
			<y2>427.283806</y2>
			<x3>544.726682</x3>
			<y3>431.522837</y3>
			<x4>547.276179</x4>
			<y4>407.784527</y4>
			<x5>550.250643</x5>
			<y5>389.980814</y5>
			<x6>543.451934</x6>
			<y6>371.329279</y6>
			<x7>533.678916</x7>
			<y7>359.460162</y7>
			<x8>524.755678</x8>
			<y8>345.047619</y8>
			<x9>515.83244</x9>
			<y9>333.178464</y9>
			<x10>508.18395</x10>
			<y10>327.243906</y10>
			<x11>502.659989</x11>
			<y11>340.808627</y11>
			<x12>500.535461</x12>
			<y12>350.982178</y12>
			<x13>496.711216</x13>
			<y13>370.481496</y13>
			<x14>495.011499</x14>
			<y14>394.219768</y14>
			<x15>503.465365</x15>
			<y15>414.258312</y15>
			<x16>517.532078</x16>
			<y16>412.023481</y16>
		</polygon>
	</object>
	<object>
		<name>RPMD</name>
		<pose>Unspecified</pose>
		<truncated>0</truncated>
		<difficult>0</difficult>
		<occluded>0</occluded>
		<bndbox>
			<xmin>205</xmin>
			<xmax>244</xmax>
			<ymin>358</ymin>
			<ymax>509</ymax>
		</bndbox>
		<polygon>
			<x1>214.633452</x1>
			<y1>508.300288</y1>
			<x2>224.764864</x2>
			<y2>474.760427</y2>
			<x3>231.988464</x3>
			<y3>442.544132</y3>
			<x4>234.962851</x4>
			<y4>415.41469</y4>
			<x5>241.761521</x5>
			<y5>398.458798</y5>
			<x6>243.036269</x6>
			<y6>379.807263</y6>
			<x7>238.787095</x7>
			<y7>362.00355</y7>
			<x8>231.563535</x8>
			<y8>359.460162</y8>
			<x9>221.790478</x9>
			<y9>356.916774</y9>
			<x10>213.717059</x10>
			<y10>366.242503</y10>
			<x11>213.29213</x11>
			<y11>390.828636</y11>
			<x12>212.86724</x12>
			<y12>408.632349</y12>
			<x13>210.317743</x13>
			<y13>440.000744</y13>
			<x14>205.64364</x14>
			<y14>467.978008</y14>
			<x15>204.793821</x15>
			<y15>483.238334</y15>
			<x16>203.944002</x16>
			<y16>498.49866</y16>
			<x17>214.633452</x17>
			<y17>508.300288</y17>
		</polygon>
	</object>
	<object>
		<name>RMD</name>
		<pose>Unspecified</pose>
		<truncated>0</truncated>
		<difficult>0</difficult>
		<occluded>0</occluded>
		<bndbox>
			<xmin>168</xmin>
			<xmax>221</xmax>
			<ymin>349</ymin>
			<ymax>506</ymax>
		</bndbox>
		<polygon>
			<x1>175.474611</x1>
			<y1>388.285248</y1>
			<x2>175.89954</x2>
			<y2>408.632349</y2>
			<x3>173.350043</x3>
			<y3>417.110256</y3>
			<x4>169.100869</x4>
			<y4>437.457357</y4>
			<x5>166.976302</x5>
			<y5>455.26107</y5>
			<x6>169.363991</x6>
			<y6>481.6127</y6>
			<x7>172.925114</x7>
			<y7>498.49866</y7>
			<x8>183.972919</x8>
			<y8>505.281079</y8>
			<x9>195.020764</x9>
			<y9>505.281079</y9>
			<x10>201.394505</x10>
			<y10>490.868497</y10>
			<x11>207.343318</x11>
			<y11>468.82583</y11>
			<x12>212.017382</x12>
			<y12>430.675016</y12>
			<x13>215.416736</x13>
			<y13>403.545574</y13>
			<x14>220.090801</x14>
			<y14>377.263876</y14>
			<x15>220.090801</x15>
			<y15>362.00355</y15>
			<x16>214.141988</x16>
			<y16>351.829999</y16>
			<x17>202.669254</x17>
			<y17>349.286612</y17>
			<x18>194.595835</x18>
			<y18>348.43879</y18>
			<x19>183.548029</x19>
			<y19>347.591007</y19>
			<x20>178.024107</x20>
			<y20>348.43879</y20>
			<x21>176.32443</x21>
			<y21>363.699116</y21>
			<x22>175.474611</x22>
			<y22>388.285248</y22>
		</polygon>
	</object>
	<object>
		<name>RMD</name>
		<pose>Unspecified</pose>
		<truncated>0</truncated>
		<difficult>0</difficult>
		<occluded>0</occluded>
		<bndbox>
			<xmin>124</xmin>
			<xmax>181</xmax>
			<ymin>330</ymin>
			<ymax>483</ymax>
		</bndbox>
		<polygon>
			<x1>138.506911</x1>
			<y1>358.612341</y1>
			<x2>137.232162</x2>
			<y2>376.416054</y2>
			<x3>134.682666</x3>
			<y3>399.306542</y3>
			<x4>132.558079</x4>
			<y4>414.566868</y4>
			<x5>128.733834</x5>
			<y5>434.913969</y5>
			<x6>125.369726</x6>
			<y6>444.758412</y6>
			<x7>122.785002</x7>
			<y7>465.434621</y7>
			<x8>128.733834</x8>
			<y8>478.151559</y8>
			<x9>139.35673</x9>
			<y9>481.542768</y9>
			<x10>150.829464</x10>
			<y10>473.912605</y10>
			<x11>161.877309</x11>
			<y11>444.239776</y11>
			<x12>166.976302</x12>
			<y12>421.349287</y12>
			<x13>172.925114</x13>
			<y13>403.545574</y13>
			<x14>177.599178</x14>
			<y14>384.894039</y14>
			<x15>179.723784</x15>
			<y15>364.546938</y15>
			<x16>179.723784</x16>
			<y16>352.677783</y16>
			<x17>173.350043</x17>
			<y17>345.895403</y17>
			<x18>165.276625</x18>
			<y18>338.265239</y18>
			<x19>158.053064</x19>
			<y19>330.635077</y19>
			<x20>147.855078</x20>
			<y20>328.939511</y20>
			<x21>141.056407</x21>
			<y21>339.960844</y21>
			<x22>138.506911</x22>
			<y22>358.612341</y22>
		</polygon>
	</object>
	<object>
		<name>RMD</name>
		<pose>Unspecified</pose>
		<truncated>0</truncated>
		<difficult>0</difficult>
		<occluded>0</occluded>
		<bndbox>
			<xmin>102</xmin>
			<xmax>148</xmax>
			<ymin>321</ymin>
			<ymax>462</ymax>
		</bndbox>
		<polygon>
			<x1>101.141001</x1>
			<y1>387.570724</y1>
			<x2>101.114282</x2>
			<y2>423.044853</y2>
			<x3>105.363455</x3>
			<y3>444.239776</y3>
			<x4>112.587016</x4>
			<y4>452.717682</y4>
			<x5>120.235506</x5>
			<y5>461.195667</y5>
			<x6>130.008582</x6>
			<y6>440.848566</y6>
			<x7>135.957414</x7>
			<y7>416.262512</y7>
			<x8>141.481336</x8>
			<y8>390.828636</y8>
			<x9>146.580329</x9>
			<y9>352.677783</y9>
			<x10>143.605904</x10>
			<y10>337.417457</y10>
			<x11>137.232162</x11>
			<y11>326.396123</y11>
			<x12>127.459086</x12>
			<y12>325.548301</y12>
			<x13>121.935183</x13>
			<y13>323.852736</y13>
			<x14>114.286693</x14>
			<y14>320.461526</y14>
			<x15>105.788365</x15>
			<y15>333.178464</y15>
			<x16>103.663778</x16>
			<y16>352.677783</y16>
			<x17>101.141001</x17>
			<y17>387.570724</y17>
		</polygon>
	</object>
</annotation>
