<annotation>
	<folder></folder>
	<filename>30_jpg.rf.0221684de5013f0115f5e5baa8083690.jpg</filename>
	<path>30_jpg.rf.0221684de5013f0115f5e5baa8083690.jpg</path>
	<source>
		<database>roboflow.com</database>
	</source>
	<size>
		<width>640</width>
		<height>640</height>
		<depth>3</depth>
	</size>
	<segmented>0</segmented>
	<object>
		<name>RMU</name>
		<pose>Unspecified</pose>
		<truncated>0</truncated>
		<difficult>0</difficult>
		<occluded>0</occluded>
		<bndbox>
			<xmin>177</xmin>
			<xmax>221</xmax>
			<ymin>265</ymin>
			<ymax>405</ymax>
		</bndbox>
		<polygon>
			<x1>215.710583</x1>
			<y1>283.9375</y1>
			<x2>215.710583</x2>
			<y2>273</y2>
			<x3>212.25486</x3>
			<y3>266.75</y3>
			<x4>193.24838</x4>
			<y4>263.625</y4>
			<x5>189.792657</x5>
			<y5>280.8125</y5>
			<x6>175.969762</x6>
			<y6>369.875</y6>
			<x7>175.969762</x7>
			<y7>385.5</y7>
			<x8>200.159827</x8>
			<y8>404.25</y8>
			<x9>211.390929</x9>
			<y9>374.5625</y9>
			<x10>220.030238</x10>
			<y10>316.75</y10>
			<x11>215.710583</x11>
			<y11>283.9375</y11>
		</polygon>
	</object>
	<object>
		<name>RPMU</name>
		<pose>Unspecified</pose>
		<truncated>0</truncated>
		<difficult>0</difficult>
		<occluded>0</occluded>
		<bndbox>
			<xmin>207</xmin>
			<xmax>246</xmax>
			<ymin>271</ymin>
			<ymax>412</ymax>
		</bndbox>
		<polygon>
			<x1>239.036717</x1>
			<y1>332.375</y1>
			<x2>245.084233</x2>
			<y2>324.5625</y2>
			<x3>242.492441</x3>
			<y3>305.8125</y3>
			<x4>235.580994</x4>
			<y4>285.5</y4>
			<x5>231.261339</x5>
			<y5>269.875</y5>
			<x6>219.166307</x6>
			<y6>269.875</y6>
			<x7>217.438445</x7>
			<y7>293.3125</y7>
			<x8>207.935205</x8>
			<y8>374.5625</y8>
			<x9>206.207343</x9>
			<y9>401.125</y9>
			<x10>219.166307</x10>
			<y10>410.5</y10>
			<x11>230.397408</x11>
			<y11>399.5625</y11>
			<x12>239.036717</x12>
			<y12>332.375</y12>
		</polygon>
	</object>
	<object>
		<name>RCU</name>
		<pose>Unspecified</pose>
		<truncated>0</truncated>
		<difficult>0</difficult>
		<occluded>0</occluded>
		<bndbox>
			<xmin>232</xmin>
			<xmax>257</xmax>
			<ymin>313</ymin>
			<ymax>419</ymax>
		</bndbox>
		<polygon>
			<x1>256.315335</x1>
			<y1>327.6875</y1>
			<x2>251.99568</x2>
			<y2>312.0625</y2>
			<x3>240.764579</x3>
			<y3>316.75</y3>
			<x4>233.853132</x4>
			<y4>366.75</y4>
			<x5>231.261339</x5>
			<y5>393.3125</y5>
			<x6>231.261339</x6>
			<y6>416.75</y6>
			<x7>248.539957</x7>
			<y7>418.3125</y7>
			<x8>251.99568</x8>
			<y8>385.5</y8>
			<x9>252.859611</x9>
			<y9>343.3125</y9>
			<x10>256.315335</x10>
			<y10>327.6875</y10>
		</polygon>
	</object>
	<object>
		<name>RIU</name>
		<pose>Unspecified</pose>
		<truncated>0</truncated>
		<difficult>0</difficult>
		<occluded>0</occluded>
		<bndbox>
			<xmin>251</xmin>
			<xmax>280</xmax>
			<ymin>263</ymin>
			<ymax>419</ymax>
		</bndbox>
		<polygon>
			<x1>253.723542</x1>
			<y1>412.0625</y1>
			<x2>267.546436</x2>
			<y2>418.3125</y2>
			<x3>272.730022</x3>
			<y3>373</y3>
			<x4>278.777538</x4>
			<y4>338.625</y4>
			<x5>276.185745</x5>
			<y5>301.125</y5>
			<x6>274.457883</x6>
			<y6>277.6875</y6>
			<x7>271.866091</x7>
			<y7>265.1875</y7>
			<x8>259.771058</x8>
			<y8>262.0625</y8>
			<x9>261.49892</x9>
			<y9>279.25</y9>
			<x10>258.043197</x10>
			<y10>330.8125</y10>
			<x11>253.723542</x11>
			<y11>355.8125</y11>
			<x12>250.267819</x12>
			<y12>379.25</y12>
			<x13>253.723542</x13>
			<y13>412.0625</y13>
		</polygon>
	</object>
	<object>
		<name>RIU</name>
		<pose>Unspecified</pose>
		<truncated>0</truncated>
		<difficult>0</difficult>
		<occluded>0</occluded>
		<bndbox>
			<xmin>274</xmin>
			<xmax>307</xmax>
			<ymin>254</ymin>
			<ymax>427</ymax>
		</bndbox>
		<polygon>
			<x1>273.593952</x1>
			<y1>415.1875</y1>
			<x2>290.87257</x2>
			<y2>426.125</y2>
			<x3>303.831533</x3>
			<y3>424.5625</y3>
			<x4>305.559395</x4>
			<y4>387.0625</y4>
			<x5>302.103672</x5>
			<y5>365.1875</y5>
			<x6>302.103672</x6>
			<y6>355.8125</y6>
			<x7>300.37581</x7>
			<y7>332.375</y7>
			<x8>298.647948</x8>
			<y8>312.0625</y8>
			<x9>302.967603</x9>
			<y9>277.6875</y9>
			<x10>283.961123</x10>
			<y10>252.6875</y10>
			<x11>280.5054</x11>
			<y11>327.6875</y11>
			<x12>277.049676</x12>
			<y12>363.625</y12>
			<x13>272.730022</x13>
			<y13>390.1875</y13>
			<x14>273.593952</x14>
			<y14>415.1875</y14>
		</polygon>
	</object>
	<object>
		<name>RPMD</name>
		<pose>Unspecified</pose>
		<truncated>0</truncated>
		<difficult>0</difficult>
		<occluded>0</occluded>
		<bndbox>
			<xmin>200</xmin>
			<xmax>257</xmax>
			<ymin>437</ymin>
			<ymax>569</ymax>
		</bndbox>
		<polygon>
			<x1>231.261339</x1>
			<y1>435.5</y1>
			<x2>226.077754</x2>
			<y2>457.375</y2>
			<x3>215.710583</x3>
			<y3>487.0625</y3>
			<x4>208.799136</x4>
			<y4>513.625</y4>
			<x5>200.159827</x5>
			<y5>533.9375</y5>
			<x6>199.295896</x6>
			<y6>555.8125</y6>
			<x7>207.071274</x7>
			<y7>568.3125</y7>
			<x8>220.030238</x8>
			<y8>554.25</y8>
			<x9>231.261339</x9>
			<y9>540.1875</y9>
			<x10>236.444924</x10>
			<y10>526.125</y10>
			<x11>242.492441</x11>
			<y11>498</y11>
			<x12>250.267819</x12>
			<y12>477.6875</y12>
			<x13>255.451404</x13>
			<y13>463.625</y13>
			<x14>256.315335</x14>
			<y14>457.375</y14>
			<x15>242.492441</x15>
			<y15>444.875</y15>
			<x16>239.900648</x16>
			<y16>441.75</y16>
			<x17>231.261339</x17>
			<y17>435.5</y17>
		</polygon>
	</object>
	<object>
		<name>RCD</name>
		<pose>Unspecified</pose>
		<truncated>0</truncated>
		<difficult>0</difficult>
		<occluded>0</occluded>
		<bndbox>
			<xmin>235</xmin>
			<xmax>268</xmax>
			<ymin>483</ymin>
			<ymax>574</ymax>
		</bndbox>
		<polygon>
			<x1>233.853132</x1>
			<y1>566.75</y1>
			<x2>245.084233</x2>
			<y2>573</y2>
			<x3>258.043197</x3>
			<y3>569.875</y3>
			<x4>262.362851</x4>
			<y4>537.0625</y4>
			<x5>266.682505</x5>
			<y5>515.1875</y5>
			<x6>264.954644</x6>
			<y6>493.3125</y6>
			<x7>252.859611</x7>
			<y7>482.375</y7>
			<x8>246.812095</x8>
			<y8>482.375</y8>
			<x9>239.036717</x9>
			<y9>487.0625</y9>
			<x10>239.036717</x10>
			<y10>512.0625</y10>
			<x11>237.308855</x11>
			<y11>540.1875</y11>
			<x12>233.853132</x12>
			<y12>555.8125</y12>
			<x13>233.853132</x13>
			<y13>566.75</y13>
		</polygon>
	</object>
	<object>
		<name>RID</name>
		<pose>Unspecified</pose>
		<truncated>0</truncated>
		<difficult>0</difficult>
		<occluded>0</occluded>
		<bndbox>
			<xmin>261</xmin>
			<xmax>294</xmax>
			<ymin>443</ymin>
			<ymax>544</ymax>
		</bndbox>
		<polygon>
			<x1>292.600432</x1>
			<y1>521.4375</y1>
			<x2>288.280778</x2>
			<y2>487.0625</y2>
			<x3>285.688985</x3>
			<y3>471.4375</y3>
			<x4>282.233261</x4>
			<y4>448</y4>
			<x5>281.36933</x5>
			<y5>441.75</y5>
			<x6>259.771058</x6>
			<y6>449.5625</y6>
			<x7>263.226782</x7>
			<y7>483.9375</y7>
			<x8>272.730022</x8>
			<y8>515.1875</y8>
			<x9>279.641469</x9>
			<y9>533.9375</y9>
			<x10>283.097192</x10>
			<y10>543.3125</y10>
			<x11>290.87257</x11>
			<y11>537.0625</y11>
			<x12>292.600432</x12>
			<y12>521.4375</y12>
		</polygon>
	</object>
	<object>
		<name>RID</name>
		<pose>Unspecified</pose>
		<truncated>0</truncated>
		<difficult>0</difficult>
		<occluded>0</occluded>
		<bndbox>
			<xmin>283</xmin>
			<xmax>309</xmax>
			<ymin>432</ymin>
			<ymax>540</ymax>
		</bndbox>
		<polygon>
			<x1>299.511879</x1>
			<y1>538.625</y1>
			<x2>302.103672</x2>
			<y2>538.625</y2>
			<x3>307.287257</x3>
			<y3>521.4375</y3>
			<x4>307.287257</x4>
			<y4>502.6875</y4>
			<x5>308.151188</x5>
			<y5>483.9375</y5>
			<x6>305.559395</x6>
			<y6>462.0625</y6>
			<x7>304.695464</x7>
			<y7>443.3125</y7>
			<x8>302.103672</x8>
			<y8>432.375</y8>
			<x9>293.464363</x9>
			<y9>430.8125</y9>
			<x10>289.144708</x10>
			<y10>438.625</y10>
			<x11>282.233261</x11>
			<y11>449.5625</y11>
			<x12>290.008639</x12>
			<y12>494.875</y12>
			<x13>295.192225</x13>
			<y13>523</y13>
			<x14>299.511879</x14>
			<y14>538.625</y14>
		</polygon>
	</object>
	<object>
		<name>RMD</name>
		<pose>Unspecified</pose>
		<truncated>0</truncated>
		<difficult>0</difficult>
		<occluded>0</occluded>
		<bndbox>
			<xmin>100</xmin>
			<xmax>148</xmax>
			<ymin>377</ymin>
			<ymax>468</ymax>
		</bndbox>
		<polygon>
			<x1>118.086393</x1>
			<y1>463.625</y1>
			<x2>123.269978</x2>
			<y2>466.75</y2>
			<x3>136.228942</x3>
			<y3>455.8125</y3>
			<x4>146.596112</x4>
			<y4>441.75</y4>
			<x5>145.732181</x5>
			<y5>423</y5>
			<x6>142.276458</x6>
			<y6>405.8125</y6>
			<x7>131.909287</x7>
			<y7>396.4375</y7>
			<x8>126.725702</x8>
			<y8>385.5</y8>
			<x9>119.814255</x9>
			<y9>376.125</y9>
			<x10>109.447084</x10>
			<y10>398</y10>
			<x11>99.079914</x11>
			<y11>421.4375</y11>
			<x12>108.583153</x12>
			<y12>449.5625</y12>
			<x13>118.086393</x13>
			<y13>463.625</y13>
		</polygon>
	</object>
	<object>
		<name>RMD</name>
		<pose>Unspecified</pose>
		<truncated>0</truncated>
		<difficult>0</difficult>
		<occluded>0</occluded>
		<bndbox>
			<xmin>128</xmin>
			<xmax>196</xmax>
			<ymin>382</ymin>
			<ymax>512</ymax>
		</bndbox>
		<polygon>
			<x1>179.425486</x1>
			<y1>396.4375</y1>
			<x2>168.194384</x2>
			<y2>390.1875</y2>
			<x3>160.419006</x3>
			<y3>387.0625</y3>
			<x4>152.643629</x4>
			<y4>380.8125</y4>
			<x5>150.915767</x5>
			<y5>402.6875</y5>
			<x6>147.460043</x6>
			<y6>423</y6>
			<x7>139.684665</x7>
			<y7>451.125</y7>
			<x8>132.773218</x8>
			<y8>469.875</y8>
			<x9>126.725702</x9>
			<y9>474.5625</y9>
			<x10>131.045356</x10>
			<y10>490.1875</y10>
			<x11>139.684665</x11>
			<y11>501.125</y11>
			<x12>147.460043</x12>
			<y12>507.375</y12>
			<x13>152.643629</x13>
			<y13>510.5</y13>
			<x14>169.058315</x14>
			<y14>480.8125</y14>
			<x15>175.105832</x15>
			<y15>460.5</y15>
			<x16>182.88121</x16>
			<y16>437.0625</y16>
			<x17>189.792657</x17>
			<y17>424.5625</y17>
			<x18>194.976242</x18>
			<y18>412.0625</y18>
			<x19>187.200864</x19>
			<y19>401.125</y19>
			<x20>179.425486</x20>
			<y20>396.4375</y20>
		</polygon>
	</object>
	<object>
		<name>RMD</name>
		<pose>Unspecified</pose>
		<truncated>0</truncated>
		<difficult>0</difficult>
		<occluded>0</occluded>
		<bndbox>
			<xmin>161</xmin>
			<xmax>229</xmax>
			<ymin>419</ymin>
			<ymax>547</ymax>
		</bndbox>
		<polygon>
			<x1>188.064795</x1>
			<y1>451.125</y1>
			<x2>178.561555</x2>
			<y2>468.3125</y2>
			<x3>165.602592</x3>
			<y3>493.3125</y3>
			<x4>162.146868</x4>
			<y4>508.9375</y4>
			<x5>160.419006</x5>
			<y5>526.125</y5>
			<x6>165.602592</x6>
			<y6>546.4375</y6>
			<x7>190.656587</x7>
			<y7>535.5</y7>
			<x8>201.887689</x8>
			<y8>515.1875</y8>
			<x9>210.526998</x9>
			<y9>494.875</y9>
			<x10>215.710583</x10>
			<y10>473</y10>
			<x11>226.077754</x11>
			<y11>449.5625</y11>
			<x12>227.805616</x12>
			<y12>444.875</y12>
			<x13>212.25486</x13>
			<y13>427.6875</y13>
			<x14>211.390929</x14>
			<y14>426.125</y14>
			<x15>195.840173</x15>
			<y15>418.3125</y15>
			<x16>188.064795</x16>
			<y16>451.125</y16>
		</polygon>
	</object>
	<object>
		<name>LIU</name>
		<pose>Unspecified</pose>
		<truncated>0</truncated>
		<difficult>0</difficult>
		<occluded>0</occluded>
		<bndbox>
			<xmin>304</xmin>
			<xmax>340</xmax>
			<ymin>269</ymin>
			<ymax>430</ymax>
		</bndbox>
		<polygon>
			<x1>313.334773</x1>
			<y1>280.8125</y1>
			<x2>312.470842</x2>
			<y2>288.625</y2>
			<x3>309.87905</x3>
			<y3>337.0625</y3>
			<x4>305.559395</x4>
			<y4>371.4375</y4>
			<x5>304.695464</x5>
			<y5>393.3125</y5>
			<x6>302.967603</x6>
			<y6>419.875</y6>
			<x7>320.24622</x7>
			<y7>429.25</y7>
			<x8>334.933045</x8>
			<y8>421.4375</y8>
			<x9>339.2527</x9>
			<y9>401.125</y9>
			<x10>336.660907</x10>
			<y10>368.3125</y10>
			<x11>334.069114</x11>
			<y11>346.4375</y11>
			<x12>334.069114</x12>
			<y12>327.6875</y12>
			<x13>332.341253</x13>
			<y13>301.125</y13>
			<x14>331.477322</x14>
			<y14>290.1875</y14>
			<x15>329.74946</x15>
			<y15>283.9375</y15>
			<x16>319.382289</x16>
			<y16>269.875</y16>
			<x17>318.518359</x17>
			<y17>268.3125</y17>
			<x18>313.334773</x18>
			<y18>280.8125</y18>
		</polygon>
	</object>
	<object>
		<name>LIU</name>
		<pose>Unspecified</pose>
		<truncated>0</truncated>
		<difficult>0</difficult>
		<occluded>0</occluded>
		<bndbox>
			<xmin>337</xmin>
			<xmax>366</xmax>
			<ymin>288</ymin>
			<ymax>422</ymax>
		</bndbox>
		<polygon>
			<x1>342.708423</x1>
			<y1>419.875</y1>
			<x2>363.442765</x2>
			<y2>421.4375</y2>
			<x3>365.170626</x3>
			<y3>399.5625</y3>
			<x4>365.170626</x4>
			<y4>374.5625</y4>
			<x5>362.578834</x5>
			<y5>349.5625</y5>
			<x6>357.395248</x6>
			<y6>327.6875</y6>
			<x7>352.211663</x7>
			<y7>307.375</y7>
			<x8>347.028078</x8>
			<y8>287.0625</y8>
			<x9>335.796976</x9>
			<y9>288.625</y9>
			<x10>337.524838</x10>
			<y10>357.375</y10>
			<x11>340.980562</x11>
			<y11>390.1875</y11>
			<x12>340.980562</x12>
			<y12>407.375</y12>
			<x13>342.708423</x13>
			<y13>419.875</y13>
		</polygon>
	</object>
	<object>
		<name>LCU</name>
		<pose>Unspecified</pose>
		<truncated>0</truncated>
		<difficult>0</difficult>
		<occluded>0</occluded>
		<bndbox>
			<xmin>368</xmin>
			<xmax>394</xmax>
			<ymin>304</ymin>
			<ymax>421</ymax>
		</bndbox>
		<polygon>
			<x1>386.768898</x1>
			<y1>369.875</y1>
			<x2>384.177106</x2>
			<y2>351.125</y2>
			<x3>379.857451</x3>
			<y3>333.9375</y3>
			<x4>374.673866</x4>
			<y4>302.6875</y4>
			<x5>366.898488</x5>
			<y5>330.8125</y5>
			<x6>366.898488</x6>
			<y6>391.75</y6>
			<x7>367.762419</x7>
			<y7>412.0625</y7>
			<x8>379.857451</x8>
			<y8>419.875</y8>
			<x9>390.224622</x9>
			<y9>413.625</y9>
			<x10>392.816415</x10>
			<y10>401.125</y10>
			<x11>386.768898</x11>
			<y11>369.875</y11>
		</polygon>
	</object>
	<object>
		<name>LPMU</name>
		<pose>Unspecified</pose>
		<truncated>0</truncated>
		<difficult>0</difficult>
		<occluded>0</occluded>
		<bndbox>
			<xmin>383</xmin>
			<xmax>421</xmax>
			<ymin>285</ymin>
			<ymax>410</ymax>
		</bndbox>
		<polygon>
			<x1>409.231102</x1>
			<y1>344.875</y1>
			<x2>404.047516</x2>
			<y2>308.9375</y2>
			<x3>398</x3>
			<y3>294.875</y3>
			<x4>397.136069</x4>
			<y4>293.3125</y4>
			<x5>391.088553</x5>
			<y5>283.9375</y5>
			<x6>381.585313</x6>
			<y6>324.5625</y6>
			<x7>388.49676</x7>
			<y7>373</y7>
			<x8>395.408207</x8>
			<y8>405.8125</y8>
			<x9>405.775378</x9>
			<y9>408.9375</y9>
			<x10>419.598272</x10>
			<y10>391.75</y10>
			<x11>409.231102</x11>
			<y11>344.875</y11>
		</polygon>
	</object>
	<object>
		<name>LMU</name>
		<pose>Unspecified</pose>
		<truncated>0</truncated>
		<difficult>0</difficult>
		<occluded>0</occluded>
		<bndbox>
			<xmin>392</xmin>
			<xmax>452</xmax>
			<ymin>246</ymin>
			<ymax>391</ymax>
		</bndbox>
		<polygon>
			<x1>429.965443</x1>
			<y1>390.1875</y1>
			<x2>447.24406</x2>
			<y2>380.8125</y2>
			<x3>450.699784</x3>
			<y3>376.125</y3>
			<x4>442.060475</x4>
			<y4>324.5625</y4>
			<x5>434.285097</x5>
			<y5>291.75</y5>
			<x6>428.237581</x6>
			<y6>269.875</y6>
			<x7>417.87041</x7>
			<y7>254.25</y7>
			<x8>399.727862</x8>
			<y8>248</y8>
			<x9>391.088553</x9>
			<y9>244.875</y9>
			<x10>401.455724</x10>
			<y10>266.75</y10>
			<x11>406.639309</x11>
			<y11>287.0625</y11>
			<x12>411.822894</x12>
			<y12>354.25</y12>
			<x13>417.87041</x13>
			<y13>388.625</y13>
			<x14>429.965443</x14>
			<y14>390.1875</y14>
		</polygon>
	</object>
	<object>
		<name>LMU</name>
		<pose>Unspecified</pose>
		<truncated>0</truncated>
		<difficult>0</difficult>
		<occluded>0</occluded>
		<bndbox>
			<xmin>434</xmin>
			<xmax>487</xmax>
			<ymin>238</ymin>
			<ymax>365</ymax>
		</bndbox>
		<polygon>
			<x1>468.842333</x1>
			<y1>363.625</y1>
			<x2>486.12095</x2>
			<y2>349.5625</y2>
			<x3>486.12095</x3>
			<y3>326.125</y3>
			<x4>477.481641</x4>
			<y4>291.75</y4>
			<x5>469.706263</x5>
			<y5>276.125</y5>
			<x6>455.019438</x6>
			<y6>251.125</y6>
			<x7>448.107991</x7>
			<y7>241.75</y7>
			<x8>437.740821</x8>
			<y8>237.0625</y8>
			<x9>433.421166</x9>
			<y9>249.5625</y9>
			<x10>440.332613</x10>
			<y10>319.875</y10>
			<x11>446.38013</x11>
			<y11>346.4375</y11>
			<x12>448.971922</x12>
			<y12>363.625</y12>
			<x13>468.842333</x13>
			<y13>363.625</y13>
		</polygon>
	</object>
	<object>
		<name>LMU</name>
		<pose>Unspecified</pose>
		<truncated>0</truncated>
		<difficult>0</difficult>
		<occluded>0</occluded>
		<bndbox>
			<xmin>453</xmin>
			<xmax>504</xmax>
			<ymin>202</ymin>
			<ymax>291</ymax>
		</bndbox>
		<polygon>
			<x1>502.535637</x1>
			<y1>238.625</y1>
			<x2>489.576674</x2>
			<y2>219.875</y2>
			<x3>477.481641</x3>
			<y3>210.5</y3>
			<x4>467.114471</x4>
			<y4>205.8125</y4>
			<x5>457.611231</x5>
			<y5>201.125</y5>
			<x6>452.427646</x6>
			<y6>223</y6>
			<x7>455.019438</x7>
			<y7>237.0625</y7>
			<x8>477.481641</x8>
			<y8>290.1875</y8>
			<x9>490.440605</x9>
			<y9>285.5</y9>
			<x10>498.215983</x10>
			<y10>265.1875</y10>
			<x11>501.671706</x11>
			<y11>255.8125</y11>
			<x12>502.535637</x12>
			<y12>238.625</y12>
		</polygon>
	</object>
	<object>
		<name>LID</name>
		<pose>Unspecified</pose>
		<truncated>0</truncated>
		<difficult>0</difficult>
		<occluded>0</occluded>
		<bndbox>
			<xmin>307</xmin>
			<xmax>331</xmax>
			<ymin>435</ymin>
			<ymax>543</ymax>
		</bndbox>
		<polygon>
			<x1>328.885529</x1>
			<y1>493.3125</y1>
			<x2>327.157667</x2>
			<y2>462.0625</y2>
			<x3>326.293737</x3>
			<y3>438.625</y3>
			<x4>320.24622</x4>
			<y4>433.9375</y4>
			<x5>306.423326</x5>
			<y5>435.5</y5>
			<x6>309.87905</x6>
			<y6>477.6875</y6>
			<x7>309.87905</x7>
			<y7>515.1875</y7>
			<x8>316.790497</x8>
			<y8>538.625</y8>
			<x9>328.021598</x9>
			<y9>541.75</y9>
			<x10>329.74946</x10>
			<y10>508.9375</y10>
			<x11>328.885529</x11>
			<y11>493.3125</y11>
		</polygon>
	</object>
	<object>
		<name>LID</name>
		<pose>Unspecified</pose>
		<truncated>0</truncated>
		<difficult>0</difficult>
		<occluded>0</occluded>
		<bndbox>
			<xmin>330</xmin>
			<xmax>357</xmax>
			<ymin>441</ymin>
			<ymax>555</ymax>
		</bndbox>
		<polygon>
			<x1>351.347732</x1>
			<y1>554.25</y1>
			<x2>355.667387</x2>
			<y2>521.4375</y2>
			<x3>351.347732</x3>
			<y3>498</y3>
			<x4>353.075594</x4>
			<y4>465.1875</y4>
			<x5>353.075594</x5>
			<y5>454.25</y5>
			<x6>351.347732</x6>
			<y6>443.3125</y6>
			<x7>345.300216</x7>
			<y7>440.1875</y7>
			<x8>335.796976</x8>
			<y8>441.75</y8>
			<x9>328.885529</x9>
			<y9>441.75</y9>
			<x10>330.613391</x10>
			<y10>494.875</y10>
			<x11>334.933045</x11>
			<y11>527.6875</y11>
			<x12>333.205184</x12>
			<y12>551.125</y12>
			<x13>351.347732</x13>
			<y13>554.25</y13>
		</polygon>
	</object>
	<object>
		<name>LCD</name>
		<pose>Unspecified</pose>
		<truncated>0</truncated>
		<difficult>0</difficult>
		<occluded>0</occluded>
		<bndbox>
			<xmin>355</xmin>
			<xmax>406</xmax>
			<ymin>460</ymin>
			<ymax>587</ymax>
		</bndbox>
		<polygon>
			<x1>363.442765</x1>
			<y1>530.8125</y1>
			<x2>374.673866</x2>
			<y2>558.9375</y2>
			<x3>380.721382</x3>
			<y3>573</y3>
			<x4>398</x4>
			<y4>585.5</y4>
			<x5>404.911447</x5>
			<y5>573</y5>
			<x6>391.952484</x6>
			<y6>529.25</y6>
			<x7>389.360691</x7>
			<y7>518.3125</y7>
			<x8>384.177106</x8>
			<y8>496.4375</y8>
			<x9>379.857451</x9>
			<y9>479.25</y9>
			<x10>375.537797</x10>
			<y10>466.75</y10>
			<x11>369.490281</x11>
			<y11>462.0625</y11>
			<x12>364.306695</x12>
			<y12>460.5</y12>
			<x13>357.395248</x13>
			<y13>458.9375</y13>
			<x14>353.939525</x14>
			<y14>498</y14>
			<x15>363.442765</x15>
			<y15>530.8125</y15>
		</polygon>
	</object>
	<object>
		<name>LPMD</name>
		<pose>Unspecified</pose>
		<truncated>0</truncated>
		<difficult>0</difficult>
		<occluded>0</occluded>
		<bndbox>
			<xmin>370</xmin>
			<xmax>432</xmax>
			<ymin>437</ymin>
			<ymax>557</ymax>
		</bndbox>
		<polygon>
			<x1>398.863931</x1>
			<y1>521.4375</y1>
			<x2>405.775378</x2>
			<y2>543.3125</y2>
			<x3>418.734341</x3>
			<y3>555.8125</y3>
			<x4>430.829374</x4>
			<y4>546.4375</y4>
			<x5>417.87041</x5>
			<y5>510.5</y5>
			<x6>410.958963</x6>
			<y6>466.75</y6>
			<x7>406.639309</x7>
			<y7>458.9375</y7>
			<x8>401.455724</x8>
			<y8>441.75</y8>
			<x9>399.727862</x9>
			<y9>438.625</y9>
			<x10>389.360691</x10>
			<y10>435.5</y10>
			<x11>377.265659</x11>
			<y11>437.0625</y11>
			<x12>375.537797</x12>
			<y12>440.1875</y12>
			<x13>369.490281</x13>
			<y13>452.6875</y13>
			<x14>385.904968</x14>
			<y14>498</y14>
			<x15>398.863931</x15>
			<y15>521.4375</y15>
		</polygon>
	</object>
	<object>
		<name>LMD</name>
		<pose>Unspecified</pose>
		<truncated>0</truncated>
		<difficult>0</difficult>
		<occluded>0</occluded>
		<bndbox>
			<xmin>402</xmin>
			<xmax>469</xmax>
			<ymin>402</ymin>
			<ymax>540</ymax>
		</bndbox>
		<polygon>
			<x1>448.971922</x1>
			<y1>538.625</y1>
			<x2>467.978402</x2>
			<y2>529.25</y2>
			<x3>461.066955</x3>
			<y3>490.1875</y3>
			<x4>455.883369</x4>
			<y4>471.4375</y4>
			<x5>449.835853</x5>
			<y5>452.6875</y5>
			<x6>443.788337</x6>
			<y6>433.9375</y6>
			<x7>438.604752</x7>
			<y7>419.875</y7>
			<x8>428.237581</x8>
			<y8>404.25</y8>
			<x9>417.006479</x9>
			<y9>401.125</y9>
			<x10>403.183585</x10>
			<y10>412.0625</y10>
			<x11>401.455724</x11>
			<y11>430.8125</y11>
			<x12>422.190065</x12>
			<y12>516.75</y12>
			<x13>436.012959</x13>
			<y13>533.9375</y13>
			<x14>448.971922</x14>
			<y14>538.625</y14>
		</polygon>
	</object>
	<object>
		<name>LMD</name>
		<pose>Unspecified</pose>
		<truncated>0</truncated>
		<difficult>0</difficult>
		<occluded>0</occluded>
		<bndbox>
			<xmin>435</xmin>
			<xmax>502</xmax>
			<ymin>371</ymin>
			<ymax>501</ymax>
		</bndbox>
		<polygon>
			<x1>500.807775</x1>
			<y1>463.625</y1>
			<x2>486.12095</x2>
			<y2>430.8125</y2>
			<x3>480.937365</x3>
			<y3>410.5</y3>
			<x4>475.75378</x4>
			<y4>377.6875</y4>
			<x5>468.842333</x5>
			<y5>369.875</y5>
			<x6>450.699784</x6>
			<y6>388.625</y6>
			<x7>434.285097</x7>
			<y7>402.6875</y7>
			<x8>453.291577</x8>
			<y8>462.0625</y8>
			<x9>470.570194</x9>
			<y9>488.625</y9>
			<x10>478.345572</x10>
			<y10>499.5625</y10>
			<x11>498.215983</x11>
			<y11>482.375</y11>
			<x12>500.807775</x12>
			<y12>463.625</y12>
		</polygon>
	</object>
	<object>
		<name>LMD</name>
		<pose>Unspecified</pose>
		<truncated>0</truncated>
		<difficult>0</difficult>
		<occluded>0</occluded>
		<bndbox>
			<xmin>482</xmin>
			<xmax>529</xmax>
			<ymin>366</ymin>
			<ymax>460</ymax>
		</bndbox>
		<polygon>
			<x1>528.453564</x1>
			<y1>430.8125</y1>
			<x2>520.678186</x2>
			<y2>391.75</y2>
			<x3>512.038877</x3>
			<y3>373</y3>
			<x4>507.719222</x4>
			<y4>365.1875</y4>
			<x5>493.896328</x5>
			<y5>385.5</y5>
			<x6>481.801296</x6>
			<y6>412.0625</y6>
			<x7>480.937365</x7>
			<y7>426.125</y7>
			<x8>493.032397</x8>
			<y8>435.5</y8>
			<x9>504.263499</x9>
			<y9>458.9375</y9>
			<x10>524.133909</x10>
			<y10>449.5625</y10>
			<x11>528.453564</x11>
			<y11>430.8125</y11>
		</polygon>
	</object>
	<object>
		<name>RMU</name>
		<pose>Unspecified</pose>
		<truncated>0</truncated>
		<difficult>0</difficult>
		<occluded>0</occluded>
		<bndbox>
			<xmin>138</xmin>
			<xmax>195</xmax>
			<ymin>243</ymin>
			<ymax>369</ymax>
		</bndbox>
		<polygon>
			<x1>165.602592</x1>
			<y1>249.5625</y1>
			<x2>150.051836</x2>
			<y2>305.8125</y2>
			<x3>137.092873</x3>
			<y3>324.5625</y3>
			<x4>137.956803</x4>
			<y4>346.4375</y4>
			<x5>149.187905</x5>
			<y5>354.25</y5>
			<x6>160.419006</x6>
			<y6>363.625</y6>
			<x7>165.602592</x7>
			<y7>368.3125</y7>
			<x8>175.105832</x8>
			<y8>358.9375</y8>
			<x9>181.153348</x9>
			<y9>337.0625</y9>
			<x10>184.609071</x10>
			<y10>313.625</y10>
			<x11>193.24838</x11>
			<y11>287.0625</y11>
			<x12>194.112311</x12>
			<y12>257.375</y12>
			<x13>193.24838</x13>
			<y13>252.6875</y13>
			<x14>179.425486</x14>
			<y14>246.4375</y14>
			<x15>175.969762</x15>
			<y15>243.3125</y15>
			<x16>170.786177</x16>
			<y16>241.75</y16>
			<x17>165.602592</x17>
			<y17>249.5625</y17>
		</polygon>
	</object>
	<object>
		<name>RMU</name>
		<pose>Unspecified</pose>
		<truncated>0</truncated>
		<difficult>0</difficult>
		<occluded>0</occluded>
		<bndbox>
			<xmin>124</xmin>
			<xmax>171</xmax>
			<ymin>208</ymin>
			<ymax>305</ymax>
		</bndbox>
		<polygon>
			<x1>127.589633</x1>
			<y1>252.6875</y1>
			<x2>123.269978</x2>
			<y2>266.75</y2>
			<x3>131.045356</x3>
			<y3>283.9375</y3>
			<x4>133.637149</x4>
			<y4>294.875</y4>
			<x5>138.820734</x5>
			<y5>304.25</y5>
			<x6>150.915767</x6>
			<y6>298</y6>
			<x7>156.963283</x7>
			<y7>282.375</y7>
			<x8>165.602592</x8>
			<y8>257.375</y8>
			<x9>169.922246</x9>
			<y9>238.625</y9>
			<x10>167.330454</x10>
			<y10>221.4375</y10>
			<x11>159.555076</x11>
			<y11>212.0625</y11>
			<x12>154.37149</x12>
			<y12>207.375</y12>
			<x13>145.732181</x13>
			<y13>212.0625</y13>
			<x14>124.99784</x14>
			<y14>238.625</y14>
			<x15>127.589633</x15>
			<y15>252.6875</y15>
		</polygon>
	</object>
</annotation>
