<annotation>
	<folder></folder>
	<filename>325_jpg.rf.3d199a6570a45fd90a4797bcb787ae54.jpg</filename>
	<path>325_jpg.rf.3d199a6570a45fd90a4797bcb787ae54.jpg</path>
	<source>
		<database>roboflow.com</database>
	</source>
	<size>
		<width>640</width>
		<height>640</height>
		<depth>3</depth>
	</size>
	<segmented>0</segmented>
	<object>
		<name>RMU</name>
		<pose>Unspecified</pose>
		<truncated>0</truncated>
		<difficult>0</difficult>
		<occluded>0</occluded>
		<bndbox>
			<xmin>147</xmin>
			<xmax>187</xmax>
			<ymin>282</ymin>
			<ymax>428</ymax>
		</bndbox>
		<polygon>
			<x1>145.876921</x1>
			<y1>381.418493</y1>
			<x2>150.062562</x2>
			<y2>405.045535</y2>
			<x3>154.248203</x3>
			<y3>427.28271</y3>
			<x4>174.478844</x4>
			<y4>421.723432</y4>
			<x5>186.33814</x5>
			<y5>413.384484</y5>
			<x6>184.942947</x6>
			<y6>371.689741</y6>
			<x7>184.942947</x7>
			<y7>332.77467</y7>
			<x8>181.45487</x8>
			<y8>303.58835</y8>
			<x9>166.926922</x9>
			<y9>281.027775</y9>
			<x10>157.038652</x10>
			<y10>289.690061</y10>
			<x11>147.272177</x11>
			<y11>321.656051</y11>
			<x12>145.876921</x12>
			<y12>348.062699</y12>
			<x13>145.876921</x13>
			<y13>381.418493</y13>
		</polygon>
	</object>
	<object>
		<name>RID</name>
		<pose>Unspecified</pose>
		<truncated>0</truncated>
		<difficult>0</difficult>
		<occluded>0</occluded>
		<bndbox>
			<xmin>300</xmin>
			<xmax>330</xmax>
			<ymin>375</ymin>
			<ymax>501</ymax>
		</bndbox>
		<polygon>
			<x1>319.581029</x1>
			<y1>496.773968</y1>
			<x2>323.069106</x2>
			<y2>471.757123</y2>
			<x3>324.464299</x3>
			<y3>434.231854</y3>
			<x4>329.347568</x4>
			<y4>400.876061</y4>
			<x5>327.952312</x5>
			<y5>374.469412</y5>
			<x6>309.814555</x6>
			<y6>378.638886</y6>
			<x7>305.628913</x7>
			<y7>410.604812</y7>
			<x8>299.350452</x8>
			<y8>430.062381</y8>
			<x9>299.350452</x9>
			<y9>455.079226</y9>
			<x10>298.652824</x10>
			<y10>487.045216</y10>
			<x11>307.024106</x11>
			<y11>499.553639</y11>
			<x12>319.581029</x12>
			<y12>496.773968</y12>
		</polygon>
	</object>
	<object>
		<name>RID</name>
		<pose>Unspecified</pose>
		<truncated>0</truncated>
		<difficult>0</difficult>
		<occluded>0</occluded>
		<bndbox>
			<xmin>325</xmin>
			<xmax>350</xmax>
			<ymin>370</ymin>
			<ymax>520</ymax>
		</bndbox>
		<polygon>
			<x1>337.71885</x1>
			<y1>510.672194</y1>
			<x2>346.787697</x2>
			<y2>519.011143</y2>
			<x3>348.880518</x3>
			<y3>491.21469</y3>
			<x4>348.880518</x4>
			<y4>457.858896</y4>
			<x5>348.182953</x5>
			<y5>409.215009</y5>
			<x6>348.880518</x6>
			<y6>375.859216</y6>
			<x7>331.440388</x7>
			<y7>368.910071</y7>
			<x8>326.557119</x8>
			<y8>381.418493</y8>
			<x9>329.347568</x9>
			<y9>402.265864</y9>
			<x10>326.557119</x10>
			<y10>437.011525</y10>
			<x11>324.990383</x11>
			<y11>464.361109</y11>
			<x12>324.464299</x12>
			<y12>480.096071</y12>
			<x13>328.64994</x13>
			<y13>502.333246</y13>
			<x14>337.71885</x14>
			<y14>510.672194</y14>
		</polygon>
	</object>
	<object>
		<name>LID</name>
		<pose>Unspecified</pose>
		<truncated>0</truncated>
		<difficult>0</difficult>
		<occluded>0</occluded>
		<bndbox>
			<xmin>346</xmin>
			<xmax>372</xmax>
			<ymin>360</ymin>
			<ymax>517</ymax>
		</bndbox>
		<polygon>
			<x1>371.20398</x1>
			<y1>366.130464</y1>
			<x2>355.856607</x2>
			<y2>359.181319</y2>
			<x3>345.392504</x3>
			<y3>373.079545</y3>
			<x4>344.694876</x4>
			<y4>405.045535</y4>
			<x5>348.182953</x5>
			<y5>443.960607</y5>
			<x6>348.182953</x6>
			<y6>480.096071</y6>
			<x7>351.15983</x7>
			<y7>497.694442</y7>
			<x8>359.344621</x8>
			<y8>516.231536</y8>
			<x9>369.111159</x9>
			<y9>493.994298</y9>
			<x10>369.808724</x10>
			<y10>437.011525</y10>
			<x11>370.506351</x11>
			<y11>396.706587</y11>
			<x12>371.20398</x12>
			<y12>366.130464</y12>
		</polygon>
	</object>
</annotation>
