<annotation>
	<folder></folder>
	<filename>366_jpg.rf.6012b74ef8a1ac74413250b7fe065031.jpg</filename>
	<path>366_jpg.rf.6012b74ef8a1ac74413250b7fe065031.jpg</path>
	<source>
		<database>roboflow.com</database>
	</source>
	<size>
		<width>640</width>
		<height>640</height>
		<depth>3</depth>
	</size>
	<segmented>0</segmented>
	<object>
		<name>LMD</name>
		<pose>Unspecified</pose>
		<truncated>0</truncated>
		<difficult>0</difficult>
		<occluded>0</occluded>
		<bndbox>
			<xmin>442</xmin>
			<xmax>511</xmax>
			<ymin>326</ymin>
			<ymax>451</ymax>
		</bndbox>
		<polygon>
			<x1>508.224632</x1>
			<y1>430.507832</y1>
			<x2>509.877046</x2>
			<y2>395.065521</y2>
			<x3>501.614823</x3>
			<y3>367.041333</y3>
			<x4>492.113345</x4>
			<y4>357.974717</y4>
			<x5>483.024877</x5>
			<y5>335.720236</y5>
			<x6>475.588899</x6>
			<y6>325.005089</y6>
			<x7>463.195602</x7>
			<y7>325.005089</y7>
			<x8>450.802305</x8>
			<y8>337.368691</y8>
			<x9>441.300827</x9>
			<y9>353.029277</y9>
			<x10>445.844986</x10>
			<y10>380.229199</y10>
			<x11>468.317343</x11>
			<y11>418.726751</y11>
			<x12>482.611792</x12>
			<y12>442.871432</y12>
			<x13>494.592005</x13>
			<y13>450.289593</y13>
			<x14>508.224632</x14>
			<y14>430.507832</y14>
		</polygon>
	</object>
	<object>
		<name>LPMD</name>
		<pose>Unspecified</pose>
		<truncated>0</truncated>
		<difficult>0</difficult>
		<occluded>0</occluded>
		<bndbox>
			<xmin>393</xmin>
			<xmax>442</xmax>
			<ymin>362</ymin>
			<ymax>512</ymax>
		</bndbox>
		<polygon>
			<x1>437.582838</x1>
			<y1>469.247128</y1>
			<x2>430.973029</x2>
			<y2>442.047205</y2>
			<x3>425.602626</x3>
			<y3>417.320003</y3>
			<x4>421.884637</x4>
			<y4>382.70192</y4>
			<x5>417.753525</x5>
			<y5>362.920158</y5>
			<x6>402.055361</x6>
			<y6>361.271666</y6>
			<x7>391.727601</x7>
			<y7>376.107987</y7>
			<x8>406.599558</x8>
			<y8>446.168381</y8>
			<x9>407.568854</x9>
			<y9>455.792579</y9>
			<x10>418.166648</x10>
			<y10>492.325875</y10>
			<x11>428.49437</x11>
			<y11>511.283371</y11>
			<x12>441.300827</x12>
			<y12>502.216756</y12>
			<x13>437.582838</x13>
			<y13>469.247128</y13>
		</polygon>
	</object>
	<object>
		<name>LPMD</name>
		<pose>Unspecified</pose>
		<truncated>0</truncated>
		<difficult>0</difficult>
		<occluded>0</occluded>
		<bndbox>
			<xmin>374</xmin>
			<xmax>410</xmax>
			<ymin>365</ymin>
			<ymax>517</ymax>
		</bndbox>
		<polygon>
			<x1>402.468446</x1>
			<y1>418.144231</y1>
			<x2>399.576702</x2>
			<y2>377.756479</y2>
			<x3>388.835819</x3>
			<y3>363.744386</y3>
			<x4>375.203192</x4>
			<y4>366.217106</y4>
			<x5>373.137656</x5>
			<y5>394.241256</y5>
			<x6>379.747427</x6>
			<y6>424.738164</y6>
			<x7>392.071791</x7>
			<y7>484.209714</y7>
			<x8>395.44559</x8>
			<y8>509.634916</y8>
			<x9>407.838887</x9>
			<y9>516.228812</y9>
			<x10>409.078217</x10>
			<y10>491.501609</y10>
			<x11>405.360228</x11>
			<y11>448.641101</y11>
			<x12>402.468446</x12>
			<y12>418.144231</y12>
		</polygon>
	</object>
	<object>
		<name>RID</name>
		<pose>Unspecified</pose>
		<truncated>0</truncated>
		<difficult>0</difficult>
		<occluded>0</occluded>
		<bndbox>
			<xmin>284</xmin>
			<xmax>311</xmax>
			<ymin>366</ymin>
			<ymax>504</ymax>
		</bndbox>
		<polygon>
			<x1>285.971453</x1>
			<y1>503.040946</y1>
			<x2>297.951666</x2>
			<y2>501.392491</y2>
			<x3>301.256532</x3>
			<y3>472.544076</y3>
			<x4>300.84341</x4>
			<y4>442.047205</y4>
			<x5>302.908985</x5>
			<y5>411.550297</y5>
			<x6>309.518718</x6>
			<y6>381.053427</y6>
			<x7>309.518718</x7>
			<y7>367.041333</y7>
			<x8>298.777873</x8>
			<y8>365.392878</y8>
			<x9>289.689442</x9>
			<y9>366.217106</y9>
			<x10>283.492794</x10>
			<y10>370.338319</y10>
			<x11>283.492794</x11>
			<y11>395.889749</y11>
			<x12>283.079709</x12>
			<y12>428.035111</y12>
			<x13>282.972465</x13>
			<y13>453.321524</y13>
			<x14>282.666587</x14>
			<y14>473.368303</y14>
			<x15>285.971453</x15>
			<y15>503.040946</y15>
		</polygon>
	</object>
	<object>
		<name>RID</name>
		<pose>Unspecified</pose>
		<truncated>0</truncated>
		<difficult>0</difficult>
		<occluded>0</occluded>
		<bndbox>
			<xmin>303</xmin>
			<xmax>324</xmax>
			<ymin>361</ymin>
			<ymax>501</ymax>
		</bndbox>
		<polygon>
			<x1>318.607148</x1>
			<y1>479.138009</y1>
			<x2>319.020271</x2>
			<y2>439.574485</y2>
			<x3>321.912015</x3>
			<y3>409.901843</y3>
			<x4>322.73826</x4>
			<y4>375.283759</y4>
			<x5>316.954696</x5>
			<y5>360.447438</y5>
			<x6>306.213851</x6>
			<y6>367.041333</y6>
			<x7>303.735192</x7>
			<y7>383.526147</y7>
			<x8>302.08274</x8>
			<y8>425.562391</y8>
			<x9>302.188823</x9>
			<y9>454.557051</y9>
			<x10>302.495862</x10>
			<y10>477.489554</y10>
			<x11>305.387644</x11>
			<y11>497.271316</y11>
			<x12>313.236707</x12>
			<y12>499.744036</y12>
			<x13>318.607148</x13>
			<y13>479.138009</y13>
		</polygon>
	</object>
	<object>
		<name>LID</name>
		<pose>Unspecified</pose>
		<truncated>0</truncated>
		<difficult>0</difficult>
		<occluded>0</occluded>
		<bndbox>
			<xmin>318</xmin>
			<xmax>341</xmax>
			<ymin>367</ymin>
			<ymax>511</ymax>
		</bndbox>
		<polygon>
			<x1>339.675753</x1>
			<y1>461.004702</y1>
			<x2>339.675753</x2>
			<y2>424.738164</y2>
			<x3>339.675753</x3>
			<y3>394.241256</y3>
			<x4>339.262631</x4>
			<y4>374.459494</y4>
			<x5>333.892227</x5>
			<y5>367.041333</y5>
			<x6>321.912015</x6>
			<y6>366.217106</y6>
			<x7>316.541611</x7>
			<y7>374.459494</y7>
			<x8>320.672685</x8>
			<y8>409.077577</y8>
			<x9>322.644947</x9>
			<y9>464.441272</y9>
			<x10>322.73826</x10>
			<y10>490.677344</y10>
			<x11>330.587323</x11>
			<y11>509.634916</y11>
			<x12>339.262631</x12>
			<y12>493.150064</y12>
			<x13>339.675753</x13>
			<y13>461.004702</y13>
		</polygon>
	</object>
	<object>
		<name>LID</name>
		<pose>Unspecified</pose>
		<truncated>0</truncated>
		<difficult>0</difficult>
		<occluded>0</occluded>
		<bndbox>
			<xmin>334</xmin>
			<xmax>359</xmax>
			<ymin>361</ymin>
			<ymax>514</ymax>
		</bndbox>
		<polygon>
			<x1>356.200162</x1>
			<y1>395.889749</y1>
			<x2>354.54771</x2>
			<y2>367.865599</y2>
			<x3>346.285525</x3>
			<y3>367.041333</y3>
			<x4>337.610216</x4>
			<y4>360.447438</y4>
			<x5>333.479105</x5>
			<y5>376.932214</y5>
			<x6>338.023301</x6>
			<y6>438.75022</y6>
			<x7>339.262631</x7>
			<y7>475.016833</y7>
			<x8>344.21995</x8>
			<y8>511.283371</y8>
			<x9>350.539661</x9>
			<y9>512.626849</y9>
			<x10>355.787039</x10>
			<y10>484.083449</y10>
			<x11>358.265699</x11>
			<y11>453.586541</y11>
			<x12>356.200162</x12>
			<y12>424.738164</y12>
			<x13>356.200162</x13>
			<y13>395.889749</y13>
		</polygon>
	</object>
	<object>
		<name>LCD</name>
		<pose>Unspecified</pose>
		<truncated>0</truncated>
		<difficult>0</difficult>
		<occluded>0</occluded>
		<bndbox>
			<xmin>353</xmin>
			<xmax>385</xmax>
			<ymin>367</ymin>
			<ymax>527</ymax>
		</bndbox>
		<polygon>
			<x1>379.334304</x1>
			<y1>419.792723</y1>
			<x2>379.334304</x2>
			<y2>387.647361</y2>
			<x3>378.094974</x3>
			<y3>370.338319</y3>
			<x4>367.354129</x4>
			<y4>366.217106</y4>
			<x5>356.200162</x5>
			<y5>367.041333</y5>
			<x6>352.482173</x6>
			<y6>381.053427</y6>
			<x7>353.30838</x7>
			<y7>418.144231</y7>
			<x8>361.157481</x8>
			<y8>467.598635</y8>
			<x9>375.334962</x9>
			<y9>526.217652</y9>
			<x10>381.812963</x10>
			<y10>507.162196</y10>
			<x11>384.291623</x11>
			<y11>482.434994</y11>
			<x12>382.226086</x12>
			<y12>450.289593</y12>
			<x13>379.334304</x13>
			<y13>419.792723</y13>
		</polygon>
	</object>
	<object>
		<name>RPMD</name>
		<pose>Unspecified</pose>
		<truncated>0</truncated>
		<difficult>0</difficult>
		<occluded>0</occluded>
		<bndbox>
			<xmin>234</xmin>
			<xmax>266</xmax>
			<ymin>360</ymin>
			<ymax>502</ymax>
		</bndbox>
		<polygon>
			<x1>263.663519</x1>
			<y1>392.592801</y1>
			<x2>265.315971</x2>
			<y2>364.568613</y2>
			<x3>254.575126</x3>
			<y3>358.798945</y3>
			<x4>244.247366</x4>
			<y4>360.447438</y4>
			<x5>240.116254</x5>
			<y5>393.417028</y5>
			<x6>236.811387</x6>
			<y6>436.277499</y6>
			<x7>233.381861</x7>
			<y7>480.503131</y7>
			<x8>235.158935</x8>
			<y8>501.392491</y8>
			<x9>249.617807</x9>
			<y9>498.919771</y9>
			<x10>252.096466</x10>
			<y10>466.774407</y10>
			<x11>255.814456</x11>
			<y11>432.980552</y11>
			<x12>263.663519</x12>
			<y12>392.592801</y12>
		</polygon>
	</object>
	<object>
		<name>RCD</name>
		<pose>Unspecified</pose>
		<truncated>0</truncated>
		<difficult>0</difficult>
		<occluded>0</occluded>
		<bndbox>
			<xmin>253</xmin>
			<xmax>286</xmax>
			<ymin>370</ymin>
			<ymax>511</ymax>
		</bndbox>
		<polygon>
			<x1>285.145246</x1>
			<y1>376.107987</y1>
			<x2>274.404401</x2>
			<y2>368.689826</y2>
			<x3>261.597982</x3>
			<y3>369.514054</y3>
			<x4>261.184859</x4>
			<y4>389.295816</y4>
			<x5>259.119322</x5>
			<y5>435.453272</y5>
			<x6>254.988211</x6>
			<y6>473.368303</y6>
			<x7>252.096466</x7>
			<y7>493.150064</y7>
			<x8>260.771774</x8>
			<y8>509.634916</y8>
			<x9>268.715166</x9>
			<y9>505.213683</y9>
			<x10>275.230609</x10>
			<y10>471.719848</y10>
			<x11>278.948597</x11>
			<y11>441.22294</y11>
			<x12>283.492794</x12>
			<y12>407.429122</y12>
			<x13>285.145246</x13>
			<y13>376.107987</y13>
		</polygon>
	</object>
	<object>
		<name>RPMD</name>
		<pose>Unspecified</pose>
		<truncated>0</truncated>
		<difficult>0</difficult>
		<occluded>0</occluded>
		<bndbox>
			<xmin>207</xmin>
			<xmax>250</xmax>
			<ymin>352</ymin>
			<ymax>511</ymax>
		</bndbox>
		<polygon>
			<x1>228.549202</x1>
			<y1>464.301687</y1>
			<x2>233.093398</x2>
			<y2>427.210884</y2>
			<x3>239.703169</x3>
			<y3>392.592801</y3>
			<x4>247.139147</x4>
			<y4>377.756479</y4>
			<x5>248.791562</x5>
			<y5>355.501998</y5>
			<x6>236.398265</x6>
			<y6>350.556557</y6>
			<x7>222.352553</x7>
			<y7>352.205012</y7>
			<x8>219.460771</x8>
			<y8>371.986774</y8>
			<x9>219.047649</x9>
			<y9>396.713976</y9>
			<x10>212.851</x10>
			<y10>445.344153</y10>
			<x11>208.306804</x11>
			<y11>474.192568</y11>
			<x12>206.241267</x12>
			<y12>493.150064</y12>
			<x13>210.372341</x13>
			<y13>510.459106</y13>
			<x14>222.352553</x14>
			<y14>506.337931</y14>
			<x15>221.604093</x15>
			<y15>497.800518</y15>
			<x16>228.549202</x16>
			<y16>464.301687</y16>
		</polygon>
	</object>
	<object>
		<name>RMD</name>
		<pose>Unspecified</pose>
		<truncated>0</truncated>
		<difficult>0</difficult>
		<occluded>0</occluded>
		<bndbox>
			<xmin>171</xmin>
			<xmax>225</xmax>
			<ymin>337</ymin>
			<ymax>482</ymax>
		</bndbox>
		<polygon>
			<x1>193.089497</x1>
			<y1>480.503131</y1>
			<x2>202.936363</x2>
			<y2>466.774407</y2>
			<x3>207.480597</x3>
			<y3>442.047205</y3>
			<x4>211.611671</x4>
			<y4>417.320003</y4>
			<x5>215.32966</x5>
			<y5>395.065521</y5>
			<x6>221.939431</x6>
			<y6>378.580707</y6>
			<x7>223.591883</x7>
			<y7>353.029277</y7>
			<x8>219.047649</x8>
			<y8>341.489904</y8>
			<x9>206.241267</x9>
			<y9>335.720236</y9>
			<x10>191.782395</x10>
			<y10>335.720236</y10>
			<x11>184.346417</x11>
			<y11>350.556557</y11>
			<x12>180.628428</x12>
			<y12>389.295816</y12>
			<x13>174.018695</x13>
			<y13>427.210884</y13>
			<x14>170.300705</x14>
			<y14>448.641101</y14>
			<x15>173.605572</x15>
			<y15>468.422862</y15>
			<x16>183.52021</x16>
			<y16>479.962274</y16>
			<x17>193.089497</x17>
			<y17>480.503131</y17>
		</polygon>
	</object>
	<object>
		<name>LIU</name>
		<pose>Unspecified</pose>
		<truncated>0</truncated>
		<difficult>0</difficult>
		<occluded>0</occluded>
		<bndbox>
			<xmin>319</xmin>
			<xmax>356</xmax>
			<ymin>200</ymin>
			<ymax>366</ymax>
		</bndbox>
		<polygon>
			<x1>317.780941</x1>
			<y1>334.071743</y1>
			<x2>319.433356</x2>
			<y2>356.326225</y2>
			<x3>330.174238</x3>
			<y3>364.568613</y3>
			<x4>343.393742</x4>
			<y4>353.853505</y4>
			<x5>345.872402</x5>
			<y5>305.223327</y5>
			<x6>351.655928</x6>
			<y6>251.647748</y6>
			<x7>355.373917</x7>
			<y7>214.556945</y7>
			<x8>349.177268</x8>
			<y8>201.369079</y8>
			<x9>338.849546</x9>
			<y9>198.896358</y9>
			<x10>328.934908</x10>
			<y10>230.217494</y10>
			<x11>331.943185</x11>
			<y11>227.219974</y11>
			<x12>326.043127</x12>
			<y12>265.659804</y12>
			<x13>321.912015</x13>
			<y13>302.750608</y13>
			<x14>317.780941</x14>
			<y14>334.071743</y14>
		</polygon>
	</object>
	<object>
		<name>LIU</name>
		<pose>Unspecified</pose>
		<truncated>0</truncated>
		<difficult>0</difficult>
		<occluded>0</occluded>
		<bndbox>
			<xmin>342</xmin>
			<xmax>369</xmax>
			<ymin>215</ymin>
			<ymax>366</ymax>
		</bndbox>
		<polygon>
			<x1>350.416598</x1>
			<y1>364.568613</y1>
			<x2>360.331236</x2>
			<y2>360.447438</y2>
			<x3>364.049225</x3>
			<y3>345.611117</y3>
			<x4>363.63614</x4>
			<y4>313.465754</y4>
			<x5>365.288555</x5>
			<y5>275.550685</y5>
			<x6>368.180337</x6>
			<y6>231.041721</y6>
			<x7>366.1148</x7>
			<y7>213.732679</y7>
			<x8>358.265699</x8>
			<y8>213.732679</y8>
			<x9>356.118604</x9>
			<y9>227.219974</y9>
			<x10>347.111732</x10>
			<y10>287.090059</y10>
			<x11>344.21995</x11>
			<y11>316.762701</y11>
			<x12>340.915083</x12>
			<y12>352.205012</y12>
			<x13>350.416598</x13>
			<y13>364.568613</y13>
		</polygon>
	</object>
	<object>
		<name>LCU</name>
		<pose>Unspecified</pose>
		<truncated>0</truncated>
		<difficult>0</difficult>
		<occluded>0</occluded>
		<bndbox>
			<xmin>362</xmin>
			<xmax>388</xmax>
			<ymin>225</ymin>
			<ymax>369</ymax>
		</bndbox>
		<polygon>
			<x1>361.983688</x1>
			<y1>304.3991</y1>
			<x2>361.983688</x2>
			<y2>325.005089</y2>
			<x3>360.744358</x3>
			<y3>354.677732</y3>
			<x4>369.832789</x4>
			<y4>367.865599</y4>
			<x5>384.291623</x5>
			<y5>363.744386</y5>
			<x6>386.35716</x6>
			<y6>340.665676</y6>
			<x7>386.770282</x7>
			<y7>311.817261</y7>
			<x8>386.770282</x8>
			<y8>280.496126</y8>
			<x9>386.770282</x9>
			<y9>250.823483</y9>
			<x10>385.944075</x10>
			<y10>227.744773</y10>
			<x11>376.574728</x11>
			<y11>223.513391</y11>
			<x12>370.658996</x12>
			<y12>231.041721</y12>
			<x13>366.941007</x13>
			<y13>257.417416</y13>
			<x14>361.983688</x14>
			<y14>304.3991</y14>
		</polygon>
	</object>
	<object>
		<name>LPMU</name>
		<pose>Unspecified</pose>
		<truncated>0</truncated>
		<difficult>0</difficult>
		<occluded>0</occluded>
		<bndbox>
			<xmin>377</xmin>
			<xmax>408</xmax>
			<ymin>211</ymin>
			<ymax>368</ymax>
		</bndbox>
		<polygon>
			<x1>381.812963</x1>
			<y1>268.132524</y1>
			<x2>378.508097</x2>
			<y2>302.750608</y2>
			<x3>376.029437</x3>
			<y3>325.005089</y3>
			<x4>376.442522</x4>
			<y4>344.786851</y4>
			<x5>381.812963</x5>
			<y5>359.623173</y5>
			<x6>396.271798</x6>
			<y6>367.041333</y6>
			<x7>404.947105</x7>
			<y7>361.271666</y7>
			<x8>406.599558</x8>
			<y8>332.42325</y8>
			<x9>405.360228</x9>
			<y9>296.980939</y9>
			<x10>402.055361</x10>
			<y10>273.90223</y10>
			<x11>399.989786</x11>
			<y11>237.635654</y11>
			<x12>397.511127</x12>
			<y12>210.435732</y12>
			<x13>391.451908</x13>
			<y13>211.158115</y13>
			<x14>385.944075</x14>
			<y14>227.744773</y14>
			<x15>381.812963</x15>
			<y15>268.132524</y15>
		</polygon>
	</object>
	<object>
		<name>LPMU</name>
		<pose>Unspecified</pose>
		<truncated>0</truncated>
		<difficult>0</difficult>
		<occluded>0</occluded>
		<bndbox>
			<xmin>395</xmin>
			<xmax>425</xmax>
			<ymin>216</ymin>
			<ymax>357</ymax>
		</bndbox>
		<polygon>
			<x1>399.163579</x1>
			<y1>238.459882</y1>
			<x2>397.92425</x2>
			<y2>271.42951</y2>
			<x3>397.098043</x3>
			<y3>299.45366</y3>
			<x4>395.44559</x4>
			<y4>321.708142</y4>
			<x5>394.20626</x5>
			<y5>339.841411</y5>
			<x6>401.229116</x6>
			<y6>354.677732</y6>
			<x7>416.101073</x7>
			<y7>355.501998</y7>
			<x8>422.297722</x8>
			<y8>352.205012</y8>
			<x9>424.363296</x9>
			<y9>332.42325</y9>
			<x10>422.297722</x10>
			<y10>305.223327</y10>
			<x11>422.297722</x11>
			<y11>264.011349</y11>
			<x12>419.819062</x12>
			<y12>228.569001</y12>
			<x13>408.80862</x13>
			<y13>214.864698</y13>
			<x14>402.055361</x14>
			<y14>220.326613</y14>
			<x15>399.163579</x15>
			<y15>238.459882</y15>
		</polygon>
	</object>
	<object>
		<name>LMU</name>
		<pose>Unspecified</pose>
		<truncated>0</truncated>
		<difficult>0</difficult>
		<occluded>0</occluded>
		<bndbox>
			<xmin>422</xmin>
			<xmax>458</xmax>
			<ymin>216</ymin>
			<ymax>359</ymax>
		</bndbox>
		<polygon>
			<x1>420.645307</x1>
			<y1>280.496126</y1>
			<x2>420.645307</x2>
			<y2>315.114209</y2>
			<x3>423.123967</x3>
			<y3>356.326225</y3>
			<x4>431.799274</x4>
			<y4>357.974717</y4>
			<x5>452.867879</x5>
			<y5>347.259572</y5>
			<x6>456.585869</x6>
			<y6>332.42325</y6>
			<x7>454.107209</x7>
			<y7>302.750608</y7>
			<x8>450.802305</x8>
			<y8>268.95679</y8>
			<x9>446.671231</x9>
			<y9>228.569001</y9>
			<x10>443.366326</x10>
			<y10>215.381172</y10>
			<x11>436.083451</x11>
			<y11>221.042336</y11>
			<x12>426.428833</x12>
			<y12>226.920546</y12>
			<x13>423.123967</x13>
			<y13>251.647748</y13>
			<x14>420.645307</x14>
			<y14>280.496126</y14>
		</polygon>
	</object>
	<object>
		<name>LMU</name>
		<pose>Unspecified</pose>
		<truncated>0</truncated>
		<difficult>0</difficult>
		<occluded>0</occluded>
		<bndbox>
			<xmin>448</xmin>
			<xmax>487</xmax>
			<ymin>193</ymin>
			<ymax>330</ymax>
		</bndbox>
		<polygon>
			<x1>451.62855</x1>
			<y1>327.47781</y1>
			<x2>474.349569</x2>
			<y2>329.126302</y2>
			<x3>478.893803</x3>
			<y3>315.938474</y3>
			<x4>486.329782</x4>
			<y4>296.156712</y4>
			<x5>480.959378</x5>
			<y5>264.835577</y5>
			<x6>472.697155</x6>
			<y6>235.162934</y6>
			<x7>468.566081</x7>
			<y7>201.369079</y7>
			<x8>457.412114</x8>
			<y8>192.302463</y8>
			<x9>453.440162</x9>
			<y9>203.744949</y9>
			<x10>446.671231</x10>
			<y10>223.623561</y10>
			<x11>448.736806</x11>
			<y11>257.417416</y11>
			<x12>450.38922</x12>
			<y12>306.047593</y12>
			<x13>451.62855</x13>
			<y13>327.47781</y13>
		</polygon>
	</object>
	<object>
		<name>RPMU</name>
		<pose>Unspecified</pose>
		<truncated>0</truncated>
		<difficult>0</difficult>
		<occluded>0</occluded>
		<bndbox>
			<xmin>233</xmin>
			<xmax>260</xmax>
			<ymin>210</ymin>
			<ymax>353</ymax>
		</bndbox>
		<polygon>
			<x1>233.093398</x1>
			<y1>294.508219</y1>
			<x2>231.854069</x2>
			<y2>322.532369</y2>
			<x3>233.506521</x3>
			<y3>346.435344</y3>
			<x4>245.899818</x4>
			<y4>352.205012</y4>
			<x5>257.053785</x5>
			<y5>347.259572</y5>
			<x6>258.7062</x6>
			<y6>323.356634</y6>
			<x7>258.7062</x7>
			<y7>293.683992</y7>
			<x8>256.640663</x8>
			<y8>264.011349</y8>
			<x9>255.814456</x9>
			<y9>232.690214</y9>
			<x10>252.096466</x10>
			<y10>208.787239</y10>
			<x11>247.63916</x11>
			<y11>214.864698</y11>
			<x12>234.74585</x12>
			<y12>221.975106</y12>
			<x13>232.680276</x13>
			<y13>250.823483</y13>
			<x14>233.093398</x14>
			<y14>294.508219</y14>
		</polygon>
	</object>
	<object>
		<name>RCU</name>
		<pose>Unspecified</pose>
		<truncated>0</truncated>
		<difficult>0</difficult>
		<occluded>0</occluded>
		<bndbox>
			<xmin>251</xmin>
			<xmax>277</xmax>
			<ymin>202</ymin>
			<ymax>359</ymax>
		</bndbox>
		<polygon>
			<x1>254.162003</x1>
			<y1>231.041721</y1>
			<x2>254.162003</x2>
			<y2>263.187084</y2>
			<x3>254.162003</x3>
			<y3>297.805167</y3>
			<x4>250.857137</x4>
			<y4>329.126302</y4>
			<x5>250.030892</x5>
			<y5>349.732292</y5>
			<x6>257.46687</x6>
			<y6>356.326225</y6>
			<x7>268.207753</x7>
			<y7>357.974717</y7>
			<x8>274.404401</x8>
			<y8>351.380784</y8>
			<x9>276.469938</x9>
			<y9>333.247516</y9>
			<x10>275.230609</x10>
			<y10>310.993034</y10>
			<x11>275.230609</x11>
			<y11>283.793111</y11>
			<x12>275.230609</x12>
			<y12>244.229588</y12>
			<x13>271.925742</x13>
			<y13>213.732679</y13>
			<x14>267.79463</x14>
			<y14>200.544851</y14>
			<x15>258.797046</x15>
			<y15>209.922587</y15>
			<x16>254.162003</x16>
			<y16>231.041721</y16>
		</polygon>
	</object>
	<object>
		<name>RIU</name>
		<pose>Unspecified</pose>
		<truncated>0</truncated>
		<difficult>0</difficult>
		<occluded>0</occluded>
		<bndbox>
			<xmin>275</xmin>
			<xmax>297</xmax>
			<ymin>213</ymin>
			<ymax>366</ymax>
		</bndbox>
		<polygon>
			<x1>273.991279</x1>
			<y1>352.205012</y1>
			<x2>280.60105</x2>
			<y2>362.920158</y2>
			<x3>291.341895</x3>
			<y3>364.568613</y3>
			<x4>295.886091</x4>
			<y4>347.259572</y4>
			<x5>295.886091</x5>
			<y5>318.411194</y5>
			<x6>295.886091</x6>
			<y6>272.253737</y6>
			<x7>293.820554</x7>
			<y7>229.393266</y7>
			<x8>289.276358</x8>
			<y8>212.084224</y8>
			<x9>281.112817</x9>
			<y9>213.62917</y9>
			<x10>277.709268</x10>
			<y10>243.405323</y10>
			<x11>277.709268</x11>
			<y11>272.253737</y11>
			<x12>275.230609</x12>
			<y12>323.356634</y12>
			<x13>273.991279</x13>
			<y13>352.205012</y13>
		</polygon>
	</object>
	<object>
		<name>RIU</name>
		<pose>Unspecified</pose>
		<truncated>0</truncated>
		<difficult>0</difficult>
		<occluded>0</occluded>
		<bndbox>
			<xmin>292</xmin>
			<xmax>321</xmax>
			<ymin>210</ymin>
			<ymax>364</ymax>
		</bndbox>
		<polygon>
			<x1>296.299213</x1>
			<y1>362.920158</y1>
			<x2>310.758047</x2>
			<y2>358.798945</y2>
			<x3>317.367818</x3>
			<y3>344.786851</y3>
			<x4>320.259601</x4>
			<y4>313.465754</y4>
			<x5>318.607148</x5>
			<y5>278.023406</y5>
			<x6>318.194026</x6>
			<y6>235.987162</y6>
			<x7>310.344963</x7>
			<y7>209.611504</y7>
			<x8>297.951666</x8>
			<y8>208.787239</y8>
			<x9>293.510468</x9>
			<y9>224.748919</y9>
			<x10>293.407432</x10>
			<y10>265.659804</y10>
			<x11>293.407432</x11>
			<y11>312.641489</y11>
			<x12>290.928772</x12>
			<y12>342.314131</y12>
			<x13>296.299213</x13>
			<y13>362.920158</y13>
		</polygon>
	</object>
	<object>
		<name>RMU</name>
		<pose>Unspecified</pose>
		<truncated>0</truncated>
		<difficult>0</difficult>
		<occluded>0</occluded>
		<bndbox>
			<xmin>182</xmin>
			<xmax>218</xmax>
			<ymin>202</ymin>
			<ymax>333</ymax>
		</bndbox>
		<polygon>
			<x1>188.890651</x1>
			<y1>226.096281</y1>
			<x2>186.411992</x2>
			<y2>256.593189</y2>
			<x3>181.454673</x3>
			<y3>288.738551</y3>
			<x4>182.28088</x4>
			<y4>319.235422</y4>
			<x5>190.543066</x5>
			<y5>331.599022</y5>
			<x6>206.241267</x6>
			<y6>329.95053</y6>
			<x7>216.56899</x7>
			<y7>315.938474</y7>
			<x8>213.677245</x8>
			<y8>285.441566</y8>
			<x9>213.264123</x9>
			<y9>245.053815</y9>
			<x10>209.206442</x10>
			<y10>211.158115</y10>
			<x11>197.565959</x11>
			<y11>200.544851</y11>
			<x12>188.477529</x12>
			<y12>204.666064</y12>
			<x13>188.890651</x13>
			<y13>226.096281</y13>
		</polygon>
	</object>
	<object>
		<name>RMU</name>
		<pose>Unspecified</pose>
		<truncated>0</truncated>
		<difficult>0</difficult>
		<occluded>0</occluded>
		<bndbox>
			<xmin>150</xmin>
			<xmax>192</xmax>
			<ymin>188</ymin>
			<ymax>342</ymax>
		</bndbox>
		<polygon>
			<x1>155.841834</x1>
			<y1>250.823483</y1>
			<x2>152.123844</x2>
			<y2>278.023406</y2>
			<x3>148.818978</x3>
			<y3>300.277888</y3>
			<x4>154.602504</x4>
			<y4>327.47781</y4>
			<x5>169.47446</x5>
			<y5>340.665676</y5>
			<x6>183.933332</x6>
			<y6>334.895971</y6>
			<x7>183.933332</x7>
			<y7>304.3991</y7>
			<x8>185.172662</x8>
			<y8>274.726457</y8>
			<x9>190.129981</x9>
			<y9>237.635654</y9>
			<x10>191.369311</x10>
			<y10>202.193344</y10>
			<x11>181.04155</x11>
			<y11>187.357022</y11>
			<x12>170.300705</x12>
			<y12>190.65397</y12>
			<x13>164.5749</x13>
			<y13>201.273894</y13>
			<x14>157.081163</x14>
			<y14>222.799333</y14>
			<x15>155.841834</x15>
			<y15>250.823483</y15>
		</polygon>
	</object>
</annotation>
