<annotation>
	<folder></folder>
	<filename>37_jpg.rf.b75b10c3d957b4369bdc686d99f54750.jpg</filename>
	<path>37_jpg.rf.b75b10c3d957b4369bdc686d99f54750.jpg</path>
	<source>
		<database>roboflow.com</database>
	</source>
	<size>
		<width>640</width>
		<height>640</height>
		<depth>3</depth>
	</size>
	<segmented>0</segmented>
	<object>
		<name>RIU</name>
		<pose>Unspecified</pose>
		<truncated>0</truncated>
		<difficult>0</difficult>
		<occluded>0</occluded>
		<bndbox>
			<xmin>287</xmin>
			<xmax>321</xmax>
			<ymin>239</ymin>
			<ymax>399</ymax>
		</bndbox>
		<polygon>
			<x1>310.944635</x1>
			<y1>248</y1>
			<x2>310.944635</x2>
			<y2>246.75</y2>
			<x3>304.673199</x3>
			<y3>238</y3>
			<x4>298.401764</x4>
			<y4>238</y4>
			<x5>291.503185</x5>
			<y5>238</y5>
			<x6>287.740323</x6>
			<y6>253</y6>
			<x7>289.621754</x7>
			<y7>261.75</y7>
			<x8>287.11318</x8>
			<y8>300.5</y8>
			<x9>287.11318</x9>
			<y9>325.5</y9>
			<x10>286.486036</x10>
			<y10>349.25</y10>
			<x11>286.486036</x11>
			<y11>371.75</y11>
			<x12>286.486036</x12>
			<y12>380.5</y12>
			<x13>289.621754</x13>
			<y13>394.25</y13>
			<x14>297.147477</x14>
			<y14>395.5</y14>
			<x15>310.944635</x15>
			<y15>398</y15>
			<x16>315.961783</x16>
			<y16>396.75</y16>
			<x17>319.724645</x17>
			<y17>379.25</y17>
			<x18>317.843214</x18>
			<y18>351.75</y18>
			<x19>315.33464</x19>
			<y19>336.75</y19>
			<x20>314.080353</x20>
			<y20>314.25</y20>
			<x21>313.453209</x21>
			<y21>288</y21>
			<x22>313.453209</x22>
			<y22>271.75</y22>
			<x23>310.944635</x23>
			<y23>248</y23>
		</polygon>
	</object>
	<object>
		<name>RPMU</name>
		<pose>Unspecified</pose>
		<truncated>0</truncated>
		<difficult>0</difficult>
		<occluded>0</occluded>
		<bndbox>
			<xmin>192</xmin>
			<xmax>216</xmax>
			<ymin>223</ymin>
			<ymax>365</ymax>
		</bndbox>
		<polygon>
			<x1>191.160216</x1>
			<y1>351.75</y1>
			<x2>199.940225</x2>
			<y2>364.25</y2>
			<x3>211.855953</x3>
			<y3>363</y3>
			<x4>212.483097</x4>
			<y4>343</y4>
			<x5>211.855953</x5>
			<y5>311.75</y5>
			<x6>213.11024</x6>
			<y6>274.25</y6>
			<x7>214.991671</x7>
			<y7>244.25</y7>
			<x8>213.11024</x8>
			<y8>221.75</y8>
			<x9>197.431651</x9>
			<y9>233</y9>
			<x10>194.923077</x10>
			<y10>276.75</y10>
			<x11>194.923077</x11>
			<y11>303</y11>
			<x12>192.414503</x12>
			<y12>329.25</y12>
			<x13>191.160216</x13>
			<y13>351.75</y13>
		</polygon>
	</object>
	<object>
		<name>RPMU</name>
		<pose>Unspecified</pose>
		<truncated>0</truncated>
		<difficult>0</difficult>
		<occluded>0</occluded>
		<bndbox>
			<xmin>213</xmin>
			<xmax>237</xmax>
			<ymin>232</ymin>
			<ymax>380</ymax>
		</bndbox>
		<polygon>
			<x1>214.364527</x1>
			<y1>365.5</y1>
			<x2>223.144537</x2>
			<y2>379.25</y2>
			<x3>230.043116</x3>
			<y3>370.5</y3>
			<x4>235.687408</x4>
			<y4>360.5</y4>
			<x5>234.433121</x5>
			<y5>326.75</y5>
			<x6>233.805977</x6>
			<y6>270.5</y6>
			<x7>228.161685</x7>
			<y7>230.5</y7>
			<x8>221.89025</x8>
			<y8>238</y8>
			<x9>220.635963</x9>
			<y9>243</y9>
			<x10>218.754532</x10>
			<y10>308</y10>
			<x11>216.245958</x11>
			<y11>333</y11>
			<x12>211.855953</x12>
			<y12>345.5</y12>
			<x13>214.364527</x13>
			<y13>365.5</y13>
		</polygon>
	</object>
	<object>
		<name>RCU</name>
		<pose>Unspecified</pose>
		<truncated>0</truncated>
		<difficult>0</difficult>
		<occluded>0</occluded>
		<bndbox>
			<xmin>235</xmin>
			<xmax>261</xmax>
			<ymin>222</ymin>
			<ymax>392</ymax>
		</bndbox>
		<polygon>
			<x1>249.484566</x1>
			<y1>235.5</y1>
			<x2>247.603136</x2>
			<y2>230.5</y2>
			<x3>245.094561</x3>
			<y3>225.5</y3>
			<x4>241.958844</x4>
			<y4>220.5</y4>
			<x5>236.314552</x5>
			<y5>220.5</y5>
			<x6>236.314552</x6>
			<y6>240.5</y6>
			<x7>236.314552</x7>
			<y7>284.25</y7>
			<x8>238.195982</x8>
			<y8>320.5</y8>
			<x9>236.314552</x9>
			<y9>344.25</y9>
			<x10>234.433121</x10>
			<y10>365.5</y10>
			<x11>236.941695</x11>
			<y11>383</y11>
			<x12>243.213131</x12>
			<y12>390.5</y12>
			<x13>251.365997</x13>
			<y13>386.75</y13>
			<x14>256.383146</x14>
			<y14>379.25</y14>
			<x15>259.518863</x15>
			<y15>368</y15>
			<x16>258.89172</x16>
			<y16>344.25</y16>
			<x17>256.383146</x17>
			<y17>324.25</y17>
			<x18>257.010289</x18>
			<y18>318</y18>
			<x19>257.010289</x19>
			<y19>286.75</y19>
			<x20>256.383146</x20>
			<y20>266.75</y20>
			<x21>252.620284</x21>
			<y21>245.5</y21>
			<x22>249.484566</x22>
			<y22>235.5</y22>
		</polygon>
	</object>
	<object>
		<name>RIU</name>
		<pose>Unspecified</pose>
		<truncated>0</truncated>
		<difficult>0</difficult>
		<occluded>0</occluded>
		<bndbox>
			<xmin>262</xmin>
			<xmax>286</xmax>
			<ymin>248</ymin>
			<ymax>390</ymax>
		</bndbox>
		<polygon>
			<x1>283.350318</x1>
			<y1>268</y1>
			<x2>278.33317</x2>
			<y2>254.25</y2>
			<x3>274.570309</x3>
			<y3>246.75</y3>
			<x4>268.926017</x4>
			<y4>246.75</y4>
			<x5>265.163155</x5>
			<y5>256.75</y5>
			<x6>263.908868</x6>
			<y6>301.75</y6>
			<x7>262.654581</x7>
			<y7>331.75</y7>
			<x8>262.654581</x8>
			<y8>341.75</y8>
			<x9>262.027438</x9>
			<y9>356.75</y9>
			<x10>261.400294</x10>
			<y10>365.5</y10>
			<x11>262.654581</x11>
			<y11>383</y11>
			<x12>275.197452</x12>
			<y12>389.25</y12>
			<x13>277.706026</x13>
			<y13>389.25</y13>
			<x14>283.350318</x14>
			<y14>383</y14>
			<x15>284.604606</x15>
			<y15>368</y15>
			<x16>284.604606</x16>
			<y16>354.25</y16>
			<x17>282.723175</x17>
			<y17>338</y17>
			<x18>283.350318</x18>
			<y18>321.75</y18>
			<x19>283.350318</x19>
			<y19>311.75</y19>
			<x20>283.977462</x20>
			<y20>294.25</y20>
			<x21>283.350318</x21>
			<y21>268</y21>
		</polygon>
	</object>
	<object>
		<name>RMU</name>
		<pose>Unspecified</pose>
		<truncated>0</truncated>
		<difficult>0</difficult>
		<occluded>0</occluded>
		<bndbox>
			<xmin>163</xmin>
			<xmax>191</xmax>
			<ymin>239</ymin>
			<ymax>338</ymax>
		</bndbox>
		<polygon>
			<x1>189.278785</x1>
			<y1>271.75</y1>
			<x2>185.515924</x2>
			<y2>246.75</y2>
			<x3>184.261636</x3>
			<y3>239.25</y3>
			<x4>171.718765</x4>
			<y4>238</y4>
			<x5>161.684468</x5>
			<y5>245.5</y5>
			<x6>166.074473</x6>
			<y6>300.5</y6>
			<x7>172.345909</x7>
			<y7>336.75</y7>
			<x8>188.024498</x8>
			<y8>333</y8>
			<x9>189.278785</x9>
			<y9>309.25</y9>
			<x10>189.905928</x10>
			<y10>290.5</y10>
			<x11>189.278785</x11>
			<y11>271.75</y11>
		</polygon>
	</object>
	<object>
		<name>RMU</name>
		<pose>Unspecified</pose>
		<truncated>0</truncated>
		<difficult>0</difficult>
		<occluded>0</occluded>
		<bndbox>
			<xmin>133</xmin>
			<xmax>175</xmax>
			<ymin>233</ymin>
			<ymax>368</ymax>
		</bndbox>
		<polygon>
			<x1>134.717295</x1>
			<y1>334.25</y1>
			<x2>132.208721</x2>
			<y2>343</y2>
			<x3>139.1073</x3>
			<y3>361.75</y3>
			<x4>149.141597</x4>
			<y4>364.25</y4>
			<x5>161.684468</x5>
			<y5>366.75</y5>
			<x6>174.22734</x6>
			<y6>353</y6>
			<x7>172.345909</x7>
			<y7>326.75</y7>
			<x8>164.193043</x8>
			<y8>280.5</y8>
			<x9>159.803038</x9>
			<y9>249.25</y9>
			<x10>156.040176</x10>
			<y10>231.75</y10>
			<x11>137.22587</x11>
			<y11>243</y11>
			<x12>140.988731</x12>
			<y12>285.5</y12>
			<x13>140.361587</x13>
			<y13>313</y13>
			<x14>134.717295</x14>
			<y14>334.25</y14>
		</polygon>
	</object>
	<object>
		<name>RMU</name>
		<pose>Unspecified</pose>
		<truncated>0</truncated>
		<difficult>0</difficult>
		<occluded>0</occluded>
		<bndbox>
			<xmin>105</xmin>
			<xmax>143</xmax>
			<ymin>232</ymin>
			<ymax>330</ymax>
		</bndbox>
		<polygon>
			<x1>122.801568</x1>
			<y1>324.25</y1>
			<x2>128.44586</x2>
			<y2>326.75</y2>
			<x3>135.971583</x3>
			<y3>329.25</y3>
			<x4>141.615875</x4>
			<y4>298</y4>
			<x5>139.1073</x5>
			<y5>266.75</y5>
			<x6>135.971583</x6>
			<y6>236.75</y6>
			<x7>122.801568</x7>
			<y7>230.5</y7>
			<x8>114.648702</x8>
			<y8>239.25</y8>
			<x9>109.631553</x9>
			<y9>245.5</y9>
			<x10>108.377266</x10>
			<y10>279.25</y10>
			<x11>103.987261</x11>
			<y11>304.25</y11>
			<x12>110.258697</x12>
			<y12>319.25</y12>
			<x13>122.801568</x13>
			<y13>324.25</y13>
		</polygon>
	</object>
	<object>
		<name>RMD</name>
		<pose>Unspecified</pose>
		<truncated>0</truncated>
		<difficult>0</difficult>
		<occluded>0</occluded>
		<bndbox>
			<xmin>92</xmin>
			<xmax>158</xmax>
			<ymin>343</ymin>
			<ymax>435</ymax>
		</bndbox>
		<polygon>
			<x1>129.700147</x1>
			<y1>341.75</y1>
			<x2>127.191573</x2>
			<y2>346.75</y2>
			<x3>118.411563</x3>
			<y3>356.75</y3>
			<x4>109.00441</x4>
			<y4>374.25</y4>
			<x5>94.580108</x5>
			<y5>394.25</y5>
			<x6>91.44439</x6>
			<y6>405.5</y6>
			<x7>91.44439</x7>
			<y7>424.25</y7>
			<x8>99.597256</x8>
			<y8>434.25</y8>
			<x9>115.275845</x9>
			<y9>431.75</y9>
			<x10>137.22587</x10>
			<y10>424.25</y10>
			<x11>148.514454</x11>
			<y11>420.5</y11>
			<x12>157.294463</x12>
			<y12>398</y12>
			<x13>151.023028</x13>
			<y13>379.25</y13>
			<x14>145.378736</x14>
			<y14>370.5</y14>
			<x15>135.971583</x15>
			<y15>358</y15>
			<x16>129.700147</x16>
			<y16>341.75</y16>
		</polygon>
	</object>
	<object>
		<name>RID</name>
		<pose>Unspecified</pose>
		<truncated>0</truncated>
		<difficult>0</difficult>
		<occluded>0</occluded>
		<bndbox>
			<xmin>282</xmin>
			<xmax>316</xmax>
			<ymin>412</ymin>
			<ymax>492</ymax>
		</bndbox>
		<polygon>
			<x1>295.89319</x1>
			<y1>411.75</y1>
			<x2>290.248898</x2>
			<y2>445.5</y2>
			<x3>281.468888</x3>
			<y3>490.5</y3>
			<x4>283.350318</x4>
			<y4>490.5</y4>
			<x5>292.757472</x5>
			<y5>489.25</y5>
			<x6>307.181774</x6>
			<y6>461.75</y6>
			<x7>313.453209</x7>
			<y7>436.75</y7>
			<x8>314.707496</x8>
			<y8>410.5</y8>
			<x9>295.89319</x9>
			<y9>411.75</y9>
		</polygon>
	</object>
	<object>
		<name>RID</name>
		<pose>Unspecified</pose>
		<truncated>0</truncated>
		<difficult>0</difficult>
		<occluded>0</occluded>
		<bndbox>
			<xmin>259</xmin>
			<xmax>295</xmax>
			<ymin>404</ymin>
			<ymax>503</ymax>
		</bndbox>
		<polygon>
			<x1>268.926017</x1>
			<y1>500.5</y1>
			<x2>278.33317</x2>
			<y2>489.25</y2>
			<x3>287.740323</x3>
			<y3>453</y3>
			<x4>289.621754</x4>
			<y4>436.75</y4>
			<x5>294.011759</x5>
			<y5>419.25</y5>
			<x6>294.011759</x6>
			<y6>403</y6>
			<x7>272.061734</x7>
			<y7>409.25</y7>
			<x8>266.417442</x8>
			<y8>438</y8>
			<x9>262.654581</x9>
			<y9>469.25</y9>
			<x10>257.637433</x10>
			<y10>493</y10>
			<x11>263.281725</x11>
			<y11>501.75</y11>
			<x12>268.926017</x12>
			<y12>500.5</y12>
		</polygon>
	</object>
	<object>
		<name>RCD</name>
		<pose>Unspecified</pose>
		<truncated>0</truncated>
		<difficult>0</difficult>
		<occluded>0</occluded>
		<bndbox>
			<xmin>224</xmin>
			<xmax>273</xmax>
			<ymin>400</ymin>
			<ymax>524</ymax>
		</bndbox>
		<polygon>
			<x1>247.603136</x1>
			<y1>495.5</y1>
			<x2>262.654581</x2>
			<y2>450.5</y2>
			<x3>272.061734</x3>
			<y3>411.75</y3>
			<x4>260.146007</x4>
			<y4>399.25</y4>
			<x5>248.230279</x5>
			<y5>406.75</y5>
			<x6>241.3317</x6>
			<y6>439.25</y6>
			<x7>235.060265</x7>
			<y7>474.25</y7>
			<x8>222.517393</x8>
			<y8>508</y8>
			<x9>223.771681</x9>
			<y9>523</y9>
			<x10>234.433121</x10>
			<y10>511.75</y10>
			<x11>247.603136</x11>
			<y11>495.5</y11>
		</polygon>
	</object>
	<object>
		<name>RPMD</name>
		<pose>Unspecified</pose>
		<truncated>0</truncated>
		<difficult>0</difficult>
		<occluded>0</occluded>
		<bndbox>
			<xmin>211</xmin>
			<xmax>250</xmax>
			<ymin>392</ymin>
			<ymax>519</ymax>
		</bndbox>
		<polygon>
			<x1>213.737384</x1>
			<y1>478</y1>
			<x2>209.974522</x2>
			<y2>504.25</y2>
			<x3>211.228809</x3>
			<y3>518</y3>
			<x4>221.89025</x4>
			<y4>499.25</y4>
			<x5>228.788829</x5>
			<y5>480.5</y5>
			<x6>234.433121</x6>
			<y6>455.5</y6>
			<x7>238.195982</x7>
			<y7>434.25</y7>
			<x8>246.348849</x8>
			<y8>418</y8>
			<x9>248.857423</x9>
			<y9>401.75</y9>
			<x10>236.941695</x10>
			<y10>390.5</y10>
			<x11>226.280255</x11>
			<y11>391.75</y11>
			<x12>222.517393</x12>
			<y12>428</y12>
			<x13>217.500245</x13>
			<y13>449.25</y13>
			<x14>213.737384</x14>
			<y14>478</y14>
		</polygon>
	</object>
	<object>
		<name>RPMD</name>
		<pose>Unspecified</pose>
		<truncated>0</truncated>
		<difficult>0</difficult>
		<occluded>0</occluded>
		<bndbox>
			<xmin>185</xmin>
			<xmax>225</xmax>
			<ymin>379</ymin>
			<ymax>520</ymax>
		</bndbox>
		<polygon>
			<x1>185.515924</x1>
			<y1>519.25</y1>
			<x2>198.058795</x2>
			<y2>499.25</y2>
			<x3>209.974522</x3>
			<y3>463</y3>
			<x4>218.754532</x4>
			<y4>435.5</y4>
			<x5>223.144537</x5>
			<y5>410.5</y5>
			<x6>224.398824</x6>
			<y6>391.75</y6>
			<x7>215.618814</x7>
			<y7>378</y7>
			<x8>206.211661</x8>
			<y8>383</y8>
			<x9>203.075943</x9>
			<y9>391.75</y9>
			<x10>198.685938</x10>
			<y10>431.75</y10>
			<x11>190.533072</x11>
			<y11>473</y11>
			<x12>183.634493</x12>
			<y12>509.25</y12>
			<x13>185.515924</x13>
			<y13>519.25</y13>
		</polygon>
	</object>
	<object>
		<name>LIU</name>
		<pose>Unspecified</pose>
		<truncated>0</truncated>
		<difficult>0</difficult>
		<occluded>0</occluded>
		<bndbox>
			<xmin>321</xmin>
			<xmax>351</xmax>
			<ymin>234</ymin>
			<ymax>400</ymax>
		</bndbox>
		<polygon>
			<x1>350.454679</x1>
			<y1>391.75</y1>
			<x2>349.827536</x2>
			<y2>340.5</y2>
			<x3>349.200392</x3>
			<y3>290.5</y3>
			<x4>344.810387</x4>
			<y4>233</y4>
			<x5>325.368937</x5>
			<y5>236.75</y5>
			<x6>320.978932</x6>
			<y6>249.25</y6>
			<x7>324.741793</x7>
			<y7>255.5</y7>
			<x8>324.11465</x8>
			<y8>311.75</y8>
			<x9>320.351788</x9>
			<y9>349.25</y9>
			<x10>320.351788</x10>
			<y10>394.25</y10>
			<x11>337.911808</x11>
			<y11>399.25</y11>
			<x12>350.454679</x12>
			<y12>391.75</y12>
		</polygon>
	</object>
	<object>
		<name>LIU</name>
		<pose>Unspecified</pose>
		<truncated>0</truncated>
		<difficult>0</difficult>
		<occluded>0</occluded>
		<bndbox>
			<xmin>351</xmin>
			<xmax>378</xmax>
			<ymin>250</ymin>
			<ymax>394</ymax>
		</bndbox>
		<polygon>
			<x1>376.794708</x1>
			<y1>294.25</y1>
			<x2>373.031847</x2>
			<y2>249.25</y2>
			<x3>358.607545</x3>
			<y3>261.75</y3>
			<x4>352.963253</x4>
			<y4>324.25</y4>
			<x5>350.454679</x5>
			<y5>366.75</y5>
			<x6>354.844684</x6>
			<y6>391.75</y6>
			<x7>373.031847</x7>
			<y7>393</y7>
			<x8>377.421852</x8>
			<y8>380.5</y8>
			<x9>375.540421</x9>
			<y9>351.75</y9>
			<x10>376.794708</x10>
			<y10>294.25</y10>
		</polygon>
	</object>
	<object>
		<name>LCU</name>
		<pose>Unspecified</pose>
		<truncated>0</truncated>
		<difficult>0</difficult>
		<occluded>0</occluded>
		<bndbox>
			<xmin>377</xmin>
			<xmax>409</xmax>
			<ymin>224</ymin>
			<ymax>397</ymax>
		</bndbox>
		<polygon>
			<x1>376.167565</x1>
			<y1>365.5</y1>
			<x2>383.693288</x2>
			<y2>391.75</y2>
			<x3>393.100441</x3>
			<y3>395.5</y3>
			<x4>403.134738</x4>
			<y4>380.5</y4>
			<x5>401.880451</x5>
			<y5>350.5</y5>
			<x6>401.253307</x6>
			<y6>316.75</y6>
			<x7>403.134738</x7>
			<y7>293</y7>
			<x8>405.643312</x8>
			<y8>266.75</y8>
			<x9>408.151886</x9>
			<y9>223</y9>
			<x10>393.100441</x10>
			<y10>230.5</y10>
			<x11>392.473297</x11>
			<y11>243</y11>
			<x12>384.947575</x12>
			<y12>295.5</y12>
			<x13>379.930426</x13>
			<y13>345.5</y13>
			<x14>376.167565</x14>
			<y14>365.5</y14>
		</polygon>
	</object>
	<object>
		<name>LPMU</name>
		<pose>Unspecified</pose>
		<truncated>0</truncated>
		<difficult>0</difficult>
		<occluded>0</occluded>
		<bndbox>
			<xmin>401</xmin>
			<xmax>429</xmax>
			<ymin>228</ymin>
			<ymax>383</ymax>
		</bndbox>
		<polygon>
			<x1>428.22048</x1>
			<y1>259.25</y1>
			<x2>424.457619</x2>
			<y2>226.75</y2>
			<x3>412.541891</x3>
			<y3>234.25</y3>
			<x4>403.134738</x4>
			<y4>301.75</y4>
			<x5>399.99902</x5>
			<y5>348</y5>
			<x6>405.016169</x6>
			<y6>381.75</y6>
			<x7>418.186183</x7>
			<y7>379.25</y7>
			<x8>425.711906</x8>
			<y8>368</y8>
			<x9>424.457619</x9>
			<y9>320.5</y9>
			<x10>428.22048</x10>
			<y10>259.25</y10>
		</polygon>
	</object>
	<object>
		<name>LPMU</name>
		<pose>Unspecified</pose>
		<truncated>0</truncated>
		<difficult>0</difficult>
		<occluded>0</occluded>
		<bndbox>
			<xmin>426</xmin>
			<xmax>449</xmax>
			<ymin>237</ymin>
			<ymax>367</ymax>
		</bndbox>
		<polygon>
			<x1>426.966193</x1>
			<y1>364.25</y1>
			<x2>440.763351</x2>
			<y2>365.5</y2>
			<x3>448.289074</x3>
			<y3>361.75</y3>
			<x4>443.271926</x4>
			<y4>329.25</y4>
			<x5>444.526213</x5>
			<y5>289.25</y5>
			<x6>446.407643</x6>
			<y6>259.25</y6>
			<x7>443.271926</x7>
			<y7>240.5</y7>
			<x8>442.017638</x8>
			<y8>235.5</y8>
			<x9>434.491916</x9>
			<y9>240.5</y9>
			<x10>426.339049</x10>
			<y10>284.25</y10>
			<x11>426.966193</x11>
			<y11>326.75</y11>
			<x12>425.084762</x12>
			<y12>341.75</y12>
			<x13>426.966193</x13>
			<y13>364.25</y13>
		</polygon>
	</object>
	<object>
		<name>LMU</name>
		<pose>Unspecified</pose>
		<truncated>0</truncated>
		<difficult>0</difficult>
		<occluded>0</occluded>
		<bndbox>
			<xmin>445</xmin>
			<xmax>483</xmax>
			<ymin>229</ymin>
			<ymax>364</ymax>
		</bndbox>
		<polygon>
			<x1>472.120529</x1>
			<y1>358</y1>
			<x2>482.154826</x2>
			<y2>344.25</y2>
			<x3>478.391965</x3>
			<y3>304.25</y3>
			<x4>475.256247</x4>
			<y4>280.5</y4>
			<x5>478.391965</x5>
			<y5>244.25</y5>
			<x6>476.510534</x6>
			<y6>228</y6>
			<x7>458.950514</x7>
			<y7>235.5</y7>
			<x8>452.679079</x8>
			<y8>290.5</y8>
			<x9>443.899069</x9>
			<y9>330.5</y9>
			<x10>447.034787</x10>
			<y10>363</y10>
			<x11>462.086232</x11>
			<y11>361.75</y11>
			<x12>472.120529</x12>
			<y12>358</y12>
		</polygon>
	</object>
	<object>
		<name>LMU</name>
		<pose>Unspecified</pose>
		<truncated>0</truncated>
		<difficult>0</difficult>
		<occluded>0</occluded>
		<bndbox>
			<xmin>481</xmin>
			<xmax>519</xmax>
			<ymin>219</ymin>
			<ymax>353</ymax>
		</bndbox>
		<polygon>
			<x1>481.527683</x1>
			<y1>281.75</y1>
			<x2>479.646252</x2>
			<y2>321.75</y2>
			<x3>484.036257</x3>
			<y3>343</y3>
			<x4>491.561979</x4>
			<y4>351.75</y4>
			<x5>505.986281</x5>
			<y5>343</y5>
			<x6>516.020578</x6>
			<y6>326.75</y6>
			<x7>517.902009</x7>
			<y7>298</y7>
			<x8>508.494855</x8>
			<y8>288</y8>
			<x9>499.087702</x9>
			<y9>266.75</y9>
			<x10>500.969133</x10>
			<y10>234.25</y10>
			<x11>504.731994</x11>
			<y11>218</y11>
			<x12>495.951984</x12>
			<y12>218</y12>
			<x13>489.680549</x13>
			<y13>221.75</y13>
			<x14>484.6634</x14>
			<y14>226.75</y14>
			<x15>483.409113</x15>
			<y15>241.75</y15>
			<x16>481.527683</x16>
			<y16>281.75</y16>
		</polygon>
	</object>
	<object>
		<name>LMU</name>
		<pose>Unspecified</pose>
		<truncated>0</truncated>
		<difficult>0</difficult>
		<occluded>0</occluded>
		<bndbox>
			<xmin>499</xmin>
			<xmax>541</xmax>
			<ymin>185</ymin>
			<ymax>292</ymax>
		</bndbox>
		<polygon>
			<x1>499.714846</x1>
			<y1>249.25</y1>
			<x2>498.460559</x2>
			<y2>274.25</y2>
			<x3>507.867712</x3>
			<y3>278</y3>
			<x4>518.529152</x4>
			<y4>290.5</y4>
			<x5>532.953454</x5>
			<y5>289.25</y5>
			<x6>539.852033</x6>
			<y6>278</y6>
			<x7>540.479177</x7>
			<y7>244.25</y7>
			<x8>539.852033</x8>
			<y8>226.75</y8>
			<x9>537.343459</x9>
			<y9>209.25</y9>
			<x10>534.834885</x10>
			<y10>194.25</y10>
			<x11>532.953454</x11>
			<y11>185.5</y11>
			<x12>524.173444</x12>
			<y12>184.25</y12>
			<x13>520.410583</x13>
			<y13>196.75</y13>
			<x14>506.613425</x14>
			<y14>233</y14>
			<x15>499.714846</x15>
			<y15>249.25</y15>
		</polygon>
	</object>
	<object>
		<name>LID</name>
		<pose>Unspecified</pose>
		<truncated>0</truncated>
		<difficult>0</difficult>
		<occluded>0</occluded>
		<bndbox>
			<xmin>315</xmin>
			<xmax>338</xmax>
			<ymin>408</ymin>
			<ymax>502</ymax>
		</bndbox>
		<polygon>
			<x1>315.33464</x1>
			<y1>419.25</y1>
			<x2>314.080353</x2>
			<y2>478</y2>
			<x3>319.097501</x3>
			<y3>500.5</y3>
			<x4>328.504655</x4>
			<y4>479.25</y4>
			<x5>336.657521</x5>
			<y5>449.25</y5>
			<x6>336.030377</x6>
			<y6>428</y6>
			<x7>336.030377</x7>
			<y7>406.75</y7>
			<x8>318.470358</x8>
			<y8>409.25</y8>
			<x9>315.33464</x9>
			<y9>419.25</y9>
		</polygon>
	</object>
	<object>
		<name>LID</name>
		<pose>Unspecified</pose>
		<truncated>0</truncated>
		<difficult>0</difficult>
		<occluded>0</occluded>
		<bndbox>
			<xmin>337</xmin>
			<xmax>361</xmax>
			<ymin>413</ymin>
			<ymax>502</ymax>
		</bndbox>
		<polygon>
			<x1>337.284664</x1>
			<y1>411.75</y1>
			<x2>336.030377</x2>
			<y2>491.75</y2>
			<x3>347.946105</x3>
			<y3>500.5</y3>
			<x4>356.098971</x4>
			<y4>498</y4>
			<x5>358.607545</x5>
			<y5>466.75</y5>
			<x6>360.488976</x6>
			<y6>438</y6>
			<x7>360.488976</x7>
			<y7>414.25</y7>
			<x8>345.437531</x8>
			<y8>413</y8>
			<x9>337.284664</x9>
			<y9>411.75</y9>
		</polygon>
	</object>
	<object>
		<name>LCD</name>
		<pose>Unspecified</pose>
		<truncated>0</truncated>
		<difficult>0</difficult>
		<occluded>0</occluded>
		<bndbox>
			<xmin>363</xmin>
			<xmax>391</xmax>
			<ymin>402</ymin>
			<ymax>527</ymax>
		</bndbox>
		<polygon>
			<x1>381.184713</x1>
			<y1>520.5</y1>
			<x2>389.964723</x2>
			<y2>525.5</y2>
			<x3>386.829005</x3>
			<y3>498</y3>
			<x4>386.829005</x4>
			<y4>450.5</y4>
			<x5>386.829005</x5>
			<y5>431.75</y5>
			<x6>384.320431</x6>
			<y6>414.25</y6>
			<x7>381.184713</x7>
			<y7>400.5</y7>
			<x8>371.150416</x8>
			<y8>403</y8>
			<x9>361.743263</x9>
			<y9>409.25</y9>
			<x10>362.370407</x10>
			<y10>435.5</y10>
			<x11>364.251837</x11>
			<y11>459.25</y11>
			<x12>368.641842</x12>
			<y12>496.75</y12>
			<x13>381.184713</x13>
			<y13>520.5</y13>
		</polygon>
	</object>
	<object>
		<name>LPMD</name>
		<pose>Unspecified</pose>
		<truncated>0</truncated>
		<difficult>0</difficult>
		<occluded>0</occluded>
		<bndbox>
			<xmin>387</xmin>
			<xmax>419</xmax>
			<ymin>392</ymin>
			<ymax>524</ymax>
		</bndbox>
		<polygon>
			<x1>406.897599</x1>
			<y1>518</y1>
			<x2>415.677609</x2>
			<y2>523</y2>
			<x3>417.55904</x3>
			<y3>503</y3>
			<x4>407.524743</x4>
			<y4>470.5</y4>
			<x5>409.406173</x5>
			<y5>441.75</y5>
			<x6>408.77903</x6>
			<y6>414.25</y6>
			<x7>400.626164</x7>
			<y7>390.5</y7>
			<x8>389.964723</x8>
			<y8>393</y8>
			<x9>385.574718</x9>
			<y9>405.5</y9>
			<x10>387.456149</x10>
			<y10>433</y10>
			<x11>393.727585</x11>
			<y11>476.75</y11>
			<x12>402.507594</x12>
			<y12>503</y12>
			<x13>406.897599</x13>
			<y13>518</y13>
		</polygon>
	</object>
	<object>
		<name>LPMD</name>
		<pose>Unspecified</pose>
		<truncated>0</truncated>
		<difficult>0</difficult>
		<occluded>0</occluded>
		<bndbox>
			<xmin>407</xmin>
			<xmax>439</xmax>
			<ymin>382</ymin>
			<ymax>529</ymax>
		</bndbox>
		<polygon>
			<x1>437.627634</x1>
			<y1>528</y1>
			<x2>437.00049</x2>
			<y2>496.75</y2>
			<x3>433.237629</x3>
			<y3>466.75</y3>
			<x4>432.610485</x4>
			<y4>458</y4>
			<x5>433.237629</x5>
			<y5>420.5</y5>
			<x6>429.474767</x6>
			<y6>391.75</y6>
			<x7>425.711906</x7>
			<y7>380.5</y7>
			<x8>416.304753</x8>
			<y8>380.5</y8>
			<x9>405.643312</x9>
			<y9>393</y9>
			<x10>413.169035</x10>
			<y10>433</y10>
			<x11>417.55904</x11>
			<y11>475.5</y11>
			<x12>432.610485</x12>
			<y12>520.5</y12>
			<x13>437.627634</x13>
			<y13>528</y13>
		</polygon>
	</object>
	<object>
		<name>LMD</name>
		<pose>Unspecified</pose>
		<truncated>0</truncated>
		<difficult>0</difficult>
		<occluded>0</occluded>
		<bndbox>
			<xmin>429</xmin>
			<xmax>480</xmax>
			<ymin>372</ymin>
			<ymax>510</ymax>
		</bndbox>
		<polygon>
			<x1>457.696227</x1>
			<y1>509.25</y1>
			<x2>465.849094</x2>
			<y2>501.75</y2>
			<x3>479.019108</x3>
			<y3>494.25</y3>
			<x4>472.747673</x4>
			<y4>438</y4>
			<x5>468.984811</x5>
			<y5>416.75</y5>
			<x6>466.476237</x6>
			<y6>384.25</y6>
			<x7>460.204802</x7>
			<y7>370.5</y7>
			<x8>449.543361</x8>
			<y8>370.5</y8>
			<x9>428.22048</x9>
			<y9>373</y9>
			<x10>433.237629</x10>
			<y10>415.5</y10>
			<x11>440.763351</x11>
			<y11>448</y11>
			<x12>449.543361</x12>
			<y12>499.25</y12>
			<x13>457.696227</x13>
			<y13>509.25</y13>
		</polygon>
	</object>
	<object>
		<name>LMD</name>
		<pose>Unspecified</pose>
		<truncated>0</truncated>
		<difficult>0</difficult>
		<occluded>0</occluded>
		<bndbox>
			<xmin>467</xmin>
			<xmax>520</xmax>
			<ymin>357</ymin>
			<ymax>492</ymax>
		</bndbox>
		<polygon>
			<x1>468.984811</x1>
			<y1>405.5</y1>
			<x2>470.866242</x2>
			<y2>409.25</y2>
			<x3>479.646252</x3>
			<y3>440.5</y3>
			<x4>487.171975</x4>
			<y4>473</y4>
			<x5>496.579128</x5>
			<y5>486.75</y5>
			<x6>500.969133</x6>
			<y6>490.5</y6>
			<x7>516.647722</x7>
			<y7>479.25</y7>
			<x8>518.529152</x8>
			<y8>469.25</y8>
			<x9>509.121999</x9>
			<y9>431.75</y9>
			<x10>508.494855</x10>
			<y10>406.75</y10>
			<x11>508.494855</x11>
			<y11>378</y11>
			<x12>500.969133</x12>
			<y12>355.5</y12>
			<x13>485.917687</x13>
			<y13>365.5</y13>
			<x14>469.611955</x14>
			<y14>366.75</y14>
			<x15>466.476237</x15>
			<y15>366.75</y15>
			<x16>468.984811</x16>
			<y16>405.5</y16>
		</polygon>
	</object>
	<object>
		<name>LMD</name>
		<pose>Unspecified</pose>
		<truncated>0</truncated>
		<difficult>0</difficult>
		<occluded>0</occluded>
		<bndbox>
			<xmin>506</xmin>
			<xmax>568</xmax>
			<ymin>353</ymin>
			<ymax>452</ymax>
		</bndbox>
		<polygon>
			<x1>511.00343</x1>
			<y1>391.75</y1>
			<x2>507.867712</x2>
			<y2>409.25</y2>
			<x3>504.731994</x3>
			<y3>420.5</y3>
			<x4>513.512004</x4>
			<y4>433</y4>
			<x5>529.190593</x5>
			<y5>444.25</y5>
			<x6>545.496325</x6>
			<y6>448</y6>
			<x7>553.649192</x7>
			<y7>450.5</y7>
			<x8>562.429201</x8>
			<y8>421.75</y8>
			<x9>566.819206</x9>
			<y9>409.25</y9>
			<x10>544.242038</x10>
			<y10>380.5</y10>
			<x11>534.834885</x11>
			<y11>356.75</y11>
			<x12>532.953454</x12>
			<y12>354.25</y12>
			<x13>524.173444</x13>
			<y13>351.75</y13>
			<x14>516.647722</x14>
			<y14>380.5</y14>
			<x15>511.00343</x15>
			<y15>391.75</y15>
		</polygon>
	</object>
</annotation>
