<annotation>
	<folder></folder>
	<filename>398_jpg.rf.5682ca8cb8854a7d6b61abec064026fa.jpg</filename>
	<path>398_jpg.rf.5682ca8cb8854a7d6b61abec064026fa.jpg</path>
	<source>
		<database>roboflow.com</database>
	</source>
	<size>
		<width>640</width>
		<height>640</height>
		<depth>3</depth>
	</size>
	<segmented>0</segmented>
	<object>
		<name>RMU</name>
		<pose>Unspecified</pose>
		<truncated>0</truncated>
		<difficult>0</difficult>
		<occluded>0</occluded>
		<bndbox>
			<xmin>139</xmin>
			<xmax>168</xmax>
			<ymin>215</ymin>
			<ymax>358</ymax>
		</bndbox>
		<polygon>
			<x1>150.610457</x1>
			<y1>355.017002</y1>
			<x2>161.45576</x2>
			<y2>357.113116</y2>
			<x3>167.403192</x3>
			<y3>339.645509</y3>
			<x4>167.403192</x4>
			<y4>308.902492</y4>
			<x5>167.403192</x5>
			<y5>250.909992</y5>
			<x6>162.855165</x6>
			<y6>214.577359</y6>
			<x7>149.937547</x7>
			<y7>214.150838</y7>
			<x8>148.511366</x8>
			<y8>253.006107</y8>
			<x9>142.563934</x9>
			<y9>300.518036</y9>
			<x10>138.015907</x10>
			<y10>320.081757</y10>
			<x11>138.015907</x11>
			<y11>341.741623</y11>
			<x12>150.610457</x12>
			<y12>355.017002</y12>
		</polygon>
	</object>
	<object>
		<name>RMU</name>
		<pose>Unspecified</pose>
		<truncated>0</truncated>
		<difficult>0</difficult>
		<occluded>0</occluded>
		<bndbox>
			<xmin>186</xmin>
			<xmax>220</xmax>
			<ymin>279</ymin>
			<ymax>390</ymax>
		</bndbox>
		<polygon>
			<x1>194.691401</x1>
			<y1>387.856133</y1>
			<x2>208.685325</x2>
			<y2>388.554827</y2>
			<x3>218.830956</x3>
			<y3>375.978143</y3>
			<x4>218.830956</x4>
			<y4>357.113116</y4>
			<x5>216.382005</x5>
			<y5>334.754555</y5>
			<x6>216.382005</x6>
			<y6>304.01157</y6>
			<x7>213.583227</x7>
			<y7>281.653009</y7>
			<x8>202.388049</x8>
			<y8>278.159476</y8>
			<x9>187.209514</x9>
			<y9>283.276024</y9>
			<x10>187.34458</x10>
			<y10>313.793414</y10>
			<x11>185.245488</x11>
			<y11>355.017002</y11>
			<x12>184.545769</x12>
			<y12>373.882028</y12>
			<x13>194.691401</x13>
			<y13>387.856133</y13>
		</polygon>
	</object>
	<object>
		<name>RCU</name>
		<pose>Unspecified</pose>
		<truncated>0</truncated>
		<difficult>0</difficult>
		<occluded>0</occluded>
		<bndbox>
			<xmin>249</xmin>
			<xmax>275</xmax>
			<ymin>258</ymin>
			<ymax>413</ymax>
		</bndbox>
		<polygon>
			<x1>272.707624</x1>
			<y1>406.721159</y1>
			<x2>274.456888</x2>
			<y2>362.702764</y2>
			<x3>274.456888</x3>
			<y3>311.697301</y3>
			<x4>269.209159</x4>
			<y4>269.076325</y4>
			<x5>260.462932</x5>
			<y5>257.198335</y5>
			<x6>254.865344</x6>
			<y6>264.884097</y6>
			<x7>255.97892</x7>
			<y7>289.560133</y7>
			<x8>251.716706</x8>
			<y8>338.946783</y8>
			<x9>247.518522</x9>
			<y9>385.061292</y9>
			<x10>250.317333</x10>
			<y10>404.625046</y10>
			<x11>264.311257</x11>
			<y11>412.310776</y11>
			<x12>272.707624</x12>
			<y12>406.721159</y12>
		</polygon>
	</object>
	<object>
		<name>RIU</name>
		<pose>Unspecified</pose>
		<truncated>0</truncated>
		<difficult>0</difficult>
		<occluded>0</occluded>
		<bndbox>
			<xmin>271</xmin>
			<xmax>293</xmax>
			<ymin>267</ymin>
			<ymax>417</ymax>
		</bndbox>
		<polygon>
			<x1>272.357796</x1>
			<y1>408.118547</y1>
			<x2>282.153537</x2>
			<y2>415.804309</y2>
			<x3>291.59945</x3>
			<y3>409.515967</y3>
			<x4>290.899763</x4>
			<y4>378.074256</y4>
			<x5>288.100985</x5>
			<y5>332.658441</y5>
			<x6>285.376528</x6>
			<y6>286.418078</y6>
			<x7>275.156575</x7>
			<y7>266.281517</y7>
			<x8>271.30825</x8>
			<y8>279.556896</y8>
			<x9>271.30825</x9>
			<y9>320.780483</y9>
			<x10>270.258705</x10>
			<y10>373.882028</y10>
			<x11>272.357796</x11>
			<y11>408.118547</y11>
		</polygon>
	</object>
	<object>
		<name>RIU</name>
		<pose>Unspecified</pose>
		<truncated>0</truncated>
		<difficult>0</difficult>
		<occluded>0</occluded>
		<bndbox>
			<xmin>287</xmin>
			<xmax>318</xmax>
			<ymin>266</ymin>
			<ymax>425</ymax>
		</bndbox>
		<polygon>
			<x1>294.748087</x1>
			<y1>264.884097</y1>
			<x2>291.249622</x2>
			<y2>269.076325</y2>
			<x3>286.001893</x3>
			<y3>273.268553</y3>
			<x4>288.450812</x4>
			<y4>327.068825</y4>
			<x5>288.800671</x5>
			<y5>369.6898</y5>
			<x6>288.800671</x6>
			<y6>395.541863</y6>
			<x7>291.249622</x7>
			<y7>418.599117</y7>
			<x8>302.794627</x8>
			<y8>424.188766</y8>
			<x9>314.689459</x9>
			<y9>416.503004</y9>
			<x10>317.13841</x10>
			<y10>401.830205</y10>
			<x11>315.739005</x11>
			<y11>392.048361</y11>
			<x12>310.141448</x12>
			<y12>359.907924</y12>
			<x13>305.243546</x13>
			<y13>317.286949</y13>
			<x14>300.600289</x14>
			<y14>284.323376</y14>
			<x15>294.748087</x15>
			<y15>264.884097</y15>
		</polygon>
	</object>
	<object>
		<name>LIU</name>
		<pose>Unspecified</pose>
		<truncated>0</truncated>
		<difficult>0</difficult>
		<occluded>0</occluded>
		<bndbox>
			<xmin>315</xmin>
			<xmax>342</xmax>
			<ymin>267</ymin>
			<ymax>418</ymax>
		</bndbox>
		<polygon>
			<x1>313.639913</x1>
			<y1>378.772951</y1>
			<x2>313.639913</x2>
			<y2>403.227625</y2>
			<x3>322.735999</x3>
			<y3>416.503004</y3>
			<x4>336.729923</x4>
			<y4>416.503004</y4>
			<x5>340.578279</x5>
			<y5>403.227625</y5>
			<x6>337.779469</x6>
			<y6>348.728659</y6>
			<x7>336.030236</x7>
			<y7>312.396026</y7>
			<x8>335.33055</x8>
			<y8>280.255589</y8>
			<x9>332.181912</x9>
			<y9>265.582791</y9>
			<x10>322.03628</x10>
			<y10>266.980211</y10>
			<x11>318.973794</x11>
			<y11>273.849863</y11>
			<x12>318.537815</x12>
			<y12>302.61415</y12>
			<x13>316.438724</x13>
			<y13>353.619582</y13>
			<x14>313.639913</x14>
			<y14>378.772951</y14>
		</polygon>
	</object>
	<object>
		<name>LIU</name>
		<pose>Unspecified</pose>
		<truncated>0</truncated>
		<difficult>0</difficult>
		<occluded>0</occluded>
		<bndbox>
			<xmin>335</xmin>
			<xmax>358</xmax>
			<ymin>255</ymin>
			<ymax>417</ymax>
		</bndbox>
		<polygon>
			<x1>336.030236</x1>
			<y1>350.824774</y1>
			<x2>337.429641</x2>
			<y2>398.336703</y2>
			<x3>341.277966</x3>
			<y3>415.804309</y3>
			<x4>348.974646</x4>
			<y4>414.406889</y4>
			<x5>357.371013</x5>
			<y5>401.830205</y5>
			<x6>355.971608</x6>
			<y6>371.785914</y6>
			<x7>352.473111</x7>
			<y7>320.780483</y7>
			<x8>346.271573</x8>
			<y8>265.471052</y8>
			<x9>343.027198</x9>
			<y9>253.704833</y9>
			<x10>336.729923</x10>
			<y10>256.499641</y10>
			<x11>334.281004</x11>
			<y11>281.653009</y11>
			<x12>336.030236</x12>
			<y12>350.824774</y12>
		</polygon>
	</object>
	<object>
		<name>LCU</name>
		<pose>Unspecified</pose>
		<truncated>0</truncated>
		<difficult>0</difficult>
		<occluded>0</occluded>
		<bndbox>
			<xmin>355</xmin>
			<xmax>382</xmax>
			<ymin>237</ymin>
			<ymax>409</ymax>
		</bndbox>
		<polygon>
			<x1>354.222376</x1>
			<y1>371.785914</y1>
			<x2>358.0707</x2>
			<y2>401.830205</y2>
			<x3>367.866472</x3>
			<y3>408.118547</y3>
			<x4>378.711758</x4>
			<y4>401.131511</y4>
			<x5>381.160709</x5>
			<y5>373.882028</y5>
			<x6>377.662212</x6>
			<y6>338.946783</y6>
			<x7>375.213293</x7>
			<y7>294.928388</y7>
			<x8>375.213293</x8>
			<y8>258.595755</y8>
			<x9>372.064656</x9>
			<y9>235.5385</y9>
			<x10>362.268883</x10>
			<y10>235.5385</y10>
			<x11>360.44542</x11>
			<y11>244.524026</y11>
			<x12>357.371013</x12>
			<y12>284.447818</y12>
			<x13>354.222376</x13>
			<y13>334.055861</y13>
			<x14>354.222376</x14>
			<y14>371.785914</y14>
		</polygon>
	</object>
	<object>
		<name>LPMU</name>
		<pose>Unspecified</pose>
		<truncated>0</truncated>
		<difficult>0</difficult>
		<occluded>0</occluded>
		<bndbox>
			<xmin>371</xmin>
			<xmax>404</xmax>
			<ymin>244</ymin>
			<ymax>403</ymax>
		</bndbox>
		<polygon>
			<x1>372.064656</x1>
			<y1>295.627114</y1>
			<x2>371.01511</x2>
			<y2>340.344203</y2>
			<x3>369.615705</x3>
			<y3>377.375563</y3>
			<x4>375.563121</x4>
			<y4>391.349635</y4>
			<x5>386.058579</x5>
			<y5>401.830205</y5>
			<x6>402.151627</x6>
			<y6>391.349635</y6>
			<x7>402.851314</x7>
			<y7>362.004038</y7>
			<x8>400.052535</x8>
			<y8>334.055861</y8>
			<x9>399.002989</x9>
			<y9>300.518036</y9>
			<x10>397.717388</x10>
			<y10>246.618729</y10>
			<x11>379.061618</x11>
			<y11>243.224263</y11>
			<x12>374.863434</x12>
			<y12>264.185403</y12>
			<x13>372.064656</x13>
			<y13>295.627114</y13>
		</polygon>
	</object>
	<object>
		<name>LMU</name>
		<pose>Unspecified</pose>
		<truncated>0</truncated>
		<difficult>0</difficult>
		<occluded>0</occluded>
		<bndbox>
			<xmin>412</xmin>
			<xmax>448</xmax>
			<ymin>254</ymin>
			<ymax>385</ymax>
		</bndbox>
		<polygon>
			<x1>415.795724</x1>
			<y1>380.170371</y1>
			<x2>425.941323</x2>
			<y2>382.965179</y2>
			<x3>438.535874</x3>
			<y3>383.663904</y3>
			<x4>446.582414</x4>
			<y4>366.894992</y4>
			<x5>444.833149</x5>
			<y5>327.068825</y5>
			<x6>444.833149</x6>
			<y6>278.159476</y6>
			<x7>440.285138</x7>
			<y7>253.006107</y7>
			<x8>427.690588</x8>
			<y8>259.294449</y8>
			<x9>426.065082</x9>
			<y9>266.518403</y9>
			<x10>417.544956</x10>
			<y10>319.383062</y10>
			<x11>412.647086</x11>
			<y11>351.523467</y11>
			<x12>410.897853</x12>
			<y12>372.484608</y12>
			<x13>415.795724</x13>
			<y13>380.170371</y13>
		</polygon>
	</object>
	<object>
		<name>LMU</name>
		<pose>Unspecified</pose>
		<truncated>0</truncated>
		<difficult>0</difficult>
		<occluded>0</occluded>
		<bndbox>
			<xmin>444</xmin>
			<xmax>473</xmax>
			<ymin>231</ymin>
			<ymax>372</ymax>
		</bndbox>
		<polygon>
			<x1>445.532868</x1>
			<y1>241.128148</y1>
			<x2>443.433776</x2>
			<y2>273.268553</y2>
			<x3>442.734057</x3>
			<y3>318.684369</y3>
			<x4>443.083949</x4>
			<y4>361.305344</y4>
			<x5>452.879689</x5>
			<y5>371.08722</y5>
			<x6>463.375148</x6>
			<y6>366.894992</y6>
			<x7>472.121342</x7>
			<y7>355.715696</y7>
			<x8>470.372142</x8>
			<y8>340.344203</y8>
			<x9>465.124412</x9>
			<y9>284.447818</y9>
			<x10>467.011751</x10>
			<y10>244.524026</y10>
			<x11>464.774521</x11>
			<y11>229.948852</y11>
			<x12>453.579408</x12>
			<y12>232.044966</y12>
			<x13>445.532868</x13>
			<y13>241.128148</y13>
		</polygon>
	</object>
	<object>
		<name>LMU</name>
		<pose>Unspecified</pose>
		<truncated>0</truncated>
		<difficult>0</difficult>
		<occluded>0</occluded>
		<bndbox>
			<xmin>470</xmin>
			<xmax>501</xmax>
			<ymin>218</ymin>
			<ymax>355</ymax>
		</bndbox>
		<polygon>
			<x1>488.214422</x1>
			<y1>229.948852</y1>
			<x2>486.814985</x2>
			<y2>225.057929</y2>
			<x3>479.118336</x3>
			<y3>217.372167</y3>
			<x4>471.771515</x4>
			<y4>234.839806</y4>
			<x5>468.622877</x5>
			<y5>279.556896</y5>
			<x6>468.622877</x6>
			<y6>313.094721</y6>
			<x7>471.421688</x7>
			<y7>348.728659</y7>
			<x8>478.768509</x8>
			<y8>354.318308</y8>
			<x9>488.564249</x9>
			<y9>352.222194</y9>
			<x10>498.010162</x10>
			<y10>343.139011</y10>
			<x11>500.109254</x11>
			<y11>329.164939</y11>
			<x12>497.310444</x12>
			<y12>318.684369</y12>
			<x13>492.412605</x13>
			<y13>271.871133</y13>
			<x14>489.059957</x14>
			<y14>237.192567</y14>
			<x15>488.214422</x15>
			<y15>229.948852</y15>
		</polygon>
	</object>
	<object>
		<name>LMD</name>
		<pose>Unspecified</pose>
		<truncated>0</truncated>
		<difficult>0</difficult>
		<occluded>0</occluded>
		<bndbox>
			<xmin>463</xmin>
			<xmax>517</xmax>
			<ymin>352</ymin>
			<ymax>473</ymax>
		</bndbox>
		<polygon>
			<x1>510.254886</x1>
			<y1>419.297844</y1>
			<x2>505.706811</x2>
			<y2>395.541863</y2>
			<x3>501.508627</x3>
			<y3>367.593686</y3>
			<x4>492.062714</x4>
			<y4>350.824774</y4>
			<x5>481.217428</x5>
			<y5>355.715696</y5>
			<x6>468.972705</x6>
			<y6>365.497572</y6>
			<x7>461.625883</x7>
			<y7>377.375563</y7>
			<x8>462.675429</x8>
			<y8>393.445749</y8>
			<x9>482.235512</x9>
			<y9>439.33137</y9>
			<x10>493.462151</x10>
			<y10>471.001969</y10>
			<x11>507.456075</x11>
			<y11>472.399421</y11>
			<x12>515.852442</x12>
			<y12>451.438281</y12>
			<x13>510.254886</x13>
			<y13>419.297844</y13>
		</polygon>
	</object>
	<object>
		<name>LMD</name>
		<pose>Unspecified</pose>
		<truncated>0</truncated>
		<difficult>0</difficult>
		<occluded>0</occluded>
		<bndbox>
			<xmin>431</xmin>
			<xmax>489</xmax>
			<ymin>377</ymin>
			<ymax>506</ymax>
		</bndbox>
		<polygon>
			<x1>478.768509</x1>
			<y1>434.669336</y1>
			<x2>471.421688</x2>
			<y2>412.310776</y2>
			<x3>466.173958</x3>
			<y3>385.760019</y3>
			<x4>458.477246</x4>
			<y4>375.978143</y4>
			<x5>447.631959</x5>
			<y5>380.869064</y5>
			<x6>435.387236</x6>
			<y6>391.349635</y6>
			<x7>430.489366</x7>
			<y7>409.515967</y7>
			<x8>439.935311</x8>
			<y8>449.342135</y8>
			<x9>455.987647</x9>
			<y9>468.657207</y9>
			<x10>466.523785</x10>
			<y10>503.841133</y10>
			<x11>482.966692</x11>
			<y11>505.238521</y11>
			<x12>488.214422</x12>
			<y12>468.905856</y12>
			<x13>478.768509</x13>
			<y13>434.669336</y13>
		</polygon>
	</object>
	<object>
		<name>LMD</name>
		<pose>Unspecified</pose>
		<truncated>0</truncated>
		<difficult>0</difficult>
		<occluded>0</occluded>
		<bndbox>
			<xmin>396</xmin>
			<xmax>459</xmax>
			<ymin>389</ymin>
			<ymax>527</ymax>
		</bndbox>
		<polygon>
			<x1>433.987863</x1>
			<y1>525.500935</y1>
			<x2>444.483322</x2>
			<y2>521.308707</y2>
			<x3>454.628953</x3>
			<y3>512.225589</y3>
			<x4>458.127418</x4>
			<y4>489.168334</y4>
			<x5>450.43077</x5>
			<y5>472.399421</y5>
			<x6>440.634966</x6>
			<y6>447.944715</y6>
			<x7>434.33769</x7>
			<y7>424.188766</y7>
			<x8>433.638004</x8>
			<y8>396.240589</y8>
			<x9>425.591496</x9>
			<y9>387.856133</y9>
			<x10>413.696632</x10>
			<y10>387.856133</y10>
			<x11>405.300265</x11>
			<y11>400.432818</y11>
			<x12>394.804806</x12>
			<y12>405.323739</y12>
			<x13>399.702676</x13>
			<y13>437.464144</y13>
			<x14>406.349811</x14>
			<y14>458.425285</y14>
			<x15>415.040978</x15>
			<y15>492.746287</y15>
			<x16>433.987863</x16>
			<y16>525.500935</y16>
		</polygon>
	</object>
	<object>
		<name>LPMD</name>
		<pose>Unspecified</pose>
		<truncated>0</truncated>
		<difficult>0</difficult>
		<occluded>0</occluded>
		<bndbox>
			<xmin>377</xmin>
			<xmax>427</xmax>
			<ymin>400</ymin>
			<ymax>540</ymax>
		</bndbox>
		<polygon>
			<x1>408.099043</x1>
			<y1>532.488003</y1>
			<x2>416.845269</x2>
			<y2>538.776346</y2>
			<x3>425.941323</x3>
			<y3>518.513931</y3>
			<x4>417.894816</x4>
			<y4>485.674768</y4>
			<x5>410.897853</x5>
			<y5>453.534395</y5>
			<x6>407.399357</x6>
			<y6>424.88746</y6>
			<x7>403.201173</x7>
			<y7>403.926319</y7>
			<x8>395.154665</x8>
			<y8>399.035397</y8>
			<x9>380.111163</x9>
			<y9>402.528931</y9>
			<x10>375.91298</x10>
			<y10>412.310776</y10>
			<x11>378.711758</x11>
			<y11>435.36803</y11>
			<x12>388.50753</x12>
			<y12>472.399421</y12>
			<x13>395.617559</x13>
			<y13>492.746287</y13>
			<x14>402.501486</x14>
			<y14>515.719091</y14>
			<x15>408.099043</x15>
			<y15>532.488003</y15>
		</polygon>
	</object>
	<object>
		<name>LPMD</name>
		<pose>Unspecified</pose>
		<truncated>0</truncated>
		<difficult>0</difficult>
		<occluded>0</occluded>
		<bndbox>
			<xmin>364</xmin>
			<xmax>403</xmax>
			<ymin>410</ymin>
			<ymax>540</ymax>
		</bndbox>
		<polygon>
			<x1>397.603584</x1>
			<y1>538.776346</y1>
			<x2>401.801768</x2>
			<y2>531.090615</y2>
			<x3>400.052535</x3>
			<y3>510.828137</y3>
			<x4>393.405401</x4>
			<y4>484.27738</y4>
			<x5>389.557076</x5>
			<y5>466.111079</y5>
			<x6>387.807844</x6>
			<y6>432.573222</y6>
			<x7>386.058579</x7>
			<y7>413.009502</y7>
			<x8>375.213293</x8>
			<y8>408.817274</y8>
			<x9>368.216299</x9>
			<y9>413.708196</y9>
			<x10>363.318429</x10>
			<y10>426.983574</y10>
			<x11>365.417521</x11>
			<y11>451.438281</y11>
			<x12>370.665251</x12>
			<y12>477.290312</y12>
			<x13>378.293968</x13>
			<y13>500.077746</y13>
			<x14>387.807844</x14>
			<y14>524.802273</y14>
			<x15>397.603584</x15>
			<y15>538.776346</y15>
		</polygon>
	</object>
	<object>
		<name>LCD</name>
		<pose>Unspecified</pose>
		<truncated>0</truncated>
		<difficult>0</difficult>
		<occluded>0</occluded>
		<bndbox>
			<xmin>344</xmin>
			<xmax>386</xmax>
			<ymin>413</ymin>
			<ymax>552</ymax>
		</bndbox>
		<polygon>
			<x1>372.064656</x1>
			<y1>551.35303</y1>
			<x2>383.959488</x2>
			<y2>551.35303</y2>
			<x3>385.358893</x3>
			<y3>536.680231</y3>
			<x4>380.111163</x4>
			<y4>512.225589</y4>
			<x5>373.813888</x5>
			<y5>484.27738</y5>
			<x6>368.916018</x6>
			<y6>449.342135</y6>
			<x7>365.417521</x7>
			<y7>422.092652</y7>
			<x8>352.123284</x8>
			<y8>411.612081</y8>
			<x9>343.377057</x9>
			<y9>417.20173</y9>
			<x10>343.726917</x10>
			<y10>429.079688</y10>
			<x11>347.575241</x11>
			<y11>464.713628</y11>
			<x12>351.073738</x12>
			<y12>500.347566</y12>
			<x13>354.67089</x13>
			<y13>510.551259</y13>
			<x14>362.268883</x14>
			<y14>537.378957</y14>
			<x15>372.064656</x15>
			<y15>551.35303</y15>
		</polygon>
	</object>
	<object>
		<name>RCD</name>
		<pose>Unspecified</pose>
		<truncated>0</truncated>
		<difficult>0</difficult>
		<occluded>0</occluded>
		<bndbox>
			<xmin>270</xmin>
			<xmax>295</xmax>
			<ymin>424</ymin>
			<ymax>541</ymax>
		</bndbox>
		<polygon>
			<x1>279.704618</x1>
			<y1>537.378957</y1>
			<x2>287.051439</x2>
			<y2>513.622977</y2>
			<x3>291.59945</x3>
			<y3>475.892924</y3>
			<x4>293.698541</x4>
			<y4>438.861564</y4>
			<x5>290.200076</x5>
			<y5>424.88746</y5>
			<x6>279.004899</x6>
			<y6>423.490072</y6>
			<x7>272.007937</x7>
			<y7>433.970642</y7>
			<x8>269.908845</x8>
			<y8>472.399421</y8>
			<x9>270.152766</x9>
			<y9>488.556882</y9>
			<x10>268.50944</x10>
			<y10>512.225589</y10>
			<x11>268.50944</x11>
			<y11>525.500935</y11>
			<x12>271.30825</x12>
			<y12>540.173734</y12>
			<x13>279.704618</x13>
			<y13>537.378957</y13>
		</polygon>
	</object>
	<object>
		<name>RID</name>
		<pose>Unspecified</pose>
		<truncated>0</truncated>
		<difficult>0</difficult>
		<occluded>0</occluded>
		<bndbox>
			<xmin>292</xmin>
			<xmax>307</xmax>
			<ymin>429</ymin>
			<ymax>532</ymax>
		</bndbox>
		<polygon>
			<x1>298.246584</x1>
			<y1>428.380994</y1>
			<x2>292.299168</x2>
			<y2>430.477108</y2>
			<x3>291.249622</x3>
			<y3>438.861564</y3>
			<x4>291.59945</x4>
			<y4>460.521399</y4>
			<x5>290.549904</x5>
			<y5>515.020365</y5>
			<x6>296.147492</x6>
			<y6>531.090615</y6>
			<x7>303.144455</x7>
			<y7>519.212593</y7>
			<x8>305.593406</x8>
			<y8>484.976106</y8>
			<x9>305.593406</x9>
			<y9>451.438281</y9>
			<x10>304.893719</x10>
			<y10>434.669336</y10>
			<x11>298.246584</x11>
			<y11>428.380994</y11>
		</polygon>
	</object>
	<object>
		<name>RID</name>
		<pose>Unspecified</pose>
		<truncated>0</truncated>
		<difficult>0</difficult>
		<occluded>0</occluded>
		<bndbox>
			<xmin>306</xmin>
			<xmax>321</xmax>
			<ymin>424</ymin>
			<ymax>523</ymax>
		</bndbox>
		<polygon>
			<x1>317.838097</x1>
			<y1>488.469608</y1>
			<x2>319.587361</x2>
			<y2>463.316239</y2>
			<x3>320.287048</x3>
			<y3>432.573222</y3>
			<x4>314.689459</x4>
			<y4>423.490072</y4>
			<x5>308.392184</x5>
			<y5>426.28488</y5>
			<x6>305.243546</x6>
			<y6>431.874528</y6>
			<x7>304.893719</x7>
			<y7>441.656372</y7>
			<x8>304.893719</x8>
			<y8>468.905856</y8>
			<x9>306.374819</x9>
			<y9>487.509531</y9>
			<x10>307.342638</x10>
			<y10>521.308707</y10>
			<x11>313.290086</x11>
			<y11>522.007433</y11>
			<x12>318.187956</x12>
			<y12>512.225589</y12>
			<x13>317.838097</x13>
			<y13>488.469608</y13>
		</polygon>
	</object>
	<object>
		<name>LID</name>
		<pose>Unspecified</pose>
		<truncated>0</truncated>
		<difficult>0</difficult>
		<occluded>0</occluded>
		<bndbox>
			<xmin>319</xmin>
			<xmax>343</xmax>
			<ymin>429</ymin>
			<ymax>538</ymax>
		</bndbox>
		<polygon>
			<x1>337.429641</x1>
			<y1>478.687764</y1>
			<x2>334.630831</x2>
			<y2>452.835669</y2>
			<x3>331.132366</x3>
			<y3>430.477108</y3>
			<x4>323.085826</x4>
			<y4>428.380994</y4>
			<x5>318.187956</x5>
			<y5>434.669336</y5>
			<x6>320.287048</x6>
			<y6>473.796809</y6>
			<x7>321.336594</x7>
			<y7>491.96311</y7>
			<x8>325.184918</x8>
			<y8>508.732023</y8>
			<x9>327.983729</x9>
			<y9>530.391889</y9>
			<x10>337.429641</x10>
			<y10>536.680231</y10>
			<x11>341.977652</x11>
			<y11>517.815205</y11>
			<x12>337.429641</x12>
			<y12>478.687764</y12>
		</polygon>
	</object>
	<object>
		<name>LID</name>
		<pose>Unspecified</pose>
		<truncated>0</truncated>
		<difficult>0</difficult>
		<occluded>0</occluded>
		<bndbox>
			<xmin>327</xmin>
			<xmax>357</xmax>
			<ymin>419</ymin>
			<ymax>551</ymax>
		</bndbox>
		<polygon>
			<x1>349.324473</x1>
			<y1>549.955642</y1>
			<x2>355.971608</x2>
			<y2>536.680231</y2>
			<x3>352.82297</x3>
			<y3>512.924251</y3>
			<x4>349.674333</x4>
			<y4>482.181266</y4>
			<x5>348.274928</x5>
			<y5>448.643441</y5>
			<x6>348.274928</x6>
			<y6>426.28488</y6>
			<x7>340.928106</x7>
			<y7>417.900424</y7>
			<x8>332.181912</x8>
			<y8>420.695232</y8>
			<x9>326.234464</x9>
			<y9>423.490072</y9>
			<x10>332.181912</x10>
			<y10>464.713628</y10>
			<x11>337.872257</x11>
			<y11>496.935693</y11>
			<x12>339.528733</x12>
			<y12>524.103547</y12>
			<x13>340.22842</x13>
			<y13>537.378957</y13>
			<x14>349.324473</x14>
			<y14>549.955642</y14>
		</polygon>
	</object>
	<object>
		<name>RPMD</name>
		<pose>Unspecified</pose>
		<truncated>0</truncated>
		<difficult>0</difficult>
		<occluded>0</occluded>
		<bndbox>
			<xmin>239</xmin>
			<xmax>277</xmax>
			<ymin>417</ymin>
			<ymax>552</ymax>
		</bndbox>
		<polygon>
			<x1>241.920966</x1>
			<y1>551.35303</y1>
			<x2>253.815798</x2>
			<y2>541.571186</y2>
			<x3>259.763246</x3>
			<y3>516.417817</y3>
			<x4>264.311257</x4>
			<y4>493.360562</y4>
			<x5>270.608532</x5>
			<y5>466.809741</y5>
			<x6>275.856261</x6>
			<y6>440.258984</y6>
			<x7>273.057483</x7>
			<y7>422.791346</y7>
			<x8>259.763246</x8>
			<y8>415.804309</y8>
			<x9>254.165657</x9>
			<y9>421.393958</y9>
			<x10>252.416425</x10>
			<y10>436.765451</y10>
			<x11>248.629517</x11>
			<y11>484.367477</y11>
			<x12>245.069603</x12>
			<y12>508.033361</y12>
			<x13>238.072609</x13>
			<y13>529.693163</y13>
			<x14>241.920966</x14>
			<y14>551.35303</y14>
		</polygon>
	</object>
	<object>
		<name>RPMD</name>
		<pose>Unspecified</pose>
		<truncated>0</truncated>
		<difficult>0</difficult>
		<occluded>0</occluded>
		<bndbox>
			<xmin>222</xmin>
			<xmax>261</xmax>
			<ymin>408</ymin>
			<ymax>539</ymax>
		</bndbox>
		<polygon>
			<x1>227.92701</x1>
			<y1>538.077619</y1>
			<x2>239.122155</x2>
			<y2>521.308707</y2>
			<x3>245.76929</x3>
			<y3>490.565722</y3>
			<x4>252.416425</x4>
			<y4>452.136943</y4>
			<x5>260.462932</x5>
			<y5>427.6823</y5>
			<x6>257.664154</x6>
			<y6>413.708196</y6>
			<x7>248.568068</x7>
			<y7>407.419853</y7>
			<x8>238.422469</x8>
			<y8>406.721159</y8>
			<x9>231.775334</x9>
			<y9>410.913387</y9>
			<x10>230.026102</x10>
			<y10>443.053792</y10>
			<x11>224.481482</x11>
			<y11>472.846613</y11>
			<x12>221.279875</x12>
			<y12>504.539794</y12>
			<x13>223.378967</x13>
			<y13>526.199661</y13>
			<x14>227.92701</x14>
			<y14>538.077619</y14>
		</polygon>
	</object>
	<object>
		<name>RMD</name>
		<pose>Unspecified</pose>
		<truncated>0</truncated>
		<difficult>0</difficult>
		<occluded>0</occluded>
		<bndbox>
			<xmin>148</xmin>
			<xmax>215</xmax>
			<ymin>378</ymin>
			<ymax>524</ymax>
		</bndbox>
		<polygon>
			<x1>162.155462</x1>
			<y1>522.706159</y1>
			<x2>168.836009</x2>
			<y2>512.645962</y2>
			<x3>185.245488</x3>
			<y3>484.27738</y3>
			<x4>197.840038</x4>
			<y4>459.124011</y4>
			<x5>213.583227</x5>
			<y5>435.36803</y5>
			<x6>211.134276</x6>
			<y6>411.612081</y6>
			<x7>203.437595</x7>
			<y7>401.830205</y7>
			<x8>197.14032</x8>
			<y8>383.663904</y8>
			<x9>187.694407</x9>
			<y9>377.375563</y9>
			<x10>182.09685</x10>
			<y10>382.965179</y10>
			<x11>180.697445</x11>
			<y11>399.734091</y11>
			<x12>173.700483</x12>
			<y12>422.092652</y12>
			<x13>162.855165</x13>
			<y13>447.944715</y13>
			<x14>155.158484</x14>
			<y14>469.604581</y14>
			<x15>148.511366</x15>
			<y15>484.976106</y15>
			<x16>147.46182</x16>
			<y16>503.142406</y16>
			<x17>153.759095</x17>
			<y17>517.815205</y17>
			<x18>162.155462</x18>
			<y18>522.706159</y18>
		</polygon>
	</object>
	<object>
		<name>RMD</name>
		<pose>Unspecified</pose>
		<truncated>0</truncated>
		<difficult>0</difficult>
		<occluded>0</occluded>
		<bndbox>
			<xmin>122</xmin>
			<xmax>187</xmax>
			<ymin>355</ymin>
			<ymax>477</ymax>
		</bndbox>
		<polygon>
			<x1>153.759095</x1>
			<y1>459.822737</y1>
			<x2>165.653943</x2>
			<y2>445.149907</y2>
			<x3>175.449715</x3>
			<y3>423.490072</y3>
			<x4>186.295034</x4>
			<y4>407.419853</y4>
			<x5>185.595315</x5>
			<y5>389.253521</y5>
			<x6>177.198948</x6>
			<y6>378.772951</y6>
			<x7>166.003803</x7>
			<y7>365.497572</y7>
			<x8>159.706527</x8>
			<y8>355.017002</y8>
			<x9>146.762117</x9>
			<y9>353.619582</y9>
			<x10>143.263636</x10>
			<y10>382.266484</y10>
			<x11>133.118021</x11>
			<y11>413.009502</y11>
			<x12>122.622562</x12>
			<y12>435.36803</y12>
			<x13>120.873329</x13>
			<y13>458.425285</y13>
			<x14>126.470902</x14>
			<y14>475.892924</y14>
			<x15>139.438401</x15>
			<y15>474.941315</y15>
			<x16>153.759095</x16>
			<y16>459.822737</y16>
		</polygon>
	</object>
</annotation>
