<annotation>
	<folder></folder>
	<filename>405_jpg.rf.78c1206e7ef97e83f036353ed97db3f0.jpg</filename>
	<path>405_jpg.rf.78c1206e7ef97e83f036353ed97db3f0.jpg</path>
	<source>
		<database>roboflow.com</database>
	</source>
	<size>
		<width>640</width>
		<height>640</height>
		<depth>3</depth>
	</size>
	<segmented>0</segmented>
	<object>
		<name>RMU</name>
		<pose>Unspecified</pose>
		<truncated>0</truncated>
		<difficult>0</difficult>
		<occluded>0</occluded>
		<bndbox>
			<xmin>134</xmin>
			<xmax>178</xmax>
			<ymin>159</ymin>
			<ymax>312</ymax>
		</bndbox>
		<polygon>
			<x1>177.303773</x1>
			<y1>264.1875</y1>
			<x2>169.464478</x2>
			<y2>240.75</y2>
			<x3>168.680549</x3>
			<y3>206.375</y3>
			<x4>158.489466</x4>
			<y4>157.9375</y4>
			<x5>133.403724</x5>
			<y5>178.25</y5>
			<x6>135.755512</x6>
			<y6>223.5625</y6>
			<x7>143.594806</x7>
			<y7>250.125</y7>
			<x8>137.323371</x8>
			<y8>297</y8>
			<x9>146.730524</x9>
			<y9>311.0625</y9>
			<x10>177.303773</x10>
			<y10>286.0625</y10>
			<x11>177.303773</x11>
			<y11>264.1875</y11>
		</polygon>
	</object>
	<object>
		<name>RPMU</name>
		<pose>Unspecified</pose>
		<truncated>0</truncated>
		<difficult>0</difficult>
		<occluded>0</occluded>
		<bndbox>
			<xmin>178</xmin>
			<xmax>222</xmax>
			<ymin>143</ymin>
			<ymax>309</ymax>
		</bndbox>
		<polygon>
			<x1>182.007349</x1>
			<y1>253.25</y1>
			<x2>177.303773</x2>
			<y2>289.1875</y2>
			<x3>184.359138</x3>
			<y3>307.9375</y3>
			<x4>200.037727</x4>
			<y4>303.25</y4>
			<x5>216.500245</x5>
			<y5>306.375</y5>
			<x6>221.203822</x6>
			<y6>268.875</y6>
			<x7>215.716316</x7>
			<y7>245.4375</y7>
			<x8>214.932386</x8>
			<y8>187.625</y8>
			<x9>214.932386</x9>
			<y9>142.3125</y9>
			<x10>197.685938</x10>
			<y10>143.875</y10>
			<x11>197.685938</x11>
			<y11>161.0625</y11>
			<x12>196.118079</x12>
			<y12>192.3125</y12>
			<x13>195.33415</x13>
			<y13>232.9375</y13>
			<x14>182.007349</x14>
			<y14>253.25</y14>
		</polygon>
	</object>
	<object>
		<name>RCU</name>
		<pose>Unspecified</pose>
		<truncated>0</truncated>
		<difficult>0</difficult>
		<occluded>0</occluded>
		<bndbox>
			<xmin>238</xmin>
			<xmax>266</xmax>
			<ymin>153</ymin>
			<ymax>329</ymax>
		</bndbox>
		<polygon>
			<x1>243.153846</x1>
			<y1>278.25</y1>
			<x2>236.882411</x2>
			<y2>301.6875</y2>
			<x3>245.505634</x3>
			<y3>326.6875</y3>
			<x4>261.968153</x4>
			<y4>328.25</y4>
			<x5>265.103871</x5>
			<y5>314.1875</y5>
			<x6>265.103871</x6>
			<y6>281.375</y6>
			<x7>261.968153</x7>
			<y7>257.9375</y7>
			<x8>262.752082</x8>
			<y8>206.375</y8>
			<x9>259.616365</x9>
			<y9>179.8125</y9>
			<x10>255.696717</x10>
			<y10>151.6875</y10>
			<x11>237.66634</x11>
			<y11>165.75</y11>
			<x12>241.585987</x12>
			<y12>237.625</y12>
			<x13>240.802058</x13>
			<y13>270.4375</y13>
			<x14>243.153846</x14>
			<y14>278.25</y14>
		</polygon>
	</object>
	<object>
		<name>RIU</name>
		<pose>Unspecified</pose>
		<truncated>0</truncated>
		<difficult>0</difficult>
		<occluded>0</occluded>
		<bndbox>
			<xmin>263</xmin>
			<xmax>290</xmax>
			<ymin>150</ymin>
			<ymax>331</ymax>
		</bndbox>
		<polygon>
			<x1>263.536012</x1>
			<y1>329.8125</y1>
			<x2>286.269966</x2>
			<y2>329.8125</y2>
			<x3>288.621754</x3>
			<y3>300.125</y3>
			<x4>287.837825</x4>
			<y4>275.125</y4>
			<x5>288.621754</x5>
			<y5>195.4375</y5>
			<x6>282.350318</x6>
			<y6>148.5625</y6>
			<x7>261.968153</x7>
			<y7>156.375</y7>
			<x8>269.807447</x8>
			<y8>203.25</y8>
			<x9>263.536012</x9>
			<y9>261.0625</y9>
			<x10>265.8878</x10>
			<y10>278.25</y10>
			<x11>265.8878</x11>
			<y11>300.125</y11>
			<x12>263.536012</x12>
			<y12>329.8125</y12>
		</polygon>
	</object>
	<object>
		<name>RIU</name>
		<pose>Unspecified</pose>
		<truncated>0</truncated>
		<difficult>0</difficult>
		<occluded>0</occluded>
		<bndbox>
			<xmin>289</xmin>
			<xmax>342</xmax>
			<ymin>146</ymin>
			<ymax>339</ymax>
		</bndbox>
		<polygon>
			<x1>315.275355</x1>
			<y1>290.75</y1>
			<x2>322.33072</x2>
			<y2>222</y2>
			<x3>341.145027</x3>
			<y3>161.0625</y3>
			<x4>313.707496</x4>
			<y4>147</y4>
			<x5>287.837825</x5>
			<y5>145.4375</y5>
			<x6>291.757472</x6>
			<y6>198.5625</y6>
			<x7>290.189613</x7>
			<y7>251.6875</y7>
			<x8>290.973542</x8>
			<y8>284.5</y8>
			<x9>287.837825</x9>
			<y9>337.625</y9>
			<x10>317.627144</x10>
			<y10>337.625</y10>
			<x11>315.275355</x11>
			<y11>290.75</y11>
		</polygon>
	</object>
	<object>
		<name>LIU</name>
		<pose>Unspecified</pose>
		<truncated>0</truncated>
		<difficult>0</difficult>
		<occluded>0</occluded>
		<bndbox>
			<xmin>320</xmin>
			<xmax>355</xmax>
			<ymin>178</ymin>
			<ymax>345</ymax>
		</bndbox>
		<polygon>
			<x1>339.577168</x1>
			<y1>337.625</y1>
			<x2>341.928956</x2>
			<y2>284.5</y2>
			<x3>346.632533</x3>
			<y3>242.3125</y3>
			<x4>354.471828</x4>
			<y4>182.9375</y4>
			<x5>340.361098</x5>
			<y5>176.6875</y5>
			<x6>326.250367</x6>
			<y6>218.875</y6>
			<x7>319.195002</x7>
			<y7>281.375</y7>
			<x8>321.546791</x8>
			<y8>336.0625</y8>
			<x9>326.250367</x9>
			<y9>343.875</y9>
			<x10>339.577168</x10>
			<y10>337.625</y10>
		</polygon>
	</object>
	<object>
		<name>LIU</name>
		<pose>Unspecified</pose>
		<truncated>0</truncated>
		<difficult>0</difficult>
		<occluded>0</occluded>
		<bndbox>
			<xmin>342</xmin>
			<xmax>371</xmax>
			<ymin>178</ymin>
			<ymax>343</ymax>
		</bndbox>
		<polygon>
			<x1>352.903969</x1>
			<y1>342.3125</y1>
			<x2>367.798628</x2>
			<y2>329.8125</y2>
			<x3>365.44684</x3>
			<y3>287.625</y3>
			<x4>367.798628</x4>
			<y4>267.3125</y4>
			<x5>369.366487</x5>
			<y5>242.3125</y5>
			<x6>370.150416</x6>
			<y6>189.1875</y6>
			<x7>357.607545</x7>
			<y7>176.6875</y7>
			<x8>346.632533</x8>
			<y8>261.0625</y8>
			<x9>345.064674</x9>
			<y9>286.0625</y9>
			<x10>341.145027</x10>
			<y10>334.5</y10>
			<x11>352.903969</x11>
			<y11>342.3125</y11>
		</polygon>
	</object>
	<object>
		<name>LCU</name>
		<pose>Unspecified</pose>
		<truncated>0</truncated>
		<difficult>0</difficult>
		<occluded>0</occluded>
		<bndbox>
			<xmin>369</xmin>
			<xmax>400</xmax>
			<ymin>161</ymin>
			<ymax>334</ymax>
		</bndbox>
		<polygon>
			<x1>391.316512</x1>
			<y1>328.25</y1>
			<x2>394.452229</x2>
			<y2>289.1875</y2>
			<x3>392.100441</x3>
			<y3>276.6875</y3>
			<x4>396.804018</x4>
			<y4>231.375</y4>
			<x5>396.804018</x5>
			<y5>184.5</y5>
			<x6>399.155806</x6>
			<y6>159.5</y6>
			<x7>381.909358</x7>
			<y7>161.0625</y7>
			<x8>374.853993</x8>
			<y8>217.3125</y8>
			<x9>374.853993</x9>
			<y9>251.6875</y9>
			<x10>367.798628</x10>
			<y10>287.625</y10>
			<x11>370.150416</x11>
			<y11>332.9375</y11>
			<x12>391.316512</x12>
			<y12>328.25</y12>
		</polygon>
	</object>
	<object>
		<name>LPMU</name>
		<pose>Unspecified</pose>
		<truncated>0</truncated>
		<difficult>0</difficult>
		<occluded>0</occluded>
		<bndbox>
			<xmin>395</xmin>
			<xmax>420</xmax>
			<ymin>165</ymin>
			<ymax>348</ymax>
		</bndbox>
		<polygon>
			<x1>394.452229</x1>
			<y1>328.25</y1>
			<x2>400.723665</x2>
			<y2>347</y2>
			<x3>412.482607</x3>
			<y3>326.6875</y3>
			<x4>412.482607</x4>
			<y4>289.1875</y4>
			<x5>414.834395</x5>
			<y5>261.0625</y5>
			<x6>414.834395</x6>
			<y6>232.9375</y6>
			<x7>417.186183</x7>
			<y7>189.1875</y7>
			<x8>418.754042</x8>
			<y8>164.1875</y8>
			<x9>403.075453</x9>
			<y9>167.3125</y9>
			<x10>398.371877</x10>
			<y10>201.6875</y10>
			<x11>399.155806</x11>
			<y11>247</y11>
			<x12>394.452229</x12>
			<y12>279.8125</y12>
			<x13>394.452229</x13>
			<y13>328.25</y13>
		</polygon>
	</object>
	<object>
		<name>LPMU</name>
		<pose>Unspecified</pose>
		<truncated>0</truncated>
		<difficult>0</difficult>
		<occluded>0</occluded>
		<bndbox>
			<xmin>414</xmin>
			<xmax>436</xmax>
			<ymin>170</ymin>
			<ymax>350</ymax>
		</bndbox>
		<polygon>
			<x1>416.402254</x1>
			<y1>279.8125</y1>
			<x2>413.266536</x2>
			<y2>332.9375</y2>
			<x3>417.186183</x3>
			<y3>348.5625</y3>
			<x4>425.809407</x4>
			<y4>348.5625</y4>
			<x5>435.216561</x5>
			<y5>339.1875</y5>
			<x6>432.080843</x6>
			<y6>267.3125</y6>
			<x7>435.216561</x7>
			<y7>229.8125</y7>
			<x8>431.296913</x8>
			<y8>178.25</y8>
			<x9>420.321901</x9>
			<y9>168.875</y9>
			<x10>420.321901</x10>
			<y10>182.9375</y10>
			<x11>418.754042</x11>
			<y11>231.375</y11>
			<x12>416.402254</x12>
			<y12>279.8125</y12>
		</polygon>
	</object>
	<object>
		<name>LMU</name>
		<pose>Unspecified</pose>
		<truncated>0</truncated>
		<difficult>0</difficult>
		<occluded>0</occluded>
		<bndbox>
			<xmin>453</xmin>
			<xmax>493</xmax>
			<ymin>178</ymin>
			<ymax>339</ymax>
		</bndbox>
		<polygon>
			<x1>460.302303</x1>
			<y1>276.6875</y1>
			<x2>452.463008</x2>
			<y2>314.1875</y2>
			<x3>457.166585</x3>
			<y3>332.9375</y3>
			<x4>467.357668</x4>
			<y4>332.9375</y4>
			<x5>473.629103</x5>
			<y5>326.6875</y5>
			<x6>483.036257</x6>
			<y6>337.625</y6>
			<x7>491.659481</x7>
			<y7>304.8125</y7>
			<x8>492.44341</x8>
			<y8>276.6875</y8>
			<x9>485.388045</x9>
			<y9>267.3125</y9>
			<x10>490.875551</x10>
			<y10>229.8125</y10>
			<x11>489.307692</x11>
			<y11>203.25</y11>
			<x12>489.307692</x12>
			<y12>189.1875</y12>
			<x13>459.518373</x13>
			<y13>176.6875</y13>
			<x14>457.166585</x14>
			<y14>256.375</y14>
			<x15>460.302303</x15>
			<y15>276.6875</y15>
		</polygon>
	</object>
	<object>
		<name>RMD</name>
		<pose>Unspecified</pose>
		<truncated>0</truncated>
		<difficult>0</difficult>
		<occluded>0</occluded>
		<bndbox>
			<xmin>162</xmin>
			<xmax>225</xmax>
			<ymin>318</ymin>
			<ymax>462</ymax>
		</bndbox>
		<polygon>
			<x1>202.389515</x1>
			<y1>461.0625</y1>
			<x2>210.228809</x2>
			<y2>414.1875</y2>
			<x3>210.228809</x3>
			<y3>387.625</y3>
			<x4>213.364527</x4>
			<y4>368.875</y4>
			<x5>224.339539</x5>
			<y5>339.1875</y5>
			<x6>217.284174</x6>
			<y6>318.875</y6>
			<x7>196.902009</x7>
			<y7>318.875</y7>
			<x8>175.735914</x8>
			<y8>317.3125</y8>
			<x9>177.303773</x9>
			<y9>336.0625</y9>
			<x10>177.303773</x10>
			<y10>373.5625</y10>
			<x11>178.087702</x11>
			<y11>378.25</y11>
			<x12>160.841254</x12>
			<y12>451.6875</y12>
			<x13>202.389515</x13>
			<y13>461.0625</y13>
		</polygon>
	</object>
	<object>
		<name>RPMD</name>
		<pose>Unspecified</pose>
		<truncated>0</truncated>
		<difficult>0</difficult>
		<occluded>0</occluded>
		<bndbox>
			<xmin>209</xmin>
			<xmax>247</xmax>
			<ymin>336</ymin>
			<ymax>475</ymax>
		</bndbox>
		<polygon>
			<x1>207.877021</x1>
			<y1>472</y1>
			<x2>222.771681</x2>
			<y2>473.5625</y2>
			<x3>231.394904</x3>
			<y3>436.0625</y3>
			<x4>236.098481</x4>
			<y4>395.4375</y4>
			<x5>246.289564</x5>
			<y5>361.0625</y5>
			<x6>240.018128</x6>
			<y6>342.3125</y6>
			<x7>221.987751</x7>
			<y7>334.5</y7>
			<x8>214.932386</x8>
			<y8>364.1875</y8>
			<x9>214.148457</x9>
			<y9>387.625</y9>
			<x10>210.228809</x10>
			<y10>434.5</y10>
			<x11>207.877021</x11>
			<y11>472</y11>
		</polygon>
	</object>
	<object>
		<name>RPMD</name>
		<pose>Unspecified</pose>
		<truncated>0</truncated>
		<difficult>0</difficult>
		<occluded>0</occluded>
		<bndbox>
			<xmin>236</xmin>
			<xmax>273</xmax>
			<ymin>343</ymin>
			<ymax>495</ymax>
		</bndbox>
		<polygon>
			<x1>262.752082</x1>
			<y1>420.4375</y1>
			<x2>261.968153</x2>
			<y2>392.3125</y2>
			<x3>265.103871</x3>
			<y3>376.6875</y3>
			<x4>272.159236</x4>
			<y4>351.6875</y4>
			<x5>248.641352</x5>
			<y5>342.3125</y5>
			<x6>243.153846</x6>
			<y6>376.6875</y6>
			<x7>241.585987</x7>
			<y7>456.375</y7>
			<x8>235.314552</x8>
			<y8>493.875</y8>
			<x9>250.209211</x9>
			<y9>492.3125</y9>
			<x10>256.480647</x10>
			<y10>472</y10>
			<x11>262.752082</x11>
			<y11>420.4375</y11>
		</polygon>
	</object>
	<object>
		<name>RID</name>
		<pose>Unspecified</pose>
		<truncated>0</truncated>
		<difficult>0</difficult>
		<occluded>0</occluded>
		<bndbox>
			<xmin>265</xmin>
			<xmax>290</xmax>
			<ymin>345</ymin>
			<ymax>512</ymax>
		</bndbox>
		<polygon>
			<x1>264.319941</x1>
			<y1>511.0625</y1>
			<x2>281.566389</x2>
			<y2>501.6875</y2>
			<x3>285.486036</x3>
			<y3>456.375</y3>
			<x4>288.621754</x4>
			<y4>412.625</y4>
			<x5>288.621754</x5>
			<y5>397</y5>
			<x6>288.621754</x6>
			<y6>343.875</y6>
			<x7>270.591377</x7>
			<y7>343.875</y7>
			<x8>265.8878</x8>
			<y8>373.5625</y8>
			<x9>264.319941</x9>
			<y9>406.375</y9>
			<x10>264.319941</x10>
			<y10>472</y10>
			<x11>264.319941</x11>
			<y11>511.0625</y11>
		</polygon>
	</object>
	<object>
		<name>RID</name>
		<pose>Unspecified</pose>
		<truncated>0</truncated>
		<difficult>0</difficult>
		<occluded>0</occluded>
		<bndbox>
			<xmin>288</xmin>
			<xmax>311</xmax>
			<ymin>350</ymin>
			<ymax>512</ymax>
		</bndbox>
		<polygon>
			<x1>287.053895</x1>
			<y1>504.8125</y1>
			<x2>303.516414</x2>
			<y2>511.0625</y2>
			<x3>306.652131</x3>
			<y3>428.25</y3>
			<x4>309.787849</x4>
			<y4>387.625</y4>
			<x5>308.21999</x5>
			<y5>353.25</y5>
			<x6>294.10926</x6>
			<y6>348.5625</y6>
			<x7>290.189613</x7>
			<y7>382.9375</y7>
			<x8>291.757472</x8>
			<y8>418.875</y8>
			<x9>290.973542</x9>
			<y9>447</y9>
			<x10>287.053895</x10>
			<y10>478.25</y10>
			<x11>287.053895</x11>
			<y11>504.8125</y11>
		</polygon>
	</object>
	<object>
		<name>LID</name>
		<pose>Unspecified</pose>
		<truncated>0</truncated>
		<difficult>0</difficult>
		<occluded>0</occluded>
		<bndbox>
			<xmin>308</xmin>
			<xmax>330</xmax>
			<ymin>345</ymin>
			<ymax>501</ymax>
		</bndbox>
		<polygon>
			<x1>324.682509</x1>
			<y1>373.5625</y1>
			<x2>328.602156</x2>
			<y2>350.125</y2>
			<x3>309.787849</x3>
			<y3>343.875</y3>
			<x4>310.571779</x4>
			<y4>373.5625</y4>
			<x5>312.923567</x5>
			<y5>400.125</y5>
			<x6>306.652131</x6>
			<y6>475.125</y6>
			<x7>323.898579</x7>
			<y7>500.125</y7>
			<x8>325.466438</x8>
			<y8>404.8125</y8>
			<x9>324.682509</x9>
			<y9>373.5625</y9>
		</polygon>
	</object>
	<object>
		<name>LID</name>
		<pose>Unspecified</pose>
		<truncated>0</truncated>
		<difficult>0</difficult>
		<occluded>0</occluded>
		<bndbox>
			<xmin>329</xmin>
			<xmax>341</xmax>
			<ymin>350</ymin>
			<ymax>511</ymax>
		</bndbox>
		<polygon>
			<x1>337.22538</x1>
			<y1>386.0625</y1>
			<x2>340.361098</x2>
			<y2>351.6875</y2>
			<x3>328.602156</x3>
			<y3>348.5625</y3>
			<x4>327.818226</x4>
			<y4>372</y4>
			<x5>327.818226</x5>
			<y5>426.6875</y5>
			<x6>327.818226</x6>
			<y6>489.1875</y6>
			<x7>340.361098</x7>
			<y7>509.5</y7>
			<x8>338.009309</x8>
			<y8>422</y8>
			<x9>337.22538</x9>
			<y9>386.0625</y9>
		</polygon>
	</object>
	<object>
		<name>LCD</name>
		<pose>Unspecified</pose>
		<truncated>0</truncated>
		<difficult>0</difficult>
		<occluded>0</occluded>
		<bndbox>
			<xmin>341</xmin>
			<xmax>356</xmax>
			<ymin>357</ymin>
			<ymax>475</ymax>
		</bndbox>
		<polygon>
			<x1>339.577168</x1>
			<y1>470.4375</y1>
			<x2>353.687898</x2>
			<y2>473.5625</y2>
			<x3>355.255757</x3>
			<y3>375.125</y3>
			<x4>344.280745</x4>
			<y4>356.375</y4>
			<x5>341.928956</x5>
			<y5>368.875</y5>
			<x6>340.361098</x6>
			<y6>393.875</y6>
			<x7>339.577168</x7>
			<y7>470.4375</y7>
		</polygon>
	</object>
	<object>
		<name>LPMD</name>
		<pose>Unspecified</pose>
		<truncated>0</truncated>
		<difficult>0</difficult>
		<occluded>0</occluded>
		<bndbox>
			<xmin>357</xmin>
			<xmax>384</xmax>
			<ymin>364</ymin>
			<ymax>520</ymax>
		</bndbox>
		<polygon>
			<x1>374.070064</x1>
			<y1>393.875</y1>
			<x2>359.959334</x2>
			<y2>362.625</y2>
			<x3>357.607545</x3>
			<y3>397</y3>
			<x4>356.039686</x4>
			<y4>422</y4>
			<x5>359.175404</x5>
			<y5>454.8125</y5>
			<x6>362.311122</x6>
			<y6>514.1875</y6>
			<x7>383.477217</x7>
			<y7>518.875</y7>
			<x8>381.909358</x8>
			<y8>439.1875</y8>
			<x9>374.070064</x9>
			<y9>393.875</y9>
		</polygon>
	</object>
	<object>
		<name>LPMD</name>
		<pose>Unspecified</pose>
		<truncated>0</truncated>
		<difficult>0</difficult>
		<occluded>0</occluded>
		<bndbox>
			<xmin>369</xmin>
			<xmax>406</xmax>
			<ymin>356</ymin>
			<ymax>539</ymax>
		</bndbox>
		<polygon>
			<x1>380.341499</x1>
			<y1>400.125</y1>
			<x2>385.045076</x2>
			<y2>440.75</y2>
			<x3>385.829005</x3>
			<y3>515.75</y3>
			<x4>388.180794</x4>
			<y4>537.625</y4>
			<x5>404.643312</x5>
			<y5>526.6875</y5>
			<x6>399.939735</x6>
			<y6>479.8125</y6>
			<x7>392.100441</x7>
			<y7>415.75</y7>
			<x8>396.020088</x8>
			<y8>414.1875</y8>
			<x9>395.236159</x9>
			<y9>372</y9>
			<x10>375.637923</x10>
			<y10>354.8125</y10>
			<x11>367.798628</x11>
			<y11>365.75</y11>
			<x12>371.718275</x12>
			<y12>376.6875</y12>
			<x13>380.341499</x13>
			<y13>400.125</y13>
		</polygon>
	</object>
	<object>
		<name>LMD</name>
		<pose>Unspecified</pose>
		<truncated>0</truncated>
		<difficult>0</difficult>
		<occluded>0</occluded>
		<bndbox>
			<xmin>395</xmin>
			<xmax>436</xmax>
			<ymin>365</ymin>
			<ymax>526</ymax>
		</bndbox>
		<polygon>
			<x1>435.216561</x1>
			<y1>525.125</y1>
			<x2>432.080843</x2>
			<y2>397</y2>
			<x3>428.945125</x3>
			<y3>368.875</y3>
			<x4>406.211171</x4>
			<y4>364.1875</y4>
			<x5>394.452229</x5>
			<y5>372</y5>
			<x6>399.155806</x6>
			<y6>418.875</y6>
			<x7>413.266536</x7>
			<y7>434.5</y7>
			<x8>417.186183</x8>
			<y8>490.75</y8>
			<x9>420.321901</x9>
			<y9>518.875</y9>
			<x10>435.216561</x10>
			<y10>525.125</y10>
		</polygon>
	</object>
	<object>
		<name>LMD</name>
		<pose>Unspecified</pose>
		<truncated>0</truncated>
		<difficult>0</difficult>
		<occluded>0</occluded>
		<bndbox>
			<xmin>432</xmin>
			<xmax>471</xmax>
			<ymin>370</ymin>
			<ymax>501</ymax>
		</bndbox>
		<polygon>
			<x1>462.654091</x1>
			<y1>432.9375</y1>
			<x2>469.709456</x2>
			<y2>368.875</y2>
			<x3>430.512984</x3>
			<y3>373.5625</y3>
			<x4>434.432631</x4>
			<y4>422</y4>
			<x5>445.407643</x5>
			<y5>431.375</y5>
			<x6>450.11122</x6>
			<y6>468.875</y6>
			<x7>455.598726</x7>
			<y7>500.125</y7>
			<x8>469.709456</x8>
			<y8>498.5625</y8>
			<x9>462.654091</x9>
			<y9>432.9375</y9>
		</polygon>
	</object>
</annotation>
