<annotation>
	<folder></folder>
	<filename>413_jpg.rf.51e29e0412aaad5d359767d3b5e01849.jpg</filename>
	<path>413_jpg.rf.51e29e0412aaad5d359767d3b5e01849.jpg</path>
	<source>
		<database>roboflow.com</database>
	</source>
	<size>
		<width>640</width>
		<height>640</height>
		<depth>3</depth>
	</size>
	<segmented>0</segmented>
	<object>
		<name>RIU</name>
		<pose>Unspecified</pose>
		<truncated>0</truncated>
		<difficult>0</difficult>
		<occluded>0</occluded>
		<bndbox>
			<xmin>295</xmin>
			<xmax>320</xmax>
			<ymin>252</ymin>
			<ymax>398</ymax>
		</bndbox>
		<polygon>
			<x1>315.947295</x1>
			<y1>331.821429</y1>
			<x2>316.395255</x2>
			<y2>255.035714</y2>
			<x3>303.404424</x3>
			<y3>250.571429</y3>
			<x4>296.685028</x4>
			<y4>339.857143</y4>
			<x5>293.99727</x5>
			<y5>388.071429</y5>
			<x6>302.508504</x6>
			<y6>397</y6>
			<x7>318.187093</x7>
			<y7>397</y7>
			<x8>318.635053</x8>
			<y8>370.214286</y8>
			<x9>315.947295</x9>
			<y9>331.821429</y9>
		</polygon>
	</object>
	<object>
		<name>RIU</name>
		<pose>Unspecified</pose>
		<truncated>0</truncated>
		<difficult>0</difficult>
		<occluded>0</occluded>
		<bndbox>
			<xmin>275</xmin>
			<xmax>300</xmax>
			<ymin>243</ymin>
			<ymax>394</ymax>
		</bndbox>
		<polygon>
			<x1>293.101351</x1>
			<y1>328.25</y1>
			<x2>299.372786</x2>
			<y2>251.464286</y2>
			<x3>288.173794</x3>
			<y3>241.642857</y3>
			<x4>275.630923</x4>
			<y4>350.571429</y4>
			<x5>274.287044</x5>
			<y5>380.035714</y5>
			<x6>281.902359</x6>
			<y6>389.857143</y6>
			<x7>293.101351</x7>
			<y7>392.535714</y7>
			<x8>294.44523</x8>
			<y8>364.857143</y8>
			<x9>293.101351</x9>
			<y9>328.25</y9>
		</polygon>
	</object>
	<object>
		<name>RCU</name>
		<pose>Unspecified</pose>
		<truncated>0</truncated>
		<difficult>0</difficult>
		<occluded>0</occluded>
		<bndbox>
			<xmin>255</xmin>
			<xmax>276</xmax>
			<ymin>250</ymin>
			<ymax>384</ymax>
		</bndbox>
		<polygon>
			<x1>272.943165</x1>
			<y1>378.25</y1>
			<x2>274.735004</x2>
			<y2>354.142857</y2>
			<x3>273.839085</x3>
			<y3>332.714286</y3>
			<x4>273.391125</x4>
			<y4>254.142857</y4>
			<x5>259.504375</x5>
			<y5>248.785714</y5>
			<x6>255.920697</x6>
			<y6>271.107143</y6>
			<x7>254.576818</x7>
			<y7>300.571429</y7>
			<x8>253.680899</x8>
			<y8>367.535714</y8>
			<x9>266.22377</x9>
			<y9>382.714286</y9>
			<x10>272.943165</x10>
			<y10>378.25</y10>
		</polygon>
	</object>
	<object>
		<name>RPMU</name>
		<pose>Unspecified</pose>
		<truncated>0</truncated>
		<difficult>0</difficult>
		<occluded>0</occluded>
		<bndbox>
			<xmin>235</xmin>
			<xmax>256</xmax>
			<ymin>245</ymin>
			<ymax>374</ymax>
		</bndbox>
		<polygon>
			<x1>242.929866</x1>
			<y1>254.142857</y1>
			<x2>237.55435</x2>
			<y2>294.321429</y2>
			<x3>233.970673</x3>
			<y3>361.285714</y3>
			<x4>244.273745</x4>
			<y4>372.892857</y4>
			<x5>252.33702</x5>
			<y5>365.75</y5>
			<x6>252.784979</x6>
			<y6>313.964286</y6>
			<x7>255.024778</x7>
			<y7>255.928571</y7>
			<x8>249.649262</x8>
			<y8>244.321429</y8>
			<x9>242.929866</x9>
			<y9>254.142857</y9>
		</polygon>
	</object>
	<object>
		<name>RPMU</name>
		<pose>Unspecified</pose>
		<truncated>0</truncated>
		<difficult>0</difficult>
		<occluded>0</occluded>
		<bndbox>
			<xmin>218</xmin>
			<xmax>239</xmax>
			<ymin>233</ymin>
			<ymax>369</ymax>
		</bndbox>
		<polygon>
			<x1>219.188003</x1>
			<y1>244.321429</y1>
			<x2>220.531882</x2>
			<y2>305.928571</y2>
			<x3>217.396164</x3>
			<y3>356.821429</y3>
			<x4>227.251277</x4>
			<y4>368.428571</y4>
			<x5>233.074753</x5>
			<y5>358.607143</y5>
			<x6>237.55435</x6>
			<y6>273.785714</y6>
			<x7>234.866592</x7>
			<y7>243.428571</y7>
			<x8>226.803318</x8>
			<y8>231.821429</y8>
			<x9>219.188003</x9>
			<y9>244.321429</y9>
		</polygon>
	</object>
	<object>
		<name>RMU</name>
		<pose>Unspecified</pose>
		<truncated>0</truncated>
		<difficult>0</difficult>
		<occluded>0</occluded>
		<bndbox>
			<xmin>186</xmin>
			<xmax>220</xmax>
			<ymin>219</ymin>
			<ymax>361</ymax>
		</bndbox>
		<polygon>
			<x1>212.916568</x1>
			<y1>360.392857</y1>
			<x2>216.052285</x2>
			<y2>357.714286</y2>
			<x3>219.188003</x3>
			<y3>305.928571</y3>
			<x4>214.708406</x4>
			<y4>230.928571</y4>
			<x5>206.197172</x5>
			<y5>217.535714</y5>
			<x6>195.44614</x6>
			<y6>224.678571</y6>
			<x7>194.102261</x7>
			<y7>240.75</y7>
			<x8>190.966543</x8>
			<y8>299.678571</y8>
			<x9>186.934906</x9>
			<y9>311.285714</y9>
			<x10>184.695108</x10>
			<y10>338.964286</y10>
			<x11>193.206342</x11>
			<y11>357.714286</y11>
			<x12>212.916568</x12>
			<y12>360.392857</y12>
		</polygon>
	</object>
	<object>
		<name>RMU</name>
		<pose>Unspecified</pose>
		<truncated>0</truncated>
		<difficult>0</difficult>
		<occluded>0</occluded>
		<bndbox>
			<xmin>151</xmin>
			<xmax>187</xmax>
			<ymin>198</ymin>
			<ymax>339</ymax>
		</bndbox>
		<polygon>
			<x1>182.455309</x1>
			<y1>218.428571</y1>
			<x2>166.77672</x2>
			<y2>197</y2>
			<x3>161.849164</x3>
			<y3>213.071429</y3>
			<x4>158.713446</x4>
			<y4>269.321429</y4>
			<x5>151.99405</x5>
			<y5>292.535714</y5>
			<x6>149.754252</x6>
			<y6>323.785714</y6>
			<x7>156.473648</x7>
			<y7>337.178571</y7>
			<x8>183.351228</x8>
			<y8>338.071429</y8>
			<x9>186.486946</x9>
			<y9>306.821429</y9>
			<x10>182.455309</x10>
			<y10>218.428571</y10>
		</polygon>
	</object>
	<object>
		<name>RMD</name>
		<pose>Unspecified</pose>
		<truncated>0</truncated>
		<difficult>0</difficult>
		<occluded>0</occluded>
		<bndbox>
			<xmin>141</xmin>
			<xmax>211</xmax>
			<ymin>346</ymin>
			<ymax>457</ymax>
		</bndbox>
		<polygon>
			<x1>168.568559</x1>
			<y1>441.642857</y1>
			<x2>190.070624</x2>
			<y2>409.5</y2>
			<x3>205.749213</x3>
			<y3>388.071429</y3>
			<x4>210.228809</x4>
			<y4>370.214286</y4>
			<x5>194.102261</x5>
			<y5>359.5</y5>
			<x6>182.903269</x6>
			<y6>345.214286</y6>
			<x7>175.287954</x7>
			<y7>353.25</y7>
			<x8>167.22468</x8>
			<y8>361.285714</y8>
			<x9>162.297123</x9>
			<y9>383.607143</y9>
			<x10>139.899139</x10>
			<y10>428.25</y10>
			<x11>150.650171</x11>
			<y11>455.928571</y11>
			<x12>168.568559</x12>
			<y12>441.642857</y12>
		</polygon>
	</object>
	<object>
		<name>RPMD</name>
		<pose>Unspecified</pose>
		<truncated>0</truncated>
		<difficult>0</difficult>
		<occluded>0</occluded>
		<bndbox>
			<xmin>236</xmin>
			<xmax>269</xmax>
			<ymin>377</ymin>
			<ymax>508</ymax>
		</bndbox>
		<polygon>
			<x1>268.015609</x1>
			<y1>392.535714</y1>
			<x2>255.024778</x2>
			<y2>376.464286</y2>
			<x3>240.690068</x3>
			<y3>386.285714</y3>
			<x4>240.242108</x4>
			<y4>427.357143</y4>
			<x5>241.585987</x5>
			<y5>482.714286</y5>
			<x6>234.866592</x6>
			<y6>505.035714</y6>
			<x7>243.825786</x7>
			<y7>506.821429</y7>
			<x8>258.608455</x8>
			<y8>475.571429</y8>
			<x9>261.744173</x9>
			<y9>430.035714</y9>
			<x10>268.015609</x10>
			<y10>392.535714</y10>
		</polygon>
	</object>
	<object>
		<name>RCD</name>
		<pose>Unspecified</pose>
		<truncated>0</truncated>
		<difficult>0</difficult>
		<occluded>0</occluded>
		<bndbox>
			<xmin>260</xmin>
			<xmax>283</xmax>
			<ymin>384</ymin>
			<ymax>512</ymax>
		</bndbox>
		<polygon>
			<x1>263.088052</x1>
			<y1>511.285714</y1>
			<x2>272.943165</x2>
			<y2>501.464286</y2>
			<x3>280.55848</x3>
			<y3>455.928571</y3>
			<x4>281.902359</x4>
			<y4>390.75</y4>
			<x5>275.182963</x5>
			<y5>383.607143</y5>
			<x6>267.567649</x6>
			<y6>382.714286</y6>
			<x7>269.807447</x7>
			<y7>392.535714</y7>
			<x8>264.431931</x8>
			<y8>422.892857</y8>
			<x9>259.056415</x9>
			<y9>478.25</y9>
			<x10>263.088052</x10>
			<y10>511.285714</y10>
		</polygon>
	</object>
	<object>
		<name>RID</name>
		<pose>Unspecified</pose>
		<truncated>0</truncated>
		<difficult>0</difficult>
		<occluded>0</occluded>
		<bndbox>
			<xmin>282</xmin>
			<xmax>300</xmax>
			<ymin>392</ymin>
			<ymax>504</ymax>
		</bndbox>
		<polygon>
			<x1>298.924827</x1>
			<y1>429.142857</y1>
			<x2>297.132988</x2>
			<y2>400.571429</y2>
			<x3>294.89319</x3>
			<y3>393.428571</y3>
			<x4>282.798278</x4>
			<y4>390.75</y4>
			<x5>282.798278</x5>
			<y5>451.464286</y5>
			<x6>281.00644</x6>
			<y6>487.178571</y6>
			<x7>289.069714</x7>
			<y7>503.25</y7>
			<x8>297.580948</x8>
			<y8>492.535714</y8>
			<x9>298.924827</x9>
			<y9>429.142857</y9>
		</polygon>
	</object>
	<object>
		<name>RID</name>
		<pose>Unspecified</pose>
		<truncated>0</truncated>
		<difficult>0</difficult>
		<occluded>0</occluded>
		<bndbox>
			<xmin>300</xmin>
			<xmax>316</xmax>
			<ymin>402</ymin>
			<ymax>487</ymax>
		</bndbox>
		<polygon>
			<x1>302.060545</x1>
			<y1>486.285714</y1>
			<x2>313.707496</x2>
			<y2>486.285714</y2>
			<x3>315.051375</x3>
			<y3>446.107143</y3>
			<x4>314.155456</x4>
			<y4>405.928571</y4>
			<x5>298.924827</x5>
			<y5>401.464286</y5>
			<x6>301.164625</x6>
			<y6>430.035714</y6>
			<x7>302.060545</x7>
			<y7>486.285714</y7>
		</polygon>
	</object>
	<object>
		<name>LID</name>
		<pose>Unspecified</pose>
		<truncated>0</truncated>
		<difficult>0</difficult>
		<occluded>0</occluded>
		<bndbox>
			<xmin>317</xmin>
			<xmax>335</xmax>
			<ymin>407</ymin>
			<ymax>487</ymax>
		</bndbox>
		<polygon>
			<x1>315.947295</x1>
			<y1>405.928571</y1>
			<x2>317.291174</x2>
			<y2>438.071429</y2>
			<x3>318.635053</x3>
			<y3>471.107143</y3>
			<x4>325.354448</x4>
			<y4>486.285714</y4>
			<x5>334.313642</x5>
			<y5>485.392857</y5>
			<x6>331.177924</x6>
			<y6>440.75</y6>
			<x7>331.177924</x7>
			<y7>412.178571</y7>
			<x8>315.947295</x8>
			<y8>405.928571</y8>
		</polygon>
	</object>
	<object>
		<name>LID</name>
		<pose>Unspecified</pose>
		<truncated>0</truncated>
		<difficult>0</difficult>
		<occluded>0</occluded>
		<bndbox>
			<xmin>332</xmin>
			<xmax>357</xmax>
			<ymin>403</ymin>
			<ymax>502</ymax>
		</bndbox>
		<polygon>
			<x1>331.177924</x1>
			<y1>409.5</y1>
			<x2>335.209561</x2>
			<y2>443.428571</y2>
			<x3>346.408553</x3>
			<y3>500.571429</y3>
			<x4>354.023868</x4>
			<y4>501.464286</y4>
			<x5>356.263666</x5>
			<y5>484.5</y5>
			<x6>349.096311</x6>
			<y6>436.285714</y6>
			<x7>349.096311</x7>
			<y7>402.357143</y7>
			<x8>331.177924</x8>
			<y8>409.5</y8>
		</polygon>
	</object>
	<object>
		<name>LPMD</name>
		<pose>Unspecified</pose>
		<truncated>0</truncated>
		<difficult>0</difficult>
		<occluded>0</occluded>
		<bndbox>
			<xmin>351</xmin>
			<xmax>379</xmax>
			<ymin>402</ymin>
			<ymax>510</ymax>
		</bndbox>
		<polygon>
			<x1>372.390215</x1>
			<y1>449.678571</y1>
			<x2>368.806538</x2>
			<y2>402.357143</y2>
			<x3>351.784069</x3>
			<y3>400.571429</y3>
			<x4>350.44019</x4>
			<y4>421.107143</y4>
			<x5>353.127949</x5>
			<y5>440.75</y5>
			<x6>358.055505</x6>
			<y6>471.107143</y6>
			<x7>370.598376</x7>
			<y7>508.607143</y7>
			<x8>378.213691</x8>
			<y8>493.428571</y8>
			<x9>372.390215</x9>
			<y9>449.678571</y9>
		</polygon>
	</object>
	<object>
		<name>LPMD</name>
		<pose>Unspecified</pose>
		<truncated>0</truncated>
		<difficult>0</difficult>
		<occluded>0</occluded>
		<bndbox>
			<xmin>370</xmin>
			<xmax>407</xmax>
			<ymin>389</ymin>
			<ymax>524</ymax>
		</bndbox>
		<polygon>
			<x1>390.756562</x1>
			<y1>444.321429</y1>
			<x2>392.100441</x2>
			<y2>395.214286</y2>
			<x3>380.453489</x3>
			<y3>388.071429</y3>
			<x4>369.254497</x4>
			<y4>396.107143</y4>
			<x5>374.182054</x5>
			<y5>428.25</y5>
			<x6>377.765731</x6>
			<y6>470.214286</y6>
			<x7>391.204522</x7>
			<y7>522.892857</y7>
			<x8>405.539232</x8>
			<y8>517.535714</y8>
			<x9>390.756562</x9>
			<y9>444.321429</y9>
		</polygon>
	</object>
	<object>
		<name>LMD</name>
		<pose>Unspecified</pose>
		<truncated>0</truncated>
		<difficult>0</difficult>
		<occluded>0</occluded>
		<bndbox>
			<xmin>430</xmin>
			<xmax>489</xmax>
			<ymin>349</ymin>
			<ymax>466</ymax>
		</bndbox>
		<polygon>
			<x1>487.515853</x1>
			<y1>455.928571</y1>
			<x2>487.067894</x2>
			<y2>438.071429</y2>
			<x3>466.909708</x3>
			<y3>381.821429</y3>
			<x4>456.606635</x4>
			<y4>347.892857</y4>
			<x5>428.833135</x5>
			<y5>372</y5>
			<x6>428.833135</x6>
			<y6>389.857143</y6>
			<x7>447.199482</x7>
			<y7>419.321429</y7>
			<x8>458.846434</x8>
			<y8>444.321429</y8>
			<x9>480.348499</x9>
			<y9>464.857143</y9>
			<x10>487.515853</x10>
			<y10>455.928571</y10>
		</polygon>
	</object>
	<object>
		<name>LIU</name>
		<pose>Unspecified</pose>
		<truncated>0</truncated>
		<difficult>0</difficult>
		<occluded>0</occluded>
		<bndbox>
			<xmin>320</xmin>
			<xmax>344</xmax>
			<ymin>264</ymin>
			<ymax>402</ymax>
		</bndbox>
		<polygon>
			<x1>319.083012</x1>
			<y1>390.75</y1>
			<x2>335.657521</x2>
			<y2>400.571429</y2>
			<x3>342.824876</x3>
			<y3>393.428571</y3>
			<x4>340.137118</x4>
			<y4>342.535714</y4>
			<x5>341.928956</x5>
			<y5>325.571429</y5>
			<x6>336.55344</x6>
			<y6>263.964286</y6>
			<x7>329.386085</x7>
			<y7>263.071429</y7>
			<x8>324.010569</x8>
			<y8>292.535714</y8>
			<x9>322.66669</x9>
			<y9>325.571429</y9>
			<x10>319.530972</x10>
			<y10>351.464286</y10>
			<x11>319.083012</x11>
			<y11>390.75</y11>
		</polygon>
	</object>
	<object>
		<name>LIU</name>
		<pose>Unspecified</pose>
		<truncated>0</truncated>
		<difficult>0</difficult>
		<occluded>0</occluded>
		<bndbox>
			<xmin>343</xmin>
			<xmax>364</xmax>
			<ymin>269</ymin>
			<ymax>399</ymax>
		</bndbox>
		<polygon>
			<x1>363.431021</x1>
			<y1>390.75</y1>
			<x2>360.743263</x2>
			<y2>356.821429</y2>
			<x3>360.295304</x3>
			<y3>319.321429</y3>
			<x4>354.919787</x4>
			<y4>268.428571</y4>
			<x5>342.376916</x5>
			<y5>268.428571</y5>
			<x6>345.064674</x6>
			<y6>344.321429</y6>
			<x7>342.376916</x7>
			<y7>367.535714</y7>
			<x8>344.168755</x8>
			<y8>395.214286</y8>
			<x9>357.607545</x9>
			<y9>397.892857</y9>
			<x10>363.431021</x10>
			<y10>390.75</y10>
		</polygon>
	</object>
	<object>
		<name>LCU</name>
		<pose>Unspecified</pose>
		<truncated>0</truncated>
		<difficult>0</difficult>
		<occluded>0</occluded>
		<bndbox>
			<xmin>363</xmin>
			<xmax>385</xmax>
			<ymin>245</ymin>
			<ymax>393</ymax>
		</bndbox>
		<polygon>
			<x1>383.589207</x1>
			<y1>252.357143</y1>
			<x2>373.286134</x2>
			<y2>244.321429</y2>
			<x3>366.566739</x3>
			<y3>259.5</y3>
			<x4>363.878981</x4>
			<y4>317.535714</y4>
			<x5>361.639183</x5>
			<y5>340.75</y5>
			<x6>365.22286</x6>
			<y6>391.642857</y6>
			<x7>377.765731</x7>
			<y7>387.178571</y7>
			<x8>382.245328</x8>
			<y8>370.214286</y8>
			<x9>381.797368</x9>
			<y9>323.785714</y9>
			<x10>383.589207</x10>
			<y10>252.357143</y10>
		</polygon>
	</object>
	<object>
		<name>LPMU</name>
		<pose>Unspecified</pose>
		<truncated>0</truncated>
		<difficult>0</difficult>
		<occluded>0</occluded>
		<bndbox>
			<xmin>384</xmin>
			<xmax>405</xmax>
			<ymin>248</ymin>
			<ymax>384</ymax>
		</bndbox>
		<polygon>
			<x1>395.684118</x1>
			<y1>312.178571</y1>
			<x2>394.788199</x2>
			<y2>257.714286</y2>
			<x3>388.516764</x3>
			<y3>247</y3>
			<x4>384.485126</x4>
			<y4>257.714286</y4>
			<x5>384.933086</x5>
			<y5>305.928571</y5>
			<x6>383.141247</x6>
			<y6>373.785714</y6>
			<x7>393.44432</x7>
			<y7>382.714286</y7>
			<x8>403.747393</x8>
			<y8>371.107143</y8>
			<x9>395.684118</x9>
			<y9>312.178571</y9>
		</polygon>
	</object>
	<object>
		<name>LPMU</name>
		<pose>Unspecified</pose>
		<truncated>0</truncated>
		<difficult>0</difficult>
		<occluded>0</occluded>
		<bndbox>
			<xmin>398</xmin>
			<xmax>424</xmax>
			<ymin>245</ymin>
			<ymax>376</ymax>
		</bndbox>
		<polygon>
			<x1>416.738224</x1>
			<y1>319.321429</y1>
			<x2>416.290264</x2>
			<y2>244.321429</y2>
			<x3>403.747393</x3>
			<y3>245.214286</y3>
			<x4>397.475957</x4>
			<y4>268.428571</y4>
			<x5>399.267796</x5>
			<y5>323.785714</y5>
			<x6>405.091272</x6>
			<y6>372</y6>
			<x7>415.394344</x7>
			<y7>374.678571</y7>
			<x8>423.457619</x8>
			<y8>364.857143</y8>
			<x9>416.738224</x9>
			<y9>319.321429</y9>
		</polygon>
	</object>
	<object>
		<name>LMU</name>
		<pose>Unspecified</pose>
		<truncated>0</truncated>
		<difficult>0</difficult>
		<occluded>0</occluded>
		<bndbox>
			<xmin>421</xmin>
			<xmax>454</xmax>
			<ymin>246</ymin>
			<ymax>367</ymax>
		</bndbox>
		<polygon>
			<x1>451.679079</x1>
			<y1>350.571429</y1>
			<x2>453.470918</x2>
			<y2>326.464286</y2>
			<x3>446.303563</x3>
			<y3>301.464286</y3>
			<x4>440.480087</x4>
			<y4>247</y4>
			<x5>419.873941</x5>
			<y5>245.214286</y5>
			<x6>424.353538</x6>
			<y6>300.571429</y6>
			<x7>420.769861</x7>
			<y7>331.821429</y7>
			<x8>423.905578</x8>
			<y8>357.714286</y8>
			<x9>429.729054</x9>
			<y9>365.75</y9>
			<x10>451.679079</x10>
			<y10>350.571429</y10>
		</polygon>
	</object>
	<object>
		<name>LMU</name>
		<pose>Unspecified</pose>
		<truncated>0</truncated>
		<difficult>0</difficult>
		<occluded>0</occluded>
		<bndbox>
			<xmin>466</xmin>
			<xmax>497</xmax>
			<ymin>226</ymin>
			<ymax>352</ymax>
		</bndbox>
		<polygon>
			<x1>489.307692</x1>
			<y1>224.678571</y1>
			<x2>476.316862</x2>
			<y2>224.678571</y2>
			<x3>469.597466</x3>
			<y3>240.75</y3>
			<x4>466.461748</x4>
			<y4>302.357143</y4>
			<x5>465.117869</x5>
			<y5>342.535714</y5>
			<x6>471.837265</x6>
			<y6>351.464286</y6>
			<x7>480.348499</x7>
			<y7>326.464286</y7>
			<x8>496.027087</x8>
			<y8>321.107143</y8>
			<x9>496.027087</x9>
			<y9>259.5</y9>
			<x10>489.307692</x10>
			<y10>224.678571</y10>
		</polygon>
	</object>
</annotation>
