<annotation>
	<folder></folder>
	<filename>415_jpg.rf.8f8d2117f6bf77422a6e57714d46f861.jpg</filename>
	<path>415_jpg.rf.8f8d2117f6bf77422a6e57714d46f861.jpg</path>
	<source>
		<database>roboflow.com</database>
	</source>
	<size>
		<width>640</width>
		<height>640</height>
		<depth>3</depth>
	</size>
	<segmented>0</segmented>
	<object>
		<name>RIU</name>
		<pose>Unspecified</pose>
		<truncated>0</truncated>
		<difficult>0</difficult>
		<occluded>0</occluded>
		<bndbox>
			<xmin>288</xmin>
			<xmax>322</xmax>
			<ymin>208</ymin>
			<ymax>373</ymax>
		</bndbox>
		<polygon>
			<x1>303.516414</x1>
			<y1>372</y1>
			<x2>320.762861</x2>
			<y2>370.4375</y2>
			<x3>315.275355</x3>
			<y3>289.1875</y3>
			<x4>315.947295</x4>
			<y4>241.642857</y4>
			<x5>315.499335</x5>
			<y5>207.714286</y5>
			<x6>297.132988</x6>
			<y6>206.821429</y6>
			<x7>292.541401</x7>
			<y7>307.9375</y7>
			<x8>287.053895</x8>
			<y8>353.25</y8>
			<x9>289.405683</x9>
			<y9>372</y9>
			<x10>303.516414</x10>
			<y10>372</y10>
		</polygon>
	</object>
	<object>
		<name>RIU</name>
		<pose>Unspecified</pose>
		<truncated>0</truncated>
		<difficult>0</difficult>
		<occluded>0</occluded>
		<bndbox>
			<xmin>262</xmin>
			<xmax>294</xmax>
			<ymin>210</ymin>
			<ymax>364</ymax>
		</bndbox>
		<polygon>
			<x1>279.66256</x1>
			<y1>208.607143</y1>
			<x2>271.375306</x2>
			<y2>289.1875</y2>
			<x3>271.375306</x3>
			<y3>309.5</y3>
			<x4>261.184223</x4>
			<y4>350.125</y4>
			<x5>286.829915</x5>
			<y5>363.071429</y5>
			<x6>288.621754</x6>
			<y6>330.928571</y6>
			<x7>286.381956</x7>
			<y7>305.928571</y7>
			<x8>293.101351</x8>
			<y8>208.607143</y8>
			<x9>279.66256</x9>
			<y9>208.607143</y9>
		</polygon>
	</object>
	<object>
		<name>RCU</name>
		<pose>Unspecified</pose>
		<truncated>0</truncated>
		<difficult>0</difficult>
		<occluded>0</occluded>
		<bndbox>
			<xmin>244</xmin>
			<xmax>275</xmax>
			<ymin>218</ymin>
			<ymax>361</ymax>
		</bndbox>
		<polygon>
			<x1>264.431931</x1>
			<y1>335.392857</y1>
			<x2>268.463568</x2>
			<y2>297</y2>
			<x3>274.287044</x3>
			<y3>236.285714</y3>
			<x4>268.015609</x4>
			<y4>216.642857</y4>
			<x5>253.232939</x5>
			<y5>222.892857</y5>
			<x6>248.305382</x6>
			<y6>280.035714</y6>
			<x7>242.929866</x7>
			<y7>319.321429</y7>
			<x8>242.929866</x8>
			<y8>338.964286</y8>
			<x9>247.857423</x9>
			<y9>360.392857</y9>
			<x10>257.264576</x10>
			<y10>358.607143</y10>
			<x11>264.431931</x11>
			<y11>335.392857</y11>
		</polygon>
	</object>
	<object>
		<name>RPMU</name>
		<pose>Unspecified</pose>
		<truncated>0</truncated>
		<difficult>0</difficult>
		<occluded>0</occluded>
		<bndbox>
			<xmin>217</xmin>
			<xmax>248</xmax>
			<ymin>208</ymin>
			<ymax>347</ymax>
		</bndbox>
		<polygon>
			<x1>226.355358</x1>
			<y1>346.107143</y1>
			<x2>239.346189</x2>
			<y2>342.535714</y2>
			<x3>241.585987</x3>
			<y3>307.714286</y3>
			<x4>240.690068</x4>
			<y4>294.321429</y4>
			<x5>246.961503</x5>
			<y5>224.678571</y5>
			<x6>242.929866</x6>
			<y6>206.821429</y6>
			<x7>231.730874</x7>
			<y7>216.642857</y7>
			<x8>225.907398</x8>
			<y8>264.857143</y8>
			<x9>225.907398</x9>
			<y9>286.285714</y9>
			<x10>220.083922</x10>
			<y10>299.678571</y10>
			<x11>216.052285</x11>
			<y11>333.607143</y11>
			<x12>226.355358</x12>
			<y12>346.107143</y12>
		</polygon>
	</object>
	<object>
		<name>RMD</name>
		<pose>Unspecified</pose>
		<truncated>0</truncated>
		<difficult>0</difficult>
		<occluded>0</occluded>
		<bndbox>
			<xmin>183</xmin>
			<xmax>220</xmax>
			<ymin>205</ymin>
			<ymax>339</ymax>
		</bndbox>
		<polygon>
			<x1>188.726744</x1>
			<y1>266.642857</y1>
			<x2>182.007349</x2>
			<y2>285.392857</y2>
			<x3>181.55939</x3>
			<y3>306.821429</y3>
			<x4>189.174704</x4>
			<y4>320.214286</y4>
			<x5>202.165535</x5>
			<y5>338.071429</y5>
			<x6>217.396164</x6>
			<y6>322.892857</y6>
			<x7>219.188003</x7>
			<y7>298.785714</y7>
			<x8>215.604326</x8>
			<y8>293.428571</y8>
			<x9>204.853293</x9>
			<y9>240.75</y9>
			<x10>207.541051</x10>
			<y10>210.392857</y10>
			<x11>196.342059</x11>
			<y11>204.142857</y11>
			<x12>185.591027</x12>
			<y12>208.607143</y12>
			<x13>188.726744</x13>
			<y13>266.642857</y13>
		</polygon>
	</object>
	<object>
		<name>LIU</name>
		<pose>Unspecified</pose>
		<truncated>0</truncated>
		<difficult>0</difficult>
		<occluded>0</occluded>
		<bndbox>
			<xmin>321</xmin>
			<xmax>348</xmax>
			<ymin>230</ymin>
			<ymax>374</ymax>
		</bndbox>
		<polygon>
			<x1>344.616715</x1>
			<y1>311.285714</y1>
			<x2>345.960594</x2>
			<y2>230.035714</y2>
			<x3>331.177924</x3>
			<y3>229.142857</y3>
			<x4>328.042206</x4>
			<y4>267.535714</y4>
			<x5>319.978932</x5>
			<y5>324.678571</y5>
			<x6>321.770771</x6>
			<y6>367.535714</y6>
			<x7>345.064674</x7>
			<y7>372.892857</y7>
			<x8>346.856513</x8>
			<y8>338.964286</y8>
			<x9>344.616715</x9>
			<y9>311.285714</y9>
		</polygon>
	</object>
	<object>
		<name>LIU</name>
		<pose>Unspecified</pose>
		<truncated>0</truncated>
		<difficult>0</difficult>
		<occluded>0</occluded>
		<bndbox>
			<xmin>348</xmin>
			<xmax>371</xmax>
			<ymin>233</ymin>
			<ymax>371</ymax>
		</bndbox>
		<polygon>
			<x1>370.150416</x1>
			<y1>366.642857</y1>
			<x2>368.806538</x2>
			<y2>334.5</y2>
			<x3>365.22286</x3>
			<y3>303.25</y3>
			<x4>366.566739</x4>
			<y4>240.75</y4>
			<x5>357.159586</x5>
			<y5>231.821429</y5>
			<x6>349.544271</x6>
			<y6>261.285714</y6>
			<x7>349.544271</x7>
			<y7>297.892857</y7>
			<x8>346.856513</x8>
			<y8>328.25</y8>
			<x9>346.856513</x9>
			<y9>370.214286</y9>
			<x10>370.150416</x10>
			<y10>366.642857</y10>
		</polygon>
	</object>
	<object>
		<name>LCU</name>
		<pose>Unspecified</pose>
		<truncated>0</truncated>
		<difficult>0</difficult>
		<occluded>0</occluded>
		<bndbox>
			<xmin>371</xmin>
			<xmax>396</xmax>
			<ymin>201</ymin>
			<ymax>366</ymax>
		</bndbox>
		<polygon>
			<x1>371.494295</x1>
			<y1>353.25</y1>
			<x2>379.10961</x2>
			<y2>364.857143</y2>
			<x3>392.100441</x3>
			<y3>357.714286</y3>
			<x4>395.236159</x4>
			<y4>336.285714</y4>
			<x5>389.860643</x5>
			<y5>300.571429</y5>
			<x6>388.964723</x6>
			<y6>218.428571</y6>
			<x7>380.005529</x7>
			<y7>199.678571</y7>
			<x8>372.838175</x8>
			<y8>230.928571</y8>
			<x9>372.838175</x9>
			<y9>296.107143</y9>
			<x10>369.702457</x10>
			<y10>319.321429</y10>
			<x11>371.494295</x11>
			<y11>353.25</y11>
		</polygon>
	</object>
	<object>
		<name>LPMU</name>
		<pose>Unspecified</pose>
		<truncated>0</truncated>
		<difficult>0</difficult>
		<occluded>0</occluded>
		<bndbox>
			<xmin>403</xmin>
			<xmax>430</xmax>
			<ymin>208</ymin>
			<ymax>342</ymax>
		</bndbox>
		<polygon>
			<x1>417.186183</x1>
			<y1>340.75</y1>
			<x2>429.281095</x2>
			<y2>334.5</y2>
			<x3>426.593337</x3>
			<y3>303.25</y3>
			<x4>423.905578</x4>
			<y4>254.142857</y4>
			<x5>426.593337</x5>
			<y5>207.714286</y5>
			<x6>415.394344</x6>
			<y6>206.821429</y6>
			<x7>411.810667</x7>
			<y7>222.892857</y7>
			<x8>407.33107</x8>
			<y8>257.714286</y8>
			<x9>406.88311</x9>
			<y9>289.857143</y9>
			<x10>401.507594</x10>
			<y10>319.321429</y10>
			<x11>405.091272</x11>
			<y11>338.071429</y11>
			<x12>417.186183</x12>
			<y12>340.75</y12>
		</polygon>
	</object>
	<object>
		<name>LMU</name>
		<pose>Unspecified</pose>
		<truncated>0</truncated>
		<difficult>0</difficult>
		<occluded>0</occluded>
		<bndbox>
			<xmin>428</xmin>
			<xmax>460</xmax>
			<ymin>203</ymin>
			<ymax>336</ymax>
		</bndbox>
		<polygon>
			<x1>453.470918</x1>
			<y1>272.892857</y1>
			<x2>458.846434</x2>
			<y2>211.285714</y2>
			<x3>443.167845</x3>
			<y3>202.357143</y3>
			<x4>427.041296</x4>
			<y4>306.821429</y4>
			<x5>428.833135</x5>
			<y5>327.357143</y5>
			<x6>434.208651</x6>
			<y6>335.392857</y6>
			<x7>448.543361</x7>
			<y7>330.035714</y7>
			<x8>458.398474</x8>
			<y8>315.75</y8>
			<x9>453.470918</x9>
			<y9>272.892857</y9>
		</polygon>
	</object>
	<object>
		<name>LMU</name>
		<pose>Unspecified</pose>
		<truncated>0</truncated>
		<difficult>0</difficult>
		<occluded>0</occluded>
		<bndbox>
			<xmin>457</xmin>
			<xmax>489</xmax>
			<ymin>199</ymin>
			<ymax>326</ymax>
		</bndbox>
		<polygon>
			<x1>459.294393</x1>
			<y1>313.071429</y1>
			<x2>464.66991</x2>
			<y2>324.678571</y2>
			<x3>487.963813</x3>
			<y3>309.5</y3>
			<x4>483.036257</x4>
			<y4>266.642857</y4>
			<x5>479.900539</x5>
			<y5>246.107143</y5>
			<x6>483.932176</x6>
			<y6>203.25</y6>
			<x7>478.55666</x7>
			<y7>197.892857</y7>
			<x8>467.805627</x8>
			<y8>204.142857</y8>
			<x9>461.534192</x9>
			<y9>262.178571</y9>
			<x10>455.710716</x10>
			<y10>292.535714</y10>
			<x11>459.294393</x11>
			<y11>313.071429</y11>
		</polygon>
	</object>
	<object>
		<name>LID</name>
		<pose>Unspecified</pose>
		<truncated>0</truncated>
		<difficult>0</difficult>
		<occluded>0</occluded>
		<bndbox>
			<xmin>301</xmin>
			<xmax>322</xmax>
			<ymin>382</ymin>
			<ymax>491</ymax>
		</bndbox>
		<polygon>
			<x1>300.268706</x1>
			<y1>380.928571</y1>
			<x2>303.404424</x2>
			<y2>419.321429</y2>
			<x3>304.300343</x3>
			<y3>441.642857</y3>
			<x4>306.988101</x4>
			<y4>488.964286</y4>
			<x5>315.947295</x5>
			<y5>489.857143</y5>
			<x6>317.739134</x6>
			<y6>432.714286</y6>
			<x7>321.322811</x7>
			<y7>385.392857</y7>
			<x8>300.268706</x8>
			<y8>380.928571</y8>
		</polygon>
	</object>
	<object>
		<name>RID</name>
		<pose>Unspecified</pose>
		<truncated>0</truncated>
		<difficult>0</difficult>
		<occluded>0</occluded>
		<bndbox>
			<xmin>280</xmin>
			<xmax>301</xmax>
			<ymin>372</ymin>
			<ymax>486</ymax>
		</bndbox>
		<polygon>
			<x1>299.372786</x1>
			<y1>377.357143</y1>
			<x2>285.486036</x2>
			<y2>371.107143</y2>
			<x3>280.55848</x3>
			<y3>372.892857</y3>
			<x4>279.214601</x4>
			<y4>400.571429</y4>
			<x5>279.66256</x5>
			<y5>480.035714</y5>
			<x6>286.381956</x6>
			<y6>485.392857</y6>
			<x7>293.99727</x7>
			<y7>474.678571</y7>
			<x8>295.789109</x8>
			<y8>426.464286</y8>
			<x9>300.268706</x9>
			<y9>397.892857</y9>
			<x10>299.372786</x10>
			<y10>377.357143</y10>
		</polygon>
	</object>
	<object>
		<name>RID</name>
		<pose>Unspecified</pose>
		<truncated>0</truncated>
		<difficult>0</difficult>
		<occluded>0</occluded>
		<bndbox>
			<xmin>253</xmin>
			<xmax>280</xmax>
			<ymin>361</ymin>
			<ymax>501</ymax>
		</bndbox>
		<polygon>
			<x1>274.735004</x1>
			<y1>444.321429</y1>
			<x2>277.870722</x2>
			<y2>405.035714</y2>
			<x3>279.214601</x3>
			<y3>371.107143</y3>
			<x4>270.255407</x4>
			<y4>359.5</y4>
			<x5>263.536012</x5>
			<y5>364.857143</y5>
			<x6>258.608455</x6>
			<y6>389.857143</y6>
			<x7>253.680899</x7>
			<y7>429.142857</y7>
			<x8>251.88906</x8>
			<y8>476.464286</y8>
			<x9>256.368657</x9>
			<y9>499.678571</y9>
			<x10>266.67173</x10>
			<y10>491.642857</y10>
			<x11>274.735004</x11>
			<y11>444.321429</y11>
		</polygon>
	</object>
	<object>
		<name>LID</name>
		<pose>Unspecified</pose>
		<truncated>0</truncated>
		<difficult>0</difficult>
		<occluded>0</occluded>
		<bndbox>
			<xmin>323</xmin>
			<xmax>342</xmax>
			<ymin>384</ymin>
			<ymax>496</ymax>
		</bndbox>
		<polygon>
			<x1>341.033037</x1>
			<y1>417.535714</y1>
			<x2>339.241198</x2>
			<y2>386.285714</y2>
			<x3>321.770771</x3>
			<y3>382.714286</y3>
			<x4>323.562609</x4>
			<y4>426.464286</y4>
			<x5>325.802408</x5>
			<y5>475.571429</y5>
			<x6>329.834045</x6>
			<y6>495.214286</y6>
			<x7>338.793239</x7>
			<y7>490.75</y7>
			<x8>339.241198</x8>
			<y8>433.607143</y8>
			<x9>341.033037</x9>
			<y9>417.535714</y9>
		</polygon>
	</object>
	<object>
		<name>LCD</name>
		<pose>Unspecified</pose>
		<truncated>0</truncated>
		<difficult>0</difficult>
		<occluded>0</occluded>
		<bndbox>
			<xmin>341</xmin>
			<xmax>361</xmax>
			<ymin>378</ymin>
			<ymax>489</ymax>
		</bndbox>
		<polygon>
			<x1>359.847344</x1>
			<y1>469.321429</y1>
			<x2>356.711626</x2>
			<y2>427.357143</y2>
			<x3>358.951424</x3>
			<y3>404.142857</y3>
			<x4>358.951424</x4>
			<y4>385.392857</y4>
			<x5>351.784069</x5>
			<y5>379.142857</y5>
			<x6>339.689158</x6>
			<y6>377.357143</y6>
			<x7>342.824876</x7>
			<y7>422.892857</y7>
			<x8>342.824876</x8>
			<y8>472</y8>
			<x9>351.33611</x9>
			<y9>488.071429</y9>
			<x10>359.847344</x10>
			<y10>469.321429</y10>
		</polygon>
	</object>
	<object>
		<name>LPMD</name>
		<pose>Unspecified</pose>
		<truncated>0</truncated>
		<difficult>0</difficult>
		<occluded>0</occluded>
		<bndbox>
			<xmin>356</xmin>
			<xmax>387</xmax>
			<ymin>370</ymin>
			<ymax>499</ymax>
		</bndbox>
		<polygon>
			<x1>365.22286</x1>
			<y1>435.392857</y1>
			<x2>370.150416</x2>
			<y2>479.142857</y2>
			<x3>375.973892</x3>
			<y3>497.892857</y3>
			<x4>384.485126</x4>
			<y4>493.428571</y4>
			<x5>385.829005</x5>
			<y5>451.464286</y5>
			<x6>380.901449</x6>
			<y6>418.428571</y6>
			<x7>379.10961</x7>
			<y7>394.321429</y7>
			<x8>375.525933</x8>
			<y8>369.321429</y8>
			<x9>354.919787</x9>
			<y9>373.785714</y9>
			<x10>360.743263</x10>
			<y10>382.714286</y10>
			<x11>359.399384</x11>
			<y11>406.821429</y11>
			<x12>365.22286</x12>
			<y12>435.392857</y12>
		</polygon>
	</object>
	<object>
		<name>LPMD</name>
		<pose>Unspecified</pose>
		<truncated>0</truncated>
		<difficult>0</difficult>
		<occluded>0</occluded>
		<bndbox>
			<xmin>378</xmin>
			<xmax>406</xmax>
			<ymin>363</ymin>
			<ymax>472</ymax>
		</bndbox>
		<polygon>
			<x1>404.643312</x1>
			<y1>453.25</y1>
			<x2>397.475957</x2>
			<y2>399.678571</y2>
			<x3>399.715755</x3>
			<y3>387.178571</y3>
			<x4>399.267796</x4>
			<y4>362.178571</y4>
			<x5>376.869812</x5>
			<y5>368.428571</y5>
			<x6>384.037167</x6>
			<y6>401.464286</y6>
			<x7>387.172884</x7>
			<y7>434.5</y7>
			<x8>393.44432</x8>
			<y8>471.107143</y8>
			<x9>402.403514</x9>
			<y9>471.107143</y9>
			<x10>404.643312</x10>
			<y10>453.25</y10>
		</polygon>
	</object>
	<object>
		<name>LMD</name>
		<pose>Unspecified</pose>
		<truncated>0</truncated>
		<difficult>0</difficult>
		<occluded>0</occluded>
		<bndbox>
			<xmin>401</xmin>
			<xmax>430</xmax>
			<ymin>352</ymin>
			<ymax>474</ymax>
		</bndbox>
		<polygon>
			<x1>424.801498</x1>
			<y1>472.892857</y1>
			<x2>429.281095</x2>
			<y2>455.035714</y2>
			<x3>425.697417</x3>
			<y3>400.571429</y3>
			<x4>424.801498</x4>
			<y4>358.607143</y4>
			<x5>414.946385</x5>
			<y5>350.571429</y5>
			<x6>399.715755</x6>
			<y6>356.821429</y6>
			<x7>405.091272</x7>
			<y7>398.785714</y7>
			<x8>410.914748</x8>
			<y8>435.392857</y8>
			<x9>415.842304</x9>
			<y9>468.428571</y9>
			<x10>424.801498</x10>
			<y10>472.892857</y10>
		</polygon>
	</object>
	<object>
		<name>RPMD</name>
		<pose>Unspecified</pose>
		<truncated>0</truncated>
		<difficult>0</difficult>
		<occluded>0</occluded>
		<bndbox>
			<xmin>205</xmin>
			<xmax>248</xmax>
			<ymin>351</ymin>
			<ymax>477</ymax>
		</bndbox>
		<polygon>
			<x1>215.604326</x1>
			<y1>422</y1>
			<x2>203.957374</x2>
			<y2>458.607143</y2>
			<x3>215.156366</x3>
			<y3>475.571429</y3>
			<x4>226.355358</x4>
			<y4>439.857143</y4>
			<x5>238.450269</x5>
			<y5>398.785714</y5>
			<x6>247.409463</x6>
			<y6>377.357143</y6>
			<x7>242.929866</x7>
			<y7>359.5</y7>
			<x8>232.178834</x8>
			<y8>349.678571</y8>
			<x9>220.083922</x9>
			<y9>355.035714</y9>
			<x10>220.083922</x10>
			<y10>387.178571</y10>
			<x11>215.604326</x11>
			<y11>422</y11>
		</polygon>
	</object>
	<object>
		<name>RMD</name>
		<pose>Unspecified</pose>
		<truncated>0</truncated>
		<difficult>0</difficult>
		<occluded>0</occluded>
		<bndbox>
			<xmin>151</xmin>
			<xmax>215</xmax>
			<ymin>333</ymin>
			<ymax>431</ymax>
		</bndbox>
		<polygon>
			<x1>150.202212</x1>
			<y1>407.714286</y1>
			<x2>153.33793</x2>
			<y2>423.785714</y2>
			<x3>158.265486</x3>
			<y3>430.035714</y3>
			<x4>169.912438</x4>
			<y4>413.964286</y4>
			<x5>193.654301</x5>
			<y5>401.464286</y5>
			<x6>203.509414</x6>
			<y6>405.035714</y6>
			<x7>213.812487</x7>
			<y7>384.5</y7>
			<x8>212.468608</x8>
			<y8>361.285714</y8>
			<x9>205.301253</x9>
			<y9>350.571429</y9>
			<x10>200.821656</x10>
			<y10>331.821429</y10>
			<x11>191.862462</x11>
			<y11>335.392857</y11>
			<x12>179.319591</x12>
			<y12>356.821429</y12>
			<x13>158.713446</x13>
			<y13>381.821429</y13>
			<x14>150.202212</x14>
			<y14>407.714286</y14>
		</polygon>
	</object>
	<object>
		<name>RMD</name>
		<pose>Unspecified</pose>
		<truncated>0</truncated>
		<difficult>0</difficult>
		<occluded>0</occluded>
		<bndbox>
			<xmin>131</xmin>
			<xmax>192</xmax>
			<ymin>286</ymin>
			<ymax>395</ymax>
		</bndbox>
		<polygon>
			<x1>191.414503</x1>
			<y1>322.892857</y1>
			<x2>168.568559</x2>
			<y2>284.5</y2>
			<x3>162.297123</x3>
			<y3>286.285714</y3>
			<x4>157.817526</x4>
			<y4>313.071429</y4>
			<x5>130.491986</x5>
			<y5>371.107143</y5>
			<x6>137.211381</x6>
			<y6>394.321429</y6>
			<x7>148.858333</x7>
			<y7>392.535714</y7>
			<x8>173.944075</x8>
			<y8>358.607143</y8>
			<x9>184.695108</x9>
			<y9>347.892857</y9>
			<x10>191.414503</x10>
			<y10>322.892857</y10>
		</polygon>
	</object>
</annotation>
