<annotation>
	<folder></folder>
	<filename>417_jpg.rf.6ccfb612e0d9e4c9ca6613f3a127f64c.jpg</filename>
	<path>417_jpg.rf.6ccfb612e0d9e4c9ca6613f3a127f64c.jpg</path>
	<source>
		<database>roboflow.com</database>
	</source>
	<size>
		<width>640</width>
		<height>640</height>
		<depth>3</depth>
	</size>
	<segmented>0</segmented>
	<object>
		<name>RIU</name>
		<pose>Unspecified</pose>
		<truncated>0</truncated>
		<difficult>0</difficult>
		<occluded>0</occluded>
		<bndbox>
			<xmin>289</xmin>
			<xmax>320</xmax>
			<ymin>234</ymin>
			<ymax>392</ymax>
		</bndbox>
		<polygon>
			<x1>292.653391</x1>
			<y1>334.5</y1>
			<x2>289.517673</x2>
			<y2>350.571429</y2>
			<x3>288.173794</x3>
			<y3>375.571429</y3>
			<x4>290.861552</x4>
			<y4>390.75</y4>
			<x5>303.852383</x5>
			<y5>388.964286</y5>
			<x6>319.083012</x6>
			<y6>387.178571</y6>
			<x7>319.083012</x7>
			<y7>360.392857</y7>
			<x8>315.947295</x8>
			<y8>344.321429</y8>
			<x9>313.707496</x9>
			<y9>324.678571</y9>
			<x10>313.259537</x10>
			<y10>248.785714</y10>
			<x11>308.77994</x11>
			<y11>232.714286</y11>
			<x12>297.132988</x12>
			<y12>239.857143</y12>
			<x13>292.653391</x13>
			<y13>334.5</y13>
		</polygon>
	</object>
	<object>
		<name>RIU</name>
		<pose>Unspecified</pose>
		<truncated>0</truncated>
		<difficult>0</difficult>
		<occluded>0</occluded>
		<bndbox>
			<xmin>265</xmin>
			<xmax>294</xmax>
			<ymin>247</ymin>
			<ymax>386</ymax>
		</bndbox>
		<polygon>
			<x1>272.943165</x1>
			<y1>384.5</y1>
			<x2>286.829915</x2>
			<y2>383.607143</y2>
			<x3>288.621754</x3>
			<y3>347</y3>
			<x4>285.933996</x4>
			<y4>334.5</y4>
			<x5>292.653391</x5>
			<y5>263.071429</y5>
			<x6>288.173794</x6>
			<y6>246.107143</y6>
			<x7>280.55848</x7>
			<y7>248.785714</y7>
			<x8>270.703367</x8>
			<y8>306.821429</y8>
			<x9>268.463568</x9>
			<y9>331.821429</y9>
			<x10>264.879891</x10>
			<y10>346.107143</y10>
			<x11>264.431931</x11>
			<y11>375.571429</y11>
			<x12>272.943165</x12>
			<y12>384.5</y12>
		</polygon>
	</object>
	<object>
		<name>RCU</name>
		<pose>Unspecified</pose>
		<truncated>0</truncated>
		<difficult>0</difficult>
		<occluded>0</occluded>
		<bndbox>
			<xmin>241</xmin>
			<xmax>267</xmax>
			<ymin>213</ymin>
			<ymax>377</ymax>
		</bndbox>
		<polygon>
			<x1>264.879891</x1>
			<y1>222.892857</y1>
			<x2>259.504375</x2>
			<y2>212.178571</y2>
			<x3>254.576818</x3>
			<y3>225.571429</y3>
			<x4>247.857423</x4>
			<y4>247.892857</y4>
			<x5>244.721705</x5>
			<y5>312.178571</y5>
			<x6>239.794148</x6>
			<y6>352.357143</y6>
			<x7>241.138028</x7>
			<y7>364.857143</y7>
			<x8>251.4411</x8>
			<y8>376.464286</y8>
			<x9>261.744173</x9>
			<y9>372.892857</y9>
			<x10>265.77581</x10>
			<y10>349.678571</y10>
			<x11>263.536012</x11>
			<y11>329.142857</y11>
			<x12>265.327851</x12>
			<y12>321.107143</y12>
			<x13>264.879891</x13>
			<y13>277.357143</y13>
			<x14>265.327851</x14>
			<y14>234.5</y14>
			<x15>264.879891</x15>
			<y15>222.892857</y15>
		</polygon>
	</object>
	<object>
		<name>RPMU</name>
		<pose>Unspecified</pose>
		<truncated>0</truncated>
		<difficult>0</difficult>
		<occluded>0</occluded>
		<bndbox>
			<xmin>196</xmin>
			<xmax>226</xmax>
			<ymin>219</ymin>
			<ymax>351</ymax>
		</bndbox>
		<polygon>
			<x1>207.541051</x1>
			<y1>258.607143</y1>
			<x2>202.613495</x2>
			<y2>298.785714</y2>
			<x3>195.44614</x3>
			<y3>318.428571</y3>
			<x4>195.894099</x4>
			<y4>335.392857</y4>
			<x5>207.541051</x5>
			<y5>349.678571</y5>
			<x6>221.875761</x6>
			<y6>336.285714</y6>
			<x7>220.979842</x7>
			<y7>322</y7>
			<x8>218.740043</x8>
			<y8>297</y8>
			<x9>224.11556</x9>
			<y9>261.285714</y9>
			<x10>225.011479</x10>
			<y10>226.464286</y10>
			<x11>217.396164</x11>
			<y11>218.428571</y11>
			<x12>210.676769</x12>
			<y12>227.357143</y12>
			<x13>207.541051</x13>
			<y13>258.607143</y13>
		</polygon>
	</object>
	<object>
		<name>RPMU</name>
		<pose>Unspecified</pose>
		<truncated>0</truncated>
		<difficult>0</difficult>
		<occluded>0</occluded>
		<bndbox>
			<xmin>217</xmin>
			<xmax>246</xmax>
			<ymin>223</ymin>
			<ymax>365</ymax>
		</bndbox>
		<polygon>
			<x1>229.043116</x1>
			<y1>262.178571</y1>
			<x2>222.323721</x2>
			<y2>315.75</y2>
			<x3>225.011479</x3>
			<y3>334.5</y3>
			<x4>215.604326</x4>
			<y4>345.214286</y4>
			<x5>228.147197</x5>
			<y5>363.964286</y5>
			<x6>238.00231</x6>
			<y6>356.821429</y6>
			<x7>242.033947</x7>
			<y7>323.785714</y7>
			<x8>241.585987</x8>
			<y8>280.928571</y8>
			<x9>245.169665</x9>
			<y9>247</y9>
			<x10>242.033947</x10>
			<y10>224.678571</y10>
			<x11>233.970673</x11>
			<y11>222</y11>
			<x12>229.043116</x12>
			<y12>240.75</y12>
			<x13>229.043116</x13>
			<y13>262.178571</y13>
		</polygon>
	</object>
	<object>
		<name>RMU</name>
		<pose>Unspecified</pose>
		<truncated>0</truncated>
		<difficult>0</difficult>
		<occluded>0</occluded>
		<bndbox>
			<xmin>166</xmin>
			<xmax>204</xmax>
			<ymin>215</ymin>
			<ymax>336</ymax>
		</bndbox>
		<polygon>
			<x1>174.839994</x1>
			<y1>213.964286</y1>
			<x2>173.496115</x2>
			<y2>275.571429</y2>
			<x3>166.32876</x3>
			<y3>293.428571</y3>
			<x4>164.536922</x4>
			<y4>318.428571</y4>
			<x5>170.360398</x5>
			<y5>332.714286</y5>
			<x6>177.975712</x6>
			<y6>328.25</y6>
			<x7>185.591027</x7>
			<y7>335.392857</y7>
			<x8>194.55022</x8>
			<y8>334.5</y8>
			<x9>193.206342</x9>
			<y9>322.892857</y9>
			<x10>200.373697</x10>
			<y10>301.464286</y10>
			<x11>198.133898</x11>
			<y11>281.821429</y11>
			<x12>203.061454</x12>
			<y12>235.392857</y12>
			<x13>199.029817</x13>
			<y13>221.107143</y13>
			<x14>174.839994</x14>
			<y14>213.964286</y14>
		</polygon>
	</object>
	<object>
		<name>RMU</name>
		<pose>Unspecified</pose>
		<truncated>0</truncated>
		<difficult>0</difficult>
		<occluded>0</occluded>
		<bndbox>
			<xmin>134</xmin>
			<xmax>174</xmax>
			<ymin>201</ymin>
			<ymax>330</ymax>
		</bndbox>
		<polygon>
			<x1>148.410373</x1>
			<y1>261.285714</y1>
			<x2>137.211381</x2>
			<y2>277.357143</y2>
			<x3>132.731784</x3>
			<y3>294.321429</y3>
			<x4>135.867502</x4>
			<y4>312.178571</y4>
			<x5>143.034857</x5>
			<y5>313.964286</y5>
			<x6>149.754252</x6>
			<y6>329.142857</y6>
			<x7>162.745083</x7>
			<y7>326.464286</y7>
			<x8>166.77672</x8>
			<y8>288.071429</y8>
			<x9>166.77672</x9>
			<y9>274.678571</y9>
			<x10>173.048156</x10>
			<y10>252.357143</y10>
			<x11>173.048156</x11>
			<y11>203.25</y11>
			<x12>159.609365</x12>
			<y12>199.678571</y12>
			<x13>151.99405</x13>
			<y13>204.142857</y13>
			<x14>146.618534</x14>
			<y14>231.821429</y14>
			<x15>148.410373</x15>
			<y15>261.285714</y15>
		</polygon>
	</object>
	<object>
		<name>RMU</name>
		<pose>Unspecified</pose>
		<truncated>0</truncated>
		<difficult>0</difficult>
		<occluded>0</occluded>
		<bndbox>
			<xmin>103</xmin>
			<xmax>153</xmax>
			<ymin>184</ymin>
			<ymax>299</ymax>
		</bndbox>
		<polygon>
			<x1>126.460349</x1>
			<y1>297.892857</y1>
			<x2>134.075663</x2>
			<y2>289.857143</y2>
			<x3>140.795059</x3>
			<y3>267.535714</y3>
			<x4>142.586897</x4>
			<y4>248.785714</y4>
			<x5>151.99405</x5>
			<y5>198.785714</y5>
			<x6>137.211381</x6>
			<y6>182.714286</y6>
			<x7>126.460349</x7>
			<y7>184.5</y7>
			<x8>117.949115</x8>
			<y8>226.464286</y8>
			<x9>104.062364</x9>
			<y9>249.678571</y9>
			<x10>102.270526</x10>
			<y10>264.857143</y10>
			<x11>117.949115</x11>
			<y11>280.035714</y11>
			<x12>126.460349</x12>
			<y12>297.892857</y12>
		</polygon>
	</object>
	<object>
		<name>RMD</name>
		<pose>Unspecified</pose>
		<truncated>0</truncated>
		<difficult>0</difficult>
		<occluded>0</occluded>
		<bndbox>
			<xmin>99</xmin>
			<xmax>162</xmax>
			<ymin>311</ymin>
			<ymax>408</ymax>
		</bndbox>
		<polygon>
			<x1>144.826695</x1>
			<y1>322.892857</y1>
			<x2>134.075663</x2>
			<y2>309.5</y2>
			<x3>125.11647</x3>
			<y3>322.892857</y3>
			<x4>125.11647</x4>
			<y4>335.392857</y4>
			<x5>119.740953</x5>
			<y5>343.428571</y5>
			<x6>102.270526</x6>
			<y6>370.214286</y6>
			<x7>97.790929</x7>
			<y7>389.857143</y7>
			<x8>108.989921</x8>
			<y8>406.821429</y8>
			<x9>127.804228</x9>
			<y9>403.25</y9>
			<x10>139.00322</x10>
			<y10>382.714286</y10>
			<x11>158.713446</x11>
			<y11>375.571429</y11>
			<x12>160.953244</x12>
			<y12>352.357143</y12>
			<x13>154.681809</x13>
			<y13>336.285714</y13>
			<x14>144.826695</x14>
			<y14>322.892857</y14>
		</polygon>
	</object>
	<object>
		<name>RMD</name>
		<pose>Unspecified</pose>
		<truncated>0</truncated>
		<difficult>0</difficult>
		<occluded>0</occluded>
		<bndbox>
			<xmin>172</xmin>
			<xmax>224</xmax>
			<ymin>350</ymin>
			<ymax>482</ymax>
		</bndbox>
		<polygon>
			<x1>173.496115</x1>
			<y1>472.892857</y1>
			<x2>191.862462</x2>
			<y2>480.928571</y2>
			<x3>207.093092</x3>
			<y3>447</y3>
			<x4>212.020648</x4>
			<y4>411.285714</y4>
			<x5>215.604326</x5>
			<y5>397.892857</y5>
			<x6>223.21964</x6>
			<y6>371.107143</y6>
			<x7>200.821656</x7>
			<y7>355.035714</y7>
			<x8>194.99818</x8>
			<y8>348.785714</y8>
			<x9>180.215511</x9>
			<y9>356.821429</y9>
			<x10>177.975712</x10>
			<y10>386.285714</y10>
			<x11>181.11143</x11>
			<y11>399.678571</y11>
			<x12>171.256317</x12>
			<y12>455.035714</y12>
			<x13>173.496115</x13>
			<y13>472.892857</y13>
		</polygon>
	</object>
	<object>
		<name>RPMD</name>
		<pose>Unspecified</pose>
		<truncated>0</truncated>
		<difficult>0</difficult>
		<occluded>0</occluded>
		<bndbox>
			<xmin>207</xmin>
			<xmax>247</xmax>
			<ymin>372</ymin>
			<ymax>503</ymax>
		</bndbox>
		<polygon>
			<x1>205.749213</x1>
			<y1>490.75</y1>
			<x2>208.436971</x2>
			<y2>502.357143</y2>
			<x3>218.740043</x3>
			<y3>486.285714</y3>
			<x4>236.210471</x4>
			<y4>414.857143</y4>
			<x5>242.033947</x5>
			<y5>410.392857</y5>
			<x6>246.065584</x6>
			<y6>387.178571</y6>
			<x7>234.418632</x7>
			<y7>371.107143</y7>
			<x8>225.011479</x8>
			<y8>373.785714</y8>
			<x9>216.948205</x9>
			<y9>392.535714</y9>
			<x10>216.500245</x10>
			<y10>433.607143</y10>
			<x11>205.749213</x11>
			<y11>490.75</y11>
		</polygon>
	</object>
	<object>
		<name>RPMD</name>
		<pose>Unspecified</pose>
		<truncated>0</truncated>
		<difficult>0</difficult>
		<occluded>0</occluded>
		<bndbox>
			<xmin>228</xmin>
			<xmax>267</xmax>
			<ymin>386</ymin>
			<ymax>507</ymax>
		</bndbox>
		<polygon>
			<x1>239.794148</x1>
			<y1>413.071429</y1>
			<x2>239.346189</x2>
			<y2>452.357143</y2>
			<x3>226.803318</x3>
			<y3>499.678571</y3>
			<x4>236.210471</x4>
			<y4>505.928571</y4>
			<x5>255.472737</x5>
			<y5>462.178571</y5>
			<x6>255.472737</x6>
			<y6>447.892857</y6>
			<x7>259.504375</x7>
			<y7>430.035714</y7>
			<x8>265.77581</x8>
			<y8>405.928571</y8>
			<x9>259.056415</x9>
			<y9>388.964286</y9>
			<x10>247.409463</x10>
			<y10>385.392857</y10>
			<x11>243.825786</x11>
			<y11>405.928571</y11>
			<x12>239.794148</x12>
			<y12>413.071429</y12>
		</polygon>
	</object>
	<object>
		<name>RCD</name>
		<pose>Unspecified</pose>
		<truncated>0</truncated>
		<difficult>0</difficult>
		<occluded>0</occluded>
		<bndbox>
			<xmin>248</xmin>
			<xmax>290</xmax>
			<ymin>389</ymin>
			<ymax>517</ymax>
		</bndbox>
		<polygon>
			<x1>246.513544</x1>
			<y1>507.714286</y1>
			<x2>258.160496</x2>
			<y2>515.75</y2>
			<x3>268.911528</x3>
			<y3>495.214286</y3>
			<x4>280.55848</x4>
			<y4>460.392857</y4>
			<x5>284.590117</x5>
			<y5>431.821429</y5>
			<x6>288.173794</x6>
			<y6>419.321429</y6>
			<x7>288.621754</x7>
			<y7>401.464286</y7>
			<x8>281.00644</x8>
			<y8>388.071429</y8>
			<x9>271.599286</x9>
			<y9>392.535714</y9>
			<x10>266.22377</x10>
			<y10>409.5</y10>
			<x11>263.088052</x11>
			<y11>426.464286</y11>
			<x12>259.504375</x12>
			<y12>458.607143</y12>
			<x13>246.513544</x13>
			<y13>507.714286</y13>
		</polygon>
	</object>
	<object>
		<name>RID</name>
		<pose>Unspecified</pose>
		<truncated>0</truncated>
		<difficult>0</difficult>
		<occluded>0</occluded>
		<bndbox>
			<xmin>282</xmin>
			<xmax>308</xmax>
			<ymin>398</ymin>
			<ymax>519</ymax>
		</bndbox>
		<polygon>
			<x1>288.173794</x1>
			<y1>442.535714</y1>
			<x2>281.454399</x2>
			<y2>484.5</y2>
			<x3>284.590117</x3>
			<y3>517.535714</y3>
			<x4>297.580948</x4>
			<y4>518.428571</y4>
			<x5>306.092182</x5>
			<y5>490.75</y5>
			<x6>306.092182</x6>
			<y6>443.428571</y6>
			<x7>307.436061</x7>
			<y7>434.5</y7>
			<x8>306.092182</x8>
			<y8>406.821429</y8>
			<x9>301.612585</x9>
			<y9>399.678571</y9>
			<x10>289.517673</x10>
			<y10>397</y10>
			<x11>287.725835</x11>
			<y11>423.785714</y11>
			<x12>288.173794</x12>
			<y12>442.535714</y12>
		</polygon>
	</object>
	<object>
		<name>RID</name>
		<pose>Unspecified</pose>
		<truncated>0</truncated>
		<difficult>0</difficult>
		<occluded>0</occluded>
		<bndbox>
			<xmin>308</xmin>
			<xmax>334</xmax>
			<ymin>401</ymin>
			<ymax>524</ymax>
		</bndbox>
		<polygon>
			<x1>330.282005</x1>
			<y1>522.892857</y1>
			<x2>333.417722</x2>
			<y2>475.571429</y2>
			<x3>327.146287</x3>
			<y3>447</y3>
			<x4>324.906489</x4>
			<y4>399.678571</y4>
			<x5>306.540141</x5>
			<y5>402.357143</y5>
			<x6>308.33198</x6>
			<y6>417.535714</y6>
			<x7>310.571779</x7>
			<y7>435.392857</y7>
			<x8>316.395255</x8>
			<y8>468.428571</y8>
			<x9>313.707496</x9>
			<y9>514.857143</y9>
			<x10>330.282005</x10>
			<y10>522.892857</y10>
		</polygon>
	</object>
	<object>
		<name>LIU</name>
		<pose>Unspecified</pose>
		<truncated>0</truncated>
		<difficult>0</difficult>
		<occluded>0</occluded>
		<bndbox>
			<xmin>320</xmin>
			<xmax>348</xmax>
			<ymin>251</ymin>
			<ymax>386</ymax>
		</bndbox>
		<polygon>
			<x1>319.530972</x1>
			<y1>346.107143</y1>
			<x2>319.083012</x2>
			<y2>382.714286</y2>
			<x3>345.512634</x3>
			<y3>385.392857</y3>
			<x4>346.856513</x4>
			<y4>366.642857</y4>
			<x5>344.168755</x5>
			<y5>343.428571</y5>
			<x6>344.168755</x6>
			<y6>313.964286</y6>
			<x7>341.480997</x7>
			<y7>281.821429</y7>
			<x8>338.345279</x8>
			<y8>253.25</y8>
			<x9>331.177924</x9>
			<y9>249.678571</y9>
			<x10>328.042206</x10>
			<y10>275.571429</y10>
			<x11>322.21873</x11>
			<y11>330.035714</y11>
			<x12>319.530972</x12>
			<y12>346.107143</y12>
		</polygon>
	</object>
	<object>
		<name>LIU</name>
		<pose>Unspecified</pose>
		<truncated>0</truncated>
		<difficult>0</difficult>
		<occluded>0</occluded>
		<bndbox>
			<xmin>347</xmin>
			<xmax>371</xmax>
			<ymin>252</ymin>
			<ymax>389</ymax>
		</bndbox>
		<polygon>
			<x1>350.44019</x1>
			<y1>332.714286</y1>
			<x2>346.408553</x2>
			<y2>347</y2>
			<x3>349.096311</x3>
			<y3>383.607143</y3>
			<x4>363.878981</x4>
			<y4>388.071429</y4>
			<x5>369.702457</x5>
			<y5>380.035714</y5>
			<x6>367.910618</x6>
			<y6>341.642857</y6>
			<x7>366.118779</x7>
			<y7>288.964286</y7>
			<x8>361.191223</x8>
			<y8>261.285714</y8>
			<x9>357.607545</x9>
			<y9>250.571429</y9>
			<x10>351.784069</x10>
			<y10>254.142857</y10>
			<x11>350.44019</x11>
			<y11>280.035714</y11>
			<x12>350.44019</x12>
			<y12>332.714286</y12>
		</polygon>
	</object>
	<object>
		<name>LCU</name>
		<pose>Unspecified</pose>
		<truncated>0</truncated>
		<difficult>0</difficult>
		<occluded>0</occluded>
		<bndbox>
			<xmin>370</xmin>
			<xmax>396</xmax>
			<ymin>234</ymin>
			<ymax>384</ymax>
		</bndbox>
		<polygon>
			<x1>374.182054</x1>
			<y1>248.785714</y1>
			<x2>372.838175</x2>
			<y2>282.714286</y2>
			<x3>372.838175</x3>
			<y3>328.25</y3>
			<x4>369.254497</x4>
			<y4>341.642857</y4>
			<x5>370.598376</x5>
			<y5>369.321429</y5>
			<x6>374.630013</x6>
			<y6>378.25</y6>
			<x7>387.172884</x7>
			<y7>382.714286</y7>
			<x8>394.788199</x8>
			<y8>365.75</y8>
			<x9>390.308602</x9>
			<y9>338.071429</y9>
			<x10>391.652481</x10>
			<y10>324.678571</y10>
			<x11>391.204522</x11>
			<y11>304.142857</y11>
			<x12>387.172884</x12>
			<y12>240.75</y12>
			<x13>378.213691</x13>
			<y13>232.714286</y13>
			<x14>374.182054</x14>
			<y14>248.785714</y14>
		</polygon>
	</object>
	<object>
		<name>LPMU</name>
		<pose>Unspecified</pose>
		<truncated>0</truncated>
		<difficult>0</difficult>
		<occluded>0</occluded>
		<bndbox>
			<xmin>394</xmin>
			<xmax>419</xmax>
			<ymin>236</ymin>
			<ymax>372</ymax>
		</bndbox>
		<polygon>
			<x1>392.99636</x1>
			<y1>343.428571</y1>
			<x2>396.132078</x2>
			<y2>366.642857</y2>
			<x3>402.403514</x3>
			<y3>368.428571</y3>
			<x4>408.674949</x4>
			<y4>371.107143</y4>
			<x5>417.186183</x5>
			<y5>356.821429</y5>
			<x6>417.634143</x6>
			<y6>346.107143</y6>
			<x7>410.466788</x7>
			<y7>316.642857</y7>
			<x8>406.88311</x8>
			<y8>276.464286</y8>
			<x9>404.195353</x9>
			<y9>242.535714</y9>
			<x10>399.267796</x10>
			<y10>235.392857</y10>
			<x11>394.788199</x11>
			<y11>241.642857</y11>
			<x12>392.548401</x12>
			<y12>276.464286</y12>
			<x13>396.132078</x13>
			<y13>328.25</y13>
			<x14>392.99636</x14>
			<y14>343.428571</y14>
		</polygon>
	</object>
	<object>
		<name>LPMU</name>
		<pose>Unspecified</pose>
		<truncated>0</truncated>
		<difficult>0</difficult>
		<occluded>0</occluded>
		<bndbox>
			<xmin>412</xmin>
			<xmax>437</xmax>
			<ymin>240</ymin>
			<ymax>361</ymax>
		</bndbox>
		<polygon>
			<x1>413.154546</x1>
			<y1>280.928571</y1>
			<x2>413.602506</x2>
			<y2>322</y2>
			<x3>418.082103</x3>
			<y3>338.071429</y3>
			<x4>418.082103</x4>
			<y4>355.928571</y4>
			<x5>427.489256</x5>
			<y5>360.392857</y5>
			<x6>436.44845</x6>
			<y6>354.142857</y6>
			<x7>435.55253</x7>
			<y7>332.714286</y7>
			<x8>431.520893</x8>
			<y8>320.214286</y8>
			<x9>425.249458</x9>
			<y9>287.178571</y9>
			<x10>423.457619</x10>
			<y10>242.535714</y10>
			<x11>417.634143</x11>
			<y11>238.964286</y11>
			<x12>410.914748</x12>
			<y12>263.964286</y12>
			<x13>413.154546</x13>
			<y13>280.928571</y13>
		</polygon>
	</object>
	<object>
		<name>LMU</name>
		<pose>Unspecified</pose>
		<truncated>0</truncated>
		<difficult>0</difficult>
		<occluded>0</occluded>
		<bndbox>
			<xmin>431</xmin>
			<xmax>469</xmax>
			<ymin>234</ymin>
			<ymax>352</ymax>
		</bndbox>
		<polygon>
			<x1>435.55253</x1>
			<y1>295.214286</y1>
			<x2>434.656611</x2>
			<y2>309.5</y2>
			<x3>437.344369</x3>
			<y3>346.107143</y3>
			<x4>440.032127</x4>
			<y4>350.571429</y4>
			<x5>450.783159</x5>
			<y5>341.642857</y5>
			<x6>460.190313</x6>
			<y6>344.321429</y6>
			<x7>468.253587</x7>
			<y7>325.571429</y7>
			<x8>466.461748</x8>
			<y8>303.25</y8>
			<x9>458.398474</x9>
			<y9>288.964286</y9>
			<x10>456.158676</x10>
			<y10>238.071429</y10>
			<x11>436.896409</x11>
			<y11>232.714286</y11>
			<x12>430.177014</x12>
			<y12>269.321429</y12>
			<x13>435.55253</x13>
			<y13>295.214286</y13>
		</polygon>
	</object>
	<object>
		<name>LMU</name>
		<pose>Unspecified</pose>
		<truncated>0</truncated>
		<difficult>0</difficult>
		<occluded>0</occluded>
		<bndbox>
			<xmin>475</xmin>
			<xmax>508</xmax>
			<ymin>206</ymin>
			<ymax>323</ymax>
		</bndbox>
		<polygon>
			<x1>478.1087</x1>
			<y1>269.321429</y1>
			<x2>476.764821</x2>
			<y2>306.821429</y2>
			<x3>487.515853</x3>
			<y3>322</y3>
			<x4>497.818926</x4>
			<y4>310.392857</y4>
			<x5>506.77812</x5>
			<y5>307.714286</y5>
			<x6>506.77812</x6>
			<y6>284.5</y6>
			<x7>498.714846</x7>
			<y7>259.5</y7>
			<x8>500.058725</x8>
			<y8>213.071429</y8>
			<x9>491.995451</x9>
			<y9>205.035714</y9>
			<x10>474.077063</x10>
			<y10>211.285714</y10>
			<x11>474.077063</x11>
			<y11>247.892857</y11>
			<x12>478.1087</x12>
			<y12>269.321429</y12>
		</polygon>
	</object>
	<object>
		<name>LID</name>
		<pose>Unspecified</pose>
		<truncated>0</truncated>
		<difficult>0</difficult>
		<occluded>0</occluded>
		<bndbox>
			<xmin>327</xmin>
			<xmax>356</xmax>
			<ymin>400</ymin>
			<ymax>493</ymax>
		</bndbox>
		<polygon>
			<x1>344.616715</x1>
			<y1>434.5</y1>
			<x2>339.241198</x2>
			<y2>404.142857</y2>
			<x3>325.802408</x3>
			<y3>398.785714</y3>
			<x4>328.490166</x4>
			<y4>431.821429</y4>
			<x5>334.313642</x5>
			<y5>466.642857</y5>
			<x6>342.824876</x6>
			<y6>490.75</y6>
			<x7>355.367747</x7>
			<y7>491.642857</y7>
			<x8>344.616715</x8>
			<y8>446.107143</y8>
			<x9>344.616715</x9>
			<y9>434.5</y9>
		</polygon>
	</object>
	<object>
		<name>LID</name>
		<pose>Unspecified</pose>
		<truncated>0</truncated>
		<difficult>0</difficult>
		<occluded>0</occluded>
		<bndbox>
			<xmin>342</xmin>
			<xmax>369</xmax>
			<ymin>402</ymin>
			<ymax>504</ymax>
		</bndbox>
		<polygon>
			<x1>360.295304</x1>
			<y1>434.5</y1>
			<x2>361.191223</x2>
			<y2>402.357143</y2>
			<x3>341.480997</x3>
			<y3>400.571429</y3>
			<x4>346.856513</x4>
			<y4>438.071429</y4>
			<x5>353.127949</x5>
			<y5>472.892857</y5>
			<x6>359.399384</x6>
			<y6>497.892857</y6>
			<x7>367.910618</x7>
			<y7>503.25</y7>
			<x8>368.358578</x8>
			<y8>472</y8>
			<x9>360.295304</x9>
			<y9>434.5</y9>
		</polygon>
	</object>
	<object>
		<name>LCD</name>
		<pose>Unspecified</pose>
		<truncated>0</truncated>
		<difficult>0</difficult>
		<occluded>0</occluded>
		<bndbox>
			<xmin>363</xmin>
			<xmax>402</xmax>
			<ymin>394</ymin>
			<ymax>519</ymax>
		</bndbox>
		<polygon>
			<x1>380.901449</x1>
			<y1>496.107143</y1>
			<x2>394.340239</x2>
			<y2>518.428571</y2>
			<x3>401.059635</x3>
			<y3>514.857143</y3>
			<x4>385.829005</x4>
			<y4>447.892857</y4>
			<x5>384.485126</x5>
			<y5>423.785714</y5>
			<x6>380.901449</x6>
			<y6>397</y6>
			<x7>371.494295</x7>
			<y7>393.428571</y7>
			<x8>362.087142</x8>
			<y8>399.678571</y8>
			<x9>362.535102</x9>
			<y9>428.25</y9>
			<x10>370.598376</x10>
			<y10>455.928571</y10>
			<x11>380.901449</x11>
			<y11>496.107143</y11>
		</polygon>
	</object>
	<object>
		<name>LPMD</name>
		<pose>Unspecified</pose>
		<truncated>0</truncated>
		<difficult>0</difficult>
		<occluded>0</occluded>
		<bndbox>
			<xmin>385</xmin>
			<xmax>416</xmax>
			<ymin>391</ymin>
			<ymax>512</ymax>
		</bndbox>
		<polygon>
			<x1>390.308602</x1>
			<y1>439.857143</y1>
			<x2>395.236159</x2>
			<y2>469.321429</y2>
			<x3>401.059635</x3>
			<y3>498.785714</y3>
			<x4>415.394344</x4>
			<y4>511.285714</y4>
			<x5>406.435151</x5>
			<y5>462.178571</y5>
			<x6>402.851473</x6>
			<y6>431.821429</y6>
			<x7>405.091272</x7>
			<y7>427.357143</y7>
			<x8>404.195353</x8>
			<y8>399.678571</y8>
			<x9>389.860643</x9>
			<y9>389.857143</y9>
			<x10>383.589207</x10>
			<y10>403.25</y10>
			<x11>386.724925</x11>
			<y11>430.035714</y11>
			<x12>390.308602</x12>
			<y12>439.857143</y12>
		</polygon>
	</object>
	<object>
		<name>LPMD</name>
		<pose>Unspecified</pose>
		<truncated>0</truncated>
		<difficult>0</difficult>
		<occluded>0</occluded>
		<bndbox>
			<xmin>404</xmin>
			<xmax>434</xmax>
			<ymin>388</ymin>
			<ymax>499</ymax>
		</bndbox>
		<polygon>
			<x1>428.833135</x1>
			<y1>497.892857</y1>
			<x2>432.864772</x2>
			<y2>480.035714</y2>
			<x3>427.041296</x3>
			<y3>412.178571</y3>
			<x4>422.561699</x4>
			<y4>397</y4>
			<x5>416.290264</x5>
			<y5>387.178571</y5>
			<x6>403.299433</x6>
			<y6>390.75</y6>
			<x7>405.539232</x7>
			<y7>417.535714</y7>
			<x8>410.018828</x8>
			<y8>428.25</y8>
			<x9>415.842304</x9>
			<y9>468.428571</y9>
			<x10>428.833135</x10>
			<y10>497.892857</y10>
		</polygon>
	</object>
	<object>
		<name>LMD</name>
		<pose>Unspecified</pose>
		<truncated>0</truncated>
		<difficult>0</difficult>
		<occluded>0</occluded>
		<bndbox>
			<xmin>424</xmin>
			<xmax>475</xmax>
			<ymin>363</ymin>
			<ymax>488</ymax>
		</bndbox>
		<polygon>
			<x1>431.520893</x1>
			<y1>375.571429</y1>
			<x2>423.009659</x2>
			<y2>388.964286</y2>
			<x3>429.281095</x3>
			<y3>413.071429</y3>
			<x4>434.656611</x4>
			<y4>424.678571</y4>
			<x5>440.480087</x5>
			<y5>454.142857</y5>
			<x6>455.710716</x6>
			<y6>487.178571</y6>
			<x7>473.629103</x7>
			<y7>476.464286</y7>
			<x8>456.158676</x8>
			<y8>406.821429</y8>
			<x9>456.606635</x9>
			<y9>393.428571</y9>
			<x10>453.470918</x10>
			<y10>371.107143</y10>
			<x11>453.022958</x11>
			<y11>362.178571</y11>
			<x12>442.271926</x12>
			<y12>365.75</y12>
			<x13>431.520893</x13>
			<y13>375.571429</y13>
		</polygon>
	</object>
	<object>
		<name>LMD</name>
		<pose>Unspecified</pose>
		<truncated>0</truncated>
		<difficult>0</difficult>
		<occluded>0</occluded>
		<bndbox>
			<xmin>455</xmin>
			<xmax>502</xmax>
			<ymin>336</ymin>
			<ymax>461</ymax>
		</bndbox>
		<polygon>
			<x1>470.941345</x1>
			<y1>342.535714</y1>
			<x2>463.326031</x2>
			<y2>348.785714</y2>
			<x3>453.918877</x3>
			<y3>362.178571</y3>
			<x4>456.606635</x4>
			<y4>390.75</y4>
			<x5>466.461748</x5>
			<y5>399.678571</y5>
			<x6>468.253587</x6>
			<y6>426.464286</y6>
			<x7>490.651571</x7>
			<y7>459.5</y7>
			<x8>500.058725</x8>
			<y8>455.035714</y8>
			<x9>500.954644</x9>
			<y9>426.464286</y9>
			<x10>487.067894</x10>
			<y10>386.285714</y10>
			<x11>488.859733</x11>
			<y11>365.75</y11>
			<x12>481.692378</x12>
			<y12>342.535714</y12>
			<x13>474.972982</x13>
			<y13>334.5</y13>
			<x14>470.941345</x14>
			<y14>342.535714</y14>
		</polygon>
	</object>
	<object>
		<name>LMD</name>
		<pose>Unspecified</pose>
		<truncated>0</truncated>
		<difficult>0</difficult>
		<occluded>0</occluded>
		<bndbox>
			<xmin>484</xmin>
			<xmax>532</xmax>
			<ymin>312</ymin>
			<ymax>418</ymax>
		</bndbox>
		<polygon>
			<x1>483.036257</x1>
			<y1>343.428571</y1>
			<x2>490.651571</x2>
			<y2>363.071429</y2>
			<x3>496.027087</x3>
			<y3>377.357143</y3>
			<x4>498.714846</x4>
			<y4>400.571429</y4>
			<x5>512.601596</x5>
			<y5>416.642857</y5>
			<x6>524.696507</x6>
			<y6>412.178571</y6>
			<x7>530.519983</x7>
			<y7>388.964286</y7>
			<x8>517.529152</x8>
			<y8>340.75</y8>
			<x9>517.529152</x9>
			<y9>325.571429</y9>
			<x10>511.705676</x10>
			<y10>311.285714</y10>
			<x11>500.058725</x11>
			<y11>311.285714</y11>
			<x12>493.787289</x12>
			<y12>330.928571</y12>
			<x13>483.036257</x13>
			<y13>343.428571</y13>
		</polygon>
	</object>
</annotation>
