<annotation>
	<folder></folder>
	<filename>418_jpg.rf.3687b61810d66d0f2c87171b69ba9a4f.jpg</filename>
	<path>418_jpg.rf.3687b61810d66d0f2c87171b69ba9a4f.jpg</path>
	<source>
		<database>roboflow.com</database>
	</source>
	<size>
		<width>640</width>
		<height>640</height>
		<depth>3</depth>
	</size>
	<segmented>0</segmented>
	<object>
		<name>RIU</name>
		<pose>Unspecified</pose>
		<truncated>0</truncated>
		<difficult>0</difficult>
		<occluded>0</occluded>
		<bndbox>
			<xmin>282</xmin>
			<xmax>314</xmax>
			<ymin>248</ymin>
			<ymax>405</ymax>
		</bndbox>
		<polygon>
			<x1>287.277875</x1>
			<y1>337.178571</y1>
			<x2>281.454399</x2>
			<y2>383.607143</y2>
			<x3>284.142157</x3>
			<y3>400.571429</y3>
			<x4>297.580948</x4>
			<y4>404.142857</y4>
			<x5>311.915658</x5>
			<y5>404.142857</y5>
			<x6>312.811577</x6>
			<y6>375.571429</y6>
			<x7>309.2279</x7>
			<y7>341.642857</y7>
			<x8>308.33198</x8>
			<y8>257.714286</y8>
			<x9>304.748303</x9>
			<y9>249.678571</y9>
			<x10>296.685028</x10>
			<y10>247</y10>
			<x11>290.861552</x11>
			<y11>266.642857</y11>
			<x12>287.277875</x12>
			<y12>337.178571</y12>
		</polygon>
	</object>
	<object>
		<name>RIU</name>
		<pose>Unspecified</pose>
		<truncated>0</truncated>
		<difficult>0</difficult>
		<occluded>0</occluded>
		<bndbox>
			<xmin>265</xmin>
			<xmax>286</xmax>
			<ymin>247</ymin>
			<ymax>401</ymax>
		</bndbox>
		<polygon>
			<x1>267.567649</x1>
			<y1>396.107143</y1>
			<x2>272.943165</x2>
			<y2>399.678571</y2>
			<x3>281.454399</x3>
			<y3>393.428571</y3>
			<x4>281.00644</x4>
			<y4>374.678571</y4>
			<x5>284.590117</x5>
			<y5>351.464286</y5>
			<x6>282.350318</x6>
			<y6>279.142857</y6>
			<x7>282.798278</x7>
			<y7>255.035714</y7>
			<x8>273.839085</x8>
			<y8>246.107143</y8>
			<x9>267.567649</x9>
			<y9>255.035714</y9>
			<x10>266.67173</x10>
			<y10>338.071429</y10>
			<x11>263.536012</x11>
			<y11>347.892857</y11>
			<x12>263.536012</x12>
			<y12>382.714286</y12>
			<x13>267.567649</x13>
			<y13>396.107143</y13>
		</polygon>
	</object>
	<object>
		<name>RCU</name>
		<pose>Unspecified</pose>
		<truncated>0</truncated>
		<difficult>0</difficult>
		<occluded>0</occluded>
		<bndbox>
			<xmin>237</xmin>
			<xmax>264</xmax>
			<ymin>235</ymin>
			<ymax>398</ymax>
		</bndbox>
		<polygon>
			<x1>236.210471</x1>
			<y1>364.857143</y1>
			<x2>241.138028</x2>
			<y2>390.75</y2>
			<x3>249.649262</x3>
			<y3>397</y3>
			<x4>259.056415</x4>
			<y4>389.857143</y4>
			<x5>263.088052</x5>
			<y5>378.25</y5>
			<x6>262.192133</x6>
			<y6>345.214286</y6>
			<x7>260.400294</x7>
			<y7>330.035714</y7>
			<x8>260.848254</x8>
			<y8>267.535714</y8>
			<x9>259.504375</x9>
			<y9>249.678571</y9>
			<x10>253.680899</x10>
			<y10>235.392857</y10>
			<x11>246.065584</x11>
			<y11>233.607143</y11>
			<x12>242.481907</x12>
			<y12>272.892857</y12>
			<x13>242.929866</x13>
			<y13>338.071429</y13>
			<x14>236.210471</x14>
			<y14>364.857143</y14>
		</polygon>
	</object>
	<object>
		<name>RPMU</name>
		<pose>Unspecified</pose>
		<truncated>0</truncated>
		<difficult>0</difficult>
		<occluded>0</occluded>
		<bndbox>
			<xmin>213</xmin>
			<xmax>245</xmax>
			<ymin>243</ymin>
			<ymax>386</ymax>
		</bndbox>
		<polygon>
			<x1>226.355358</x1>
			<y1>272.892857</y1>
			<x2>226.803318</x2>
			<y2>298.785714</y2>
			<x3>221.875761</x3>
			<y3>325.571429</y3>
			<x4>221.875761</x4>
			<y4>332.714286</y4>
			<x5>212.020648</x5>
			<y5>355.928571</y5>
			<x6>219.635963</x6>
			<y6>384.5</y6>
			<x7>227.699237</x7>
			<y7>380.035714</y7>
			<x8>228.595157</x8>
			<y8>375.571429</y8>
			<x9>237.106391</x9>
			<y9>373.785714</y9>
			<x10>234.866592</x10>
			<y10>359.5</y10>
			<x11>238.898229</x11>
			<y11>347.892857</y11>
			<x12>238.00231</x12>
			<y12>327.357143</y12>
			<x13>240.690068</x13>
			<y13>275.571429</y13>
			<x14>243.825786</x14>
			<y14>241.642857</y14>
			<x15>230.386995</x15>
			<y15>241.642857</y15>
			<x16>226.355358</x16>
			<y16>272.892857</y16>
		</polygon>
	</object>
	<object>
		<name>RPMU</name>
		<pose>Unspecified</pose>
		<truncated>0</truncated>
		<difficult>0</difficult>
		<occluded>0</occluded>
		<bndbox>
			<xmin>193</xmin>
			<xmax>221</xmax>
			<ymin>226</ymin>
			<ymax>371</ymax>
		</bndbox>
		<polygon>
			<x1>199.477777</x1>
			<y1>370.214286</y1>
			<x2>208.436971</x2>
			<y2>367.535714</y2>
			<x3>213.364527</x3>
			<y3>366.642857</y3>
			<x4>210.676769</x4>
			<y4>351.464286</y4>
			<x5>220.083922</x5>
			<y5>334.5</y5>
			<x6>218.740043</x6>
			<y6>293.428571</y6>
			<x7>218.292084</x7>
			<y7>229.142857</y7>
			<x8>210.676769</x8>
			<y8>224.678571</y8>
			<x9>204.853293</x9>
			<y9>237.178571</y9>
			<x10>203.957374</x10>
			<y10>288.964286</y10>
			<x11>198.133898</x11>
			<y11>310.392857</y11>
			<x12>191.862462</x12>
			<y12>353.25</y12>
			<x13>199.477777</x13>
			<y13>370.214286</y13>
		</polygon>
	</object>
	<object>
		<name>RMU</name>
		<pose>Unspecified</pose>
		<truncated>0</truncated>
		<difficult>0</difficult>
		<occluded>0</occluded>
		<bndbox>
			<xmin>163</xmin>
			<xmax>199</xmax>
			<ymin>229</ymin>
			<ymax>361</ymax>
		</bndbox>
		<polygon>
			<x1>176.183873</x1>
			<y1>347.892857</y1>
			<x2>185.143067</x2>
			<y2>360.392857</y2>
			<x3>190.518583</x3>
			<y3>356.821429</y3>
			<x4>197.685938</x4>
			<y4>308.607143</y4>
			<x5>198.133898</x5>
			<y5>242.535714</y5>
			<x6>193.206342</x6>
			<y6>228.25</y6>
			<x7>181.55939</x7>
			<y7>231.821429</y7>
			<x8>169.912438</x8>
			<y8>300.571429</y8>
			<x9>164.088962</x9>
			<y9>310.392857</y9>
			<x10>161.849164</x10>
			<y10>336.285714</y10>
			<x11>167.672639</x11>
			<y11>355.035714</y11>
			<x12>176.183873</x12>
			<y12>347.892857</y12>
		</polygon>
	</object>
	<object>
		<name>RMU</name>
		<pose>Unspecified</pose>
		<truncated>0</truncated>
		<difficult>0</difficult>
		<occluded>0</occluded>
		<bndbox>
			<xmin>132</xmin>
			<xmax>171</xmax>
			<ymin>219</ymin>
			<ymax>339</ymax>
		</bndbox>
		<polygon>
			<x1>137.659341</x1>
			<y1>281.821429</y1>
			<x2>132.731784</x2>
			<y2>303.25</y2>
			<x3>131.387905</x3>
			<y3>320.214286</y3>
			<x4>138.1073</x4>
			<y4>324.678571</y4>
			<x5>146.170575</x5>
			<y5>338.071429</y5>
			<x6>156.473648</x6>
			<y6>338.071429</y6>
			<x7>160.953244</x7>
			<y7>329.142857</y7>
			<x8>164.984881</x8>
			<y8>309.5</y8>
			<x9>164.984881</x9>
			<y9>299.678571</y9>
			<x10>170.360398</x10>
			<y10>230.035714</y10>
			<x11>156.921607</x11>
			<y11>217.535714</y11>
			<x12>147.066494</x12>
			<y12>263.071429</y12>
			<x13>137.659341</x13>
			<y13>281.821429</y13>
		</polygon>
	</object>
	<object>
		<name>RMU</name>
		<pose>Unspecified</pose>
		<truncated>0</truncated>
		<difficult>0</difficult>
		<occluded>0</occluded>
		<bndbox>
			<xmin>106</xmin>
			<xmax>149</xmax>
			<ymin>198</ymin>
			<ymax>320</ymax>
		</bndbox>
		<polygon>
			<x1>117.053195</x1>
			<y1>319.321429</y1>
			<x2>130.491986</x2>
			<y2>310.392857</y2>
			<x3>139.00322</x3>
			<y3>277.357143</y3>
			<x4>148.410373</x4>
			<y4>210.392857</y4>
			<x5>146.618534</x5>
			<y5>197</y5>
			<x6>137.659341</x6>
			<y6>197</y6>
			<x7>105.854203</x7>
			<y7>263.071429</y7>
			<x8>104.510324</x8>
			<y8>288.071429</y8>
			<x9>111.677679</x9>
			<y9>311.285714</y9>
			<x10>117.053195</x10>
			<y10>319.321429</y10>
		</polygon>
	</object>
	<object>
		<name>LIU</name>
		<pose>Unspecified</pose>
		<truncated>0</truncated>
		<difficult>0</difficult>
		<occluded>0</occluded>
		<bndbox>
			<xmin>313</xmin>
			<xmax>342</xmax>
			<ymin>251</ymin>
			<ymax>406</ymax>
		</bndbox>
		<polygon>
			<x1>341.033037</x1>
			<y1>397.892857</y1>
			<x2>341.033037</x2>
			<y2>361.285714</y2>
			<x3>335.657521</x3>
			<y3>338.071429</y3>
			<x4>337.0014</x4>
			<y4>251.464286</y4>
			<x5>321.770771</x5>
			<y5>249.678571</y5>
			<x6>316.843214</x6>
			<y6>338.071429</y6>
			<x7>311.915658</x7>
			<y7>365.75</y7>
			<x8>313.259537</x8>
			<y8>398.785714</y8>
			<x9>327.146287</x9>
			<y9>405.035714</y9>
			<x10>341.033037</x10>
			<y10>397.892857</y10>
		</polygon>
	</object>
	<object>
		<name>LIU</name>
		<pose>Unspecified</pose>
		<truncated>0</truncated>
		<difficult>0</difficult>
		<occluded>0</occluded>
		<bndbox>
			<xmin>342</xmin>
			<xmax>364</xmax>
			<ymin>243</ymin>
			<ymax>395</ymax>
		</bndbox>
		<polygon>
			<x1>360.743263</x1>
			<y1>341.642857</y1>
			<x2>360.743263</x2>
			<y2>241.642857</y2>
			<x3>348.648352</x3>
			<y3>243.428571</y3>
			<x4>343.720795</x4>
			<y4>272</y4>
			<x5>341.928956</x5>
			<y5>352.357143</y5>
			<x6>341.480997</x6>
			<y6>391.642857</y6>
			<x7>358.055505</x7>
			<y7>394.321429</y7>
			<x8>362.535102</x8>
			<y8>373.785714</y8>
			<x9>360.743263</x9>
			<y9>341.642857</y9>
		</polygon>
	</object>
	<object>
		<name>LCU</name>
		<pose>Unspecified</pose>
		<truncated>0</truncated>
		<difficult>0</difficult>
		<occluded>0</occluded>
		<bndbox>
			<xmin>364</xmin>
			<xmax>390</xmax>
			<ymin>236</ymin>
			<ymax>395</ymax>
		</bndbox>
		<polygon>
			<x1>377.765731</x1>
			<y1>394.321429</y1>
			<x2>389.412683</x2>
			<y2>377.357143</y2>
			<x3>384.933086</x3>
			<y3>329.142857</y3>
			<x4>384.485126</x4>
			<y4>245.214286</y4>
			<x5>378.213691</x5>
			<y5>234.5</y5>
			<x6>367.014699</x6>
			<y6>241.642857</y6>
			<x7>365.22286</x7>
			<y7>331.821429</y7>
			<x8>362.535102</x8>
			<y8>339.857143</y8>
			<x9>362.535102</x9>
			<y9>380.035714</y9>
			<x10>377.765731</x10>
			<y10>394.321429</y10>
		</polygon>
	</object>
	<object>
		<name>LPMU</name>
		<pose>Unspecified</pose>
		<truncated>0</truncated>
		<difficult>0</difficult>
		<occluded>0</occluded>
		<bndbox>
			<xmin>388</xmin>
			<xmax>415</xmax>
			<ymin>236</ymin>
			<ymax>385</ymax>
		</bndbox>
		<polygon>
			<x1>389.412683</x1>
			<y1>369.321429</y1>
			<x2>395.236159</x2>
			<y2>372</y2>
			<x3>399.715755</x3>
			<y3>381.821429</y3>
			<x4>406.435151</x4>
			<y4>383.607143</y4>
			<x5>414.050465</x5>
			<y5>362.178571</y5>
			<x6>407.77903</x6>
			<y6>324.678571</y6>
			<x7>405.091272</x7>
			<y7>296.107143</y7>
			<x8>402.403514</x8>
			<y8>238.071429</y8>
			<x9>392.99636</x9>
			<y9>235.392857</y9>
			<x10>386.724925</x10>
			<y10>254.142857</y10>
			<x11>387.172884</x11>
			<y11>332.714286</y11>
			<x12>389.412683</x12>
			<y12>369.321429</y12>
		</polygon>
	</object>
	<object>
		<name>LPMU</name>
		<pose>Unspecified</pose>
		<truncated>0</truncated>
		<difficult>0</difficult>
		<occluded>0</occluded>
		<bndbox>
			<xmin>410</xmin>
			<xmax>436</xmax>
			<ymin>235</ymin>
			<ymax>374</ymax>
		</bndbox>
		<polygon>
			<x1>426.145377</x1>
			<y1>372.892857</y1>
			<x2>435.104571</x2>
			<y2>355.928571</y2>
			<x3>429.281095</x3>
			<y3>322.892857</y3>
			<x4>428.833135</x4>
			<y4>240.75</y4>
			<x5>422.11374</x5>
			<y5>238.071429</y5>
			<x6>414.498425</x6>
			<y6>233.607143</y6>
			<x7>409.122909</x7>
			<y7>325.571429</y7>
			<x8>411.810667</x8>
			<y8>338.964286</y8>
			<x9>414.946385</x9>
			<y9>364.857143</y9>
			<x10>426.145377</x10>
			<y10>372.892857</y10>
		</polygon>
	</object>
	<object>
		<name>LMU</name>
		<pose>Unspecified</pose>
		<truncated>0</truncated>
		<difficult>0</difficult>
		<occluded>0</occluded>
		<bndbox>
			<xmin>432</xmin>
			<xmax>467</xmax>
			<ymin>222</ymin>
			<ymax>362</ymax>
		</bndbox>
		<polygon>
			<x1>434.208651</x1>
			<y1>248.785714</y1>
			<x2>431.072933</x2>
			<y2>323.785714</y2>
			<x3>434.656611</x3>
			<y3>348.785714</y3>
			<x4>441.823966</x4>
			<y4>361.285714</y4>
			<x5>452.574998</x5>
			<y5>350.571429</y5>
			<x6>459.294393</x6>
			<y6>358.607143</y6>
			<x7>466.013789</x7>
			<y7>352.357143</y7>
			<x8>466.013789</x8>
			<y8>324.678571</y8>
			<x9>459.742353</x9>
			<y9>300.571429</y9>
			<x10>451.231119</x10>
			<y10>232.714286</y10>
			<x11>442.271926</x11>
			<y11>221.107143</y11>
			<x12>435.104571</x12>
			<y12>228.25</y12>
			<x13>434.208651</x13>
			<y13>248.785714</y13>
		</polygon>
	</object>
	<object>
		<name>LMU</name>
		<pose>Unspecified</pose>
		<truncated>0</truncated>
		<difficult>0</difficult>
		<occluded>0</occluded>
		<bndbox>
			<xmin>456</xmin>
			<xmax>498</xmax>
			<ymin>214</ymin>
			<ymax>345</ymax>
		</bndbox>
		<polygon>
			<x1>463.77399</x1>
			<y1>310.392857</y1>
			<x2>466.909708</x2>
			<y2>318.428571</y2>
			<x3>467.805627</x3>
			<y3>338.964286</y3>
			<x4>479.900539</x4>
			<y4>344.321429</y4>
			<x5>487.515853</x5>
			<y5>327.357143</y5>
			<x6>493.787289</x6>
			<y6>331.821429</y6>
			<x7>496.923007</x7>
			<y7>316.642857</y7>
			<x8>492.89137</x8>
			<y8>289.857143</y8>
			<x9>486.171975</x9>
			<y9>279.142857</y9>
			<x10>473.629103</x10>
			<y10>221.107143</y10>
			<x11>468.253587</x11>
			<y11>213.071429</y11>
			<x12>455.262756</x12>
			<y12>214.857143</y12>
			<x13>463.77399</x13>
			<y13>310.392857</y13>
		</polygon>
	</object>
	<object>
		<name>LMU</name>
		<pose>Unspecified</pose>
		<truncated>0</truncated>
		<difficult>0</difficult>
		<occluded>0</occluded>
		<bndbox>
			<xmin>477</xmin>
			<xmax>529</xmax>
			<ymin>190</ymin>
			<ymax>321</ymax>
		</bndbox>
		<polygon>
			<x1>493.33933</x1>
			<y1>285.392857</y1>
			<x2>497.818926</x2>
			<y2>308.607143</y2>
			<x3>505.434241</x3>
			<y3>320.214286</y3>
			<x4>513.497515</x4>
			<y4>317.535714</y4>
			<x5>517.977112</x5>
			<y5>300.571429</y5>
			<x6>528.280185</x6>
			<y6>272</y6>
			<x7>507.22608</x7>
			<y7>241.642857</y7>
			<x8>493.787289</x8>
			<y8>198.785714</y8>
			<x9>485.724015</x9>
			<y9>188.964286</y9>
			<x10>476.316862</x10>
			<y10>202.357143</y10>
			<x11>481.692378</x11>
			<y11>238.964286</y11>
			<x12>493.33933</x12>
			<y12>285.392857</y12>
		</polygon>
	</object>
	<object>
		<name>RID</name>
		<pose>Unspecified</pose>
		<truncated>0</truncated>
		<difficult>0</difficult>
		<occluded>0</occluded>
		<bndbox>
			<xmin>299</xmin>
			<xmax>320</xmax>
			<ymin>420</ymin>
			<ymax>517</ymax>
		</bndbox>
		<polygon>
			<x1>307.88402</x1>
			<y1>515.75</y1>
			<x2>318.635053</x2>
			<y2>515.75</y2>
			<x3>317.739134</x3>
			<y3>455.928571</y3>
			<x4>316.395255</x4>
			<y4>427.357143</y4>
			<x5>314.155456</x5>
			<y5>419.321429</y5>
			<x6>298.028907</x6>
			<y6>422.892857</y6>
			<x7>298.924827</x7>
			<y7>445.214286</y7>
			<x8>300.716666</x8>
			<y8>457.714286</y8>
			<x9>302.508504</x9>
			<y9>480.035714</y9>
			<x10>307.88402</x10>
			<y10>515.75</y10>
		</polygon>
	</object>
	<object>
		<name>RID</name>
		<pose>Unspecified</pose>
		<truncated>0</truncated>
		<difficult>0</difficult>
		<occluded>0</occluded>
		<bndbox>
			<xmin>278</xmin>
			<xmax>300</xmax>
			<ymin>419</ymin>
			<ymax>515</ymax>
		</bndbox>
		<polygon>
			<x1>297.580948</x1>
			<y1>417.535714</y1>
			<x2>285.486036</x2>
			<y2>422</y2>
			<x3>276.526842</x3>
			<y3>442.535714</y3>
			<x4>281.902359</x4>
			<y4>472.892857</y4>
			<x5>288.173794</x5>
			<y5>513.071429</y5>
			<x6>295.789109</x6>
			<y6>513.964286</y6>
			<x7>299.372786</x7>
			<y7>490.75</y7>
			<x8>299.372786</x8>
			<y8>460.392857</y8>
			<x9>297.132988</x9>
			<y9>442.535714</y9>
			<x10>297.580948</x10>
			<y10>417.535714</y10>
		</polygon>
	</object>
	<object>
		<name>RCD</name>
		<pose>Unspecified</pose>
		<truncated>0</truncated>
		<difficult>0</difficult>
		<occluded>0</occluded>
		<bndbox>
			<xmin>239</xmin>
			<xmax>280</xmax>
			<ymin>416</ymin>
			<ymax>551</ymax>
		</bndbox>
		<polygon>
			<x1>251.4411</x1>
			<y1>539.857143</y1>
			<x2>274.735004</x2>
			<y2>484.5</y2>
			<x3>277.422762</x3>
			<y3>455.035714</y3>
			<x4>274.735004</x4>
			<y4>441.642857</y4>
			<x5>279.214601</x5>
			<y5>428.25</y5>
			<x6>273.839085</x6>
			<y6>414.857143</y6>
			<x7>261.744173</x7>
			<y7>422</y7>
			<x8>256.368657</x8>
			<y8>433.607143</y8>
			<x9>254.576818</x9>
			<y9>472</y9>
			<x10>238.00231</x10>
			<y10>531.821429</y10>
			<x11>244.721705</x11>
			<y11>549.678571</y11>
			<x12>251.4411</x12>
			<y12>539.857143</y12>
		</polygon>
	</object>
	<object>
		<name>RPMD</name>
		<pose>Unspecified</pose>
		<truncated>0</truncated>
		<difficult>0</difficult>
		<occluded>0</occluded>
		<bndbox>
			<xmin>213</xmin>
			<xmax>256</xmax>
			<ymin>414</ymin>
			<ymax>536</ymax>
		</bndbox>
		<polygon>
			<x1>246.513544</x1>
			<y1>468.428571</y1>
			<x2>254.128858</x2>
			<y2>448.785714</y2>
			<x3>255.472737</x3>
			<y3>425.571429</y3>
			<x4>248.305382</x4>
			<y4>413.071429</y4>
			<x5>233.970673</x5>
			<y5>419.321429</y5>
			<x6>229.043116</x6>
			<y6>459.5</y6>
			<x7>221.875761</x7>
			<y7>496.107143</y7>
			<x8>212.020648</x8>
			<y8>523.785714</y8>
			<x9>220.979842</x9>
			<y9>534.5</y9>
			<x10>232.626793</x10>
			<y10>516.642857</y10>
			<x11>246.513544</x11>
			<y11>468.428571</y11>
		</polygon>
	</object>
	<object>
		<name>RPMD</name>
		<pose>Unspecified</pose>
		<truncated>0</truncated>
		<difficult>0</difficult>
		<occluded>0</occluded>
		<bndbox>
			<xmin>184</xmin>
			<xmax>239</xmax>
			<ymin>401</ymin>
			<ymax>540</ymax>
		</bndbox>
		<polygon>
			<x1>192.310422</x1>
			<y1>507.714286</y1>
			<x2>183.351228</x2>
			<y2>531.821429</y2>
			<x3>192.758382</x3>
			<y3>538.964286</y3>
			<x4>206.197172</x4>
			<y4>510.392857</y4>
			<x5>225.459439</x5>
			<y5>456.821429</y5>
			<x6>230.386995</x6>
			<y6>443.428571</y6>
			<x7>237.55435</x7>
			<y7>407.714286</y7>
			<x8>226.803318</x8>
			<y8>399.678571</y8>
			<x9>212.468608</x9>
			<y9>405.035714</y9>
			<x10>208.88493</x10>
			<y10>422</y10>
			<x11>210.228809</x11>
			<y11>434.5</y11>
			<x12>200.821656</x12>
			<y12>472</y12>
			<x13>192.310422</x13>
			<y13>507.714286</y13>
		</polygon>
	</object>
	<object>
		<name>RMD</name>
		<pose>Unspecified</pose>
		<truncated>0</truncated>
		<difficult>0</difficult>
		<occluded>0</occluded>
		<bndbox>
			<xmin>149</xmin>
			<xmax>220</xmax>
			<ymin>380</ymin>
			<ymax>525</ymax>
		</bndbox>
		<polygon>
			<x1>148.410373</x1>
			<y1>491.642857</y1>
			<x2>175.735914</x2>
			<y2>523.785714</y2>
			<x3>197.685938</x3>
			<y3>469.321429</y3>
			<x4>200.821656</x4>
			<y4>448.785714</y4>
			<x5>207.989011</x5>
			<y5>431.821429</y5>
			<x6>210.228809</x6>
			<y6>408.607143</y6>
			<x7>218.740043</x7>
			<y7>397</y7>
			<x8>193.654301</x8>
			<y8>379.142857</y8>
			<x9>179.767551</x9>
			<y9>380.928571</y9>
			<x10>173.496115</x10>
			<y10>398.785714</y10>
			<x11>175.735914</x11>
			<y11>410.392857</y11>
			<x12>165.432841</x12>
			<y12>444.321429</y12>
			<x13>148.410373</x13>
			<y13>491.642857</y13>
		</polygon>
	</object>
	<object>
		<name>RMD</name>
		<pose>Unspecified</pose>
		<truncated>0</truncated>
		<difficult>0</difficult>
		<occluded>0</occluded>
		<bndbox>
			<xmin>118</xmin>
			<xmax>180</xmax>
			<ymin>350</ymin>
			<ymax>482</ymax>
		</bndbox>
		<polygon>
			<x1>140.347099</x1>
			<y1>373.785714</y1>
			<x2>139.899139</x2>
			<y2>394.321429</y2>
			<x3>128.700147</x3>
			<y3>430.928571</y3>
			<x4>116.605235</x4>
			<y4>474.678571</y4>
			<x5>133.179744</x5>
			<y5>480.928571</y5>
			<x6>140.795059</x6>
			<y6>468.428571</y6>
			<x7>160.057325</x7>
			<y7>441.642857</y7>
			<x8>168.568559</x8>
			<y8>415.75</y8>
			<x9>174.392035</x9>
			<y9>406.821429</y9>
			<x10>172.152236</x10>
			<y10>394.321429</y10>
			<x11>179.319591</x11>
			<y11>380.035714</y11>
			<x12>171.704277</x12>
			<y12>363.964286</y12>
			<x13>162.745083</x13>
			<y13>361.285714</y13>
			<x14>150.650171</x14>
			<y14>348.785714</y14>
			<x15>146.170575</x15>
			<y15>355.928571</y15>
			<x16>140.347099</x16>
			<y16>373.785714</y16>
		</polygon>
	</object>
	<object>
		<name>RMD</name>
		<pose>Unspecified</pose>
		<truncated>0</truncated>
		<difficult>0</difficult>
		<occluded>0</occluded>
		<bndbox>
			<xmin>101</xmin>
			<xmax>144</xmax>
			<ymin>344</ymin>
			<ymax>469</ymax>
		</bndbox>
		<polygon>
			<x1>118.397074</x1>
			<y1>463.964286</y1>
			<x2>133.179744</x2>
			<y2>413.964286</y2>
			<x3>137.211381</x3>
			<y3>391.642857</y3>
			<x4>143.034857</x4>
			<y4>361.285714</y4>
			<x5>133.627704</x5>
			<y5>343.428571</y5>
			<x6>109.88584</x6>
			<y6>342.535714</y6>
			<x7>102.270526</x7>
			<y7>348.785714</y7>
			<x8>99.582768</x8>
			<y8>374.678571</y8>
			<x9>102.718485</x9>
			<y9>396.107143</y9>
			<x10>99.582768</x10>
			<y10>447</y10>
			<x11>108.989921</x11>
			<y11>467.535714</y11>
			<x12>118.397074</x12>
			<y12>463.964286</y12>
		</polygon>
	</object>
	<object>
		<name>LID</name>
		<pose>Unspecified</pose>
		<truncated>0</truncated>
		<difficult>0</difficult>
		<occluded>0</occluded>
		<bndbox>
			<xmin>318</xmin>
			<xmax>338</xmax>
			<ymin>414</ymin>
			<ymax>520</ymax>
		</bndbox>
		<polygon>
			<x1>322.66669</x1>
			<y1>413.071429</y1>
			<x2>316.843214</x2>
			<y2>418.428571</y2>
			<x3>319.530972</x3>
			<y3>454.142857</y3>
			<x4>322.21873</x4>
			<y4>519.321429</y4>
			<x5>331.177924</x5>
			<y5>519.321429</y5>
			<x6>333.417722</x6>
			<y6>461.285714</y6>
			<x7>337.44936</x7>
			<y7>423.785714</y7>
			<x8>322.66669</x8>
			<y8>413.071429</y8>
		</polygon>
	</object>
	<object>
		<name>LID</name>
		<pose>Unspecified</pose>
		<truncated>0</truncated>
		<difficult>0</difficult>
		<occluded>0</occluded>
		<bndbox>
			<xmin>334</xmin>
			<xmax>359</xmax>
			<ymin>423</ymin>
			<ymax>524</ymax>
		</bndbox>
		<polygon>
			<x1>352.679989</x1>
			<y1>465.75</y1>
			<x2>357.607545</x2>
			<y2>437.178571</y2>
			<x3>348.200392</x3>
			<y3>423.785714</y3>
			<x4>338.793239</x4>
			<y4>422</y4>
			<x5>336.10548</x5>
			<y5>448.785714</y5>
			<x6>335.209561</x6>
			<y6>466.642857</y6>
			<x7>332.969763</x7>
			<y7>519.321429</y7>
			<x8>338.345279</x8>
			<y8>522.892857</y8>
			<x9>352.679989</x9>
			<y9>465.75</y9>
		</polygon>
	</object>
	<object>
		<name>LCD</name>
		<pose>Unspecified</pose>
		<truncated>0</truncated>
		<difficult>0</difficult>
		<occluded>0</occluded>
		<bndbox>
			<xmin>351</xmin>
			<xmax>392</xmax>
			<ymin>414</ymin>
			<ymax>549</ymax>
		</bndbox>
		<polygon>
			<x1>362.087142</x1>
			<y1>497</y1>
			<x2>375.525933</x2>
			<y2>547.892857</y2>
			<x3>391.204522</x3>
			<y3>538.964286</y3>
			<x4>377.765731</x4>
			<y4>482.714286</y4>
			<x5>375.077973</x5>
			<y5>444.321429</y5>
			<x6>370.598376</x6>
			<y6>419.321429</y6>
			<x7>366.118779</x7>
			<y7>413.071429</y7>
			<x8>358.055505</x8>
			<y8>413.071429</y8>
			<x9>350.44019</x9>
			<y9>431.821429</y9>
			<x10>354.471828</x10>
			<y10>458.607143</y10>
			<x11>362.087142</x11>
			<y11>497</y11>
		</polygon>
	</object>
	<object>
		<name>LPMD</name>
		<pose>Unspecified</pose>
		<truncated>0</truncated>
		<difficult>0</difficult>
		<occluded>0</occluded>
		<bndbox>
			<xmin>374</xmin>
			<xmax>411</xmax>
			<ymin>409</ymin>
			<ymax>532</ymax>
		</bndbox>
		<polygon>
			<x1>405.091272</x1>
			<y1>530.928571</y1>
			<x2>410.018828</x2>
			<y2>513.964286</y2>
			<x3>397.923917</x3>
			<y3>455.928571</y3>
			<x4>399.267796</x4>
			<y4>422.892857</y4>
			<x5>384.037167</x5>
			<y5>407.714286</y5>
			<x6>373.286134</x6>
			<y6>426.464286</y6>
			<x7>378.213691</x7>
			<y7>452.357143</y7>
			<x8>384.485126</x8>
			<y8>463.964286</y8>
			<x9>392.99636</x9>
			<y9>515.75</y9>
			<x10>405.091272</x10>
			<y10>530.928571</y10>
		</polygon>
	</object>
	<object>
		<name>LPMD</name>
		<pose>Unspecified</pose>
		<truncated>0</truncated>
		<difficult>0</difficult>
		<occluded>0</occluded>
		<bndbox>
			<xmin>394</xmin>
			<xmax>441</xmax>
			<ymin>400</ymin>
			<ymax>526</ymax>
		</bndbox>
		<polygon>
			<x1>400.611675</x1>
			<y1>417.535714</y1>
			<x2>399.715755</x2>
			<y2>439.857143</y2>
			<x3>404.643312</x3>
			<y3>451.464286</y3>
			<x4>421.66578</x4>
			<y4>513.071429</y4>
			<x5>432.416813</x5>
			<y5>524.678571</y5>
			<x6>440.032127</x6>
			<y6>522.892857</y6>
			<x7>427.937216</x7>
			<y7>471.107143</y7>
			<x8>420.769861</x8>
			<y8>439.857143</y8>
			<x9>423.009659</x9>
			<y9>422</y9>
			<x10>418.082103</x10>
			<y10>403.25</y10>
			<x11>400.611675</x11>
			<y11>398.785714</y11>
			<x12>392.99636</x12>
			<y12>412.178571</y12>
			<x13>400.611675</x13>
			<y13>417.535714</y13>
		</polygon>
	</object>
	<object>
		<name>LMD</name>
		<pose>Unspecified</pose>
		<truncated>0</truncated>
		<difficult>0</difficult>
		<occluded>0</occluded>
		<bndbox>
			<xmin>417</xmin>
			<xmax>481</xmax>
			<ymin>381</ymin>
			<ymax>524</ymax>
		</bndbox>
		<polygon>
			<x1>429.729054</x1>
			<y1>394.321429</y1>
			<x2>422.561699</x2>
			<y2>388.071429</y2>
			<x3>416.290264</x3>
			<y3>399.678571</y3>
			<x4>423.457619</x4>
			<y4>414.857143</y4>
			<x5>423.009659</x5>
			<y5>429.142857</y5>
			<x6>433.760692</x6>
			<y6>450.571429</y6>
			<x7>438.240288</x7>
			<y7>481.821429</y7>
			<x8>452.574998</x8>
			<y8>522.892857</y8>
			<x9>480.348499</x9>
			<y9>494.321429</y9>
			<x10>461.534192</x10>
			<y10>434.5</y10>
			<x11>457.950514</x11>
			<y11>416.642857</y11>
			<x12>455.262756</x12>
			<y12>387.178571</y12>
			<x13>444.063764</x13>
			<y13>380.035714</y13>
			<x14>429.729054</x14>
			<y14>394.321429</y14>
		</polygon>
	</object>
	<object>
		<name>LMD</name>
		<pose>Unspecified</pose>
		<truncated>0</truncated>
		<difficult>0</difficult>
		<occluded>0</occluded>
		<bndbox>
			<xmin>457</xmin>
			<xmax>507</xmax>
			<ymin>359</ymin>
			<ymax>473</ymax>
		</bndbox>
		<polygon>
			<x1>505.882201</x1>
			<y1>469.321429</y1>
			<x2>489.755652</x2>
			<y2>402.357143</y2>
			<x3>491.995451</x3>
			<y3>382.714286</y3>
			<x4>485.276055</x4>
			<y4>357.714286</y4>
			<x5>466.909708</x5>
			<y5>367.535714</y5>
			<x6>456.158676</x6>
			<y6>379.142857</y6>
			<x7>458.846434</x7>
			<y7>410.392857</y7>
			<x8>464.66991</x8>
			<y8>422.892857</y8>
			<x9>487.963813</x9>
			<y9>472</y9>
			<x10>505.882201</x10>
			<y10>469.321429</y10>
		</polygon>
	</object>
	<object>
		<name>LMD</name>
		<pose>Unspecified</pose>
		<truncated>0</truncated>
		<difficult>0</difficult>
		<occluded>0</occluded>
		<bndbox>
			<xmin>491</xmin>
			<xmax>530</xmax>
			<ymin>359</ymin>
			<ymax>474</ymax>
		</bndbox>
		<polygon>
			<x1>507.674039</x1>
			<y1>364.857143</y1>
			<x2>496.923007</x2>
			<y2>357.714286</y2>
			<x3>489.755652</x3>
			<y3>371.107143</y3>
			<x4>493.33933</x4>
			<y4>380.035714</y4>
			<x5>492.44341</x5>
			<y5>390.75</y5>
			<x6>491.995451</x6>
			<y6>400.571429</y6>
			<x7>508.569959</x7>
			<y7>470.214286</y7>
			<x8>523.352628</x8>
			<y8>472.892857</y8>
			<x9>529.176104</x9>
			<y9>459.5</y9>
			<x10>526.488346</x10>
			<y10>405.928571</y10>
			<x11>529.176104</x11>
			<y11>388.964286</y11>
			<x12>527.384265</x12>
			<y12>369.321429</y12>
			<x13>517.529152</x13>
			<y13>358.607143</y13>
			<x14>507.674039</x14>
			<y14>364.857143</y14>
		</polygon>
	</object>
</annotation>
