<annotation>
	<folder></folder>
	<filename>41_jpg.rf.f65482010d776b1dbc2510c91e38189d.jpg</filename>
	<path>41_jpg.rf.f65482010d776b1dbc2510c91e38189d.jpg</path>
	<source>
		<database>roboflow.com</database>
	</source>
	<size>
		<width>640</width>
		<height>640</height>
		<depth>3</depth>
	</size>
	<segmented>0</segmented>
	<object>
		<name>RPMU</name>
		<pose>Unspecified</pose>
		<truncated>0</truncated>
		<difficult>0</difficult>
		<occluded>0</occluded>
		<bndbox>
			<xmin>205</xmin>
			<xmax>231</xmax>
			<ymin>194</ymin>
			<ymax>315</ymax>
		</bndbox>
		<polygon>
			<x1>216.245958</x1>
			<y1>195.5</y1>
			<x2>210.601666</x2>
			<y2>260.5</y2>
			<x3>204.33023</x3>
			<y3>301.75</y3>
			<x4>220.008819</x4>
			<y4>314.25</y4>
			<x5>228.161685</x5>
			<y5>288</y5>
			<x6>230.043116</x6>
			<y6>249.25</y6>
			<x7>229.415973</x7>
			<y7>201.75</y7>
			<x8>221.89025</x8>
			<y8>193</y8>
			<x9>216.245958</x9>
			<y9>195.5</y9>
		</polygon>
	</object>
	<object>
		<name>RPMU</name>
		<pose>Unspecified</pose>
		<truncated>0</truncated>
		<difficult>0</difficult>
		<occluded>0</occluded>
		<bndbox>
			<xmin>230</xmin>
			<xmax>254</xmax>
			<ymin>204</ymin>
			<ymax>319</ymax>
		</bndbox>
		<polygon>
			<x1>233.805977</x1>
			<y1>210.5</y1>
			<x2>230.67026</x2>
			<y2>275.5</y2>
			<x3>229.415973</x3>
			<y3>318</y3>
			<x4>245.094561</x4>
			<y4>314.25</y4>
			<x5>250.11171</x5>
			<y5>278</y5>
			<x6>252.620284</x6>
			<y6>228</y6>
			<x7>250.738854</x7>
			<y7>205.5</y7>
			<x8>243.840274</x8>
			<y8>203</y8>
			<x9>233.805977</x9>
			<y9>210.5</y9>
		</polygon>
	</object>
	<object>
		<name>RCU</name>
		<pose>Unspecified</pose>
		<truncated>0</truncated>
		<difficult>0</difficult>
		<occluded>0</occluded>
		<bndbox>
			<xmin>250</xmin>
			<xmax>276</xmax>
			<ymin>200</ymin>
			<ymax>328</ymax>
		</bndbox>
		<polygon>
			<x1>249.484566</x1>
			<y1>306.75</y1>
			<x2>262.654581</x2>
			<y2>326.75</y2>
			<x3>272.061734</x3>
			<y3>305.5</y3>
			<x4>274.570309</x4>
			<y4>261.75</y4>
			<x5>273.316022</x5>
			<y5>199.25</y5>
			<x6>260.146007</x6>
			<y6>199.25</y6>
			<x7>252.620284</x7>
			<y7>261.75</y7>
			<x8>249.484566</x8>
			<y8>306.75</y8>
		</polygon>
	</object>
	<object>
		<name>RIU</name>
		<pose>Unspecified</pose>
		<truncated>0</truncated>
		<difficult>0</difficult>
		<occluded>0</occluded>
		<bndbox>
			<xmin>272</xmin>
			<xmax>299</xmax>
			<ymin>182</ymin>
			<ymax>330</ymax>
		</bndbox>
		<polygon>
			<x1>298.401764</x1>
			<y1>231.75</y1>
			<x2>298.401764</x2>
			<y2>194.25</y2>
			<x3>297.77462</x3>
			<y3>180.5</y3>
			<x4>285.858893</x4>
			<y4>181.75</y4>
			<x5>282.723175</x5>
			<y5>201.75</y5>
			<x6>275.824596</x6>
			<y6>259.25</y6>
			<x7>271.434591</x7>
			<y7>304.25</y7>
			<x8>278.33317</x8>
			<y8>329.25</y8>
			<x9>289.621754</x9>
			<y9>326.75</y9>
			<x10>295.266046</x10>
			<y10>278</y10>
			<x11>298.401764</x11>
			<y11>231.75</y11>
		</polygon>
	</object>
	<object>
		<name>RIU</name>
		<pose>Unspecified</pose>
		<truncated>0</truncated>
		<difficult>0</difficult>
		<occluded>0</occluded>
		<bndbox>
			<xmin>293</xmin>
			<xmax>319</xmax>
			<ymin>190</ymin>
			<ymax>334</ymax>
		</bndbox>
		<polygon>
			<x1>318.470358</x1>
			<y1>285.5</y1>
			<x2>317.216071</x2>
			<y2>251.75</y2>
			<x3>317.843214</x3>
			<y3>205.5</y3>
			<x4>313.453209</x4>
			<y4>189.25</y4>
			<x5>302.164625</x5>
			<y5>191.75</y5>
			<x6>297.77462</x6>
			<y6>244.25</y6>
			<x7>292.757472</x7>
			<y7>293</y7>
			<x8>291.503185</x8>
			<y8>333</y8>
			<x9>314.707496</x9>
			<y9>333</y9>
			<x10>317.843214</x10>
			<y10>328</y10>
			<x11>318.470358</x11>
			<y11>285.5</y11>
		</polygon>
	</object>
	<object>
		<name>RMU</name>
		<pose>Unspecified</pose>
		<truncated>0</truncated>
		<difficult>0</difficult>
		<occluded>0</occluded>
		<bndbox>
			<xmin>160</xmin>
			<xmax>192</xmax>
			<ymin>189</ymin>
			<ymax>307</ymax>
		</bndbox>
		<polygon>
			<x1>173.600196</x1>
			<y1>188</y1>
			<x2>159.175894</x2>
			<y2>206.75</y2>
			<x3>159.803038</x3>
			<y3>216.75</y3>
			<x4>160.430181</x4>
			<y4>264.25</y4>
			<x5>159.175894</x5>
			<y5>290.5</y5>
			<x6>180.498775</x6>
			<y6>305.5</y6>
			<x7>190.533072</x7>
			<y7>279.25</y7>
			<x8>186.770211</x8>
			<y8>258</y8>
			<x9>179.244488</x9>
			<y9>206.75</y9>
			<x10>173.600196</x10>
			<y10>188</y10>
		</polygon>
	</object>
	<object>
		<name>RMU</name>
		<pose>Unspecified</pose>
		<truncated>0</truncated>
		<difficult>0</difficult>
		<occluded>0</occluded>
		<bndbox>
			<xmin>181</xmin>
			<xmax>210</xmax>
			<ymin>189</ymin>
			<ymax>275</ymax>
		</bndbox>
		<polygon>
			<x1>186.770211</x1>
			<y1>263</y1>
			<x2>189.278785</x2>
			<y2>274.25</y2>
			<x3>207.465948</x3>
			<y3>244.25</y3>
			<x4>209.347379</x4>
			<y4>209.25</y4>
			<x5>203.703087</x5>
			<y5>188</y5>
			<x6>180.498775</x6>
			<y6>198</y6>
			<x7>184.261636</x7>
			<y7>230.5</y7>
			<x8>186.770211</x8>
			<y8>263</y8>
		</polygon>
	</object>
	<object>
		<name>RPMD</name>
		<pose>Unspecified</pose>
		<truncated>0</truncated>
		<difficult>0</difficult>
		<occluded>0</occluded>
		<bndbox>
			<xmin>245</xmin>
			<xmax>266</xmax>
			<ymin>363</ymin>
			<ymax>514</ymax>
		</bndbox>
		<polygon>
			<x1>263.908868</x1>
			<y1>456.75</y1>
			<x2>264.536012</x2>
			<y2>401.75</y2>
			<x3>265.163155</x3>
			<y3>370.5</y3>
			<x4>257.637433</x4>
			<y4>361.75</y4>
			<x5>244.467418</x5>
			<y5>371.75</y5>
			<x6>246.348849</x6>
			<y6>413</y6>
			<x7>246.348849</x7>
			<y7>456.75</y7>
			<x8>248.230279</x8>
			<y8>498</y8>
			<x9>251.993141</x9>
			<y9>513</y9>
			<x10>263.908868</x10>
			<y10>480.5</y10>
			<x11>263.908868</x11>
			<y11>456.75</y11>
		</polygon>
	</object>
	<object>
		<name>RCD</name>
		<pose>Unspecified</pose>
		<truncated>0</truncated>
		<difficult>0</difficult>
		<occluded>0</occluded>
		<bndbox>
			<xmin>266</xmin>
			<xmax>291</xmax>
			<ymin>353</ymin>
			<ymax>505</ymax>
		</bndbox>
		<polygon>
			<x1>279.587457</x1>
			<y1>504.25</y1>
			<x2>289.621754</x2>
			<y2>478</y2>
			<x3>289.621754</x3>
			<y3>443</y3>
			<x4>289.621754</x4>
			<y4>409.25</y4>
			<x5>287.740323</x5>
			<y5>390.5</y5>
			<x6>286.486036</x6>
			<y6>359.25</y6>
			<x7>282.096031</x7>
			<y7>351.75</y7>
			<x8>272.688878</x8>
			<y8>356.75</y8>
			<x9>265.163155</x9>
			<y9>370.5</y9>
			<x10>268.926017</x10>
			<y10>418</y10>
			<x11>269.55316</x11>
			<y11>455.5</y11>
			<x12>273.316022</x12>
			<y12>499.25</y12>
			<x13>279.587457</x13>
			<y13>504.25</y13>
		</polygon>
	</object>
	<object>
		<name>RID</name>
		<pose>Unspecified</pose>
		<truncated>0</truncated>
		<difficult>0</difficult>
		<occluded>0</occluded>
		<bndbox>
			<xmin>287</xmin>
			<xmax>308</xmax>
			<ymin>348</ymin>
			<ymax>487</ymax>
		</bndbox>
		<polygon>
			<x1>285.858893</x1>
			<y1>355.5</y1>
			<x2>290.248898</x2>
			<y2>405.5</y2>
			<x3>291.503185</x3>
			<y3>464.25</y3>
			<x4>292.757472</x4>
			<y4>485.5</y4>
			<x5>306.55463</x5>
			<y5>470.5</y5>
			<x6>305.300343</x6>
			<y6>416.75</y6>
			<x7>305.300343</x7>
			<y7>368</y7>
			<x8>304.046056</x8>
			<y8>346.75</y8>
			<x9>285.858893</x9>
			<y9>355.5</y9>
		</polygon>
	</object>
	<object>
		<name>RID</name>
		<pose>Unspecified</pose>
		<truncated>0</truncated>
		<difficult>0</difficult>
		<occluded>0</occluded>
		<bndbox>
			<xmin>307</xmin>
			<xmax>321</xmax>
			<ymin>345</ymin>
			<ymax>479</ymax>
		</bndbox>
		<polygon>
			<x1>306.55463</x1>
			<y1>358</y1>
			<x2>305.927487</x2>
			<y2>403</y2>
			<x3>308.436061</x3>
			<y3>468</y3>
			<x4>319.097501</x4>
			<y4>478</y4>
			<x5>319.097501</x5>
			<y5>456.75</y5>
			<x6>319.097501</x6>
			<y6>395.5</y6>
			<x7>320.351788</x7>
			<y7>351.75</y7>
			<x8>312.198922</x8>
			<y8>344.25</y8>
			<x9>306.55463</x9>
			<y9>358</y9>
		</polygon>
	</object>
	<object>
		<name>RMD</name>
		<pose>Unspecified</pose>
		<truncated>0</truncated>
		<difficult>0</difficult>
		<occluded>0</occluded>
		<bndbox>
			<xmin>180</xmin>
			<xmax>231</xmax>
			<ymin>357</ymin>
			<ymax>497</ymax>
		</bndbox>
		<polygon>
			<x1>179.244488</x1>
			<y1>474.25</y1>
			<x2>210.601666</x2>
			<y2>495.5</y2>
			<x3>211.228809</x3>
			<y3>485.5</y3>
			<x4>216.873101</x4>
			<y4>450.5</y4>
			<x5>224.398824</x5>
			<y5>398</y5>
			<x6>228.788829</x6>
			<y6>380.5</y6>
			<x7>230.043116</x7>
			<y7>361.75</y7>
			<x8>219.381676</x8>
			<y8>355.5</y8>
			<x9>196.804508</x9>
			<y9>356.75</y9>
			<x10>196.177364</x10>
			<y10>394.25</y10>
			<x11>188.024498</x11>
			<y11>431.75</y11>
			<x12>178.617344</x12>
			<y12>458</y12>
			<x13>179.244488</x13>
			<y13>474.25</y13>
		</polygon>
	</object>
	<object>
		<name>RMD</name>
		<pose>Unspecified</pose>
		<truncated>0</truncated>
		<difficult>0</difficult>
		<occluded>0</occluded>
		<bndbox>
			<xmin>158</xmin>
			<xmax>201</xmax>
			<ymin>337</ymin>
			<ymax>432</ymax>
		</bndbox>
		<polygon>
			<x1>199.940225</x1>
			<y1>354.25</y1>
			<x2>181.753062</x2>
			<y2>339.25</y2>
			<x3>169.210191</x3>
			<y3>335.5</y3>
			<x4>166.074473</x4>
			<y4>363</y4>
			<x5>156.66732</x5>
			<y5>410.5</y5>
			<x6>158.548751</x6>
			<y6>430.5</y6>
			<x7>169.837335</x7>
			<y7>421.75</y7>
			<x8>184.88878</x8>
			<y8>405.5</y8>
			<x9>196.177364</x9>
			<y9>383</y9>
			<x10>199.940225</x10>
			<y10>354.25</y10>
		</polygon>
	</object>
	<object>
		<name>LIU</name>
		<pose>Unspecified</pose>
		<truncated>0</truncated>
		<difficult>0</difficult>
		<occluded>0</occluded>
		<bndbox>
			<xmin>319</xmin>
			<xmax>346</xmax>
			<ymin>192</ymin>
			<ymax>330</ymax>
		</bndbox>
		<polygon>
			<x1>345.437531</x1>
			<y1>319.25</y1>
			<x2>342.928956</x2>
			<y2>283</y2>
			<x3>340.420382</x3>
			<y3>234.25</y3>
			<x4>339.793239</x4>
			<y4>200.5</y4>
			<x5>338.538951</x5>
			<y5>195.5</y5>
			<x6>327.877511</x6>
			<y6>190.5</y6>
			<x7>325.368937</x7>
			<y7>200.5</y7>
			<x8>322.860363</x8>
			<y8>260.5</y8>
			<x9>320.351788</x9>
			<y9>304.25</y9>
			<x10>318.470358</x10>
			<y10>324.25</y10>
			<x11>341.674669</x11>
			<y11>329.25</y11>
			<x12>345.437531</x12>
			<y12>319.25</y12>
		</polygon>
	</object>
	<object>
		<name>LIU</name>
		<pose>Unspecified</pose>
		<truncated>0</truncated>
		<difficult>0</difficult>
		<occluded>0</occluded>
		<bndbox>
			<xmin>345</xmin>
			<xmax>370</xmax>
			<ymin>193</ymin>
			<ymax>328</ymax>
		</bndbox>
		<polygon>
			<x1>364.251837</x1>
			<y1>255.5</y1>
			<x2>361.743263</x2>
			<y2>223</y2>
			<x3>359.861832</x3>
			<y3>201.75</y3>
			<x4>357.980402</x4>
			<y4>191.75</y4>
			<x5>346.064674</x5>
			<y5>195.5</y5>
			<x6>346.064674</x6>
			<y6>240.5</y6>
			<x7>344.183244</x7>
			<y7>288</y7>
			<x8>347.318961</x8>
			<y8>326.75</y8>
			<x9>369.268986</x9>
			<y9>323</y9>
			<x10>368.014699</x10>
			<y10>283</y10>
			<x11>364.251837</x11>
			<y11>255.5</y11>
		</polygon>
	</object>
	<object>
		<name>LCU</name>
		<pose>Unspecified</pose>
		<truncated>0</truncated>
		<difficult>0</difficult>
		<occluded>0</occluded>
		<bndbox>
			<xmin>367</xmin>
			<xmax>392</xmax>
			<ymin>200</ymin>
			<ymax>330</ymax>
		</bndbox>
		<polygon>
			<x1>388.710436</x1>
			<y1>243</y1>
			<x2>386.829005</x2>
			<y2>211.75</y2>
			<x3>383.693288</x3>
			<y3>199.25</y3>
			<x4>372.404704</x4>
			<y4>201.75</y4>
			<x5>367.387555</x5>
			<y5>204.25</y5>
			<x6>365.506124</x6>
			<y6>265.5</y6>
			<x7>372.404704</x7>
			<y7>310.5</y7>
			<x8>379.930426</x8>
			<y8>329.25</y8>
			<x9>390.591867</x9>
			<y9>313</y9>
			<x10>389.33758</x10>
			<y10>280.5</y10>
			<x11>388.710436</x11>
			<y11>243</y11>
		</polygon>
	</object>
	<object>
		<name>LPMU</name>
		<pose>Unspecified</pose>
		<truncated>0</truncated>
		<difficult>0</difficult>
		<occluded>0</occluded>
		<bndbox>
			<xmin>392</xmin>
			<xmax>414</xmax>
			<ymin>209</ymin>
			<ymax>314</ymax>
		</bndbox>
		<polygon>
			<x1>390.591867</x1>
			<y1>210.5</y1>
			<x2>392.473297</x2>
			<y2>296.75</y2>
			<x3>392.473297</x3>
			<y3>311.75</y3>
			<x4>411.287604</x4>
			<y4>313</y4>
			<x5>412.541891</x5>
			<y5>280.5</y5>
			<x6>411.287604</x6>
			<y6>240.5</y6>
			<x7>402.507594</x7>
			<y7>223</y7>
			<x8>399.99902</x8>
			<y8>208</y8>
			<x9>390.591867</x9>
			<y9>210.5</y9>
		</polygon>
	</object>
	<object>
		<name>LPMU</name>
		<pose>Unspecified</pose>
		<truncated>0</truncated>
		<difficult>0</difficult>
		<occluded>0</occluded>
		<bndbox>
			<xmin>412</xmin>
			<xmax>438</xmax>
			<ymin>195</ymin>
			<ymax>315</ymax>
		</bndbox>
		<polygon>
			<x1>428.847624</x1>
			<y1>314.25</y1>
			<x2>437.00049</x2>
			<y2>286.75</y2>
			<x3>432.610485</x3>
			<y3>240.5</y3>
			<x4>430.101911</x4>
			<y4>208</y4>
			<x5>411.914748</x5>
			<y5>194.25</y5>
			<x6>410.660461</x6>
			<y6>210.5</y6>
			<x7>415.677609</x7>
			<y7>303</y7>
			<x8>428.847624</x8>
			<y8>314.25</y8>
		</polygon>
	</object>
	<object>
		<name>LMU</name>
		<pose>Unspecified</pose>
		<truncated>0</truncated>
		<difficult>0</difficult>
		<occluded>0</occluded>
		<bndbox>
			<xmin>442</xmin>
			<xmax>471</xmax>
			<ymin>192</ymin>
			<ymax>299</ymax>
		</bndbox>
		<polygon>
			<x1>467.730524</x1>
			<y1>214.25</y1>
			<x2>465.849094</x2>
			<y2>190.5</y2>
			<x3>453.306222</x3>
			<y3>196.75</y3>
			<x4>452.051935</x4>
			<y4>234.25</y4>
			<x5>441.390495</x5>
			<y5>265.5</y5>
			<x6>443.899069</x6>
			<y6>298</y6>
			<x7>458.950514</x7>
			<y7>293</y7>
			<x8>469.611955</x8>
			<y8>293</y8>
			<x9>470.239098</x9>
			<y9>258</y9>
			<x10>467.730524</x10>
			<y10>214.25</y10>
		</polygon>
	</object>
	<object>
		<name>LMU</name>
		<pose>Unspecified</pose>
		<truncated>0</truncated>
		<difficult>0</difficult>
		<occluded>0</occluded>
		<bndbox>
			<xmin>472</xmin>
			<xmax>500</xmax>
			<ymin>197</ymin>
			<ymax>299</ymax>
		</bndbox>
		<polygon>
			<x1>474.00196</x1>
			<y1>203</y1>
			<x2>471.493386</x2>
			<y2>263</y2>
			<x3>471.493386</x3>
			<y3>293</y3>
			<x4>486.544831</x4>
			<y4>298</y4>
			<x5>497.206271</x5>
			<y5>289.25</y5>
			<x6>499.087702</x6>
			<y6>264.25</y6>
			<x7>495.324841</x7>
			<y7>240.5</y7>
			<x8>489.053405</x8>
			<y8>195.5</y8>
			<x9>474.00196</x9>
			<y9>203</y9>
		</polygon>
	</object>
	<object>
		<name>LID</name>
		<pose>Unspecified</pose>
		<truncated>0</truncated>
		<difficult>0</difficult>
		<occluded>0</occluded>
		<bndbox>
			<xmin>321</xmin>
			<xmax>336</xmax>
			<ymin>347</ymin>
			<ymax>478</ymax>
		</bndbox>
		<polygon>
			<x1>322.860363</x1>
			<y1>476.75</y1>
			<x2>331.640372</x2>
			<y2>469.25</y2>
			<x3>334.148947</x3>
			<y3>403</y3>
			<x4>334.77609</x4>
			<y4>369.25</y4>
			<x5>335.403234</x5>
			<y5>345.5</y5>
			<x6>320.978932</x6>
			<y6>351.75</y6>
			<x7>320.351788</x7>
			<y7>441.75</y7>
			<x8>322.860363</x8>
			<y8>476.75</y8>
		</polygon>
	</object>
	<object>
		<name>LID</name>
		<pose>Unspecified</pose>
		<truncated>0</truncated>
		<difficult>0</difficult>
		<occluded>0</occluded>
		<bndbox>
			<xmin>334</xmin>
			<xmax>354</xmax>
			<ymin>347</ymin>
			<ymax>478</ymax>
		</bndbox>
		<polygon>
			<x1>332.894659</x1>
			<y1>473</y1>
			<x2>344.810387</x2>
			<y2>476.75</y2>
			<x3>349.200392</x3>
			<y3>424.25</y3>
			<x4>352.963253</x4>
			<y4>378</y4>
			<x5>352.963253</x5>
			<y5>358</y5>
			<x6>337.284664</x6>
			<y6>345.5</y6>
			<x7>335.403234</x7>
			<y7>405.5</y7>
			<x8>332.894659</x8>
			<y8>473</y8>
		</polygon>
	</object>
	<object>
		<name>LCD</name>
		<pose>Unspecified</pose>
		<truncated>0</truncated>
		<difficult>0</difficult>
		<occluded>0</occluded>
		<bndbox>
			<xmin>351</xmin>
			<xmax>373</xmax>
			<ymin>359</ymin>
			<ymax>489</ymax>
		</bndbox>
		<polygon>
			<x1>357.353258</x1>
			<y1>358</y1>
			<x2>352.963253</x2>
			<y2>401.75</y2>
			<x3>349.827536</x3>
			<y3>445.5</y3>
			<x4>350.454679</x4>
			<y4>488</y4>
			<x5>369.896129</x5>
			<y5>483</y5>
			<x6>371.150416</x6>
			<y6>434.25</y6>
			<x7>371.77756</x7>
			<y7>396.75</y7>
			<x8>371.77756</x8>
			<y8>363</y8>
			<x9>357.353258</x9>
			<y9>358</y9>
		</polygon>
	</object>
	<object>
		<name>LPMD</name>
		<pose>Unspecified</pose>
		<truncated>0</truncated>
		<difficult>0</difficult>
		<occluded>0</occluded>
		<bndbox>
			<xmin>373</xmin>
			<xmax>398</xmax>
			<ymin>368</ymin>
			<ymax>527</ymax>
		</bndbox>
		<polygon>
			<x1>393.100441</x1>
			<y1>414.25</y1>
			<x2>394.354728</x2>
			<y2>388</y2>
			<x3>386.829005</x3>
			<y3>366.75</y3>
			<x4>384.320431</x4>
			<y4>366.75</y4>
			<x5>376.794708</x5>
			<y5>373</y5>
			<x6>372.404704</x6>
			<y6>391.75</y6>
			<x7>374.913278</x7>
			<y7>433</y7>
			<x8>384.320431</x8>
			<y8>504.25</y8>
			<x9>397.490446</x9>
			<y9>525.5</y9>
			<x10>393.727585</x10>
			<y10>474.25</y10>
			<x11>393.100441</x11>
			<y11>414.25</y11>
		</polygon>
	</object>
	<object>
		<name>LPMD</name>
		<pose>Unspecified</pose>
		<truncated>0</truncated>
		<difficult>0</difficult>
		<occluded>0</occluded>
		<bndbox>
			<xmin>393</xmin>
			<xmax>424</xmax>
			<ymin>368</ymin>
			<ymax>500</ymax>
		</bndbox>
		<polygon>
			<x1>417.55904</x1>
			<y1>423</y1>
			<x2>418.813327</x2>
			<y2>393</y2>
			<x3>415.677609</x3>
			<y3>368</y3>
			<x4>402.507594</x4>
			<y4>366.75</y4>
			<x5>392.473297</x5>
			<y5>366.75</y5>
			<x6>392.473297</x6>
			<y6>390.5</y6>
			<x7>394.981872</x7>
			<y7>383</y7>
			<x8>403.134738</x8>
			<y8>446.75</y8>
			<x9>410.660461</x9>
			<y9>499.25</y9>
			<x10>422.576188</x10>
			<y10>499.25</y10>
			<x11>421.949045</x11>
			<y11>464.25</y11>
			<x12>417.55904</x12>
			<y12>423</y12>
		</polygon>
	</object>
	<object>
		<name>LMD</name>
		<pose>Unspecified</pose>
		<truncated>0</truncated>
		<difficult>0</difficult>
		<occluded>0</occluded>
		<bndbox>
			<xmin>415</xmin>
			<xmax>471</xmax>
			<ymin>353</ymin>
			<ymax>495</ymax>
		</bndbox>
		<polygon>
			<x1>470.239098</x1>
			<y1>474.25</y1>
			<x2>456.44194</x2>
			<y2>423</y2>
			<x3>450.797648</x3>
			<y3>390.5</y3>
			<x4>447.034787</x4>
			<y4>356.75</y4>
			<x5>440.136208</x5>
			<y5>351.75</y5>
			<x6>426.339049</x6>
			<y6>359.25</y6>
			<x7>413.796178</x7>
			<y7>363</y7>
			<x8>417.55904</x8>
			<y8>400.5</y8>
			<x9>430.101911</x9>
			<y9>448</y9>
			<x10>441.390495</x10>
			<y10>494.25</y10>
			<x11>454.56051</x11>
			<y11>488</y11>
			<x12>470.239098</x12>
			<y12>474.25</y12>
		</polygon>
	</object>
	<object>
		<name>LMD</name>
		<pose>Unspecified</pose>
		<truncated>0</truncated>
		<difficult>0</difficult>
		<occluded>0</occluded>
		<bndbox>
			<xmin>451</xmin>
			<xmax>495</xmax>
			<ymin>339</ymin>
			<ymax>470</ymax>
		</bndbox>
		<polygon>
			<x1>473.374816</x1>
			<y1>338</y1>
			<x2>460.204802</x2>
			<y2>349.25</y2>
			<x3>450.170505</x3>
			<y3>356.75</y3>
			<x4>452.679079</x4>
			<y4>391.75</y4>
			<x5>462.713376</x5>
			<y5>438</y5>
			<x6>475.88339</x6>
			<y6>469.25</y6>
			<x7>494.070554</x7>
			<y7>453</y7>
			<x8>485.290544</x8>
			<y8>406.75</y8>
			<x9>479.646252</x9>
			<y9>354.25</y9>
			<x10>473.374816</x10>
			<y10>338</y10>
		</polygon>
	</object>
</annotation>
