<annotation>
	<folder></folder>
	<filename>420_jpg.rf.c27787dc30b0957e8400e8920af19308.jpg</filename>
	<path>420_jpg.rf.c27787dc30b0957e8400e8920af19308.jpg</path>
	<source>
		<database>roboflow.com</database>
	</source>
	<size>
		<width>640</width>
		<height>640</height>
		<depth>3</depth>
	</size>
	<segmented>0</segmented>
	<object>
		<name>RIU</name>
		<pose>Unspecified</pose>
		<truncated>0</truncated>
		<difficult>0</difficult>
		<occluded>0</occluded>
		<bndbox>
			<xmin>295</xmin>
			<xmax>321</xmax>
			<ymin>196</ymin>
			<ymax>346</ymax>
		</bndbox>
		<polygon>
			<x1>294.154045</x1>
			<y1>305.928571</y1>
			<x2>295.049087</x2>
			<y2>334.5</y2>
			<x3>298.629257</x3>
			<y3>345.214286</y3>
			<x4>318.320187</x4>
			<y4>339.857143</y4>
			<x5>320.110272</x5>
			<y5>299.678571</y5>
			<x6>317.425145</x6>
			<y6>283.607143</y6>
			<x7>311.60737</x7>
			<y7>221.107143</y7>
			<x8>310.264807</x8>
			<y8>195.214286</y8>
			<x9>297.734214</x9>
			<y9>197.892857</y9>
			<x10>298.629257</x10>
			<y10>236.285714</y10>
			<x11>297.286693</x11>
			<y11>273.785714</y11>
			<x12>294.154045</x12>
			<y12>305.928571</y12>
		</polygon>
	</object>
	<object>
		<name>RIU</name>
		<pose>Unspecified</pose>
		<truncated>0</truncated>
		<difficult>0</difficult>
		<occluded>0</occluded>
		<bndbox>
			<xmin>271</xmin>
			<xmax>296</xmax>
			<ymin>207</ymin>
			<ymax>344</ymax>
		</bndbox>
		<polygon>
			<x1>278.490805</x1>
			<y1>223.785714</y1>
			<x2>275.358157</x2>
			<y2>256.821429</y2>
			<x3>272.225509</x3>
			<y3>289.857143</y3>
			<x4>269.540382</x4>
			<y4>313.964286</y4>
			<x5>270.882945</x5>
			<y5>332.714286</y5>
			<x6>278.490805</x6>
			<y6>342.535714</y6>
			<x7>287.441228</x7>
			<y7>342.535714</y7>
			<x8>294.154045</x8>
			<y8>338.071429</y8>
			<x9>292.811482</x9>
			<y9>308.607143</y9>
			<x10>294.601566</x10>
			<y10>288.071429</y10>
			<x11>294.154045</x11>
			<y11>249.678571</y11>
			<x12>290.573876</x12>
			<y12>205.928571</y12>
			<x13>281.175932</x13>
			<y13>208.607143</y13>
			<x14>278.490805</x14>
			<y14>223.785714</y14>
		</polygon>
	</object>
	<object>
		<name>RCU</name>
		<pose>Unspecified</pose>
		<truncated>0</truncated>
		<difficult>0</difficult>
		<occluded>0</occluded>
		<bndbox>
			<xmin>246</xmin>
			<xmax>273</xmax>
			<ymin>192</ymin>
			<ymax>344</ymax>
		</bndbox>
		<polygon>
			<x1>249.40193</x1>
			<y1>217.535714</y1>
			<x2>249.849451</x2>
			<y2>247.892857</y2>
			<x3>248.954409</x3>
			<y3>283.607143</y3>
			<x4>245.37424</x4>
			<y4>305.035714</y4>
			<x5>246.269282</x5>
			<y5>324.678571</y5>
			<x6>251.639536</x6>
			<y6>337.178571</y6>
			<x7>261.485001</x7>
			<y7>342.535714</y7>
			<x8>269.540382</x8>
			<y8>333.607143</y8>
			<x9>272.225509</x9>
			<y9>290.75</y9>
			<x10>269.540382</x10>
			<y10>249.678571</y10>
			<x11>268.197818</x11>
			<y11>226.464286</y11>
			<x12>262.827565</x12>
			<y12>194.321429</y12>
			<x13>251.639536</x13>
			<y13>190.75</y13>
			<x14>249.40193</x14>
			<y14>217.535714</y14>
		</polygon>
	</object>
	<object>
		<name>RPMU</name>
		<pose>Unspecified</pose>
		<truncated>0</truncated>
		<difficult>0</difficult>
		<occluded>0</occluded>
		<bndbox>
			<xmin>224</xmin>
			<xmax>248</xmax>
			<ymin>197</ymin>
			<ymax>333</ymax>
		</bndbox>
		<polygon>
			<x1>228.368436</x1>
			<y1>238.964286</y1>
			<x2>227.025872</x2>
			<y2>260.392857</y2>
			<x3>228.815957</x3>
			<y3>277.357143</y3>
			<x4>223.445703</x4>
			<y4>315.75</y4>
			<x5>225.235788</x5>
			<y5>330.035714</y5>
			<x6>239.556464</x6>
			<y6>331.821429</y6>
			<x7>244.479197</x7>
			<y7>321.107143</y7>
			<x8>246.716803</x8>
			<y8>286.285714</y8>
			<x9>240.451507</x9>
			<y9>241.642857</y9>
			<x10>238.661422</x10>
			<y10>199.678571</y10>
			<x11>231.501084</x11>
			<y11>196.107143</y11>
			<x12>226.13083</x12>
			<y12>204.142857</y12>
			<x13>228.368436</x13>
			<y13>238.964286</y13>
		</polygon>
	</object>
	<object>
		<name>RPMU</name>
		<pose>Unspecified</pose>
		<truncated>0</truncated>
		<difficult>0</difficult>
		<occluded>0</occluded>
		<bndbox>
			<xmin>202</xmin>
			<xmax>228</xmax>
			<ymin>182</ymin>
			<ymax>327</ymax>
		</bndbox>
		<polygon>
			<x1>200.622124</x1>
			<y1>313.964286</y1>
			<x2>208.229984</x2>
			<y2>325.571429</y2>
			<x3>215.837844</x3>
			<y3>316.642857</y3>
			<x4>222.10314</x4>
			<y4>316.642857</y4>
			<x5>227.025872</x5>
			<y5>281.821429</y5>
			<x6>224.788267</x6>
			<y6>263.964286</y6>
			<x7>219.865534</x7>
			<y7>222.892857</y7>
			<x8>212.257674</x8>
			<y8>180.928571</y8>
			<x9>203.307251</x9>
			<y9>187.178571</y9>
			<x10>205.544857</x10>
			<y10>230.035714</y10>
			<x11>204.649815</x11>
			<y11>260.392857</y11>
			<x12>200.622124</x12>
			<y12>287.178571</y12>
			<x13>200.622124</x13>
			<y13>313.964286</y13>
		</polygon>
	</object>
	<object>
		<name>RMU</name>
		<pose>Unspecified</pose>
		<truncated>0</truncated>
		<difficult>0</difficult>
		<occluded>0</occluded>
		<bndbox>
			<xmin>166</xmin>
			<xmax>204</xmax>
			<ymin>185</ymin>
			<ymax>320</ymax>
		</bndbox>
		<polygon>
			<x1>167.95308</x1>
			<y1>288.964286</y1>
			<x2>171.533249</x2>
			<y2>315.75</y2>
			<x3>184.511363</x3>
			<y3>313.964286</y3>
			<x4>193.909307</x4>
			<y4>319.321429</y4>
			<x5>200.174603</x5>
			<y5>308.607143</y5>
			<x6>199.727082</x6>
			<y6>279.142857</y6>
			<x7>202.85973</x7>
			<y7>264.857143</y7>
			<x8>198.384519</x8>
			<y8>255.035714</y8>
			<x9>197.936997</x9>
			<y9>220.214286</y9>
			<x10>191.22418</x10>
			<y10>187.178571</y10>
			<x11>165.715475</x11>
			<y11>183.607143</y11>
			<x12>164.820432</x12>
			<y12>229.142857</y12>
			<x13>173.323334</x13>
			<y13>261.285714</y13>
			<x14>167.95308</x14>
			<y14>288.964286</y14>
		</polygon>
	</object>
	<object>
		<name>RMU</name>
		<pose>Unspecified</pose>
		<truncated>0</truncated>
		<difficult>0</difficult>
		<occluded>0</occluded>
		<bndbox>
			<xmin>135</xmin>
			<xmax>172</xmax>
			<ymin>177</ymin>
			<ymax>302</ymax>
		</bndbox>
		<polygon>
			<x1>134.388994</x1>
			<y1>258.607143</y1>
			<x2>135.731557</x2>
			<y2>288.071429</y2>
			<x3>144.234459</x3>
			<y3>297</y3>
			<x4>149.157192</x4>
			<y4>292.535714</y4>
			<x5>158.555136</x5>
			<y5>301.464286</y5>
			<x6>167.505559</x6>
			<y6>293.428571</y6>
			<x7>171.085728</x7>
			<y7>260.392857</y7>
			<x8>163.477869</x8>
			<y8>229.142857</y8>
			<x9>163.030348</x9>
			<y9>203.25</y9>
			<x10>159.002657</x10>
			<y10>175.571429</y10>
			<x11>139.759248</x11>
			<y11>176.464286</y11>
			<x12>142.444374</x12>
			<y12>226.464286</y12>
			<x13>140.65429</x13>
			<y13>247</y13>
			<x14>134.388994</x14>
			<y14>258.607143</y14>
		</polygon>
	</object>
	<object>
		<name>RMU</name>
		<pose>Unspecified</pose>
		<truncated>0</truncated>
		<difficult>0</difficult>
		<occluded>0</occluded>
		<bndbox>
			<xmin>104</xmin>
			<xmax>140</xmax>
			<ymin>145</ymin>
			<ymax>288</ymax>
		</bndbox>
		<polygon>
			<x1>102.614992</x1>
			<y1>253.25</y1>
			<x2>106.642682</x2>
			<y2>276.464286</y2>
			<x3>125.886092</x3>
			<y3>287.178571</y3>
			<x4>133.941473</x4>
			<y4>280.035714</y4>
			<x5>133.493952</x5>
			<y5>258.607143</y5>
			<x6>139.311726</x6>
			<y6>244.321429</y6>
			<x7>137.969163</x7>
			<y7>200.571429</y7>
			<x8>135.731557</x8>
			<y8>171.107143</y8>
			<x9>130.808825</x9>
			<y9>146.107143</y9>
			<x10>120.068317</x10>
			<y10>144.321429</y10>
			<x11>120.515838</x11>
			<y11>154.142857</y11>
			<x12>113.803021</x12>
			<y12>203.25</y12>
			<x13>108.432767</x13>
			<y13>234.5</y13>
			<x14>102.614992</x14>
			<y14>253.25</y14>
		</polygon>
	</object>
	<object>
		<name>LIU</name>
		<pose>Unspecified</pose>
		<truncated>0</truncated>
		<difficult>0</difficult>
		<occluded>0</occluded>
		<bndbox>
			<xmin>321</xmin>
			<xmax>349</xmax>
			<ymin>202</ymin>
			<ymax>345</ymax>
		</bndbox>
		<polygon>
			<x1>342.933851</x1>
			<y1>342.535714</y1>
			<x2>346.51402</x2>
			<y2>313.071429</y2>
			<x3>342.038808</x3>
			<y3>280.928571</y3>
			<x4>347.856583</x4>
			<y4>206.821429</y4>
			<x5>333.088385</x5>
			<y5>200.571429</y5>
			<x6>321.005314</x6>
			<y6>240.75</y6>
			<x7>320.557793</x7>
			<y7>285.392857</y7>
			<x8>320.110272</x8>
			<y8>337.178571</y8>
			<x9>327.27061</x9>
			<y9>344.321429</y9>
			<x10>342.933851</x10>
			<y10>342.535714</y10>
		</polygon>
	</object>
	<object>
		<name>LIU</name>
		<pose>Unspecified</pose>
		<truncated>0</truncated>
		<difficult>0</difficult>
		<occluded>0</occluded>
		<bndbox>
			<xmin>345</xmin>
			<xmax>368</xmax>
			<ymin>205</ymin>
			<ymax>348</ymax>
		</bndbox>
		<polygon>
			<x1>344.276414</x1>
			<y1>338.964286</y1>
			<x2>351.436753</x2>
			<y2>347</y2>
			<x3>363.967345</x3>
			<y3>343.428571</y3>
			<x4>367.099993</x4>
			<y4>330.035714</y4>
			<x5>364.862387</x5>
			<y5>287.178571</y5>
			<x6>362.624781</x6>
			<y6>205.928571</y6>
			<x7>349.646668</x7>
			<y7>204.142857</y7>
			<x8>345.171456</x8>
			<y8>268.428571</y8>
			<x9>345.171456</x9>
			<y9>291.642857</y9>
			<x10>348.304104</x10>
			<y10>308.607143</y10>
			<x11>344.276414</x11>
			<y11>338.964286</y11>
		</polygon>
	</object>
	<object>
		<name>LCU</name>
		<pose>Unspecified</pose>
		<truncated>0</truncated>
		<difficult>0</difficult>
		<occluded>0</occluded>
		<bndbox>
			<xmin>368</xmin>
			<xmax>395</xmax>
			<ymin>189</ymin>
			<ymax>344</ymax>
		</bndbox>
		<polygon>
			<x1>367.099993</x1>
			<y1>296.107143</y1>
			<x2>367.995035</x2>
			<y2>328.25</y2>
			<x3>374.707853</x3>
			<y3>338.071429</y3>
			<x4>383.658276</x4>
			<y4>342.535714</y4>
			<x5>394.398783</x5>
			<y5>315.75</y5>
			<x6>388.581008</x6>
			<y6>285.392857</y6>
			<x7>389.923572</x7>
			<y7>264.857143</y7>
			<x8>386.790924</x8>
			<y8>204.142857</y8>
			<x9>381.42067</x9>
			<y9>188.071429</y9>
			<x10>372.470247</x10>
			<y10>188.964286</y10>
			<x11>368.890078</x11>
			<y11>281.821429</y11>
			<x12>367.099993</x12>
			<y12>296.107143</y12>
		</polygon>
	</object>
	<object>
		<name>LPMU</name>
		<pose>Unspecified</pose>
		<truncated>0</truncated>
		<difficult>0</difficult>
		<occluded>0</occluded>
		<bndbox>
			<xmin>407</xmin>
			<xmax>435</xmax>
			<ymin>183</ymin>
			<ymax>326</ymax>
		</bndbox>
		<polygon>
			<x1>423.935179</x1>
			<y1>181.821429</y1>
			<x2>419.907489</x2>
			<y2>199.678571</y2>
			<x3>414.984756</x3>
			<y3>238.071429</y3>
			<x4>411.852108</x4>
			<y4>262.178571</y4>
			<x5>407.824418</x5>
			<y5>270.214286</y5>
			<x6>406.481854</x6>
			<y6>297</y6>
			<x7>412.299629</x7>
			<y7>318.428571</y7>
			<x8>419.012447</x8>
			<y8>324.678571</y8>
			<x9>429.305433</x9>
			<y9>324.678571</y9>
			<x10>433.780645</x10>
			<y10>300.571429</y10>
			<x11>427.515348</x11>
			<y11>248.785714</y11>
			<x12>428.410391</x12>
			<y12>202.357143</y12>
			<x13>428.410391</x13>
			<y13>192.535714</y13>
			<x14>423.935179</x14>
			<y14>181.821429</y14>
		</polygon>
	</object>
	<object>
		<name>LMU</name>
		<pose>Unspecified</pose>
		<truncated>0</truncated>
		<difficult>0</difficult>
		<occluded>0</occluded>
		<bndbox>
			<xmin>461</xmin>
			<xmax>494</xmax>
			<ymin>153</ymin>
			<ymax>298</ymax>
		</bndbox>
		<polygon>
			<x1>470.029858</x1>
			<y1>297</y1>
			<x2>478.085239</x2>
			<y2>290.75</y2>
			<x3>480.322845</x3>
			<y3>286.285714</y3>
			<x4>488.378225</x4>
			<y4>286.285714</y4>
			<x5>492.853437</x5>
			<y5>271.107143</y5>
			<x6>491.510873</x6>
			<y6>262.178571</y6>
			<x7>489.273267</x7>
			<y7>242.535714</y7>
			<x8>486.140619</x8>
			<y8>235.392857</y8>
			<x9>482.112929</x9>
			<y9>157.714286</y9>
			<x10>474.505069</x10>
			<y10>152.357143</y10>
			<x11>468.687295</x11>
			<y11>164.857143</y11>
			<x12>460.631914</x12>
			<y12>252.357143</y12>
			<x13>459.736872</x13>
			<y13>286.285714</y13>
			<x14>470.029858</x14>
			<y14>297</y14>
		</polygon>
	</object>
	<object>
		<name>LMU</name>
		<pose>Unspecified</pose>
		<truncated>0</truncated>
		<difficult>0</difficult>
		<occluded>0</occluded>
		<bndbox>
			<xmin>490</xmin>
			<xmax>522</xmax>
			<ymin>142</ymin>
			<ymax>276</ymax>
		</bndbox>
		<polygon>
			<x1>491.958395</x1>
			<y1>161.285714</y1>
			<x2>491.510873</x2>
			<y2>182.714286</y2>
			<x3>492.405916</x3>
			<y3>211.285714</y3>
			<x4>488.825746</x4>
			<y4>238.071429</y4>
			<x5>494.196</x5>
			<y5>265.75</y5>
			<x6>501.80386</x6>
			<y6>274.678571</y6>
			<x7>510.754283</x7>
			<y7>263.071429</y7>
			<x8>516.124537</x8>
			<y8>261.285714</y8>
			<x9>520.599748</x9>
			<y9>242.535714</y9>
			<x10>513.886931</x10>
			<y10>222</y10>
			<x11>511.201804</x11>
			<y11>197.892857</y11>
			<x12>504.936508</x12>
			<y12>155.035714</y12>
			<x13>498.671212</x13>
			<y13>140.75</y13>
			<x14>491.958395</x14>
			<y14>161.285714</y14>
		</polygon>
	</object>
	<object>
		<name>LID</name>
		<pose>Unspecified</pose>
		<truncated>0</truncated>
		<difficult>0</difficult>
		<occluded>0</occluded>
		<bndbox>
			<xmin>310</xmin>
			<xmax>333</xmax>
			<ymin>353</ymin>
			<ymax>470</ymax>
		</bndbox>
		<polygon>
			<x1>311.159849</x1>
			<y1>388.071429</y1>
			<x2>314.740018</x2>
			<y2>405.928571</y2>
			<x3>318.320187</x3>
			<y3>430.928571</y3>
			<x4>322.347878</x4>
			<y4>469.321429</y4>
			<x5>331.745822</x5>
			<y5>469.321429</y5>
			<x6>326.823089</x6>
			<y6>402.357143</y6>
			<x7>327.27061</x7>
			<y7>385.392857</y7>
			<x8>327.718132</x8>
			<y8>357.714286</y8>
			<x9>319.662751</x9>
			<y9>352.357143</y9>
			<x10>308.922243</x10>
			<y10>356.821429</y10>
			<x11>311.159849</x11>
			<y11>367.535714</y11>
			<x12>311.159849</x12>
			<y12>388.071429</y12>
		</polygon>
	</object>
	<object>
		<name>LID</name>
		<pose>Unspecified</pose>
		<truncated>0</truncated>
		<difficult>0</difficult>
		<occluded>0</occluded>
		<bndbox>
			<xmin>330</xmin>
			<xmax>351</xmax>
			<ymin>353</ymin>
			<ymax>472</ymax>
		</bndbox>
		<polygon>
			<x1>330.85078</x1>
			<y1>428.25</y1>
			<x2>333.088385</x2>
			<y2>465.75</y2>
			<x3>342.933851</x3>
			<y3>471.107143</y3>
			<x4>344.723935</x4>
			<y4>403.25</y4>
			<x5>347.409062</x5>
			<y5>397</y5>
			<x6>349.646668</x6>
			<y6>363.071429</y6>
			<x7>339.801203</x7>
			<y7>352.357143</y7>
			<x8>328.613174</x8>
			<y8>356.821429</y8>
			<x9>329.508216</x9>
			<y9>380.928571</y9>
			<x10>332.193343</x10>
			<y10>402.357143</y10>
			<x11>330.85078</x11>
			<y11>428.25</y11>
		</polygon>
	</object>
	<object>
		<name>RID</name>
		<pose>Unspecified</pose>
		<truncated>0</truncated>
		<difficult>0</difficult>
		<occluded>0</occluded>
		<bndbox>
			<xmin>272</xmin>
			<xmax>306</xmax>
			<ymin>349</ymin>
			<ymax>471</ymax>
		</bndbox>
		<polygon>
			<x1>305.342074</x1>
			<y1>466.642857</y1>
			<x2>300.866862</x2>
			<y2>435.392857</y2>
			<x3>295.496609</x3>
			<y3>403.25</y3>
			<x4>291.021397</x4>
			<y4>363.071429</y4>
			<x5>290.126355</x5>
			<y5>350.571429</y5>
			<x6>277.595763</x6>
			<y6>347.892857</y6>
			<x7>271.330466</x7>
			<y7>355.928571</y7>
			<x8>273.120551</x8>
			<y8>383.607143</y8>
			<x9>278.938326</x9>
			<y9>411.285714</y9>
			<x10>289.678834</x10>
			<y10>453.25</y10>
			<x11>295.049087</x11>
			<y11>470.214286</y11>
			<x12>305.342074</x12>
			<y12>466.642857</y12>
		</polygon>
	</object>
	<object>
		<name>RID</name>
		<pose>Unspecified</pose>
		<truncated>0</truncated>
		<difficult>0</difficult>
		<occluded>0</occluded>
		<bndbox>
			<xmin>293</xmin>
			<xmax>319</xmax>
			<ymin>352</ymin>
			<ymax>469</ymax>
		</bndbox>
		<polygon>
			<x1>308.027201</x1>
			<y1>467.535714</y1>
			<x2>317.872666</x2>
			<y2>466.642857</y2>
			<x3>308.922243</x3>
			<y3>403.25</y3>
			<x4>308.474722</x4>
			<y4>354.142857</y4>
			<x5>291.916439</x5>
			<y5>351.464286</y5>
			<x6>295.94413</x6>
			<y6>391.642857</y6>
			<x7>308.027201</x7>
			<y7>467.535714</y7>
		</polygon>
	</object>
	<object>
		<name>RPMD</name>
		<pose>Unspecified</pose>
		<truncated>0</truncated>
		<difficult>0</difficult>
		<occluded>0</occluded>
		<bndbox>
			<xmin>227</xmin>
			<xmax>259</xmax>
			<ymin>340</ymin>
			<ymax>467</ymax>
		</bndbox>
		<polygon>
			<x1>226.13083</x1>
			<y1>465.75</y1>
			<x2>235.081253</x2>
			<y2>463.071429</y2>
			<x3>241.346549</x3>
			<y3>442.535714</y3>
			<x4>244.479197</x4>
			<y4>415.75</y4>
			<x5>248.059366</x5>
			<y5>390.75</y5>
			<x6>257.457311</x6>
			<y6>359.5</y6>
			<x7>257.904832</x7>
			<y7>345.214286</y7>
			<x8>247.164324</x8>
			<y8>338.964286</y8>
			<x9>228.368436</x9>
			<y9>347</y9>
			<x10>227.920915</x10>
			<y10>372.892857</y10>
			<x11>230.15852</x11>
			<y11>387.178571</y11>
			<x12>229.263478</x12>
			<y12>408.607143</y12>
			<x13>226.13083</x13>
			<y13>465.75</y13>
		</polygon>
	</object>
	<object>
		<name>RPMD</name>
		<pose>Unspecified</pose>
		<truncated>0</truncated>
		<difficult>0</difficult>
		<occluded>0</occluded>
		<bndbox>
			<xmin>243</xmin>
			<xmax>274</xmax>
			<ymin>351</ymin>
			<ymax>474</ymax>
		</bndbox>
		<polygon>
			<x1>242.241592</x1>
			<y1>457.714286</y1>
			<x2>244.031676</x2>
			<y2>472.892857</y2>
			<x3>254.324662</x3>
			<y3>472.892857</y3>
			<x4>268.197818</x4>
			<y4>405.035714</y4>
			<x5>273.120551</x5>
			<y5>392.535714</y5>
			<x6>269.540382</x6>
			<y6>359.5</y6>
			<x7>259.247395</x7>
			<y7>349.678571</y7>
			<x8>257.00979</x8>
			<y8>363.071429</y8>
			<x9>248.506888</x9>
			<y9>395.214286</y9>
			<x10>249.849451</x10>
			<y10>421.107143</y10>
			<x11>242.241592</x11>
			<y11>457.714286</y11>
		</polygon>
	</object>
	<object>
		<name>RMD</name>
		<pose>Unspecified</pose>
		<truncated>0</truncated>
		<difficult>0</difficult>
		<occluded>0</occluded>
		<bndbox>
			<xmin>147</xmin>
			<xmax>207</xmax>
			<ymin>316</ymin>
			<ymax>446</ymax>
		</bndbox>
		<polygon>
			<x1>161.240263</x1>
			<y1>338.964286</y1>
			<x2>163.030348</x2>
			<y2>368.428571</y2>
			<x3>145.577022</x3>
			<y3>420.214286</y3>
			<x4>156.765051</x4>
			<y4>445.214286</y4>
			<x5>178.246067</x5>
			<y5>430.928571</y5>
			<x6>191.671701</x6>
			<y6>394.321429</y6>
			<x7>202.85973</x7>
			<y7>371.107143</y7>
			<x8>205.992378</x8>
			<y8>347</y8>
			<x9>206.439899</x9>
			<y9>333.607143</y9>
			<x10>177.798546</x10>
			<y10>314.857143</y10>
			<x11>169.295644</x11>
			<y11>320.214286</y11>
			<x12>161.240263</x12>
			<y12>338.964286</y12>
		</polygon>
	</object>
	<object>
		<name>RMD</name>
		<pose>Unspecified</pose>
		<truncated>0</truncated>
		<difficult>0</difficult>
		<occluded>0</occluded>
		<bndbox>
			<xmin>95</xmin>
			<xmax>162</xmax>
			<ymin>306</ymin>
			<ymax>386</ymax>
		</bndbox>
		<polygon>
			<x1>102.614992</x1>
			<y1>380.035714</y1>
			<x2>121.858402</x2>
			<y2>384.5</y2>
			<x3>139.759248</x3>
			<y3>379.142857</y3>
			<x4>152.28984</x4>
			<y4>379.142857</y4>
			<x5>160.792742</x5>
			<y5>372</y5>
			<x6>160.792742</x6>
			<y6>352.357143</y6>
			<x7>159.897699</x7>
			<y7>337.178571</y7>
			<x8>154.974967</x8>
			<y8>305.035714</y8>
			<x9>139.759248</x9>
			<y9>305.928571</y9>
			<x10>125.438571</x10>
			<y10>321.107143</y10>
			<x11>106.642682</x11>
			<y11>325.571429</y11>
			<x12>94.11209</x12>
			<y12>353.25</y12>
			<x13>102.614992</x13>
			<y13>380.035714</y13>
		</polygon>
	</object>
	<object>
		<name>LPMD</name>
		<pose>Unspecified</pose>
		<truncated>0</truncated>
		<difficult>0</difficult>
		<occluded>0</occluded>
		<bndbox>
			<xmin>350</xmin>
			<xmax>393</xmax>
			<ymin>358</ymin>
			<ymax>477</ymax>
		</bndbox>
		<polygon>
			<x1>377.392979</x1>
			<y1>470.214286</y1>
			<x2>389.923572</x2>
			<y2>475.571429</y2>
			<x3>391.713656</x3>
			<y3>460.392857</y3>
			<x4>373.81281</x4>
			<y4>393.428571</y4>
			<x5>373.365289</x5>
			<y5>374.678571</y5>
			<x6>370.232641</x6>
			<y6>356.821429</y6>
			<x7>354.569401</x7>
			<y7>356.821429</y7>
			<x8>349.199147</x8>
			<y8>387.178571</y8>
			<x9>359.939655</x9>
			<y9>410.392857</y9>
			<x10>364.414866</x10>
			<y10>429.142857</y10>
			<x11>377.392979</x11>
			<y11>470.214286</y11>
		</polygon>
	</object>
	<object>
		<name>LPMD</name>
		<pose>Unspecified</pose>
		<truncated>0</truncated>
		<difficult>0</difficult>
		<occluded>0</occluded>
		<bndbox>
			<xmin>373</xmin>
			<xmax>411</xmax>
			<ymin>344</ymin>
			<ymax>469</ymax>
		</bndbox>
		<polygon>
			<x1>371.575205</x1>
			<y1>350.571429</y1>
			<x2>375.155374</x2>
			<y2>380.928571</y2>
			<x3>380.078106</x3>
			<y3>389.857143</y3>
			<x4>386.790924</x4>
			<y4>412.178571</y4>
			<x5>389.476051</x5>
			<y5>430.928571</y5>
			<x6>398.426474</x6>
			<y6>454.142857</y6>
			<x7>407.376897</x7>
			<y7>468.428571</y7>
			<x8>409.614502</x8>
			<y8>456.821429</y8>
			<x9>401.559122</x9>
			<y9>415.75</y9>
			<x10>395.293825</x10>
			<y10>376.464286</y10>
			<x11>397.08391</x11>
			<y11>356.821429</y11>
			<x12>392.161177</x12>
			<y12>344.321429</y12>
			<x13>380.078106</x13>
			<y13>343.428571</y13>
			<x14>371.575205</x14>
			<y14>350.571429</y14>
		</polygon>
	</object>
	<object>
		<name>LMD</name>
		<pose>Unspecified</pose>
		<truncated>0</truncated>
		<difficult>0</difficult>
		<occluded>0</occluded>
		<bndbox>
			<xmin>391</xmin>
			<xmax>449</xmax>
			<ymin>326</ymin>
			<ymax>459</ymax>
		</bndbox>
		<polygon>
			<x1>390.371093</x1>
			<y1>338.071429</y1>
			<x2>398.426474</x2>
			<y2>352.357143</y2>
			<x3>396.188868</x3>
			<y3>373.785714</y3>
			<x4>404.69177</x4>
			<y4>390.75</y4>
			<x5>410.062024</x5>
			<y5>427.357143</y5>
			<x6>417.222362</x6>
			<y6>457.714286</y6>
			<x7>448.101322</x7>
			<y7>433.607143</y7>
			<x8>429.752954</x8>
			<y8>372.892857</y8>
			<x9>429.752954</x9>
			<y9>358.607143</y9>
			<x10>426.172785</x10>
			<y10>333.607143</y10>
			<x11>422.145095</x11>
			<y11>327.357143</y11>
			<x12>411.852108</x12>
			<y12>324.678571</y12>
			<x13>390.371093</x13>
			<y13>338.071429</y13>
		</polygon>
	</object>
	<object>
		<name>LMD</name>
		<pose>Unspecified</pose>
		<truncated>0</truncated>
		<difficult>0</difficult>
		<occluded>0</occluded>
		<bndbox>
			<xmin>428</xmin>
			<xmax>483</xmax>
			<ymin>302</ymin>
			<ymax>432</ymax>
		</bndbox>
		<polygon>
			<x1>426.620306</x1>
			<y1>330.928571</y1>
			<x2>432.885602</x2>
			<y2>362.178571</y2>
			<x3>440.045941</x3>
			<y3>378.25</y3>
			<x4>448.996364</x4>
			<y4>410.392857</y4>
			<x5>463.317041</x5>
			<y5>430.928571</y5>
			<x6>481.665408</x6>
			<y6>418.428571</y6>
			<x7>467.792252</x7>
			<y7>356.821429</y7>
			<x8>466.002168</x8>
			<y8>338.071429</y8>
			<x9>463.764562</x9>
			<y9>320.214286</y9>
			<x10>457.946787</x10>
			<y10>306.821429</y10>
			<x11>455.26166</x11>
			<y11>301.464286</y11>
			<x12>435.570729</x12>
			<y12>314.857143</y12>
			<x13>426.620306</x13>
			<y13>330.928571</y13>
		</polygon>
	</object>
	<object>
		<name>LMD</name>
		<pose>Unspecified</pose>
		<truncated>0</truncated>
		<difficult>0</difficult>
		<occluded>0</occluded>
		<bndbox>
			<xmin>464</xmin>
			<xmax>507</xmax>
			<ymin>287</ymin>
			<ymax>404</ymax>
		</bndbox>
		<polygon>
			<x1>478.53276</x1>
			<y1>296.107143</y1>
			<x2>465.107125</x2>
			<y2>297</y2>
			<x3>462.86952</x3>
			<y3>311.285714</y3>
			<x4>468.687295</x4>
			<y4>338.964286</y4>
			<x5>472.267464</x5>
			<y5>347</y5>
			<x6>475.847633</x6>
			<y6>372</y6>
			<x7>484.798056</x7>
			<y7>391.642857</y7>
			<x8>493.300958</x8>
			<y8>403.25</y8>
			<x9>505.83155</x9>
			<y9>388.071429</y9>
			<x10>500.013775</x10>
			<y10>334.5</y10>
			<x11>501.80386</x11>
			<y11>310.392857</y11>
			<x12>495.091043</x12>
			<y12>286.285714</y12>
			<x13>488.378225</x13>
			<y13>286.285714</y13>
			<x14>478.53276</x14>
			<y14>296.107143</y14>
		</polygon>
	</object>
</annotation>
