<annotation>
	<folder></folder>
	<filename>426_jpg.rf.eb6acdd59e1e400f1cc84c832c3e399f.jpg</filename>
	<path>426_jpg.rf.eb6acdd59e1e400f1cc84c832c3e399f.jpg</path>
	<source>
		<database>roboflow.com</database>
	</source>
	<size>
		<width>640</width>
		<height>640</height>
		<depth>3</depth>
	</size>
	<segmented>0</segmented>
	<object>
		<name>RIU</name>
		<pose>Unspecified</pose>
		<truncated>0</truncated>
		<difficult>0</difficult>
		<occluded>0</occluded>
		<bndbox>
			<xmin>285</xmin>
			<xmax>316</xmax>
			<ymin>239</ymin>
			<ymax>378</ymax>
		</bndbox>
		<polygon>
			<x1>290.189613</x1>
			<y1>309.5</y1>
			<x2>286.008656</x2>
			<y2>333.458333</y2>
			<x3>283.918177</x3>
			<y3>366.791667</y3>
			<x4>287.576515</x4>
			<y4>377.208333</y4>
			<x5>298.028907</x5>
			<y5>377.208333</y5>
			<x6>315.275355</x6>
			<y6>375.125</y6>
			<x7>314.230116</x7>
			<y7>342.833333</y7>
			<x8>310.571779</x8>
			<y8>313.666667</y8>
			<x9>310.049159</x9>
			<y9>272</y9>
			<x10>304.300343</x10>
			<y10>239.708333</y10>
			<x11>295.415809</x11>
			<y11>237.625</y11>
			<x12>290.712233</x12>
			<y12>274.083333</y12>
			<x13>290.189613</x13>
			<y13>309.5</y13>
		</polygon>
	</object>
	<object>
		<name>RIU</name>
		<pose>Unspecified</pose>
		<truncated>0</truncated>
		<difficult>0</difficult>
		<occluded>0</occluded>
		<bndbox>
			<xmin>263</xmin>
			<xmax>289</xmax>
			<ymin>228</ymin>
			<ymax>372</ymax>
		</bndbox>
		<polygon>
			<x1>270.330067</x1>
			<y1>370.958333</y1>
			<x2>281.827699</x2>
			<y2>366.791667</y2>
			<x3>286.531275</x3>
			<y3>326.166667</y3>
			<x4>284.963417</x4>
			<y4>308.458333</y4>
			<x5>287.576515</x5>
			<y5>261.583333</y5>
			<x6>281.827699</x6>
			<y6>227.208333</y6>
			<x7>273.988404</x7>
			<y7>230.333333</y7>
			<x8>270.330067</x8>
			<y8>268.875</y8>
			<x9>268.239588</x9>
			<y9>306.375</y9>
			<x10>262.490773</x10>
			<y10>333.458333</y10>
			<x11>262.490773</x11>
			<y11>359.5</y11>
			<x12>270.330067</x12>
			<y12>370.958333</y12>
		</polygon>
	</object>
	<object>
		<name>RCU</name>
		<pose>Unspecified</pose>
		<truncated>0</truncated>
		<difficult>0</difficult>
		<occluded>0</occluded>
		<bndbox>
			<xmin>236</xmin>
			<xmax>269</xmax>
			<ymin>201</ymin>
			<ymax>370</ymax>
		</bndbox>
		<polygon>
			<x1>257.264576</x1>
			<y1>200.125</y1>
			<x2>253.606239</x2>
			<y2>217.833333</y2>
			<x3>249.425282</x3>
			<y3>249.083333</y3>
			<x4>243.676466</x4>
			<y4>283.458333</y4>
			<x5>243.153846</x5>
			<y5>304.291667</y5>
			<x6>235.314552</x6>
			<y6>335.541667</y6>
			<x7>238.450269</x7>
			<y7>354.291667</y7>
			<x8>248.380043</x8>
			<y8>368.875</y8>
			<x9>259.877674</x9>
			<y9>364.708333</y9>
			<x10>263.536012</x10>
			<y10>327.208333</y10>
			<x11>263.536012</x11>
			<y11>302.208333</y11>
			<x12>265.103871</x12>
			<y12>267.833333</y12>
			<x13>268.239588</x13>
			<y13>240.75</y13>
			<x14>264.581251</x14>
			<y14>204.291667</y14>
			<x15>257.264576</x15>
			<y15>200.125</y15>
		</polygon>
	</object>
	<object>
		<name>RPMD</name>
		<pose>Unspecified</pose>
		<truncated>0</truncated>
		<difficult>0</difficult>
		<occluded>0</occluded>
		<bndbox>
			<xmin>216</xmin>
			<xmax>248</xmax>
			<ymin>203</ymin>
			<ymax>354</ymax>
		</bndbox>
		<polygon>
			<x1>223.81692</x1>
			<y1>353.25</y1>
			<x2>234.269313</x2>
			<y2>344.916667</y2>
			<x3>239.495509</x3>
			<y3>309.5</y3>
			<x4>241.585987</x4>
			<y4>292.833333</y4>
			<x5>247.334803</x5>
			<y5>240.75</y5>
			<x6>247.334803</x6>
			<y6>219.916667</y6>
			<x7>244.721705</x7>
			<y7>202.208333</y7>
			<x8>237.40503</x8>
			<y8>210.541667</y8>
			<x9>235.837171</x9>
			<y9>227.208333</y9>
			<x10>230.610975</x10>
			<y10>269.916667</y10>
			<x11>223.81692</x11>
			<y11>291.791667</y11>
			<x12>214.932386</x12>
			<y12>326.166667</y12>
			<x13>223.81692</x13>
			<y13>353.25</y13>
		</polygon>
	</object>
	<object>
		<name>RPMU</name>
		<pose>Unspecified</pose>
		<truncated>0</truncated>
		<difficult>0</difficult>
		<occluded>0</occluded>
		<bndbox>
			<xmin>196</xmin>
			<xmax>230</xmax>
			<ymin>202</ymin>
			<ymax>330</ymax>
		</bndbox>
		<polygon>
			<x1>212.841907</x1>
			<y1>329.291667</y1>
			<x2>223.81692</x2>
			<y2>291.791667</y2>
			<x3>222.771681</x3>
			<y3>276.166667</y3>
			<x4>226.430018</x4>
			<y4>224.083333</y4>
			<x5>229.043116</x5>
			<y5>210.541667</y5>
			<x6>218.590724</x6>
			<y6>201.166667</y6>
			<x7>214.409766</x7>
			<y7>214.708333</y7>
			<x8>208.138331</x8>
			<y8>260.541667</y8>
			<x9>205.525233</x9>
			<y9>277.208333</y9>
			<x10>195.07284</x10>
			<y10>303.25</y10>
			<x11>202.389515</x11>
			<y11>329.291667</y11>
			<x12>212.841907</x12>
			<y12>329.291667</y12>
		</polygon>
	</object>
	<object>
		<name>RMU</name>
		<pose>Unspecified</pose>
		<truncated>0</truncated>
		<difficult>0</difficult>
		<occluded>0</occluded>
		<bndbox>
			<xmin>138</xmin>
			<xmax>174</xmax>
			<ymin>143</ymin>
			<ymax>259</ymax>
		</bndbox>
		<polygon>
			<x1>141.765638</x1>
			<y1>141.791667</y1>
			<x2>136.539441</x2>
			<y2>165.75</y2>
			<x3>138.1073</x3>
			<y3>193.875</y3>
			<x4>139.15254</x4>
			<y4>220.958333</y4>
			<x5>138.62992</x5>
			<y5>252.208333</y5>
			<x6>148.037073</x6>
			<y6>258.458333</y6>
			<x7>157.444227</x7>
			<y7>258.458333</y7>
			<x8>168.419239</x8>
			<y8>257.416667</y8>
			<x9>173.122816</x9>
			<y9>239.708333</y9>
			<x10>171.032337</x10>
			<y10>225.125</y10>
			<x11>163.715662</x11>
			<y11>207.416667</y11>
			<x12>161.625184</x12>
			<y12>175.125</y12>
			<x13>155.353748</x13>
			<y13>153.25</y13>
			<x14>141.765638</x14>
			<y14>141.791667</y14>
		</polygon>
	</object>
	<object>
		<name>LIU</name>
		<pose>Unspecified</pose>
		<truncated>0</truncated>
		<difficult>0</difficult>
		<occluded>0</occluded>
		<bndbox>
			<xmin>314</xmin>
			<xmax>344</xmax>
			<ymin>233</ymin>
			<ymax>364</ymax>
		</bndbox>
		<polygon>
			<x1>316.320594</x1>
			<y1>240.75</y1>
			<x2>312.662257</x2>
			<y2>264.708333</y2>
			<x3>316.843214</x3>
			<y3>283.458333</y3>
			<x4>318.411073</x4>
			<y4>305.333333</y4>
			<x5>314.230116</x5>
			<y5>319.916667</y5>
			<x6>315.275355</x6>
			<y6>338.666667</y6>
			<x7>323.637269</x7>
			<y7>362.625</y7>
			<x8>339.315858</x8>
			<y8>358.458333</y8>
			<x9>342.974196</x9>
			<y9>331.375</y9>
			<x10>336.70276</x10>
			<y10>311.583333</y10>
			<x11>336.70276</x11>
			<y11>276.166667</y11>
			<x12>331.999183</x12>
			<y12>232.416667</y12>
			<x13>327.295607</x13>
			<y13>234.5</y13>
			<x14>316.320594</x14>
			<y14>240.75</y14>
		</polygon>
	</object>
	<object>
		<name>LIU</name>
		<pose>Unspecified</pose>
		<truncated>0</truncated>
		<difficult>0</difficult>
		<occluded>0</occluded>
		<bndbox>
			<xmin>340</xmin>
			<xmax>364</xmax>
			<ymin>233</ymin>
			<ymax>329</ymax>
		</bndbox>
		<polygon>
			<x1>363.356361</x1>
			<y1>322</y1>
			<x2>359.698024</x2>
			<y2>294.916667</y2>
			<x3>359.698024</x3>
			<y3>277.208333</y3>
			<x4>356.562306</x4>
			<y4>237.625</y4>
			<x5>346.632533</x5>
			<y5>232.416667</y5>
			<x6>340.361098</x6>
			<y6>262.625</y6>
			<x7>341.406337</x7>
			<y7>292.833333</y7>
			<x8>339.315858</x8>
			<y8>319.916667</y8>
			<x9>347.155153</x9>
			<y9>328.25</y9>
			<x10>363.356361</x10>
			<y10>322</y10>
		</polygon>
	</object>
	<object>
		<name>LCU</name>
		<pose>Unspecified</pose>
		<truncated>0</truncated>
		<difficult>0</difficult>
		<occluded>0</occluded>
		<bndbox>
			<xmin>364</xmin>
			<xmax>392</xmax>
			<ymin>200</ymin>
			<ymax>370</ymax>
		</bndbox>
		<polygon>
			<x1>364.401601</x1>
			<y1>225.125</y1>
			<x2>368.059938</x2>
			<y2>254.291667</y2>
			<x3>368.059938</x3>
			<y3>290.75</y3>
			<x4>363.356361</x4>
			<y4>306.375</y4>
			<x5>364.401601</x5>
			<y5>339.708333</y5>
			<x6>369.627797</x6>
			<y6>359.5</y6>
			<x7>379.03495</x7>
			<y7>368.875</y7>
			<x8>391.055202</x8>
			<y8>352.208333</y8>
			<x9>391.055202</x9>
			<y9>331.375</y9>
			<x10>386.351625</x10>
			<y10>306.375</y10>
			<x11>386.351625</x11>
			<y11>243.875</y11>
			<x12>383.215907</x12>
			<y12>203.25</y12>
			<x13>370.673036</x13>
			<y13>199.083333</y13>
			<x14>364.401601</x14>
			<y14>225.125</y14>
		</polygon>
	</object>
	<object>
		<name>LPMU</name>
		<pose>Unspecified</pose>
		<truncated>0</truncated>
		<difficult>0</difficult>
		<occluded>0</occluded>
		<bndbox>
			<xmin>389</xmin>
			<xmax>414</xmax>
			<ymin>208</ymin>
			<ymax>350</ymax>
		</bndbox>
		<polygon>
			<x1>387.919484</x1>
			<y1>230.333333</y1>
			<x2>389.487343</x2>
			<y2>261.583333</y2>
			<x3>389.487343</x3>
			<y3>303.25</y3>
			<x4>392.623061</x4>
			<y4>313.666667</y4>
			<x5>392.623061</x5>
			<y5>335.541667</y5>
			<x6>402.030214</x6>
			<y6>349.083333</y6>
			<x7>410.392128</x7>
			<y7>345.958333</y7>
			<x8>413.005226</x8>
			<y8>319.916667</y8>
			<x9>404.643312</x9>
			<y9>293.875</y9>
			<x10>404.120692</x10>
			<y10>268.875</y10>
			<x11>400.462355</x11>
			<y11>240.75</y11>
			<x12>400.462355</x12>
			<y12>207.416667</y12>
			<x13>389.487343</x13>
			<y13>208.458333</y13>
			<x14>387.919484</x14>
			<y14>230.333333</y14>
		</polygon>
	</object>
	<object>
		<name>LPMU</name>
		<pose>Unspecified</pose>
		<truncated>0</truncated>
		<difficult>0</difficult>
		<occluded>0</occluded>
		<bndbox>
			<xmin>404</xmin>
			<xmax>433</xmax>
			<ymin>209</ymin>
			<ymax>334</ymax>
		</bndbox>
		<polygon>
			<x1>402.552833</x1>
			<y1>223.041667</y1>
			<x2>404.120692</x2>
			<y2>243.875</y2>
			<x3>409.346889</x3>
			<y3>279.291667</y3>
			<x4>407.77903</x4>
			<y4>298.041667</y4>
			<x5>414.050465</x5>
			<y5>314.708333</y5>
			<x6>413.527846</x6>
			<y6>328.25</y6>
			<x7>425.548097</x7>
			<y7>333.458333</y7>
			<x8>431.819533</x8>
			<y8>324.083333</y8>
			<x9>431.296913</x9>
			<y9>286.583333</y9>
			<x10>424.502858</x10>
			<y10>273.041667</y10>
			<x11>422.41238</x11>
			<y11>251.166667</y11>
			<x12>415.618324</x12>
			<y12>211.583333</y12>
			<x13>407.77903</x13>
			<y13>208.458333</y13>
			<x14>402.552833</x14>
			<y14>223.041667</y14>
		</polygon>
	</object>
	<object>
		<name>LMU</name>
		<pose>Unspecified</pose>
		<truncated>0</truncated>
		<difficult>0</difficult>
		<occluded>0</occluded>
		<bndbox>
			<xmin>433</xmin>
			<xmax>466</xmax>
			<ymin>199</ymin>
			<ymax>333</ymax>
		</bndbox>
		<polygon>
			<x1>440.704067</x1>
			<y1>198.041667</y1>
			<x2>437.568349</x2>
			<y2>241.791667</y2>
			<x3>437.568349</x3>
			<y3>264.708333</y3>
			<x4>432.342152</x4>
			<y4>283.458333</y4>
			<x5>433.387392</x5>
			<y5>318.875</y5>
			<x6>438.613588</x6>
			<y6>332.416667</y6>
			<x7>446.452882</x7>
			<y7>328.25</y7>
			<x8>451.679079</x8>
			<y8>328.25</y8>
			<x9>461.608852</x9>
			<y9>327.208333</y9>
			<x10>464.74457</x10>
			<y10>299.083333</y10>
			<x11>460.563613</x11>
			<y11>269.916667</y11>
			<x12>463.176711</x12>
			<y12>211.583333</y12>
			<x13>458.995754</x13>
			<y13>202.208333</y13>
			<x14>440.704067</x14>
			<y14>198.041667</y14>
		</polygon>
	</object>
	<object>
		<name>LMU</name>
		<pose>Unspecified</pose>
		<truncated>0</truncated>
		<difficult>0</difficult>
		<occluded>0</occluded>
		<bndbox>
			<xmin>462</xmin>
			<xmax>496</xmax>
			<ymin>167</ymin>
			<ymax>292</ymax>
		</bndbox>
		<polygon>
			<x1>466.312429</x1>
			<y1>220.958333</y1>
			<x2>461.086232</x2>
			<y2>242.833333</y2>
			<x3>463.176711</x3>
			<y3>276.166667</y3>
			<x4>472.061244</x4>
			<y4>290.75</y4>
			<x5>482.513637</x5>
			<y5>290.75</y5>
			<x6>492.44341</x6>
			<y6>260.541667</y6>
			<x7>489.830312</x7>
			<y7>233.458333</y7>
			<x8>494.533889</x8>
			<y8>183.458333</y8>
			<x9>494.533889</x9>
			<y9>174.083333</y9>
			<x10>483.036257</x10>
			<y10>165.75</y10>
			<x11>474.674343</x11>
			<y11>179.291667</y11>
			<x12>466.312429</x12>
			<y12>220.958333</y12>
		</polygon>
	</object>
	<object>
		<name>RID</name>
		<pose>Unspecified</pose>
		<truncated>0</truncated>
		<difficult>0</difficult>
		<occluded>0</occluded>
		<bndbox>
			<xmin>294</xmin>
			<xmax>322</xmax>
			<ymin>395</ymin>
			<ymax>505</ymax>
		</bndbox>
		<polygon>
			<x1>293.325331</x1>
			<y1>493.875</y1>
			<x2>302.732484</x2>
			<y2>504.291667</y2>
			<x3>315.797975</x3>
			<y3>444.916667</y3>
			<x4>321.024171</x4>
			<y4>401.166667</y4>
			<x5>314.752735</x5>
			<y5>393.875</y5>
			<x6>302.209864</x6>
			<y6>399.083333</y6>
			<x7>300.642005</x7>
			<y7>417.833333</y7>
			<x8>296.983668</x8>
			<y8>437.625</y8>
			<x9>294.37057</x9>
			<y9>464.708333</y9>
			<x10>293.325331</x10>
			<y10>493.875</y10>
		</polygon>
	</object>
	<object>
		<name>RID</name>
		<pose>Unspecified</pose>
		<truncated>0</truncated>
		<difficult>0</difficult>
		<occluded>0</occluded>
		<bndbox>
			<xmin>274</xmin>
			<xmax>303</xmax>
			<ymin>391</ymin>
			<ymax>497</ymax>
		</bndbox>
		<polygon>
			<x1>302.209864</x1>
			<y1>395.958333</y1>
			<x2>294.37057</x2>
			<y2>389.708333</y2>
			<x3>280.25984</x3>
			<y3>402.208333</y3>
			<x4>278.691981</x4>
			<y4>427.208333</y4>
			<x5>273.465785</x5>
			<y5>485.541667</y5>
			<x6>278.691981</x6>
			<y6>495.958333</y6>
			<x7>287.053895</x7>
			<y7>486.583333</y7>
			<x8>292.802711</x8>
			<y8>459.5</y8>
			<x9>295.938429</x9>
			<y9>430.333333</y9>
			<x10>302.209864</x10>
			<y10>395.958333</y10>
		</polygon>
	</object>
	<object>
		<name>RCD</name>
		<pose>Unspecified</pose>
		<truncated>0</truncated>
		<difficult>0</difficult>
		<occluded>0</occluded>
		<bndbox>
			<xmin>243</xmin>
			<xmax>281</xmax>
			<ymin>382</ymin>
			<ymax>513</ymax>
		</bndbox>
		<polygon>
			<x1>253.606239</x1>
			<y1>508.458333</y1>
			<x2>265.103871</x2>
			<y2>476.166667</y2>
			<x3>271.897926</x3>
			<y3>447</y3>
			<x4>276.601503</x4>
			<y4>424.083333</y4>
			<x5>279.73722</x5>
			<y5>395.958333</y5>
			<x6>270.852686</x6>
			<y6>381.375</y6>
			<x7>260.400294</x7>
			<y7>386.583333</y7>
			<x8>255.174098</x8>
			<y8>405.333333</y8>
			<x9>257.264576</x9>
			<y9>431.375</y9>
			<x10>241.585987</x10>
			<y10>494.916667</y10>
			<x11>245.766944</x11>
			<y11>511.583333</y11>
			<x12>253.606239</x12>
			<y12>508.458333</y12>
		</polygon>
	</object>
	<object>
		<name>RPMD</name>
		<pose>Unspecified</pose>
		<truncated>0</truncated>
		<difficult>0</difficult>
		<occluded>0</occluded>
		<bndbox>
			<xmin>220</xmin>
			<xmax>258</xmax>
			<ymin>378</ymin>
			<ymax>494</ymax>
		</bndbox>
		<polygon>
			<x1>232.178834</x1>
			<y1>487.625</y1>
			<x2>239.495509</x2>
			<y2>465.75</y2>
			<x3>246.289564</x3>
			<y3>438.666667</y3>
			<x4>255.174098</x4>
			<y4>413.666667</y4>
			<x5>253.606239</x5>
			<y5>399.083333</y5>
			<x6>256.741956</x6>
			<y6>385.541667</y6>
			<x7>247.334803</x7>
			<y7>377.208333</y7>
			<x8>232.178834</x8>
			<y8>387.625</y8>
			<x9>232.701454</x9>
			<y9>413.666667</y9>
			<x10>219.113343</x10>
			<y10>476.166667</y10>
			<x11>222.771681</x11>
			<y11>492.833333</y11>
			<x12>232.178834</x12>
			<y12>487.625</y12>
		</polygon>
	</object>
	<object>
		<name>RPMD</name>
		<pose>Unspecified</pose>
		<truncated>0</truncated>
		<difficult>0</difficult>
		<occluded>0</occluded>
		<bndbox>
			<xmin>195</xmin>
			<xmax>238</xmax>
			<ymin>346</ymin>
			<ymax>477</ymax>
		</bndbox>
		<polygon>
			<x1>206.570472</x1>
			<y1>407.416667</y1>
			<x2>196.640699</x2>
			<y2>440.75</y2>
			<x3>194.027601</x3>
			<y3>475.125</y3>
			<x4>201.344276</x4>
			<y4>476.166667</y4>
			<x5>210.751429</x5>
			<y5>458.458333</y5>
			<x6>219.635963</x6>
			<y6>424.083333</y6>
			<x7>231.133595</x7>
			<y7>402.208333</y7>
			<x8>231.133595</x8>
			<y8>383.458333</y8>
			<x9>236.882411</x9>
			<y9>379.291667</y9>
			<x10>227.997877</x10>
			<y10>364.708333</y10>
			<x11>218.068104</x11>
			<y11>344.916667</y11>
			<x12>213.364527</x12>
			<y12>352.208333</y12>
			<x13>212.841907</x13>
			<y13>363.666667</y13>
			<x14>210.228809</x14>
			<y14>388.666667</y14>
			<x15>206.570472</x15>
			<y15>407.416667</y15>
		</polygon>
	</object>
	<object>
		<name>RMD</name>
		<pose>Unspecified</pose>
		<truncated>0</truncated>
		<difficult>0</difficult>
		<occluded>0</occluded>
		<bndbox>
			<xmin>156</xmin>
			<xmax>215</xmax>
			<ymin>332</ymin>
			<ymax>452</ymax>
		</bndbox>
		<polygon>
			<x1>203.434754</x1>
			<y1>335.541667</y1>
			<x2>190.891883</x2>
			<y2>331.375</y2>
			<x3>181.48473</x3>
			<y3>349.083333</y3>
			<x4>179.394251</x4>
			<y4>363.666667</y4>
			<x5>155.353748</x5>
			<y5>416.791667</y5>
			<x6>176.781153</x6>
			<y6>451.166667</y6>
			<x7>192.459742</x7>
			<y7>428.25</y7>
			<x8>208.138331</x8>
			<y8>392.833333</y8>
			<x9>214.409766</x9>
			<y9>348.041667</y9>
			<x10>203.434754</x10>
			<y10>335.541667</y10>
		</polygon>
	</object>
	<object>
		<name>RMD</name>
		<pose>Unspecified</pose>
		<truncated>0</truncated>
		<difficult>0</difficult>
		<occluded>0</occluded>
		<bndbox>
			<xmin>137</xmin>
			<xmax>195</xmax>
			<ymin>287</ymin>
			<ymax>399</ymax>
		</bndbox>
		<polygon>
			<x1>137.584681</x1>
			<y1>365.75</y1>
			<x2>136.016822</x2>
			<y2>398.041667</y2>
			<x3>150.650171</x3>
			<y3>390.75</y3>
			<x4>169.464478</x4>
			<y4>370.958333</y4>
			<x5>177.826392</x5>
			<y5>353.25</y5>
			<x6>190.369264</x6>
			<y6>329.291667</y6>
			<x7>194.027601</x7>
			<y7>323.041667</y7>
			<x8>192.459742</x8>
			<y8>306.375</y8>
			<x9>184.620447</x9>
			<y9>302.208333</y9>
			<x10>175.213294</x10>
			<y10>285.541667</y10>
			<x11>165.806141</x11>
			<y11>288.666667</y11>
			<x12>158.489466</x12>
			<y12>302.208333</y12>
			<x13>154.308509</x13>
			<y13>327.208333</y13>
			<x14>137.584681</x14>
			<y14>365.75</y14>
		</polygon>
	</object>
	<object>
		<name>RMD</name>
		<pose>Unspecified</pose>
		<truncated>0</truncated>
		<difficult>0</difficult>
		<occluded>0</occluded>
		<bndbox>
			<xmin>101</xmin>
			<xmax>163</xmax>
			<ymin>256</ymin>
			<ymax>384</ymax>
		</bndbox>
		<polygon>
			<x1>143.856116</x1>
			<y1>330.333333</y1>
			<x2>153.26327</x2>
			<y2>316.791667</y2>
			<x3>162.147803</x3>
			<y3>290.75</y3>
			<x4>149.082313</x4>
			<y4>269.916667</y4>
			<x5>127.654908</x5>
			<y5>255.333333</y5>
			<x6>122.428711</x6>
			<y6>273.041667</y6>
			<x7>120.860853</x7>
			<y7>299.083333</y7>
			<x8>99.956067</x8>
			<y8>353.25</y8>
			<x9>118.247754</x9>
			<y9>383.458333</y9>
			<x10>136.539441</x10>
			<y10>357.416667</y10>
			<x11>143.856116</x11>
			<y11>330.333333</y11>
		</polygon>
	</object>
	<object>
		<name>LID</name>
		<pose>Unspecified</pose>
		<truncated>0</truncated>
		<difficult>0</difficult>
		<occluded>0</occluded>
		<bndbox>
			<xmin>315</xmin>
			<xmax>339</xmax>
			<ymin>395</ymin>
			<ymax>512</ymax>
		</bndbox>
		<polygon>
			<x1>332.521803</x1>
			<y1>510.541667</y1>
			<x2>337.747999</x2>
			<y2>454.291667</y2>
			<x3>334.089662</x3>
			<y3>426.166667</y3>
			<x4>326.772987</x4>
			<y4>393.875</y4>
			<x5>320.501552</x5>
			<y5>393.875</y5>
			<x6>321.546791</x6>
			<y6>412.625</y6>
			<x7>318.411073</x7>
			<y7>447</y7>
			<x8>314.230116</x8>
			<y8>475.125</y8>
			<x9>315.797975</x9>
			<y9>506.375</y9>
			<x10>332.521803</x10>
			<y10>510.541667</y10>
		</polygon>
	</object>
	<object>
		<name>LID</name>
		<pose>Unspecified</pose>
		<truncated>0</truncated>
		<difficult>0</difficult>
		<occluded>0</occluded>
		<bndbox>
			<xmin>331</xmin>
			<xmax>369</xmax>
			<ymin>391</ymin>
			<ymax>503</ymax>
		</bndbox>
		<polygon>
			<x1>354.994447</x1>
			<y1>502.208333</y1>
			<x2>367.537318</x2>
			<y2>493.875</y2>
			<x3>354.994447</x3>
			<y3>441.791667</y3>
			<x4>352.903969</x4>
			<y4>399.083333</y4>
			<x5>342.451576</x5>
			<y5>389.708333</y5>
			<x6>330.431324</x6>
			<y6>392.833333</y6>
			<x7>330.953944</x7>
			<y7>404.291667</y7>
			<x8>337.747999</x8>
			<y8>428.25</y8>
			<x9>342.974196</x9>
			<y9>466.791667</y9>
			<x10>354.994447</x10>
			<y10>502.208333</y10>
		</polygon>
	</object>
	<object>
		<name>LCD</name>
		<pose>Unspecified</pose>
		<truncated>0</truncated>
		<difficult>0</difficult>
		<occluded>0</occluded>
		<bndbox>
			<xmin>354</xmin>
			<xmax>393</xmax>
			<ymin>383</ymin>
			<ymax>519</ymax>
		</bndbox>
		<polygon>
			<x1>360.743263</x1>
			<y1>437.625</y1>
			<x2>365.96946</x2>
			<y2>470.958333</y2>
			<x3>373.286134</x3>
			<y3>500.125</y3>
			<x4>387.396864</x4>
			<y4>517.833333</y4>
			<x5>392.100441</x5>
			<y5>506.375</y5>
			<x6>375.376613</x6>
			<y6>424.083333</y6>
			<x7>379.03495</x7>
			<y7>408.458333</y7>
			<x8>368.582558</x8>
			<y8>383.458333</y8>
			<x9>361.265883</x9>
			<y9>382.416667</y9>
			<x10>353.426588</x10>
			<y10>393.875</y10>
			<x11>356.562306</x11>
			<y11>424.083333</y11>
			<x12>360.743263</x12>
			<y12>437.625</y12>
		</polygon>
	</object>
	<object>
		<name>LPMD</name>
		<pose>Unspecified</pose>
		<truncated>0</truncated>
		<difficult>0</difficult>
		<occluded>0</occluded>
		<bndbox>
			<xmin>376</xmin>
			<xmax>410</xmax>
			<ymin>370</ymin>
			<ymax>502</ymax>
		</bndbox>
		<polygon>
			<x1>377.467091</x1>
			<y1>381.375</y1>
			<x2>374.853993</x2>
			<y2>393.875</y2>
			<x3>380.602809</x3>
			<y3>410.541667</y3>
			<x4>379.55757</x4>
			<y4>416.791667</y4>
			<x5>381.648048</x5>
			<y5>425.125</y5>
			<x6>386.351625</x6>
			<y6>453.25</y6>
			<x7>392.100441</x7>
			<y7>469.916667</y7>
			<x8>403.598073</x8>
			<y8>501.166667</y8>
			<x9>409.346889</x9>
			<y9>486.583333</y9>
			<x10>395.236159</x10>
			<y10>425.125</y10>
			<x11>397.849257</x11>
			<y11>406.375</y11>
			<x12>394.713539</x12>
			<y12>378.25</y12>
			<x13>383.738527</x13>
			<y13>368.875</y13>
			<x14>377.467091</x14>
			<y14>381.375</y14>
		</polygon>
	</object>
	<object>
		<name>LPMD</name>
		<pose>Unspecified</pose>
		<truncated>0</truncated>
		<difficult>0</difficult>
		<occluded>0</occluded>
		<bndbox>
			<xmin>394</xmin>
			<xmax>436</xmax>
			<ymin>357</ymin>
			<ymax>474</ymax>
		</bndbox>
		<polygon>
			<x1>409.346889</x1>
			<y1>418.875</y1>
			<x2>425.025478</x2>
			<y2>473.041667</y2>
			<x3>434.955251</x3>
			<y3>466.791667</y3>
			<x4>420.321901</x4>
			<y4>397</y4>
			<x5>419.276662</x5>
			<y5>382.416667</y5>
			<x6>416.140944</x6>
			<y6>361.583333</y6>
			<x7>409.869509</x7>
			<y7>356.375</y7>
			<x8>399.417116</x8>
			<y8>356.375</y8>
			<x9>393.14568</x9>
			<y9>369.916667</y9>
			<x10>399.939735</x10>
			<y10>398.041667</y10>
			<x11>409.346889</x11>
			<y11>418.875</y11>
		</polygon>
	</object>
	<object>
		<name>LMD</name>
		<pose>Unspecified</pose>
		<truncated>0</truncated>
		<difficult>0</difficult>
		<occluded>0</occluded>
		<bndbox>
			<xmin>458</xmin>
			<xmax>520</xmax>
			<ymin>304</ymin>
			<ymax>397</ymax>
		</bndbox>
		<polygon>
			<x1>456.905275</x1>
			<y1>350.125</y1>
			<x2>466.312429</x2>
			<y2>368.875</y2>
			<x3>475.719582</x3>
			<y3>372</y3>
			<x4>503.941042</x4>
			<y4>395.958333</y4>
			<x5>518.574392</x5>
			<y5>356.375</y5>
			<x6>500.282705</x6>
			<y6>342.833333</y6>
			<x7>492.96603</x7>
			<y7>320.958333</y7>
			<x8>485.126735</x8>
			<y8>303.25</y8>
			<x9>471.538625</x9>
			<y9>306.375</y9>
			<x10>467.880288</x10>
			<y10>320.958333</y10>
			<x11>463.69933</x11>
			<y11>326.166667</y11>
			<x12>456.905275</x12>
			<y12>350.125</y12>
		</polygon>
	</object>
</annotation>
