<annotation>
	<folder></folder>
	<filename>45_jpg.rf.f16e3dd077bea2393a1e4c31ba432a92.jpg</filename>
	<path>45_jpg.rf.f16e3dd077bea2393a1e4c31ba432a92.jpg</path>
	<source>
		<database>roboflow.com</database>
	</source>
	<size>
		<width>640</width>
		<height>640</height>
		<depth>3</depth>
	</size>
	<segmented>0</segmented>
	<object>
		<name>RIU</name>
		<pose>Unspecified</pose>
		<truncated>0</truncated>
		<difficult>0</difficult>
		<occluded>0</occluded>
		<bndbox>
			<xmin>294</xmin>
			<xmax>331</xmax>
			<ymin>178</ymin>
			<ymax>350</ymax>
		</bndbox>
		<polygon>
			<x1>296.520333</x1>
			<y1>288</y1>
			<x2>293.384615</x2>
			<y2>320.5</y2>
			<x3>294.638902</x3>
			<y3>334.25</y3>
			<x4>309.063204</x4>
			<y4>349.25</y4>
			<x5>324.11465</x5>
			<y5>346.75</y5>
			<x6>326.623224</x6>
			<y6>331.75</y6>
			<x7>329.131798</x7>
			<y7>301.75</y7>
			<x8>330.386085</x8>
			<y8>255.5</y8>
			<x9>329.758942</x9>
			<y9>216.75</y9>
			<x10>329.131798</x10>
			<y10>186.75</y10>
			<x11>316.588927</x11>
			<y11>176.75</y11>
			<x12>305.300343</x12>
			<y12>185.5</y12>
			<x13>305.927487</x13>
			<y13>196.75</y13>
			<x14>300.910338</x14>
			<y14>254.25</y14>
			<x15>296.520333</x15>
			<y15>288</y15>
		</polygon>
	</object>
	<object>
		<name>RIU</name>
		<pose>Unspecified</pose>
		<truncated>0</truncated>
		<difficult>0</difficult>
		<occluded>0</occluded>
		<bndbox>
			<xmin>270</xmin>
			<xmax>305</xmax>
			<ymin>184</ymin>
			<ymax>335</ymax>
		</bndbox>
		<polygon>
			<x1>285.231749</x1>
			<y1>331.75</y1>
			<x2>294.638902</x2>
			<y2>325.5</y2>
			<x3>294.638902</x3>
			<y3>283</y3>
			<x4>299.028907</x4>
			<y4>258</y4>
			<x5>302.164625</x5>
			<y5>231.75</y5>
			<x6>304.046056</x6>
			<y6>183</y6>
			<x7>288.99461</x7>
			<y7>188</y7>
			<x8>275.824596</x8>
			<y8>243</y8>
			<x9>272.061734</x9>
			<y9>279.25</y9>
			<x10>268.926017</x10>
			<y10>306.75</y10>
			<x11>272.061734</x11>
			<y11>334.25</y11>
			<x12>285.231749</x12>
			<y12>331.75</y12>
		</polygon>
	</object>
	<object>
		<name>RCU</name>
		<pose>Unspecified</pose>
		<truncated>0</truncated>
		<difficult>0</difficult>
		<occluded>0</occluded>
		<bndbox>
			<xmin>244</xmin>
			<xmax>272</xmax>
			<ymin>170</ymin>
			<ymax>343</ymax>
		</bndbox>
		<polygon>
			<x1>253.247428</x1>
			<y1>341.75</y1>
			<x2>267.044586</x2>
			<y2>324.25</y2>
			<x3>270.180304</x3>
			<y3>309.25</y3>
			<x4>271.434591</x4>
			<y4>270.5</y4>
			<x5>270.180304</x5>
			<y5>236.75</y5>
			<x6>269.55316</x6>
			<y6>185.5</y6>
			<x7>263.908868</x7>
			<y7>169.25</y7>
			<x8>247.603136</x8>
			<y8>174.25</y8>
			<x9>245.721705</x9>
			<y9>186.75</y9>
			<x10>243.213131</x10>
			<y10>253</y10>
			<x11>242.585987</x11>
			<y11>300.5</y11>
			<x12>244.467418</x12>
			<y12>329.25</y12>
			<x13>253.247428</x13>
			<y13>341.75</y13>
		</polygon>
	</object>
	<object>
		<name>RPMU</name>
		<pose>Unspecified</pose>
		<truncated>0</truncated>
		<difficult>0</difficult>
		<occluded>0</occluded>
		<bndbox>
			<xmin>215</xmin>
			<xmax>244</xmax>
			<ymin>175</ymin>
			<ymax>343</ymax>
		</bndbox>
		<polygon>
			<x1>228.161685</x1>
			<y1>341.75</y1>
			<x2>242.585987</x2>
			<y2>324.25</y2>
			<x3>241.3317</x3>
			<y3>299.25</y3>
			<x4>238.823126</x4>
			<y4>276.75</y4>
			<x5>236.941695</x5>
			<y5>241.75</y5>
			<x6>233.178834</x6>
			<y6>194.25</y6>
			<x7>230.043116</x7>
			<y7>174.25</y7>
			<x8>216.245958</x8>
			<y8>181.75</y8>
			<x9>214.364527</x9>
			<y9>194.25</y9>
			<x10>215.618814</x10>
			<y10>266.75</y10>
			<x11>216.245958</x11>
			<y11>301.75</y11>
			<x12>214.991671</x12>
			<y12>323</y12>
			<x13>228.161685</x13>
			<y13>341.75</y13>
		</polygon>
	</object>
	<object>
		<name>RMU</name>
		<pose>Unspecified</pose>
		<truncated>0</truncated>
		<difficult>0</difficult>
		<occluded>0</occluded>
		<bndbox>
			<xmin>174</xmin>
			<xmax>216</xmax>
			<ymin>163</ymin>
			<ymax>334</ymax>
		</bndbox>
		<polygon>
			<x1>214.991671</x1>
			<y1>325.5</y1>
			<x2>213.11024</x2>
			<y2>281.75</y2>
			<x3>209.347379</x3>
			<y3>233</y3>
			<x4>208.720235</x4>
			<y4>198</y4>
			<x5>199.940225</x5>
			<y5>161.75</y5>
			<x6>184.88878</x6>
			<y6>169.25</y6>
			<x7>177.990201</x7>
			<y7>178</y7>
			<x8>178.617344</x8>
			<y8>266.75</y8>
			<x9>172.973052</x9>
			<y9>304.25</y9>
			<x10>179.871632</x10>
			<y10>329.25</y10>
			<x11>203.075943</x11>
			<y11>333</y11>
			<x12>214.991671</x12>
			<y12>325.5</y12>
		</polygon>
	</object>
	<object>
		<name>RMU</name>
		<pose>Unspecified</pose>
		<truncated>0</truncated>
		<difficult>0</difficult>
		<occluded>0</occluded>
		<bndbox>
			<xmin>140</xmin>
			<xmax>176</xmax>
			<ymin>172</ymin>
			<ymax>327</ymax>
		</bndbox>
		<polygon>
			<x1>146.005879</x1>
			<y1>251.75</y1>
			<x2>139.734444</x2>
			<y2>269.25</y2>
			<x3>139.1073</x3>
			<y3>301.75</y3>
			<x4>148.514454</x4>
			<y4>323</y4>
			<x5>151.650171</x5>
			<y5>315.5</y5>
			<x6>163.565899</x6>
			<y6>325.5</y6>
			<x7>174.854483</x7>
			<y7>316.75</y7>
			<x8>175.481627</x8>
			<y8>283</y8>
			<x9>172.345909</x9>
			<y9>259.25</y9>
			<x10>172.345909</x10>
			<y10>231.75</y10>
			<x11>172.345909</x11>
			<y11>189.25</y11>
			<x12>170.464478</x12>
			<y12>171.75</y12>
			<x13>154.158746</x13>
			<y13>170.5</y13>
			<x14>146.633023</x14>
			<y14>174.25</y14>
			<x15>147.260167</x15>
			<y15>188</y15>
			<x16>146.005879</x16>
			<y16>251.75</y16>
		</polygon>
	</object>
	<object>
		<name>RMU</name>
		<pose>Unspecified</pose>
		<truncated>0</truncated>
		<difficult>0</difficult>
		<occluded>0</occluded>
		<bndbox>
			<xmin>109</xmin>
			<xmax>141</xmax>
			<ymin>192</ymin>
			<ymax>309</ymax>
		</bndbox>
		<polygon>
			<x1>118.411563</x1>
			<y1>300.5</y1>
			<x2>132.208721</x2>
			<y2>308</y2>
			<x3>137.22587</x3>
			<y3>299.25</y3>
			<x4>140.361587</x4>
			<y4>271.75</y4>
			<x5>138.480157</x5>
			<y5>244.25</y5>
			<x6>139.1073</x6>
			<y6>216.75</y6>
			<x7>139.734444</x7>
			<y7>190.5</y7>
			<x8>131.581578</x8>
			<y8>190.5</y8>
			<x9>120.920137</x9>
			<y9>190.5</y9>
			<x10>114.648702</x10>
			<y10>239.25</y10>
			<x11>109.00441</x11>
			<y11>258</y11>
			<x12>107.750122</x12>
			<y12>283</y12>
			<x13>118.411563</x13>
			<y13>300.5</y13>
		</polygon>
	</object>
	<object>
		<name>LIU</name>
		<pose>Unspecified</pose>
		<truncated>0</truncated>
		<difficult>0</difficult>
		<occluded>0</occluded>
		<bndbox>
			<xmin>328</xmin>
			<xmax>361</xmax>
			<ymin>190</ymin>
			<ymax>355</ymax>
		</bndbox>
		<polygon>
			<x1>331.013229</x1>
			<y1>280.5</y1>
			<x2>328.504655</x2>
			<y2>324.25</y2>
			<x3>326.623224</x3>
			<y3>345.5</y3>
			<x4>334.148947</x4>
			<y4>354.25</y4>
			<x5>346.691818</x5>
			<y5>353</y5>
			<x6>358.607545</x6>
			<y6>348</y6>
			<x7>358.607545</x7>
			<y7>326.75</y7>
			<x8>359.861832</x8>
			<y8>294.25</y8>
			<x9>356.098971</x9>
			<y9>273</y9>
			<x10>354.844684</x10>
			<y10>243</y10>
			<x11>354.21754</x11>
			<y11>218</y11>
			<x12>352.963253</x12>
			<y12>203</y12>
			<x13>347.318961</x13>
			<y13>189.25</y13>
			<x14>339.166095</x14>
			<y14>194.25</y14>
			<x15>334.148947</x15>
			<y15>203</y15>
			<x16>331.013229</x16>
			<y16>280.5</y16>
		</polygon>
	</object>
	<object>
		<name>LIU</name>
		<pose>Unspecified</pose>
		<truncated>0</truncated>
		<difficult>0</difficult>
		<occluded>0</occluded>
		<bndbox>
			<xmin>359</xmin>
			<xmax>387</xmax>
			<ymin>192</ymin>
			<ymax>348</ymax>
		</bndbox>
		<polygon>
			<x1>360.488976</x1>
			<y1>288</y1>
			<x2>360.488976</x2>
			<y2>313</y2>
			<x3>361.743263</x3>
			<y3>338</y3>
			<x4>371.150416</x4>
			<y4>346.75</y4>
			<x5>385.574718</x5>
			<y5>341.75</y5>
			<x6>384.947575</x6>
			<y6>321.75</y6>
			<x7>384.947575</x7>
			<y7>298</y7>
			<x8>381.184713</x8>
			<y8>280.5</y8>
			<x9>379.303283</x9>
			<y9>250.5</y9>
			<x10>374.913278</x10>
			<y10>223</y10>
			<x11>368.641842</x11>
			<y11>195.5</y11>
			<x12>359.861832</x12>
			<y12>190.5</y12>
			<x13>357.980402</x13>
			<y13>205.5</y13>
			<x14>357.980402</x14>
			<y14>265.5</y14>
			<x15>360.488976</x15>
			<y15>288</y15>
		</polygon>
	</object>
	<object>
		<name>LCU</name>
		<pose>Unspecified</pose>
		<truncated>0</truncated>
		<difficult>0</difficult>
		<occluded>0</occluded>
		<bndbox>
			<xmin>387</xmin>
			<xmax>410</xmax>
			<ymin>184</ymin>
			<ymax>347</ymax>
		</bndbox>
		<polygon>
			<x1>388.710436</x1>
			<y1>335.5</y1>
			<x2>400.626164</x2>
			<y2>345.5</y2>
			<x3>408.151886</x3>
			<y3>340.5</y3>
			<x4>409.406173</x4>
			<y4>315.5</y4>
			<x5>409.406173</x5>
			<y5>278</y5>
			<x6>407.524743</x6>
			<y6>244.25</y6>
			<x7>407.524743</x7>
			<y7>214.25</y7>
			<x8>404.389025</x8>
			<y8>183</y8>
			<x9>391.21901</x9>
			<y9>195.5</y9>
			<x10>388.083293</x10>
			<y10>246.75</y10>
			<x11>387.456149</x11>
			<y11>284.25</y11>
			<x12>386.201862</x12>
			<y12>316.75</y12>
			<x13>388.710436</x13>
			<y13>335.5</y13>
		</polygon>
	</object>
	<object>
		<name>LPMU</name>
		<pose>Unspecified</pose>
		<truncated>0</truncated>
		<difficult>0</difficult>
		<occluded>0</occluded>
		<bndbox>
			<xmin>402</xmin>
			<xmax>439</xmax>
			<ymin>204</ymin>
			<ymax>344</ymax>
		</bndbox>
		<polygon>
			<x1>427.593337</x1>
			<y1>340.5</y1>
			<x2>433.237629</x2>
			<y2>330.5</y2>
			<x3>431.356198</x3>
			<y3>300.5</y3>
			<x4>433.864772</x4>
			<y4>263</y4>
			<x5>436.373346</x5>
			<y5>223</y5>
			<x6>437.627634</x6>
			<y6>203</y6>
			<x7>426.966193</x7>
			<y7>204.25</y7>
			<x8>415.677609</x8>
			<y8>265.5</y8>
			<x9>405.016169</x9>
			<y9>305.5</y9>
			<x10>400.626164</x10>
			<y10>326.75</y10>
			<x11>415.050465</x11>
			<y11>343</y11>
			<x12>427.593337</x12>
			<y12>340.5</y12>
		</polygon>
	</object>
	<object>
		<name>LMU</name>
		<pose>Unspecified</pose>
		<truncated>0</truncated>
		<difficult>0</difficult>
		<occluded>0</occluded>
		<bndbox>
			<xmin>432</xmin>
			<xmax>473</xmax>
			<ymin>177</ymin>
			<ymax>333</ymax>
		</bndbox>
		<polygon>
			<x1>448.289074</x1>
			<y1>331.75</y1>
			<x2>464.594806</x2>
			<y2>330.5</y2>
			<x3>472.120529</x3>
			<y3>319.25</y3>
			<x4>470.239098</x4>
			<y4>290.5</y4>
			<x5>468.357668</x5>
			<y5>245.5</y5>
			<x6>468.357668</x6>
			<y6>204.25</y6>
			<x7>467.103381</x7>
			<y7>175.5</y7>
			<x8>447.034787</x8>
			<y8>185.5</y8>
			<x9>450.797648</x9>
			<y9>190.5</y9>
			<x10>440.136208</x10>
			<y10>254.25</y10>
			<x11>430.729054</x11>
			<y11>303</y11>
			<x12>433.237629</x12>
			<y12>331.75</y12>
			<x13>448.289074</x13>
			<y13>331.75</y13>
		</polygon>
	</object>
	<object>
		<name>LMU</name>
		<pose>Unspecified</pose>
		<truncated>0</truncated>
		<difficult>0</difficult>
		<occluded>0</occluded>
		<bndbox>
			<xmin>472</xmin>
			<xmax>511</xmax>
			<ymin>180</ymin>
			<ymax>320</ymax>
		</bndbox>
		<polygon>
			<x1>471.493386</x1>
			<y1>280.5</y1>
			<x2>471.493386</x2>
			<y2>309.25</y2>
			<x3>473.374816</x3>
			<y3>319.25</y3>
			<x4>484.6634</x4>
			<y4>315.5</y4>
			<x5>491.561979</x5>
			<y5>313</y5>
			<x6>503.477707</x6>
			<y6>309.25</y6>
			<x7>509.749143</x7>
			<y7>291.75</y7>
			<x8>506.613425</x8>
			<y8>269.25</y8>
			<x9>500.341989</x9>
			<y9>244.25</y9>
			<x10>500.341989</x10>
			<y10>203</y10>
			<x11>500.341989</x11>
			<y11>180.5</y11>
			<x12>481.527683</x12>
			<y12>186.75</y12>
			<x13>481.527683</x13>
			<y13>179.25</y13>
			<x14>474.629103</x14>
			<y14>238</y14>
			<x15>471.493386</x15>
			<y15>280.5</y15>
		</polygon>
	</object>
	<object>
		<name>LMU</name>
		<pose>Unspecified</pose>
		<truncated>0</truncated>
		<difficult>0</difficult>
		<occluded>0</occluded>
		<bndbox>
			<xmin>508</xmin>
			<xmax>544</xmax>
			<ymin>179</ymin>
			<ymax>314</ymax>
		</bndbox>
		<polygon>
			<x1>537.343459</x1>
			<y1>296.75</y1>
			<x2>542.987751</x2>
			<y2>288</y2>
			<x3>535.462028</x3>
			<y3>255.5</y3>
			<x4>531.699167</x4>
			<y4>214.25</y4>
			<x5>526.054875</x5>
			<y5>178</y5>
			<x6>514.139147</x6>
			<y6>181.75</y6>
			<x7>513.512004</x7>
			<y7>194.25</y7>
			<x8>507.867712</x8>
			<y8>249.25</y8>
			<x9>507.240568</x9>
			<y9>288</y9>
			<x10>511.00343</x10>
			<y10>313</y10>
			<x11>523.546301</x11>
			<y11>310.5</y11>
			<x12>537.343459</x12>
			<y12>296.75</y12>
		</polygon>
	</object>
	<object>
		<name>RID</name>
		<pose>Unspecified</pose>
		<truncated>0</truncated>
		<difficult>0</difficult>
		<occluded>0</occluded>
		<bndbox>
			<xmin>279</xmin>
			<xmax>308</xmax>
			<ymin>330</ymin>
			<ymax>475</ymax>
		</bndbox>
		<polygon>
			<x1>295.89319</x1>
			<y1>474.25</y1>
			<x2>307.181774</x2>
			<y2>459.25</y2>
			<x3>306.55463</x3>
			<y3>418</y3>
			<x4>306.55463</x4>
			<y4>380.5</y4>
			<x5>303.418912</x5>
			<y5>348</y5>
			<x6>298.401764</x6>
			<y6>329.25</y6>
			<x7>295.89319</x7>
			<y7>329.25</y7>
			<x8>282.723175</x8>
			<y8>338</y8>
			<x9>277.706026</x9>
			<y9>340.5</y9>
			<x10>285.231749</x10>
			<y10>381.75</y10>
			<x11>282.096031</x11>
			<y11>419.25</y11>
			<x12>290.248898</x12>
			<y12>466.75</y12>
			<x13>295.89319</x13>
			<y13>474.25</y13>
		</polygon>
	</object>
	<object>
		<name>RID</name>
		<pose>Unspecified</pose>
		<truncated>0</truncated>
		<difficult>0</difficult>
		<occluded>0</occluded>
		<bndbox>
			<xmin>308</xmin>
			<xmax>328</xmax>
			<ymin>348</ymin>
			<ymax>463</ymax>
		</bndbox>
		<polygon>
			<x1>307.808917</x1>
			<y1>461.75</y1>
			<x2>319.097501</x2>
			<y2>461.75</y2>
			<x3>326.623224</x3>
			<y3>434.25</y3>
			<x4>326.623224</x4>
			<y4>386.75</y4>
			<x5>324.741793</x5>
			<y5>346.75</y5>
			<x6>307.181774</x6>
			<y6>346.75</y6>
			<x7>307.181774</x7>
			<y7>391.75</y7>
			<x8>307.808917</x8>
			<y8>461.75</y8>
		</polygon>
	</object>
	<object>
		<name>RCD</name>
		<pose>Unspecified</pose>
		<truncated>0</truncated>
		<difficult>0</difficult>
		<occluded>0</occluded>
		<bndbox>
			<xmin>244</xmin>
			<xmax>286</xmax>
			<ymin>343</ymin>
			<ymax>502</ymax>
		</bndbox>
		<polygon>
			<x1>264.536012</x1>
			<y1>500.5</y1>
			<x2>270.807447</x2>
			<y2>463</y2>
			<x3>278.960314</x3>
			<y3>413</y3>
			<x4>285.231749</x4>
			<y4>389.25</y4>
			<x5>279.587457</x5>
			<y5>360.5</y5>
			<x6>272.688878</x6>
			<y6>341.75</y6>
			<x7>261.400294</x7>
			<y7>355.5</y7>
			<x8>257.010289</x8>
			<y8>400.5</y8>
			<x9>252.620284</x9>
			<y9>435.5</y9>
			<x10>245.094561</x10>
			<y10>483</y10>
			<x11>243.213131</x11>
			<y11>499.25</y11>
			<x12>264.536012</x12>
			<y12>500.5</y12>
		</polygon>
	</object>
	<object>
		<name>RPMD</name>
		<pose>Unspecified</pose>
		<truncated>0</truncated>
		<difficult>0</difficult>
		<occluded>0</occluded>
		<bndbox>
			<xmin>229</xmin>
			<xmax>261</xmax>
			<ymin>353</ymin>
			<ymax>488</ymax>
		</bndbox>
		<polygon>
			<x1>227.534542</x1>
			<y1>475.5</y1>
			<x2>236.314552</x2>
			<y2>486.75</y2>
			<x3>245.721705</x3>
			<y3>466.75</y3>
			<x4>251.993141</x4>
			<y4>423</y4>
			<x5>257.637433</x5>
			<y5>394.25</y5>
			<x6>260.146007</x6>
			<y6>368</y6>
			<x7>255.756002</x7>
			<y7>351.75</y7>
			<x8>238.823126</x8>
			<y8>351.75</y8>
			<x9>235.687408</x9>
			<y9>359.25</y9>
			<x10>230.043116</x10>
			<y10>376.75</y10>
			<x11>230.67026</x11>
			<y11>420.5</y11>
			<x12>229.415973</x12>
			<y12>443</y12>
			<x13>227.534542</x13>
			<y13>475.5</y13>
		</polygon>
	</object>
	<object>
		<name>RPMD</name>
		<pose>Unspecified</pose>
		<truncated>0</truncated>
		<difficult>0</difficult>
		<occluded>0</occluded>
		<bndbox>
			<xmin>192</xmin>
			<xmax>237</xmax>
			<ymin>345</ymin>
			<ymax>490</ymax>
		</bndbox>
		<polygon>
			<x1>211.855953</x1>
			<y1>454.25</y1>
			<x2>221.89025</x2>
			<y2>408</y2>
			<x3>235.687408</x3>
			<y3>385.5</y3>
			<x4>234.433121</x4>
			<y4>354.25</y4>
			<x5>228.161685</x5>
			<y5>354.25</y5>
			<x6>216.245958</x6>
			<y6>344.25</y6>
			<x7>204.957374</x7>
			<y7>350.5</y7>
			<x8>198.685938</x8>
			<y8>398</y8>
			<x9>194.923077</x9>
			<y9>444.25</y9>
			<x10>190.533072</x10>
			<y10>476.75</y10>
			<x11>203.703087</x11>
			<y11>489.25</y11>
			<x12>211.855953</x12>
			<y12>454.25</y12>
		</polygon>
	</object>
	<object>
		<name>RMD</name>
		<pose>Unspecified</pose>
		<truncated>0</truncated>
		<difficult>0</difficult>
		<occluded>0</occluded>
		<bndbox>
			<xmin>106</xmin>
			<xmax>161</xmax>
			<ymin>312</ymin>
			<ymax>455</ymax>
		</bndbox>
		<polygon>
			<x1>117.157276</x1>
			<y1>454.25</y1>
			<x2>129.073003</x2>
			<y2>431.75</y2>
			<x3>137.853013</x3>
			<y3>403</y3>
			<x4>152.277315</x4>
			<y4>369.25</y4>
			<x5>159.803038</x5>
			<y5>351.75</y5>
			<x6>159.803038</x6>
			<y6>324.25</y6>
			<x7>143.497305</x7>
			<y7>318</y7>
			<x8>134.090152</x8>
			<y8>310.5</y8>
			<x9>117.784419</x9>
			<y9>314.25</y9>
			<x10>112.140127</x10>
			<y10>349.25</y10>
			<x11>107.122979</x11>
			<y11>391.75</y11>
			<x12>104.614405</x12>
			<y12>423</y12>
			<x13>117.157276</x13>
			<y13>454.25</y13>
		</polygon>
	</object>
	<object>
		<name>RMD</name>
		<pose>Unspecified</pose>
		<truncated>0</truncated>
		<difficult>0</difficult>
		<occluded>0</occluded>
		<bndbox>
			<xmin>142</xmin>
			<xmax>204</xmax>
			<ymin>329</ymin>
			<ymax>485</ymax>
		</bndbox>
		<polygon>
			<x1>179.244488</x1>
			<y1>335.5</y1>
			<x2>163.565899</x2>
			<y2>328</y2>
			<x3>159.175894</x3>
			<y3>351.75</y3>
			<x4>157.921607</x4>
			<y4>375.5</y4>
			<x5>155.413033</x5>
			<y5>396.75</y5>
			<x6>145.378736</x6>
			<y6>426.75</y6>
			<x7>140.988731</x7>
			<y7>458</y7>
			<x8>142.870162</x8>
			<y8>474.25</y8>
			<x9>160.430181</x9>
			<y9>484.25</y9>
			<x10>172.973052</x10>
			<y10>480.5</y10>
			<x11>182.380206</x11>
			<y11>454.25</y11>
			<x12>190.533072</x12>
			<y12>416.75</y12>
			<x13>195.55022</x13>
			<y13>393</y13>
			<x14>200.567369</x14>
			<y14>385.5</y14>
			<x15>203.075943</x15>
			<y15>363</y15>
			<x16>203.075943</x16>
			<y16>346.75</y16>
			<x17>191.787359</x17>
			<y17>343</y17>
			<x18>179.244488</x18>
			<y18>335.5</y18>
		</polygon>
	</object>
	<object>
		<name>LID</name>
		<pose>Unspecified</pose>
		<truncated>0</truncated>
		<difficult>0</difficult>
		<occluded>0</occluded>
		<bndbox>
			<xmin>328</xmin>
			<xmax>350</xmax>
			<ymin>353</ymin>
			<ymax>475</ymax>
		</bndbox>
		<polygon>
			<x1>348.573248</x1>
			<y1>355.5</y1>
			<x2>334.148947</x2>
			<y2>354.25</y2>
			<x3>329.758942</x3>
			<y3>351.75</y3>
			<x4>326.623224</x4>
			<y4>429.25</y4>
			<x5>326.623224</x5>
			<y5>474.25</y5>
			<x6>340.420382</x6>
			<y6>470.5</y6>
			<x7>346.691818</x7>
			<y7>426.75</y7>
			<x8>347.318961</x8>
			<y8>395.5</y8>
			<x9>347.318961</x9>
			<y9>365.5</y9>
			<x10>348.573248</x10>
			<y10>355.5</y10>
		</polygon>
	</object>
	<object>
		<name>LID</name>
		<pose>Unspecified</pose>
		<truncated>0</truncated>
		<difficult>0</difficult>
		<occluded>0</occluded>
		<bndbox>
			<xmin>345</xmin>
			<xmax>374</xmax>
			<ymin>349</ymin>
			<ymax>478</ymax>
		</bndbox>
		<polygon>
			<x1>368.014699</x1>
			<y1>393</y1>
			<x2>372.404704</x2>
			<y2>363</y2>
			<x3>373.031847</x3>
			<y3>348</y3>
			<x4>357.980402</x4>
			<y4>350.5</y4>
			<x5>351.708966</x5>
			<y5>353</y5>
			<x6>347.946105</x6>
			<y6>400.5</y6>
			<x7>345.437531</x7>
			<y7>450.5</y7>
			<x8>343.5561</x8>
			<y8>476.75</y8>
			<x9>358.607545</x9>
			<y9>470.5</y9>
			<x10>363.624694</x10>
			<y10>420.5</y10>
			<x11>368.014699</x11>
			<y11>393</y11>
		</polygon>
	</object>
	<object>
		<name>LCD</name>
		<pose>Unspecified</pose>
		<truncated>0</truncated>
		<difficult>0</difficult>
		<occluded>0</occluded>
		<bndbox>
			<xmin>372</xmin>
			<xmax>399</xmax>
			<ymin>345</ymin>
			<ymax>508</ymax>
		</bndbox>
		<polygon>
			<x1>398.117589</x1>
			<y1>409.25</y1>
			<x2>398.117589</x2>
			<y2>370.5</y2>
			<x3>392.473297</x3>
			<y3>344.25</y3>
			<x4>385.574718</x4>
			<y4>349.25</y4>
			<x5>376.167565</x5>
			<y5>355.5</y5>
			<x6>370.523273</x6>
			<y6>394.25</y6>
			<x7>371.77756</x7>
			<y7>444.25</y7>
			<x8>375.540421</x8>
			<y8>506.75</y8>
			<x9>392.473297</x9>
			<y9>500.5</y9>
			<x10>396.236159</x10>
			<y10>466.75</y10>
			<x11>398.117589</x11>
			<y11>409.25</y11>
		</polygon>
	</object>
	<object>
		<name>LPMD</name>
		<pose>Unspecified</pose>
		<truncated>0</truncated>
		<difficult>0</difficult>
		<occluded>0</occluded>
		<bndbox>
			<xmin>388</xmin>
			<xmax>447</xmax>
			<ymin>340</ymin>
			<ymax>502</ymax>
		</bndbox>
		<polygon>
			<x1>431.983341</x1>
			<y1>416.75</y1>
			<x2>423.830475</x2>
			<y2>394.25</y2>
			<x3>418.186183</x3>
			<y3>355.5</y3>
			<x4>409.406173</x4>
			<y4>339.25</y4>
			<x5>398.117589</x5>
			<y5>354.25</y5>
			<x6>386.829005</x6>
			<y6>404.25</y6>
			<x7>404.389025</x7>
			<y7>435.5</y7>
			<x8>431.356198</x8>
			<y8>491.75</y8>
			<x9>437.627634</x9>
			<y9>500.5</y9>
			<x10>445.7805</x10>
			<y10>488</y10>
			<x11>431.983341</x11>
			<y11>416.75</y11>
		</polygon>
	</object>
	<object>
		<name>LMD</name>
		<pose>Unspecified</pose>
		<truncated>0</truncated>
		<difficult>0</difficult>
		<occluded>0</occluded>
		<bndbox>
			<xmin>422</xmin>
			<xmax>490</xmax>
			<ymin>335</ymin>
			<ymax>497</ymax>
		</bndbox>
		<polygon>
			<x1>460.831945</x1>
			<y1>488</y1>
			<x2>465.849094</x2>
			<y2>495.5</y2>
			<x3>477.764821</x3>
			<y3>485.5</y3>
			<x4>489.053405</x4>
			<y4>461.75</y4>
			<x5>478.391965</x5>
			<y5>415.5</y5>
			<x6>468.984811</x6>
			<y6>378</y6>
			<x7>466.476237</x7>
			<y7>348</y7>
			<x8>458.323371</x8>
			<y8>336.75</y8>
			<x9>448.916218</x9>
			<y9>334.25</y9>
			<x10>436.373346</x10>
			<y10>350.5</y10>
			<x11>421.949045</x11>
			<y11>356.75</y11>
			<x12>420.694757</x12>
			<y12>383</y12>
			<x13>438.254777</x13>
			<y13>416.75</y13>
			<x14>460.831945</x14>
			<y14>488</y14>
		</polygon>
	</object>
	<object>
		<name>LMD</name>
		<pose>Unspecified</pose>
		<truncated>0</truncated>
		<difficult>0</difficult>
		<occluded>0</occluded>
		<bndbox>
			<xmin>467</xmin>
			<xmax>526</xmax>
			<ymin>314</ymin>
			<ymax>459</ymax>
		</bndbox>
		<polygon>
			<x1>503.477707</x1>
			<y1>458</y1>
			<x2>517.274865</x2>
			<y2>454.25</y2>
			<x3>524.800588</x3>
			<y3>441.75</y3>
			<x4>519.156296</x4>
			<y4>400.5</y4>
			<x5>509.121999</x5>
			<y5>374.25</y5>
			<x6>511.630573</x6>
			<y6>341.75</y6>
			<x7>498.460559</x7>
			<y7>313</y7>
			<x8>487.171975</x8>
			<y8>329.25</y8>
			<x9>474.629103</x9>
			<y9>333</y9>
			<x10>465.849094</x10>
			<y10>344.25</y10>
			<x11>472.120529</x11>
			<y11>378</y11>
			<x12>486.544831</x12>
			<y12>413</y12>
			<x13>503.477707</x13>
			<y13>458</y13>
		</polygon>
	</object>
	<object>
		<name>LMD</name>
		<pose>Unspecified</pose>
		<truncated>0</truncated>
		<difficult>0</difficult>
		<occluded>0</occluded>
		<bndbox>
			<xmin>509</xmin>
			<xmax>564</xmax>
			<ymin>313</ymin>
			<ymax>402</ymax>
		</bndbox>
		<polygon>
			<x1>529.190593</x1>
			<y1>400.5</y1>
			<x2>545.496325</x2>
			<y2>398</y2>
			<x3>556.784909</x3>
			<y3>395.5</y3>
			<x4>563.056345</x4>
			<y4>373</y4>
			<x5>553.022048</x5>
			<y5>349.25</y5>
			<x6>543.614895</x6>
			<y6>330.5</y6>
			<x7>537.343459</x7>
			<y7>311.75</y7>
			<x8>518.529152</x8>
			<y8>321.75</y8>
			<x9>515.393435</x9>
			<y9>349.25</y9>
			<x10>507.867712</x10>
			<y10>379.25</y10>
			<x11>514.766291</x11>
			<y11>394.25</y11>
			<x12>529.190593</x12>
			<y12>400.5</y12>
		</polygon>
	</object>
</annotation>
