<annotation>
	<folder></folder>
	<filename>50_jpg.rf.a50a09ce7a5c67b56450c759b7f42282.jpg</filename>
	<path>50_jpg.rf.a50a09ce7a5c67b56450c759b7f42282.jpg</path>
	<source>
		<database>roboflow.com</database>
	</source>
	<size>
		<width>640</width>
		<height>640</height>
		<depth>3</depth>
	</size>
	<segmented>0</segmented>
	<object>
		<name>RPMD</name>
		<pose>Unspecified</pose>
		<truncated>0</truncated>
		<difficult>0</difficult>
		<occluded>0</occluded>
		<bndbox>
			<xmin>254</xmin>
			<xmax>282</xmax>
			<ymin>413</ymin>
			<ymax>552</ymax>
		</bndbox>
		<polygon>
			<x1>270.807447</x1>
			<y1>531.75</y1>
			<x2>272.061734</x2>
			<y2>503</y2>
			<x3>273.943165</x3>
			<y3>468</y3>
			<x4>278.33317</x4>
			<y4>443</y4>
			<x5>280.841744</x5>
			<y5>421.75</y5>
			<x6>272.061734</x6>
			<y6>411.75</y6>
			<x7>260.77315</x7>
			<y7>419.25</y7>
			<x8>263.281725</x8>
			<y8>466.75</y8>
			<x9>257.010289</x9>
			<y9>498</y9>
			<x10>253.247428</x10>
			<y10>531.75</y10>
			<x11>257.637433</x11>
			<y11>550.5</y11>
			<x12>270.807447</x12>
			<y12>531.75</y12>
		</polygon>
	</object>
	<object>
		<name>RCD</name>
		<pose>Unspecified</pose>
		<truncated>0</truncated>
		<difficult>0</difficult>
		<occluded>0</occluded>
		<bndbox>
			<xmin>278</xmin>
			<xmax>298</xmax>
			<ymin>415</ymin>
			<ymax>558</ymax>
		</bndbox>
		<polygon>
			<x1>294.011759</x1>
			<y1>501.75</y1>
			<x2>297.147477</x2>
			<y2>470.5</y2>
			<x3>295.89319</x3>
			<y3>435.5</y3>
			<x4>294.011759</x4>
			<y4>414.25</y4>
			<x5>281.468888</x5>
			<y5>419.25</y5>
			<x6>279.587457</x6>
			<y6>464.25</y6>
			<x7>277.706026</x7>
			<y7>514.25</y7>
			<x8>277.078883</x8>
			<y8>549.25</y8>
			<x9>285.858893</x9>
			<y9>556.75</y9>
			<x10>292.757472</x10>
			<y10>541.75</y10>
			<x11>294.011759</x11>
			<y11>501.75</y11>
		</polygon>
	</object>
	<object>
		<name>RID</name>
		<pose>Unspecified</pose>
		<truncated>0</truncated>
		<difficult>0</difficult>
		<occluded>0</occluded>
		<bndbox>
			<xmin>296</xmin>
			<xmax>310</xmax>
			<ymin>417</ymin>
			<ymax>550</ymax>
		</bndbox>
		<polygon>
			<x1>295.266046</x1>
			<y1>415.5</y1>
			<x2>297.147477</x2>
			<y2>465.5</y2>
			<x3>297.147477</x3>
			<y3>549.25</y3>
			<x4>309.063204</x4>
			<y4>533</y4>
			<x5>307.181774</x5>
			<y5>483</y5>
			<x6>308.436061</x6>
			<y6>461.75</y6>
			<x7>309.063204</x7>
			<y7>438</y7>
			<x8>308.436061</x8>
			<y8>415.5</y8>
			<x9>295.266046</x9>
			<y9>415.5</y9>
		</polygon>
	</object>
	<object>
		<name>RID</name>
		<pose>Unspecified</pose>
		<truncated>0</truncated>
		<difficult>0</difficult>
		<occluded>0</occluded>
		<bndbox>
			<xmin>309</xmin>
			<xmax>328</xmax>
			<ymin>407</ymin>
			<ymax>548</ymax>
		</bndbox>
		<polygon>
			<x1>309.690348</x1>
			<y1>458</y1>
			<x2>310.317491</x2>
			<y2>486.75</y2>
			<x3>310.944635</x3>
			<y3>521.75</y3>
			<x4>312.826066</x4>
			<y4>546.75</y4>
			<x5>325.99608</x5>
			<y5>544.25</y5>
			<x6>325.368937</x6>
			<y6>529.25</y6>
			<x7>323.487506</x7>
			<y7>499.25</y7>
			<x8>324.11465</x8>
			<y8>454.25</y8>
			<x9>320.978932</x9>
			<y9>433</y9>
			<x10>326.623224</x10>
			<y10>408</y10>
			<x11>321.606075</x11>
			<y11>405.5</y11>
			<x12>308.436061</x12>
			<y12>406.75</y12>
			<x13>309.063204</x13>
			<y13>431.75</y13>
			<x14>309.690348</x14>
			<y14>458</y14>
		</polygon>
	</object>
	<object>
		<name>RPMU</name>
		<pose>Unspecified</pose>
		<truncated>0</truncated>
		<difficult>0</difficult>
		<occluded>0</occluded>
		<bndbox>
			<xmin>236</xmin>
			<xmax>261</xmax>
			<ymin>252</ymin>
			<ymax>384</ymax>
		</bndbox>
		<polygon>
			<x1>257.010289</x1>
			<y1>310.5</y1>
			<x2>253.247428</x2>
			<y2>278</y2>
			<x3>251.993141</x3>
			<y3>251.75</y3>
			<x4>239.450269</x4>
			<y4>250.5</y4>
			<x5>240.077413</x5>
			<y5>260.5</y5>
			<x6>238.823126</x6>
			<y6>329.25</y6>
			<x7>235.687408</x7>
			<y7>366.75</y7>
			<x8>235.060265</x8>
			<y8>383</y8>
			<x9>255.756002</x9>
			<y9>379.25</y9>
			<x10>259.518863</x10>
			<y10>354.25</y10>
			<x11>257.010289</x11>
			<y11>310.5</y11>
		</polygon>
	</object>
	<object>
		<name>RCU</name>
		<pose>Unspecified</pose>
		<truncated>0</truncated>
		<difficult>0</difficult>
		<occluded>0</occluded>
		<bndbox>
			<xmin>253</xmin>
			<xmax>274</xmax>
			<ymin>257</ymin>
			<ymax>400</ymax>
		</bndbox>
		<polygon>
			<x1>272.061734</x1>
			<y1>314.25</y1>
			<x2>272.688878</x2>
			<y2>283</y2>
			<x3>270.180304</x3>
			<y3>255.5</y3>
			<x4>257.010289</x4>
			<y4>255.5</y4>
			<x5>256.383146</x5>
			<y5>281.75</y5>
			<x6>254.501715</x6>
			<y6>344.25</y6>
			<x7>251.993141</x7>
			<y7>379.25</y7>
			<x8>257.010289</x8>
			<y8>399.25</y8>
			<x9>270.807447</x9>
			<y9>393</y9>
			<x10>272.061734</x10>
			<y10>356.75</y10>
			<x11>272.061734</x11>
			<y11>314.25</y11>
		</polygon>
	</object>
	<object>
		<name>RIU</name>
		<pose>Unspecified</pose>
		<truncated>0</truncated>
		<difficult>0</difficult>
		<occluded>0</occluded>
		<bndbox>
			<xmin>273</xmin>
			<xmax>292</xmax>
			<ymin>264</ymin>
			<ymax>397</ymax>
		</bndbox>
		<polygon>
			<x1>290.876041</x1>
			<y1>355.5</y1>
			<x2>288.367467</x2>
			<y2>328</y2>
			<x3>287.740323</x3>
			<y3>295.5</y3>
			<x4>284.604606</x4>
			<y4>263</y4>
			<x5>273.943165</x5>
			<y5>269.25</y5>
			<x6>274.570309</x6>
			<y6>333</y6>
			<x7>272.061734</x7>
			<y7>358</y7>
			<x8>273.943165</x8>
			<y8>383</y8>
			<x9>274.570309</x9>
			<y9>395.5</y9>
			<x10>288.99461</x10>
			<y10>395.5</y10>
			<x11>290.876041</x11>
			<y11>355.5</y11>
		</polygon>
	</object>
	<object>
		<name>RIU</name>
		<pose>Unspecified</pose>
		<truncated>0</truncated>
		<difficult>0</difficult>
		<occluded>0</occluded>
		<bndbox>
			<xmin>289</xmin>
			<xmax>314</xmax>
			<ymin>268</ymin>
			<ymax>403</ymax>
		</bndbox>
		<polygon>
			<x1>300.910338</x1>
			<y1>271.75</y1>
			<x2>289.621754</x2>
			<y2>266.75</y2>
			<x3>288.367467</x3>
			<y3>275.5</y3>
			<x4>292.130328</x4>
			<y4>345.5</y4>
			<x5>292.757472</x5>
			<y5>389.25</y5>
			<x6>297.147477</x6>
			<y6>401.75</y6>
			<x7>312.826066</x7>
			<y7>391.75</y7>
			<x8>312.826066</x8>
			<y8>353</y8>
			<x9>303.418912</x9>
			<y9>305.5</y9>
			<x10>300.910338</x10>
			<y10>271.75</y10>
		</polygon>
	</object>
	<object>
		<name>LIU</name>
		<pose>Unspecified</pose>
		<truncated>0</truncated>
		<difficult>0</difficult>
		<occluded>0</occluded>
		<bndbox>
			<xmin>314</xmin>
			<xmax>338</xmax>
			<ymin>260</ymin>
			<ymax>400</ymax>
		</bndbox>
		<polygon>
			<x1>332.894659</x1>
			<y1>276.75</y1>
			<x2>329.131798</x2>
			<y2>259.25</y2>
			<x3>317.216071</x3>
			<y3>271.75</y3>
			<x4>315.961783</x4>
			<y4>343</y4>
			<x5>313.453209</x5>
			<y5>375.5</y5>
			<x6>315.33464</x6>
			<y6>399.25</y6>
			<x7>335.403234</x7>
			<y7>396.75</y7>
			<x8>336.657521</x8>
			<y8>361.75</y8>
			<x9>334.148947</x9>
			<y9>328</y9>
			<x10>332.894659</x10>
			<y10>276.75</y10>
		</polygon>
	</object>
	<object>
		<name>LIU</name>
		<pose>Unspecified</pose>
		<truncated>0</truncated>
		<difficult>0</difficult>
		<occluded>0</occluded>
		<bndbox>
			<xmin>335</xmin>
			<xmax>355</xmax>
			<ymin>265</ymin>
			<ymax>398</ymax>
		</bndbox>
		<polygon>
			<x1>352.33611</x1>
			<y1>350.5</y1>
			<x2>352.33611</x2>
			<y2>331.75</y2>
			<x3>351.081823</x3>
			<y3>291.75</y3>
			<x4>347.946105</x4>
			<y4>264.25</y4>
			<x5>333.521803</x5>
			<y5>268</y5>
			<x6>338.538951</x6>
			<y6>351.75</y6>
			<x7>336.030377</x7>
			<y7>373</y7>
			<x8>339.793239</x8>
			<y8>396.75</y8>
			<x9>351.708966</x9>
			<y9>394.25</y9>
			<x10>354.21754</x10>
			<y10>383</y10>
			<x11>352.33611</x11>
			<y11>350.5</y11>
		</polygon>
	</object>
	<object>
		<name>LCU</name>
		<pose>Unspecified</pose>
		<truncated>0</truncated>
		<difficult>0</difficult>
		<occluded>0</occluded>
		<bndbox>
			<xmin>355</xmin>
			<xmax>377</xmax>
			<ymin>259</ymin>
			<ymax>403</ymax>
		</bndbox>
		<polygon>
			<x1>371.150416</x1>
			<y1>305.5</y1>
			<x2>365.506124</x2>
			<y2>258</y2>
			<x3>354.844684</x3>
			<y3>276.75</y3>
			<x4>355.471828</x4>
			<y4>353</y4>
			<x5>353.590397</x5>
			<y5>375.5</y5>
			<x6>357.980402</x6>
			<y6>401.75</y6>
			<x7>370.523273</x7>
			<y7>395.5</y7>
			<x8>375.540421</x8>
			<y8>386.75</y8>
			<x9>371.77756</x9>
			<y9>350.5</y9>
			<x10>371.150416</x10>
			<y10>305.5</y10>
		</polygon>
	</object>
	<object>
		<name>LPMU</name>
		<pose>Unspecified</pose>
		<truncated>0</truncated>
		<difficult>0</difficult>
		<occluded>0</occluded>
		<bndbox>
			<xmin>371</xmin>
			<xmax>395</xmax>
			<ymin>259</ymin>
			<ymax>389</ymax>
		</bndbox>
		<polygon>
			<x1>369.896129</x1>
			<y1>261.75</y1>
			<x2>373.031847</x2>
			<y2>331.75</y2>
			<x3>374.913278</x3>
			<y3>379.25</y3>
			<x4>379.303283</x4>
			<y4>388</y4>
			<x5>394.354728</x5>
			<y5>384.25</y5>
			<x6>391.846154</x6>
			<y6>346.75</y6>
			<x7>387.456149</x7>
			<y7>295.5</y7>
			<x8>384.320431</x8>
			<y8>258</y8>
			<x9>369.896129</x9>
			<y9>261.75</y9>
		</polygon>
	</object>
	<object>
		<name>LMU</name>
		<pose>Unspecified</pose>
		<truncated>0</truncated>
		<difficult>0</difficult>
		<occluded>0</occluded>
		<bndbox>
			<xmin>388</xmin>
			<xmax>426</xmax>
			<ymin>249</ymin>
			<ymax>387</ymax>
		</bndbox>
		<polygon>
			<x1>391.21901</x1>
			<y1>248</y1>
			<x2>394.654666</x2>
			<y2>270.826087</y2>
			<x3>391.846154</x3>
			<y3>338</y3>
			<x4>386.829005</x4>
			<y4>378</y4>
			<x5>410.660461</x5>
			<y5>385.5</y5>
			<x6>425.084762</x6>
			<y6>371.75</y6>
			<x7>420.067614</x7>
			<y7>335.5</y7>
			<x8>413.796178</x8>
			<y8>274.25</y8>
			<x9>410.660461</x9>
			<y9>249.25</y9>
			<x10>391.21901</x10>
			<y10>248</y10>
		</polygon>
	</object>
	<object>
		<name>LMU</name>
		<pose>Unspecified</pose>
		<truncated>0</truncated>
		<difficult>0</difficult>
		<occluded>0</occluded>
		<bndbox>
			<xmin>420</xmin>
			<xmax>457</xmax>
			<ymin>242</ymin>
			<ymax>369</ymax>
		</bndbox>
		<polygon>
			<x1>437.00049</x1>
			<y1>241.75</y1>
			<x2>419.44047</x2>
			<y2>240.5</y2>
			<x3>421.321901</x3>
			<y3>258</y3>
			<x4>419.44047</x4>
			<y4>325.5</y4>
			<x5>421.949045</x5>
			<y5>366.75</y5>
			<x6>438.881921</x6>
			<y6>368</y6>
			<x7>455.814797</x7>
			<y7>353</y7>
			<x8>447.66193</x8>
			<y8>314.25</y8>
			<x9>441.390495</x9>
			<y9>275.5</y9>
			<x10>437.00049</x10>
			<y10>241.75</y10>
		</polygon>
	</object>
	<object>
		<name>LMU</name>
		<pose>Unspecified</pose>
		<truncated>0</truncated>
		<difficult>0</difficult>
		<occluded>0</occluded>
		<bndbox>
			<xmin>442</xmin>
			<xmax>480</xmax>
			<ymin>229</ymin>
			<ymax>344</ymax>
		</bndbox>
		<polygon>
			<x1>440.763351</x1>
			<y1>240.5</y1>
			<x2>444.526213</x2>
			<y2>299.25</y2>
			<x3>453.306222</x3>
			<y3>343</y3>
			<x4>474.00196</x4>
			<y4>339.25</y4>
			<x5>479.019108</x5>
			<y5>319.25</y5>
			<x6>474.629103</x6>
			<y6>290.5</y6>
			<x7>463.967663</x7>
			<y7>253</y7>
			<x8>452.679079</x8>
			<y8>228</y8>
			<x9>440.763351</x9>
			<y9>240.5</y9>
		</polygon>
	</object>
	<object>
		<name>RMU</name>
		<pose>Unspecified</pose>
		<truncated>0</truncated>
		<difficult>0</difficult>
		<occluded>0</occluded>
		<bndbox>
			<xmin>205</xmin>
			<xmax>240</xmax>
			<ymin>245</ymin>
			<ymax>383</ymax>
		</bndbox>
		<polygon>
			<x1>235.687408</x1>
			<y1>381.75</y1>
			<x2>238.823126</x2>
			<y2>338</y2>
			<x3>235.060265</x3>
			<y3>299.25</y3>
			<x4>233.805977</x4>
			<y4>268</y4>
			<x5>230.67026</x5>
			<y5>244.25</y5>
			<x6>208.720235</x6>
			<y6>245.5</y6>
			<x7>209.974522</x7>
			<y7>261.75</y7>
			<x8>209.974522</x8>
			<y8>330.5</y8>
			<x9>204.33023</x9>
			<y9>355.5</y9>
			<x10>206.211661</x10>
			<y10>373</y10>
			<x11>226.907398</x11>
			<y11>381.75</y11>
			<x12>235.687408</x12>
			<y12>381.75</y12>
		</polygon>
	</object>
	<object>
		<name>RMU</name>
		<pose>Unspecified</pose>
		<truncated>0</truncated>
		<difficult>0</difficult>
		<occluded>0</occluded>
		<bndbox>
			<xmin>175</xmin>
			<xmax>209</xmax>
			<ymin>250</ymin>
			<ymax>372</ymax>
		</bndbox>
		<polygon>
			<x1>184.88878</x1>
			<y1>364.25</y1>
			<x2>196.804508</x2>
			<y2>370.5</y2>
			<x3>204.33023</x3>
			<y3>368</y3>
			<x4>208.093092</x4>
			<y4>338</y4>
			<x5>208.093092</x5>
			<y5>309.25</y5>
			<x6>207.465948</x6>
			<y6>281.75</y6>
			<x7>207.465948</x7>
			<y7>255.5</y7>
			<x8>195.55022</x8>
			<y8>249.25</y8>
			<x9>186.143067</x9>
			<y9>258</y9>
			<x10>186.770211</x10>
			<y10>288</y10>
			<x11>179.871632</x11>
			<y11>318</y11>
			<x12>173.600196</x12>
			<y12>339.25</y12>
			<x13>184.88878</x13>
			<y13>364.25</y13>
		</polygon>
	</object>
	<object>
		<name>RMD</name>
		<pose>Unspecified</pose>
		<truncated>0</truncated>
		<difficult>0</difficult>
		<occluded>0</occluded>
		<bndbox>
			<xmin>191</xmin>
			<xmax>256</xmax>
			<ymin>398</ymin>
			<ymax>517</ymax>
		</bndbox>
		<polygon>
			<x1>213.11024</x1>
			<y1>423</y1>
			<x2>212.483097</x2>
			<y2>440.5</y2>
			<x3>200.567369</x3>
			<y3>468</y3>
			<x4>191.787359</x4>
			<y4>494.25</y4>
			<x5>189.905928</x5>
			<y5>501.75</y5>
			<x6>208.093092</x6>
			<y6>511.75</y6>
			<x7>218.754532</x7>
			<y7>515.5</y7>
			<x8>230.67026</x8>
			<y8>508</y8>
			<x9>237.568839</x9>
			<y9>464.25</y9>
			<x10>245.094561</x10>
			<y10>445.5</y10>
			<x11>254.501715</x11>
			<y11>421.75</y11>
			<x12>254.501715</x12>
			<y12>406.75</y12>
			<x13>236.941695</x13>
			<y13>408</y13>
			<x14>227.534542</x14>
			<y14>396.75</y14>
			<x15>216.873101</x15>
			<y15>399.25</y15>
			<x16>213.11024</x16>
			<y16>423</y16>
		</polygon>
	</object>
	<object>
		<name>RMD</name>
		<pose>Unspecified</pose>
		<truncated>0</truncated>
		<difficult>0</difficult>
		<occluded>0</occluded>
		<bndbox>
			<xmin>163</xmin>
			<xmax>220</xmax>
			<ymin>379</ymin>
			<ymax>497</ymax>
		</bndbox>
		<polygon>
			<x1>162.311612</x1>
			<y1>480.5</y1>
			<x2>168.583048</x2>
			<y2>495.5</y2>
			<x3>183.634493</x3>
			<y3>486.75</y3>
			<x4>198.058795</x4>
			<y4>460.5</y4>
			<x5>207.465948</x5>
			<y5>431.75</y5>
			<x6>214.991671</x6>
			<y6>418</y6>
			<x7>218.754532</x7>
			<y7>396.75</y7>
			<x8>206.211661</x8>
			<y8>388</y8>
			<x9>188.651641</x9>
			<y9>378</y9>
			<x10>181.125919</x10>
			<y10>399.25</y10>
			<x11>176.735914</x11>
			<y11>428</y11>
			<x12>167.32876</x12>
			<y12>451.75</y12>
			<x13>162.311612</x13>
			<y13>480.5</y13>
		</polygon>
	</object>
	<object>
		<name>LID</name>
		<pose>Unspecified</pose>
		<truncated>0</truncated>
		<difficult>0</difficult>
		<occluded>0</occluded>
		<bndbox>
			<xmin>324</xmin>
			<xmax>341</xmax>
			<ymin>414</ymin>
			<ymax>558</ymax>
		</bndbox>
		<polygon>
			<x1>334.77609</x1>
			<y1>450.5</y1>
			<x2>332.267516</x2>
			<y2>426.75</y2>
			<x3>325.99608</x3>
			<y3>413</y3>
			<x4>323.487506</x4>
			<y4>450.5</y4>
			<x5>325.99608</x5>
			<y5>495.5</y5>
			<x6>329.758942</x6>
			<y6>556.75</y6>
			<x7>339.793239</x7>
			<y7>538</y7>
			<x8>338.538951</x8>
			<y8>508</y8>
			<x9>336.030377</x9>
			<y9>470.5</y9>
			<x10>334.77609</x10>
			<y10>450.5</y10>
		</polygon>
	</object>
	<object>
		<name>LID</name>
		<pose>Unspecified</pose>
		<truncated>0</truncated>
		<difficult>0</difficult>
		<occluded>0</occluded>
		<bndbox>
			<xmin>335</xmin>
			<xmax>358</xmax>
			<ymin>415</ymin>
			<ymax>542</ymax>
		</bndbox>
		<polygon>
			<x1>345.437531</x1>
			<y1>430.5</y1>
			<x2>344.810387</x2>
			<y2>414.25</y2>
			<x3>334.148947</x3>
			<y3>414.25</y3>
			<x4>336.657521</x4>
			<y4>470.5</y4>
			<x5>339.793239</x5>
			<y5>535.5</y5>
			<x6>345.437531</x6>
			<y6>540.5</y6>
			<x7>356.726115</x7>
			<y7>531.75</y7>
			<x8>352.33611</x8>
			<y8>493</y8>
			<x9>348.573248</x9>
			<y9>460.5</y9>
			<x10>345.437531</x10>
			<y10>430.5</y10>
		</polygon>
	</object>
	<object>
		<name>LCD</name>
		<pose>Unspecified</pose>
		<truncated>0</truncated>
		<difficult>0</difficult>
		<occluded>0</occluded>
		<bndbox>
			<xmin>346</xmin>
			<xmax>382</xmax>
			<ymin>415</ymin>
			<ymax>544</ymax>
		</bndbox>
		<polygon>
			<x1>361.11612</x1>
			<y1>433</y1>
			<x2>359.861832</x2>
			<y2>415.5</y2>
			<x3>344.810387</x3>
			<y3>414.25</y3>
			<x4>349.827536</x4>
			<y4>453</y4>
			<x5>361.11612</x5>
			<y5>508</y5>
			<x6>369.268986</x6>
			<y6>543</y6>
			<x7>380.55757</x7>
			<y7>533</y7>
			<x8>374.286134</x8>
			<y8>509.25</y8>
			<x9>365.506124</x9>
			<y9>461.75</y9>
			<x10>361.11612</x10>
			<y10>433</y10>
		</polygon>
	</object>
	<object>
		<name>LPMD</name>
		<pose>Unspecified</pose>
		<truncated>0</truncated>
		<difficult>0</difficult>
		<occluded>0</occluded>
		<bndbox>
			<xmin>363</xmin>
			<xmax>392</xmax>
			<ymin>412</ymin>
			<ymax>540</ymax>
		</bndbox>
		<polygon>
			<x1>382.439</x1>
			<y1>423</y1>
			<x2>376.167565</x2>
			<y2>410.5</y2>
			<x3>366.133268</x3>
			<y3>410.5</y3>
			<x4>362.370407</x4>
			<y4>440.5</y4>
			<x5>373.658991</x5>
			<y5>496.75</y5>
			<x6>385.574718</x6>
			<y6>539.25</y6>
			<x7>391.21901</x7>
			<y7>524.25</y7>
			<x8>384.320431</x8>
			<y8>475.5</y8>
			<x9>383.066144</x9>
			<y9>444.25</y9>
			<x10>382.439</x10>
			<y10>423</y10>
		</polygon>
	</object>
	<object>
		<name>LPMD</name>
		<pose>Unspecified</pose>
		<truncated>0</truncated>
		<difficult>0</difficult>
		<occluded>0</occluded>
		<bndbox>
			<xmin>384</xmin>
			<xmax>417</xmax>
			<ymin>413</ymin>
			<ymax>535</ymax>
		</bndbox>
		<polygon>
			<x1>411.914748</x1>
			<y1>491.75</y1>
			<x2>405.643312</x2>
			<y2>460.5</y2>
			<x3>402.507594</x3>
			<y3>431.75</y3>
			<x4>399.371877</x4>
			<y4>411.75</y4>
			<x5>385.574718</x5>
			<y5>414.25</y5>
			<x6>383.066144</x6>
			<y6>434.25</y6>
			<x7>389.964723</x7>
			<y7>463</y7>
			<x8>398.117589</x8>
			<y8>503</y8>
			<x9>412.541891</x9>
			<y9>534.25</y9>
			<x10>416.304753</x10>
			<y10>523</y10>
			<x11>411.914748</x11>
			<y11>491.75</y11>
		</polygon>
	</object>
	<object>
		<name>LMD</name>
		<pose>Unspecified</pose>
		<truncated>0</truncated>
		<difficult>0</difficult>
		<occluded>0</occluded>
		<bndbox>
			<xmin>402</xmin>
			<xmax>462</xmax>
			<ymin>399</ymin>
			<ymax>517</ymax>
		</bndbox>
		<polygon>
			<x1>423.830475</x1>
			<y1>489.25</y1>
			<x2>437.627634</x2>
			<y2>515.5</y2>
			<x3>453.306222</x3>
			<y3>509.25</y3>
			<x4>461.459089</x4>
			<y4>501.75</y4>
			<x5>452.679079</x5>
			<y5>468</y5>
			<x6>440.763351</x6>
			<y6>443</y6>
			<x7>435.746203</x7>
			<y7>414.25</y7>
			<x8>430.729054</x8>
			<y8>399.25</y8>
			<x9>423.830475</x9>
			<y9>398</y9>
			<x10>414.423322</x10>
			<y10>399.25</y10>
			<x11>403.134738</x11>
			<y11>405.5</y11>
			<x12>401.253307</x12>
			<y12>425.5</y12>
			<x13>406.897599</x13>
			<y13>448</y13>
			<x14>423.830475</x14>
			<y14>489.25</y14>
		</polygon>
	</object>
	<object>
		<name>LMD</name>
		<pose>Unspecified</pose>
		<truncated>0</truncated>
		<difficult>0</difficult>
		<occluded>0</occluded>
		<bndbox>
			<xmin>434</xmin>
			<xmax>489</xmax>
			<ymin>370</ymin>
			<ymax>493</ymax>
		</bndbox>
		<polygon>
			<x1>445.7805</x1>
			<y1>441.75</y1>
			<x2>460.831945</x2>
			<y2>471.75</y2>
			<x3>475.88339</x3>
			<y3>491.75</y3>
			<x4>485.290544</x4>
			<y4>483</y4>
			<x5>488.426262</x5>
			<y5>466.75</y5>
			<x6>475.256247</x6>
			<y6>438</y6>
			<x7>467.730524</x7>
			<y7>401.75</y7>
			<x8>458.950514</x8>
			<y8>369.25</y8>
			<x9>442.644782</x9>
			<y9>383</y9>
			<x10>435.119059</x10>
			<y10>391.75</y10>
			<x11>432.610485</x11>
			<y11>405.5</y11>
			<x12>437.00049</x12>
			<y12>426.75</y12>
			<x13>445.7805</x13>
			<y13>441.75</y13>
		</polygon>
	</object>
	<object>
		<name>LMD</name>
		<pose>Unspecified</pose>
		<truncated>0</truncated>
		<difficult>0</difficult>
		<occluded>0</occluded>
		<bndbox>
			<xmin>475</xmin>
			<xmax>535</xmax>
			<ymin>365</ymin>
			<ymax>459</ymax>
		</bndbox>
		<polygon>
			<x1>501.596276</x1>
			<y1>384.25</y1>
			<x2>482.78197</x2>
			<y2>364.25</y2>
			<x3>479.019108</x3>
			<y3>376.75</y3>
			<x4>474.00196</x4>
			<y4>438</y4>
			<x5>494.697697</x5>
			<y5>450.5</y5>
			<x6>518.529152</x6>
			<y6>458</y6>
			<x7>532.953454</x7>
			<y7>443</y7>
			<x8>534.207741</x8>
			<y8>414.25</y8>
			<x9>521.037727</x9>
			<y9>393</y9>
			<x10>501.596276</x10>
			<y10>384.25</y10>
		</polygon>
	</object>
</annotation>
