<annotation>
	<folder></folder>
	<filename>57_jpg.rf.b017b572b1f8fdbb9095e74718e127e7.jpg</filename>
	<path>57_jpg.rf.b017b572b1f8fdbb9095e74718e127e7.jpg</path>
	<source>
		<database>roboflow.com</database>
	</source>
	<size>
		<width>640</width>
		<height>640</height>
		<depth>3</depth>
	</size>
	<segmented>0</segmented>
	<object>
		<name>LIU</name>
		<pose>Unspecified</pose>
		<truncated>0</truncated>
		<difficult>0</difficult>
		<occluded>0</occluded>
		<bndbox>
			<xmin>317</xmin>
			<xmax>346</xmax>
			<ymin>218</ymin>
			<ymax>347</ymax>
		</bndbox>
		<polygon>
			<x1>320.351788</x1>
			<y1>228</y1>
			<x2>320.978932</x2>
			<y2>260.5</y2>
			<x3>320.978932</x3>
			<y3>295.5</y3>
			<x4>317.843214</x4>
			<y4>304.25</y4>
			<x5>315.961783</x5>
			<y5>329.25</y5>
			<x6>315.961783</x6>
			<y6>341.75</y6>
			<x7>324.741793</x7>
			<y7>345.5</y7>
			<x8>337.911808</x8>
			<y8>345.5</y8>
			<x9>343.5561</x9>
			<y9>338</y9>
			<x10>343.5561</x10>
			<y10>313</y10>
			<x11>343.5561</x11>
			<y11>294.25</y11>
			<x12>343.5561</x12>
			<y12>270.5</y12>
			<x13>344.810387</x13>
			<y13>241.75</y13>
			<x14>343.5561</x14>
			<y14>221.75</y14>
			<x15>336.030377</x15>
			<y15>219.25</y15>
			<x16>322.233219</x16>
			<y16>216.75</y16>
			<x17>320.351788</x17>
			<y17>228</y17>
		</polygon>
	</object>
	<object>
		<name>RIU</name>
		<pose>Unspecified</pose>
		<truncated>0</truncated>
		<difficult>0</difficult>
		<occluded>0</occluded>
		<bndbox>
			<xmin>289</xmin>
			<xmax>319</xmax>
			<ymin>222</ymin>
			<ymax>344</ymax>
		</bndbox>
		<polygon>
			<x1>288.367467</x1>
			<y1>314.25</y1>
			<x2>288.367467</x2>
			<y2>336.75</y2>
			<x3>299.028907</x3>
			<y3>339.25</y3>
			<x4>311.571779</x4>
			<y4>343</y4>
			<x5>315.961783</x5>
			<y5>329.25</y5>
			<x6>315.961783</x6>
			<y6>295.5</y6>
			<x7>317.843214</x7>
			<y7>268</y7>
			<x8>316.588927</x8>
			<y8>243</y8>
			<x9>314.707496</x9>
			<y9>226.75</y9>
			<x10>307.808917</x10>
			<y10>220.5</y10>
			<x11>297.147477</x11>
			<y11>225.5</y11>
			<x12>294.638902</x12>
			<y12>256.75</y12>
			<x13>291.503185</x13>
			<y13>289.25</y13>
			<x14>288.367467</x14>
			<y14>314.25</y14>
		</polygon>
	</object>
	<object>
		<name>RCU</name>
		<pose>Unspecified</pose>
		<truncated>0</truncated>
		<difficult>0</difficult>
		<occluded>0</occluded>
		<bndbox>
			<xmin>246</xmin>
			<xmax>271</xmax>
			<ymin>213</ymin>
			<ymax>334</ymax>
		</bndbox>
		<polygon>
			<x1>245.094561</x1>
			<y1>310.5</y1>
			<x2>245.094561</x2>
			<y2>321.75</y2>
			<x3>251.993141</x3>
			<y3>333</y3>
			<x4>263.281725</x4>
			<y4>323</y4>
			<x5>268.298873</x5>
			<y5>305.5</y5>
			<x6>270.180304</x6>
			<y6>276.75</y6>
			<x7>267.67173</x7>
			<y7>241.75</y7>
			<x8>267.67173</x8>
			<y8>220.5</y8>
			<x9>265.163155</x9>
			<y9>211.75</y9>
			<x10>257.010289</x10>
			<y10>211.75</y10>
			<x11>250.738854</x11>
			<y11>214.25</y11>
			<x12>246.348849</x12>
			<y12>258</y12>
			<x13>245.721705</x13>
			<y13>283</y13>
			<x14>245.094561</x14>
			<y14>310.5</y14>
		</polygon>
	</object>
	<object>
		<name>RIU</name>
		<pose>Unspecified</pose>
		<truncated>0</truncated>
		<difficult>0</difficult>
		<occluded>0</occluded>
		<bndbox>
			<xmin>266</xmin>
			<xmax>298</xmax>
			<ymin>214</ymin>
			<ymax>335</ymax>
		</bndbox>
		<polygon>
			<x1>271.434591</x1>
			<y1>279.25</y1>
			<x2>267.044586</x2>
			<y2>299.25</y2>
			<x3>265.163155</x3>
			<y3>321.75</y3>
			<x4>270.180304</x4>
			<y4>333</y4>
			<x5>280.214601</x5>
			<y5>333</y5>
			<x6>287.11318</x6>
			<y6>334.25</y6>
			<x7>290.876041</x7>
			<y7>300.5</y7>
			<x8>292.757472</x8>
			<y8>274.25</y8>
			<x9>294.638902</x9>
			<y9>246.75</y9>
			<x10>296.520333</x10>
			<y10>226.75</y10>
			<x11>295.89319</x11>
			<y11>218</y11>
			<x12>287.740323</x12>
			<y12>216.75</y12>
			<x13>280.214601</x13>
			<y13>213</y13>
			<x14>275.824596</x14>
			<y14>253</y14>
			<x15>271.434591</x15>
			<y15>279.25</y15>
		</polygon>
	</object>
	<object>
		<name>RPMU</name>
		<pose>Unspecified</pose>
		<truncated>0</truncated>
		<difficult>0</difficult>
		<occluded>0</occluded>
		<bndbox>
			<xmin>219</xmin>
			<xmax>246</xmax>
			<ymin>210</ymin>
			<ymax>333</ymax>
		</bndbox>
		<polygon>
			<x1>218.754532</x1>
			<y1>293</y1>
			<x2>217.500245</x2>
			<y2>318</y2>
			<x3>224.398824</x3>
			<y3>331.75</y3>
			<x4>235.687408</x4>
			<y4>331.75</y4>
			<x5>242.585987</x5>
			<y5>325.5</y5>
			<x6>245.094561</x6>
			<y6>289.25</y6>
			<x7>244.467418</x7>
			<y7>256.75</y7>
			<x8>244.467418</x8>
			<y8>230.5</y8>
			<x9>244.467418</x9>
			<y9>215.5</y9>
			<x10>234.433121</x10>
			<y10>214.25</y10>
			<x11>225.653111</x11>
			<y11>209.25</y11>
			<x12>226.280255</x12>
			<y12>249.25</y12>
			<x13>224.398824</x13>
			<y13>274.25</y13>
			<x14>218.754532</x14>
			<y14>293</y14>
		</polygon>
	</object>
	<object>
		<name>RMU</name>
		<pose>Unspecified</pose>
		<truncated>0</truncated>
		<difficult>0</difficult>
		<occluded>0</occluded>
		<bndbox>
			<xmin>173</xmin>
			<xmax>215</xmax>
			<ymin>194</ymin>
			<ymax>328</ymax>
		</bndbox>
		<polygon>
			<x1>179.871632</x1>
			<y1>269.25</y1>
			<x2>175.481627</x2>
			<y2>291.75</y2>
			<x3>172.345909</x3>
			<y3>310.5</y3>
			<x4>177.990201</x4>
			<y4>326.75</y4>
			<x5>194.923077</x5>
			<y5>326.75</y5>
			<x6>206.838805</x6>
			<y6>320.5</y6>
			<x7>213.737384</x7>
			<y7>303</y7>
			<x8>210.601666</x8>
			<y8>269.25</y8>
			<x9>209.347379</x9>
			<y9>238</y9>
			<x10>207.465948</x10>
			<y10>216.75</y10>
			<x11>203.703087</x11>
			<y11>198</y11>
			<x12>195.55022</x12>
			<y12>193</y12>
			<x13>186.770211</x13>
			<y13>194.25</y13>
			<x14>184.261636</x14>
			<y14>238</y14>
			<x15>179.871632</x15>
			<y15>269.25</y15>
		</polygon>
	</object>
	<object>
		<name>RMU</name>
		<pose>Unspecified</pose>
		<truncated>0</truncated>
		<difficult>0</difficult>
		<occluded>0</occluded>
		<bndbox>
			<xmin>139</xmin>
			<xmax>180</xmax>
			<ymin>174</ymin>
			<ymax>312</ymax>
		</bndbox>
		<polygon>
			<x1>148.514454</x1>
			<y1>185.5</y1>
			<x2>147.88731</x2>
			<y2>223</y2>
			<x3>144.751592</x3>
			<y3>253</y3>
			<x4>140.988731</x4>
			<y4>268</y4>
			<x5>137.853013</x5>
			<y5>284.25</y5>
			<x6>149.141597</x6>
			<y6>303</y6>
			<x7>161.684468</x7>
			<y7>310.5</y7>
			<x8>172.345909</x8>
			<y8>309.25</y8>
			<x9>177.990201</x9>
			<y9>273</y9>
			<x10>178.617344</x10>
			<y10>249.25</y10>
			<x11>178.617344</x11>
			<y11>220.5</y11>
			<x12>178.617344</x12>
			<y12>205.5</y12>
			<x13>171.718765</x13>
			<y13>190.5</y13>
			<x14>165.44733</x14>
			<y14>183</y14>
			<x15>158.548751</x15>
			<y15>176.75</y15>
			<x16>155.413033</x16>
			<y16>173</y16>
			<x17>148.514454</x17>
			<y17>185.5</y17>
		</polygon>
	</object>
	<object>
		<name>LPMU</name>
		<pose>Unspecified</pose>
		<truncated>0</truncated>
		<difficult>0</difficult>
		<occluded>0</occluded>
		<bndbox>
			<xmin>412</xmin>
			<xmax>429</xmax>
			<ymin>199</ymin>
			<ymax>308</ymax>
		</bndbox>
		<polygon>
			<x1>427.593337</x1>
			<y1>286.75</y1>
			<x2>427.593337</x2>
			<y2>261.75</y2>
			<x3>428.22048</x3>
			<y3>234.25</y3>
			<x4>426.339049</x4>
			<y4>211.75</y4>
			<x5>421.321901</x5>
			<y5>198</y5>
			<x6>415.677609</x6>
			<y6>198</y6>
			<x7>411.914748</x7>
			<y7>201.75</y7>
			<x8>415.050465</x8>
			<y8>245.5</y8>
			<x9>411.914748</x9>
			<y9>279.25</y9>
			<x10>410.660461</x10>
			<y10>304.25</y10>
			<x11>420.067614</x11>
			<y11>306.75</y11>
			<x12>427.593337</x12>
			<y12>286.75</y12>
		</polygon>
	</object>
	<object>
		<name>LMU</name>
		<pose>Unspecified</pose>
		<truncated>0</truncated>
		<difficult>0</difficult>
		<occluded>0</occluded>
		<bndbox>
			<xmin>437</xmin>
			<xmax>486</xmax>
			<ymin>195</ymin>
			<ymax>314</ymax>
		</bndbox>
		<polygon>
			<x1>442.017638</x1>
			<y1>269.25</y1>
			<x2>435.746203</x2>
			<y2>285.5</y2>
			<x3>443.899069</x3>
			<y3>309.25</y3>
			<x4>459.577658</x4>
			<y4>313</y4>
			<x5>472.120529</x5>
			<y5>313</y5>
			<x6>478.391965</x6>
			<y6>286.75</y6>
			<x7>480.273395</x7>
			<y7>254.25</y7>
			<x8>482.78197</x8>
			<y8>225.5</y8>
			<x9>484.6634</x9>
			<y9>205.5</y9>
			<x10>474.00196</x10>
			<y10>194.25</y10>
			<x11>464.594806</x11>
			<y11>199.25</y11>
			<x12>458.323371</x12>
			<y12>224.25</y12>
			<x13>450.170505</x13>
			<y13>244.25</y13>
			<x14>442.017638</x14>
			<y14>269.25</y14>
		</polygon>
	</object>
	<object>
		<name>RCD</name>
		<pose>Unspecified</pose>
		<truncated>0</truncated>
		<difficult>0</difficult>
		<occluded>0</occluded>
		<bndbox>
			<xmin>257</xmin>
			<xmax>280</xmax>
			<ymin>348</ymin>
			<ymax>472</ymax>
		</bndbox>
		<polygon>
			<x1>258.264576</x1>
			<y1>388</y1>
			<x2>257.010289</x2>
			<y2>406.75</y2>
			<x3>256.383146</x3>
			<y3>431.75</y3>
			<x4>257.637433</x4>
			<y4>456.75</y4>
			<x5>261.400294</x5>
			<y5>470.5</y5>
			<x6>267.044586</x6>
			<y6>463</y6>
			<x7>271.434591</x7>
			<y7>434.25</y7>
			<x8>274.570309</x8>
			<y8>403</y8>
			<x9>277.706026</x9>
			<y9>364.25</y9>
			<x10>278.960314</x10>
			<y10>346.75</y10>
			<x11>267.67173</x11>
			<y11>348</y11>
			<x12>260.146007</x12>
			<y12>350.5</y12>
			<x13>258.89172</x13>
			<y13>360.5</y13>
			<x14>258.264576</x14>
			<y14>388</y14>
		</polygon>
	</object>
	<object>
		<name>RID</name>
		<pose>Unspecified</pose>
		<truncated>0</truncated>
		<difficult>0</difficult>
		<occluded>0</occluded>
		<bndbox>
			<xmin>275</xmin>
			<xmax>299</xmax>
			<ymin>348</ymin>
			<ymax>468</ymax>
		</bndbox>
		<polygon>
			<x1>277.706026</x1>
			<y1>380.5</y1>
			<x2>277.706026</x2>
			<y2>400.5</y2>
			<x3>275.824596</x3>
			<y3>424.25</y3>
			<x4>273.943165</x4>
			<y4>456.75</y4>
			<x5>280.841744</x5>
			<y5>466.75</y5>
			<x6>285.231749</x6>
			<y6>448</y6>
			<x7>288.99461</x7>
			<y7>416.75</y7>
			<x8>293.384615</x8>
			<y8>390.5</y8>
			<x9>296.520333</x9>
			<y9>371.75</y9>
			<x10>297.77462</x10>
			<y10>351.75</y10>
			<x11>291.503185</x11>
			<y11>351.75</y11>
			<x12>280.841744</x12>
			<y12>346.75</y12>
			<x13>277.706026</x13>
			<y13>371.75</y13>
			<x14>277.706026</x14>
			<y14>380.5</y14>
		</polygon>
	</object>
	<object>
		<name>RID</name>
		<pose>Unspecified</pose>
		<truncated>0</truncated>
		<difficult>0</difficult>
		<occluded>0</occluded>
		<bndbox>
			<xmin>296</xmin>
			<xmax>316</xmax>
			<ymin>355</ymin>
			<ymax>463</ymax>
		</bndbox>
		<polygon>
			<x1>306.55463</x1>
			<y1>354.25</y1>
			<x2>297.147477</x2>
			<y2>354.25</y2>
			<x3>297.77462</x3>
			<y3>378</y3>
			<x4>297.77462</x4>
			<y4>390.5</y4>
			<x5>297.77462</x5>
			<y5>406.75</y5>
			<x6>297.77462</x6>
			<y6>425.5</y6>
			<x7>294.638902</x7>
			<y7>448</y7>
			<x8>294.638902</x8>
			<y8>461.75</y8>
			<x9>303.418912</x9>
			<y9>460.5</y9>
			<x10>305.927487</x10>
			<y10>453</y10>
			<x11>306.55463</x11>
			<y11>441.75</y11>
			<x12>307.808917</x12>
			<y12>425.5</y12>
			<x13>310.317491</x13>
			<y13>405.5</y13>
			<x14>312.198922</x14>
			<y14>388</y14>
			<x15>314.080353</x15>
			<y15>370.5</y15>
			<x16>315.33464</x16>
			<y16>355.5</y16>
			<x17>306.55463</x17>
			<y17>354.25</y17>
		</polygon>
	</object>
	<object>
		<name>RPMD</name>
		<pose>Unspecified</pose>
		<truncated>0</truncated>
		<difficult>0</difficult>
		<occluded>0</occluded>
		<bndbox>
			<xmin>230</xmin>
			<xmax>261</xmax>
			<ymin>344</ymin>
			<ymax>439</ymax>
		</bndbox>
		<polygon>
			<x1>233.805977</x1>
			<y1>393</y1>
			<x2>231.297403</x2>
			<y2>420.5</y2>
			<x3>229.415973</x3>
			<y3>433</y3>
			<x4>245.094561</x4>
			<y4>438</y4>
			<x5>251.365997</x5>
			<y5>413</y5>
			<x6>254.501715</x6>
			<y6>391.75</y6>
			<x7>256.383146</x7>
			<y7>373</y7>
			<x8>260.146007</x8>
			<y8>349.25</y8>
			<x9>252.620284</x9>
			<y9>343</y9>
			<x10>241.3317</x10>
			<y10>344.25</y10>
			<x11>236.941695</x11>
			<y11>358</y11>
			<x12>235.687408</x12>
			<y12>374.25</y12>
			<x13>233.805977</x13>
			<y13>393</y13>
		</polygon>
	</object>
	<object>
		<name>LID</name>
		<pose>Unspecified</pose>
		<truncated>0</truncated>
		<difficult>0</difficult>
		<occluded>0</occluded>
		<bndbox>
			<xmin>314</xmin>
			<xmax>334</xmax>
			<ymin>353</ymin>
			<ymax>479</ymax>
		</bndbox>
		<polygon>
			<x1>313.453209</x1>
			<y1>361.75</y1>
			<x2>313.453209</x2>
			<y2>376.75</y2>
			<x3>314.707496</x3>
			<y3>394.25</y3>
			<x4>314.080353</x4>
			<y4>415.5</y4>
			<x5>315.33464</x5>
			<y5>440.5</y5>
			<x6>318.470358</x6>
			<y6>460.5</y6>
			<x7>322.233219</x7>
			<y7>478</y7>
			<x8>326.623224</x8>
			<y8>471.75</y8>
			<x9>326.623224</x9>
			<y9>440.5</y9>
			<x10>328.504655</x10>
			<y10>416.75</y10>
			<x11>329.131798</x11>
			<y11>385.5</y11>
			<x12>332.894659</x12>
			<y12>355.5</y12>
			<x13>327.250367</x13>
			<y13>354.25</y13>
			<x14>315.961783</x14>
			<y14>351.75</y14>
			<x15>313.453209</x15>
			<y15>361.75</y15>
		</polygon>
	</object>
	<object>
		<name>LID</name>
		<pose>Unspecified</pose>
		<truncated>0</truncated>
		<difficult>0</difficult>
		<occluded>0</occluded>
		<bndbox>
			<xmin>331</xmin>
			<xmax>350</xmax>
			<ymin>360</ymin>
			<ymax>473</ymax>
		</bndbox>
		<polygon>
			<x1>331.013229</x1>
			<y1>385.5</y1>
			<x2>332.894659</x2>
			<y2>406.75</y2>
			<x3>332.267516</x3>
			<y3>430.5</y3>
			<x4>334.77609</x4>
			<y4>451.75</y4>
			<x5>335.403234</x5>
			<y5>468</y5>
			<x6>344.810387</x6>
			<y6>471.75</y6>
			<x7>347.318961</x7>
			<y7>458</y7>
			<x8>347.318961</x8>
			<y8>435.5</y8>
			<x9>347.318961</x9>
			<y9>409.25</y9>
			<x10>349.200392</x10>
			<y10>386.75</y10>
			<x11>347.946105</x11>
			<y11>363</y11>
			<x12>334.148947</x12>
			<y12>359.25</y12>
			<x13>330.386085</x13>
			<y13>376.75</y13>
			<x14>331.013229</x14>
			<y14>385.5</y14>
		</polygon>
	</object>
	<object>
		<name>LCD</name>
		<pose>Unspecified</pose>
		<truncated>0</truncated>
		<difficult>0</difficult>
		<occluded>0</occluded>
		<bndbox>
			<xmin>351</xmin>
			<xmax>370</xmax>
			<ymin>354</ymin>
			<ymax>464</ymax>
		</bndbox>
		<polygon>
			<x1>350.454679</x1>
			<y1>375.5</y1>
			<x2>350.454679</x2>
			<y2>391.75</y2>
			<x3>352.33611</x3>
			<y3>410.5</y3>
			<x4>354.21754</x4>
			<y4>433</y4>
			<x5>354.21754</x5>
			<y5>454.25</y5>
			<x6>360.488976</x6>
			<y6>463</y6>
			<x7>367.387555</x7>
			<y7>455.5</y7>
			<x8>367.387555</x8>
			<y8>435.5</y8>
			<x9>368.014699</x9>
			<y9>415.5</y9>
			<x10>368.641842</x10>
			<y10>393</y10>
			<x11>368.641842</x11>
			<y11>373</y11>
			<x12>367.387555</x12>
			<y12>353</y12>
			<x13>356.098971</x13>
			<y13>353</y13>
			<x14>349.827536</x14>
			<y14>358</y14>
			<x15>350.454679</x15>
			<y15>375.5</y15>
		</polygon>
	</object>
	<object>
		<name>LPMD</name>
		<pose>Unspecified</pose>
		<truncated>0</truncated>
		<difficult>0</difficult>
		<occluded>0</occluded>
		<bndbox>
			<xmin>368</xmin>
			<xmax>390</xmax>
			<ymin>350</ymin>
			<ymax>460</ymax>
		</bndbox>
		<polygon>
			<x1>373.658991</x1>
			<y1>433</y1>
			<x2>374.286134</x2>
			<y2>451.75</y2>
			<x3>379.930426</x3>
			<y3>459.25</y3>
			<x4>388.083293</x4>
			<y4>453</y4>
			<x5>388.083293</x5>
			<y5>431.75</y5>
			<x6>389.33758</x6>
			<y6>406.75</y6>
			<x7>388.710436</x7>
			<y7>383</y7>
			<x8>388.083293</x8>
			<y8>364.25</y8>
			<x9>383.693288</x9>
			<y9>349.25</y9>
			<x10>376.794708</x10>
			<y10>349.25</y10>
			<x11>367.387555</x11>
			<y11>350.5</y11>
			<x12>368.641842</x12>
			<y12>384.25</y12>
			<x13>372.404704</x13>
			<y13>401.75</y13>
			<x14>373.658991</x14>
			<y14>433</y14>
		</polygon>
	</object>
	<object>
		<name>LMD</name>
		<pose>Unspecified</pose>
		<truncated>0</truncated>
		<difficult>0</difficult>
		<occluded>0</occluded>
		<bndbox>
			<xmin>389</xmin>
			<xmax>449</xmax>
			<ymin>340</ymin>
			<ymax>464</ymax>
		</bndbox>
		<polygon>
			<x1>388.083293</x1>
			<y1>360.5</y1>
			<x2>393.100441</x2>
			<y2>373</y2>
			<x3>400.626164</x3>
			<y3>399.25</y3>
			<x4>408.151886</x4>
			<y4>420.5</y4>
			<x5>415.677609</x5>
			<y5>455.5</y5>
			<x6>425.711906</x6>
			<y6>463</y6>
			<x7>441.390495</x7>
			<y7>450.5</y7>
			<x8>447.66193</x8>
			<y8>435.5</y8>
			<x9>440.136208</x9>
			<y9>418</y9>
			<x10>431.983341</x10>
			<y10>386.75</y10>
			<x11>426.339049</x11>
			<y11>366.75</y11>
			<x12>423.203332</x12>
			<y12>339.25</y12>
			<x13>411.287604</x13>
			<y13>340.5</y13>
			<x14>388.083293</x14>
			<y14>343</y14>
			<x15>388.083293</x15>
			<y15>360.5</y15>
		</polygon>
	</object>
	<object>
		<name>LMD</name>
		<pose>Unspecified</pose>
		<truncated>0</truncated>
		<difficult>0</difficult>
		<occluded>0</occluded>
		<bndbox>
			<xmin>427</xmin>
			<xmax>477</xmax>
			<ymin>333</ymin>
			<ymax>439</ymax>
		</bndbox>
		<polygon>
			<x1>430.729054</x1>
			<y1>378</y1>
			<x2>438.254777</x2>
			<y2>395.5</y2>
			<x3>445.153356</x3>
			<y3>419.25</y3>
			<x4>453.306222</x4>
			<y4>438</y4>
			<x5>466.476237</x5>
			<y5>428</y5>
			<x6>475.88339</x6>
			<y6>410.5</y6>
			<x7>472.747673</x7>
			<y7>394.25</y7>
			<x8>465.22195</x8>
			<y8>374.25</y8>
			<x9>458.950514</x9>
			<y9>360.5</y9>
			<x10>447.66193</x10>
			<y10>331.75</y10>
			<x11>440.763351</x11>
			<y11>331.75</y11>
			<x12>425.711906</x12>
			<y12>341.75</y12>
			<x13>426.339049</x13>
			<y13>361.75</y13>
			<x14>430.729054</x14>
			<y14>378</y14>
		</polygon>
	</object>
</annotation>
